elevation,soil_depth,clay_content,annual_rainfall,distance_to_river,ndvi_score,month,risk_score
130.0,161.0,35.2,1532.0,16.5,0.12,2,22.8
857.0,294.0,69.3,1189.0,36.1,0.61,2,56.7
577.0,119.0,32.0,220.0,4.8,0.39,1,63.4
39.0,11.0,47.4,976.0,37.1,0.25,9,56.4
498.0,41.0,35.7,2408.0,43.2,0.26,3,86.1
1159.0,261.0,22.8,1801.0,36.6,0.53,1,47.8
1016.0,19.0,45.2,455.0,39.7,0.21,12,100.0
271.0,109.0,38.0,1977.0,49.8,0.52,1,37.5
536.0,99.0,17.9,2014.0,17.8,0.6,3,55.2
168.0,101.0,65.9,1097.0,42.1,0.55,1,35.8
1063.0,119.0,10.2,332.0,44.0,0.66,3,100.0
903.0,69.0,28.9,2137.0,19.7,0.75,9,45.7
1161.0,168.0,64.1,1837.0,34.4,0.24,9,51.8
862.0,226.0,67.3,975.0,41.8,0.16,2,67.4
321.0,208.0,17.2,821.0,20.2,0.4,11,44.3
438.0,70.0,44.6,244.0,44.2,0.57,1,85.1
759.0,108.0,58.5,1505.0,48.0,0.13,9,53.8
806.0,254.0,15.8,2102.0,15.8,0.54,4,37.7
309.0,177.0,7.7,1293.0,8.2,0.25,7,68.8
271.0,167.0,19.4,1040.0,38.0,0.62,3,62.2
1057.0,209.0,33.7,1563.0,34.8,0.36,1,50.9
728.0,40.0,61.4,472.0,8.6,0.2,5,98.4
1167.0,232.0,64.0,1088.0,21.5,0.76,12,56.8
552.0,252.0,13.0,2433.0,29.5,0.3,9,44.3
244.0,26.0,10.2,2414.0,41.9,0.35,1,96.1
334.0,55.0,6.5,438.0,3.6,0.6,3,89.9
866.0,38.0,59.8,528.0,33.3,0.29,5,100.0
95.0,195.0,25.6,1564.0,44.8,0.23,7,40.3
521.0,202.0,42.2,523.0,1.7,0.57,11,21.9
1151.0,72.0,44.4,2347.0,9.8,0.77,5,61.0
722.0,16.0,18.1,1740.0,5.0,0.73,9,59.9
1136.0,157.0,52.4,1085.0,37.3,0.45,5,89.8
333.0,149.0,29.9,906.0,47.2,0.12,9,58.2
125.0,289.0,67.4,1349.0,14.3,0.44,12,16.3
149.0,153.0,45.5,2167.0,49.8,0.64,4,24.4
1168.0,296.0,15.8,1202.0,26.4,0.39,8,71.4
368.0,234.0,49.1,233.0,19.6,0.72,7,42.0
1106.0,109.0,40.1,1457.0,41.4,0.4,5,81.3
898.0,259.0,28.8,202.0,5.1,0.42,3,86.3
742.0,284.0,39.1,2349.0,30.6,0.53,9,35.2
37.0,46.0,48.6,1773.0,3.2,0.7,7,15.3
484.0,293.0,39.9,2108.0,20.7,0.53,7,37.4
485.0,255.0,7.5,1745.0,18.5,0.37,8,28.1
513.0,252.0,29.1,1187.0,24.9,0.46,12,59.0
151.0,118.0,58.5,2412.0,16.1,0.56,2,3.0
356.0,230.0,7.0,1125.0,34.1,0.38,4,72.0
925.0,255.0,61.0,786.0,27.1,0.35,7,76.9
533.0,221.0,39.1,1506.0,30.4,0.22,8,52.0
801.0,47.0,11.4,708.0,7.5,0.2,7,100.0
226.0,199.0,23.0,2338.0,11.8,0.47,2,38.8
910.0,266.0,5.7,1626.0,20.3,0.78,12,72.9
591.0,223.0,26.6,1241.0,24.0,0.73,8,53.4
827.0,296.0,62.1,2010.0,10.4,0.16,2,42.7
996.0,94.0,64.1,1404.0,24.7,0.36,11,78.2
49.0,88.0,43.1,2041.0,41.4,0.55,10,20.5
1007.0,90.0,19.6,1770.0,27.7,0.28,6,87.4
171.0,73.0,69.9,1598.0,36.0,0.34,12,40.8
480.0,241.0,24.6,485.0,24.4,0.52,5,74.6
330.0,35.0,39.9,2362.0,9.3,0.34,6,66.7
856.0,217.0,39.4,775.0,18.0,0.6,8,64.5
1012.0,194.0,64.3,1797.0,11.5,0.53,7,33.9
113.0,113.0,54.3,795.0,22.7,0.2,2,47.9
853.0,38.0,57.6,2423.0,49.7,0.15,2,87.9
472.0,71.0,42.6,2424.0,46.5,0.77,6,44.1
893.0,16.0,27.2,2469.0,10.5,0.6,3,77.9
75.0,223.0,52.6,1984.0,35.4,0.38,3,27.6
29.0,136.0,37.4,1556.0,2.3,0.64,6,8.0
344.0,104.0,12.0,584.0,41.7,0.17,6,100.0
311.0,177.0,43.4,254.0,8.8,0.39,7,63.9
449.0,129.0,47.9,1196.0,3.5,0.55,6,28.2
301.0,60.0,9.1,1394.0,8.5,0.53,8,76.8
786.0,178.0,44.7,1170.0,30.3,0.43,5,82.7
233.0,258.0,38.4,2247.0,40.7,0.76,2,26.8
303.0,150.0,37.3,2213.0,17.1,0.42,12,38.4
824.0,251.0,37.1,1309.0,16.5,0.73,8,45.2
510.0,169.0,11.2,900.0,37.6,0.44,4,100.0
939.0,60.0,67.4,1156.0,13.5,0.4,3,73.4
290.0,98.0,31.3,1209.0,40.7,0.44,4,92.0
602.0,30.0,52.0,758.0,35.0,0.58,6,99.7
651.0,240.0,41.8,2408.0,4.8,0.51,5,20.4
422.0,169.0,11.0,1844.0,19.9,0.38,7,46.5
83.0,64.0,6.3,977.0,10.7,0.6,7,62.0
162.0,281.0,49.3,1664.0,0.9,0.63,6,0.0
177.0,139.0,64.4,1754.0,28.0,0.8,9,13.1
28.0,78.0,56.3,1533.0,0.7,0.51,10,0.0
1034.0,120.0,5.9,1678.0,27.8,0.37,11,73.3
1060.0,42.0,22.9,1878.0,11.9,0.64,4,83.5
771.0,221.0,50.2,1639.0,42.5,0.26,6,38.4
607.0,72.0,23.8,896.0,20.1,0.15,1,99.6
1193.0,122.0,60.6,1470.0,7.3,0.39,8,55.6
832.0,160.0,66.6,244.0,38.4,0.64,10,76.2
696.0,204.0,65.1,901.0,36.9,0.44,2,56.3
249.0,58.0,41.4,2170.0,16.1,0.52,12,28.0
332.0,168.0,54.9,299.0,44.2,0.69,5,87.1
688.0,162.0,67.7,892.0,27.4,0.75,3,63.3
60.0,231.0,56.6,260.0,4.9,0.59,8,13.5
503.0,189.0,67.5,1859.0,30.5,0.28,7,56.5
0.0,245.0,14.4,2094.0,47.6,0.57,7,22.9
289.0,171.0,38.8,564.0,22.1,0.27,1,78.4
962.0,208.0,28.1,1806.0,31.9,0.54,2,57.2
1041.0,27.0,23.0,1629.0,40.2,0.74,1,87.6
978.0,117.0,50.2,505.0,15.6,0.61,6,73.0
471.0,67.0,52.5,559.0,9.0,0.24,2,62.0
823.0,287.0,16.1,1249.0,16.6,0.2,2,53.1
1040.0,27.0,29.1,644.0,28.7,0.17,7,100.0
891.0,118.0,48.1,896.0,38.4,0.72,3,78.1
578.0,266.0,68.6,2459.0,19.1,0.33,4,34.1
151.0,189.0,40.1,1835.0,46.4,0.58,4,29.3
1041.0,62.0,61.3,1151.0,40.5,0.15,11,87.6
827.0,204.0,69.2,1421.0,34.3,0.22,9,45.4
276.0,224.0,29.1,707.0,24.7,0.64,10,50.6
904.0,264.0,46.8,1762.0,21.7,0.35,4,54.2
1061.0,241.0,36.2,1467.0,6.8,0.75,2,44.3
904.0,184.0,10.7,2038.0,2.8,0.57,11,51.3
728.0,214.0,34.4,2355.0,32.5,0.18,8,48.7
179.0,122.0,8.9,2395.0,12.1,0.11,9,41.9
8.0,172.0,41.0,396.0,16.0,0.49,10,37.4
285.0,213.0,65.6,1221.0,18.8,0.32,1,20.7
69.0,216.0,54.4,2316.0,49.7,0.49,1,14.6
85.0,86.0,23.3,2454.0,39.5,0.24,5,56.0
427.0,157.0,22.9,292.0,26.3,0.22,8,83.5
965.0,71.0,34.4,1804.0,20.6,0.46,12,76.5
819.0,182.0,25.5,1543.0,47.7,0.65,11,49.9
194.0,180.0,15.4,1324.0,0.5,0.36,4,40.1
312.0,273.0,29.8,1977.0,34.8,0.74,4,37.3
744.0,181.0,54.5,415.0,0.8,0.69,1,59.5
957.0,148.0,42.2,1507.0,37.2,0.75,11,47.9
999.0,34.0,6.3,2244.0,43.4,0.69,3,100.0
145.0,67.0,61.3,1571.0,8.3,0.5,9,15.0
457.0,298.0,27.6,1947.0,13.3,0.67,6,8.5
376.0,115.0,12.9,2232.0,25.2,0.66,11,52.0
12.0,141.0,6.4,441.0,12.8,0.72,9,62.1
786.0,136.0,34.6,753.0,36.3,0.8,10,66.6
474.0,295.0,19.2,1578.0,49.6,0.69,6,33.4
728.0,227.0,69.8,1411.0,13.8,0.18,3,48.5
349.0,92.0,28.8,288.0,29.5,0.23,8,95.5
480.0,230.0,53.6,962.0,37.0,0.5,12,39.8
984.0,235.0,62.0,221.0,14.9,0.37,6,72.4
7.0,16.0,15.0,2380.0,29.7,0.27,3,74.8
1121.0,94.0,12.8,1723.0,40.5,0.24,9,87.2
1082.0,198.0,6.4,662.0,21.3,0.23,10,96.4
1105.0,82.0,22.6,2139.0,25.7,0.1,2,94.5
1059.0,68.0,66.5,1522.0,2.2,0.34,6,41.3
313.0,165.0,52.6,480.0,13.5,0.37,4,67.1
225.0,291.0,20.9,1248.0,13.4,0.73,4,39.9
796.0,298.0,58.1,1755.0,39.9,0.68,10,20.3
686.0,172.0,23.2,617.0,17.9,0.27,7,67.6
725.0,57.0,41.1,2021.0,28.5,0.29,3,64.0
1073.0,61.0,41.1,998.0,17.9,0.31,6,77.9
945.0,149.0,61.2,854.0,32.6,0.13,10,74.7
649.0,185.0,24.9,2052.0,1.1,0.68,6,31.0
657.0,263.0,58.4,1182.0,25.6,0.72,8,52.1
828.0,175.0,41.8,2252.0,18.4,0.75,9,34.8
492.0,248.0,51.8,2403.0,19.3,0.46,4,23.2
950.0,203.0,47.2,2401.0,5.0,0.22,6,31.0
788.0,227.0,39.9,272.0,15.5,0.43,6,72.3
3.0,142.0,49.2,1942.0,32.7,0.24,2,18.8
1017.0,290.0,63.2,323.0,12.9,0.79,4,71.4
696.0,42.0,54.5,1630.0,4.4,0.33,6,52.6
628.0,133.0,21.1,2359.0,45.7,0.7,5,67.3
492.0,265.0,22.5,2409.0,22.1,0.71,12,23.1
506.0,112.0,26.0,1259.0,23.2,0.4,8,73.0
1134.0,251.0,48.1,539.0,7.2,0.46,4,61.6
593.0,293.0,37.5,2366.0,15.5,0.7,5,37.3
28.0,207.0,7.1,1975.0,1.7,0.44,3,15.6
306.0,97.0,48.6,814.0,15.3,0.19,4,66.7
377.0,284.0,35.9,301.0,1.3,0.75,3,52.3
594.0,80.0,44.4,596.0,18.8,0.37,12,62.8
601.0,95.0,19.0,416.0,13.4,0.16,7,92.4
737.0,284.0,48.6,407.0,33.7,0.17,2,72.5
49.0,237.0,58.2,1654.0,46.7,0.69,2,0.3
50.0,200.0,42.0,2488.0,31.6,0.62,4,29.2
986.0,124.0,50.6,2481.0,15.1,0.34,8,41.0
181.0,184.0,41.7,268.0,40.3,0.18,2,64.6
612.0,93.0,68.5,2474.0,42.9,0.6,2,59.6
763.0,264.0,24.8,611.0,0.6,0.57,1,33.8
964.0,22.0,25.0,873.0,28.2,0.3,8,100.0
854.0,103.0,56.2,360.0,19.0,0.75,1,82.7
891.0,147.0,44.4,1708.0,13.4,0.31,10,37.3
287.0,77.0,46.4,383.0,5.2,0.66,11,52.2
580.0,85.0,66.7,429.0,43.6,0.42,11,89.0
910.0,284.0,12.7,2455.0,2.4,0.22,12,41.7
1158.0,221.0,28.1,430.0,45.9,0.44,8,85.7
502.0,267.0,43.6,329.0,9.9,0.13,3,72.6
973.0,248.0,59.0,913.0,24.8,0.78,5,62.5
944.0,168.0,35.5,1166.0,15.5,0.14,3,97.3
1008.0,52.0,49.3,1191.0,38.6,0.51,4,86.2
729.0,248.0,34.1,1038.0,14.7,0.13,11,42.7
876.0,264.0,7.5,2196.0,9.7,0.53,7,56.6
1053.0,165.0,58.9,498.0,36.0,0.23,5,100.0
875.0,148.0,8.6,953.0,28.8,0.66,10,82.5
1004.0,12.0,62.3,421.0,35.8,0.65,2,100.0
1141.0,28.0,39.4,2100.0,34.0,0.66,3,100.0
871.0,142.0,10.5,933.0,19.8,0.57,2,81.2
635.0,184.0,16.9,1813.0,2.6,0.22,1,33.6
397.0,36.0,13.9,2283.0,43.0,0.35,4,100.0
70.0,178.0,67.0,463.0,5.7,0.69,1,48.0
733.0,293.0,56.6,331.0,25.4,0.19,7,75.8
393.0,181.0,50.3,587.0,33.5,0.36,6,71.2
688.0,205.0,12.7,2385.0,21.9,0.4,12,66.9
553.0,124.0,21.7,344.0,32.6,0.56,8,83.6
909.0,125.0,28.6,2201.0,2.6,0.79,1,32.4
891.0,33.0,53.5,1730.0,49.9,0.4,1,85.1
502.0,51.0,59.2,1678.0,11.2,0.12,8,51.7
1019.0,55.0,33.3,1234.0,4.2,0.38,3,85.2
615.0,249.0,44.0,2347.0,4.6,0.6,2,6.0
724.0,195.0,56.7,1418.0,39.1,0.7,5,63.2
139.0,272.0,60.3,1451.0,21.4,0.7,2,20.3
1140.0,277.0,18.2,1661.0,42.3,0.45,6,56.0
819.0,117.0,54.8,848.0,0.7,0.3,8,56.7
926.0,174.0,63.6,1849.0,47.6,0.39,5,64.3
840.0,288.0,36.4,2340.0,20.6,0.31,12,58.1
287.0,60.0,15.7,1274.0,22.6,0.53,12,76.2
185.0,217.0,13.6,1261.0,10.2,0.2,11,31.5
458.0,288.0,17.1,1921.0,40.5,0.68,7,22.5
521.0,95.0,58.7,1425.0,24.7,0.15,9,80.7
611.0,178.0,26.0,2347.0,25.6,0.73,8,60.2
950.0,206.0,57.3,2014.0,21.6,0.56,7,44.9
1088.0,29.0,49.7,698.0,22.6,0.23,12,100.0
1133.0,234.0,69.8,1145.0,33.4,0.29,12,53.4
113.0,267.0,49.4,869.0,44.6,0.78,3,34.2
463.0,17.0,54.9,1621.0,12.1,0.28,7,51.3
1050.0,183.0,12.5,936.0,44.0,0.32,1,100.0
283.0,105.0,43.2,2255.0,7.0,0.4,2,32.7
45.0,195.0,62.4,1273.0,25.9,0.37,6,40.1
1145.0,183.0,9.1,1956.0,40.0,0.48,4,99.6
617.0,91.0,21.0,1936.0,19.7,0.64,7,55.1
845.0,206.0,19.6,2101.0,15.5,0.8,5,46.5
494.0,168.0,63.0,1770.0,23.7,0.12,5,54.1
1100.0,264.0,66.3,382.0,41.4,0.57,12,74.1
853.0,22.0,43.5,1559.0,8.0,0.28,4,85.2
783.0,66.0,60.3,371.0,15.4,0.3,6,83.8
391.0,217.0,11.9,2497.0,19.4,0.27,3,50.0
319.0,225.0,69.3,395.0,32.9,0.32,3,63.8
306.0,236.0,66.2,749.0,29.4,0.55,3,51.8
289.0,124.0,53.2,1899.0,35.5,0.56,3,44.4
1098.0,183.0,40.8,2174.0,37.7,0.75,2,53.0
598.0,149.0,20.2,806.0,1.7,0.21,3,52.9
671.0,272.0,6.2,1398.0,29.5,0.61,1,77.0
1154.0,13.0,31.4,934.0,37.9,0.63,5,100.0
213.0,66.0,52.3,1044.0,7.7,0.32,5,63.2
203.0,242.0,24.8,1669.0,16.0,0.25,9,11.9
651.0,111.0,17.8,1579.0,42.2,0.25,10,47.0
920.0,116.0,47.0,1047.0,39.9,0.35,9,67.0
623.0,109.0,64.2,804.0,33.7,0.43,2,64.6
515.0,125.0,60.1,1192.0,37.5,0.37,1,62.7
500.0,124.0,16.1,2493.0,42.1,0.12,4,63.7
558.0,240.0,65.8,1586.0,1.0,0.63,1,7.5
342.0,205.0,27.3,838.0,5.9,0.77,6,37.8
670.0,207.0,20.7,1842.0,2.8,0.2,10,6.5
220.0,253.0,69.5,2411.0,20.6,0.67,7,20.7
830.0,45.0,47.1,2249.0,26.0,0.74,8,82.9
686.0,17.0,41.4,1905.0,36.1,0.25,9,62.2
1078.0,98.0,42.7,1526.0,28.2,0.31,8,70.4
185.0,159.0,31.8,301.0,9.5,0.39,10,38.2
788.0,278.0,49.3,975.0,15.5,0.49,8,36.6
752.0,76.0,48.9,1671.0,41.5,0.44,1,55.6
371.0,45.0,6.3,1114.0,47.4,0.65,2,99.7
581.0,295.0,64.2,294.0,46.5,0.46,2,62.3
610.0,34.0,35.5,751.0,48.2,0.76,5,100.0
1166.0,141.0,31.7,1615.0,10.2,0.72,7,43.9
678.0,29.0,38.6,1553.0,27.6,0.34,12,89.4
354.0,53.0,66.4,1394.0,49.9,0.7,4,68.9
1192.0,86.0,59.8,296.0,13.6,0.49,2,83.5
1171.0,54.0,25.7,615.0,5.1,0.72,7,83.0
70.0,23.0,55.9,370.0,49.6,0.16,10,83.3
279.0,185.0,44.7,1788.0,18.3,0.14,5,41.5
437.0,240.0,65.1,2425.0,21.9,0.21,1,17.1
596.0,182.0,17.5,415.0,42.1,0.13,6,100.0
220.0,194.0,34.1,1566.0,31.4,0.61,8,48.7
1189.0,49.0,48.5,1711.0,31.1,0.55,4,94.2
132.0,292.0,62.0,2018.0,35.9,0.14,3,37.9
950.0,81.0,65.4,1472.0,44.8,0.31,11,78.1
505.0,12.0,16.8,859.0,31.8,0.61,7,98.7
1151.0,109.0,34.4,1255.0,22.1,0.47,8,84.6
822.0,162.0,57.2,1863.0,44.7,0.29,1,56.5
466.0,195.0,58.3,566.0,22.2,0.11,1,73.6
276.0,286.0,28.5,1527.0,23.9,0.53,12,22.3
72.0,261.0,7.7,1520.0,44.6,0.54,7,28.4
820.0,14.0,16.0,632.0,35.4,0.69,11,97.0
467.0,205.0,53.6,2055.0,5.9,0.23,2,8.0
789.0,238.0,32.5,235.0,12.2,0.45,11,49.7
428.0,218.0,47.5,1181.0,1.6,0.24,10,10.6
1190.0,58.0,21.2,1903.0,32.3,0.34,12,83.0
217.0,32.0,38.0,1204.0,28.6,0.51,10,82.9
611.0,116.0,69.7,1782.0,19.5,0.33,5,39.8
569.0,43.0,38.9,1127.0,33.5,0.7,7,99.8
388.0,202.0,18.6,571.0,5.0,0.76,12,47.5
222.0,138.0,25.4,811.0,34.4,0.5,7,58.1
1197.0,43.0,59.7,1640.0,20.0,0.2,3,75.1
994.0,80.0,33.5,1504.0,42.5,0.63,11,59.6
950.0,12.0,48.5,808.0,24.2,0.43,8,100.0
420.0,235.0,26.4,529.0,41.1,0.4,12,67.3
835.0,42.0,14.1,876.0,38.2,0.5,9,100.0
986.0,113.0,56.9,1841.0,10.0,0.48,3,61.2
157.0,18.0,40.6,607.0,0.8,0.74,5,59.4
906.0,60.0,22.2,2267.0,10.1,0.36,9,62.2
1007.0,272.0,56.2,955.0,13.2,0.65,10,32.9
750.0,132.0,64.6,1841.0,15.1,0.47,12,33.3
1130.0,33.0,17.3,2396.0,35.4,0.77,8,93.3
361.0,53.0,52.1,2093.0,8.8,0.23,12,39.4
945.0,240.0,21.3,2212.0,39.1,0.69,8,51.1
939.0,70.0,33.8,648.0,26.8,0.54,1,100.0
18.0,196.0,19.3,1562.0,19.0,0.64,4,26.4
217.0,297.0,22.1,1687.0,1.7,0.45,1,16.6
1095.0,159.0,57.4,1824.0,23.7,0.37,9,46.6
242.0,70.0,55.5,556.0,18.0,0.29,10,45.9
917.0,126.0,27.2,1534.0,32.1,0.18,9,64.5
859.0,250.0,45.9,283.0,48.9,0.52,5,91.4
678.0,156.0,24.0,1840.0,32.0,0.62,9,51.7
1186.0,224.0,23.1,2407.0,22.8,0.35,12,50.9
474.0,236.0,22.6,1419.0,26.2,0.11,3,73.7
1163.0,27.0,28.6,1466.0,8.5,0.22,7,97.9
1136.0,246.0,15.2,1247.0,29.3,0.58,9,50.7
231.0,215.0,66.4,1686.0,20.3,0.59,3,24.2
454.0,58.0,49.2,473.0,2.3,0.67,12,58.9
851.0,61.0,57.7,441.0,49.6,0.49,6,100.0
381.0,60.0,56.1,1580.0,3.6,0.25,1,32.8
733.0,168.0,38.5,1742.0,34.6,0.3,2,65.7
291.0,58.0,21.4,821.0,0.7,0.79,9,37.3
73.0,108.0,57.4,1630.0,28.7,0.25,4,41.6
753.0,151.0,59.3,1468.0,20.9,0.36,4,75.9
1053.0,272.0,45.6,1320.0,2.2,0.75,5,40.9
178.0,257.0,64.5,775.0,44.2,0.78,1,26.9
787.0,229.0,60.3,529.0,3.5,0.57,4,40.3
141.0,202.0,31.1,2074.0,30.0,0.25,11,16.3
910.0,207.0,53.0,499.0,39.2,0.23,1,83.8
255.0,75.0,22.4,2471.0,4.4,0.32,3,43.8
835.0,240.0,42.3,2132.0,13.1,0.73,10,12.1
1037.0,155.0,63.3,993.0,30.4,0.2,9,67.7
760.0,263.0,52.3,2190.0,7.4,0.16,4,40.8
274.0,91.0,28.7,1661.0,19.3,0.48,12,40.2
308.0,98.0,60.3,1074.0,6.3,0.48,8,57.5
123.0,109.0,48.6,556.0,0.8,0.28,11,12.4
491.0,125.0,54.8,2215.0,31.8,0.65,12,40.7
870.0,297.0,19.5,2327.0,15.5,0.23,8,42.2
629.0,243.0,67.9,1650.0,16.8,0.64,4,24.6
531.0,249.0,7.0,1684.0,12.5,0.28,11,32.2
990.0,211.0,24.9,1316.0,18.0,0.21,1,62.3
1072.0,282.0,69.0,2460.0,25.0,0.41,10,32.0
52.0,123.0,29.4,1951.0,18.4,0.63,5,20.7
318.0,112.0,28.8,2403.0,33.4,0.44,2,51.5
816.0,20.0,46.3,2234.0,24.4,0.19,12,97.3
460.0,121.0,13.3,2174.0,23.2,0.27,7,69.5
158.0,96.0,63.2,862.0,24.7,0.42,8,53.7
482.0,295.0,21.7,329.0,8.9,0.37,1,60.1
62.0,194.0,14.3,2435.0,33.7,0.79,7,52.5
40.0,167.0,32.1,556.0,27.0,0.54,7,60.8
589.0,223.0,64.5,399.0,48.0,0.67,8,72.7
1109.0,23.0,57.3,1129.0,7.6,0.5,9,82.1
705.0,155.0,69.7,1446.0,40.5,0.59,2,55.6
467.0,274.0,51.4,2304.0,47.2,0.38,4,42.8
107.0,191.0,55.0,1039.0,14.5,0.75,3,29.7
639.0,275.0,12.4,708.0,15.0,0.13,7,79.1
122.0,45.0,14.3,2280.0,6.7,0.74,10,44.2
44.0,124.0,40.6,1956.0,10.5,0.49,2,7.1
1105.0,53.0,22.6,2148.0,44.8,0.76,2,79.5
227.0,97.0,27.4,682.0,38.2,0.67,3,89.6
556.0,270.0,17.5,478.0,32.7,0.25,7,75.4
523.0,77.0,24.1,1119.0,37.7,0.39,1,77.9
76.0,166.0,59.6,728.0,46.5,0.65,11,30.8
346.0,98.0,11.3,1938.0,28.7,0.61,8,70.2
85.0,61.0,52.0,1854.0,46.0,0.61,12,29.0
1162.0,214.0,48.0,1972.0,19.1,0.42,4,37.6
680.0,250.0,34.5,410.0,24.1,0.49,10,70.1
368.0,53.0,42.4,1328.0,18.6,0.73,9,41.9
429.0,87.0,32.5,1199.0,23.1,0.24,8,76.9
13.0,243.0,22.9,276.0,26.0,0.16,5,76.2
1108.0,22.0,43.4,1237.0,19.5,0.24,4,96.4
1119.0,209.0,38.7,1957.0,19.2,0.59,12,39.7
106.0,258.0,56.3,254.0,9.3,0.11,5,52.9
1011.0,268.0,58.8,492.0,45.8,0.5,5,88.5
185.0,32.0,20.3,2294.0,35.3,0.74,11,40.9
1157.0,134.0,37.0,1550.0,47.4,0.68,8,64.8
609.0,84.0,27.9,2320.0,21.3,0.12,10,68.9
1183.0,280.0,47.6,1492.0,45.3,0.45,3,76.0
576.0,166.0,40.6,1103.0,7.0,0.38,5,57.2
538.0,225.0,14.5,2107.0,8.6,0.74,12,39.0
986.0,34.0,65.0,993.0,29.3,0.64,3,100.0
1042.0,272.0,67.9,747.0,10.9,0.46,4,60.1
1122.0,113.0,50.6,1923.0,34.1,0.19,5,83.1
228.0,125.0,9.7,656.0,22.1,0.66,2,91.7
612.0,96.0,48.5,443.0,41.8,0.44,2,88.8
759.0,175.0,61.9,1187.0,40.3,0.71,11,54.8
390.0,262.0,58.4,691.0,24.6,0.72,11,38.5
537.0,213.0,55.7,2277.0,17.3,0.79,5,23.5
910.0,223.0,52.2,1408.0,37.9,0.58,12,60.7
1108.0,181.0,24.0,762.0,49.8,0.48,2,97.6
103.0,205.0,63.6,1662.0,5.6,0.18,1,11.8
110.0,172.0,12.8,308.0,7.2,0.16,9,65.7
405.0,153.0,40.7,318.0,34.8,0.24,10,59.5
95.0,296.0,57.3,763.0,10.6,0.65,4,32.2
352.0,56.0,59.5,937.0,46.1,0.42,9,51.8
1058.0,204.0,67.7,1686.0,27.6,0.5,7,44.5
299.0,79.0,16.3,369.0,37.0,0.12,11,89.5
220.0,42.0,30.5,2252.0,18.3,0.24,4,72.0
252.0,266.0,12.3,837.0,37.0,0.64,2,65.4
1036.0,227.0,20.6,1366.0,1.9,0.67,11,22.9
1176.0,268.0,34.4,1245.0,37.6,0.14,7,73.4
811.0,210.0,12.2,850.0,38.3,0.34,8,83.4
713.0,264.0,31.5,966.0,27.3,0.26,3,76.8
1052.0,241.0,16.6,1628.0,27.8,0.13,3,69.6
1136.0,178.0,58.1,2237.0,40.8,0.13,7,74.0
940.0,166.0,17.0,1388.0,22.8,0.79,2,74.2
7.0,116.0,24.7,2134.0,44.5,0.49,1,41.0
308.0,71.0,36.4,942.0,31.7,0.64,5,77.0
171.0,172.0,53.6,665.0,26.3,0.23,8,49.6
597.0,228.0,55.9,1697.0,37.8,0.49,3,51.7
645.0,221.0,15.8,623.0,17.5,0.66,5,64.9
1106.0,260.0,67.5,2073.0,11.1,0.3,8,25.0
1001.0,151.0,52.7,925.0,15.9,0.27,9,53.8
1075.0,14.0,59.9,2363.0,23.8,0.63,3,92.1
956.0,188.0,10.4,1790.0,23.8,0.16,10,81.2
246.0,178.0,68.1,2295.0,39.8,0.38,3,42.5
1142.0,256.0,47.6,556.0,21.2,0.53,9,50.0
55.0,275.0,54.5,718.0,38.7,0.5,8,37.7
797.0,36.0,53.4,1539.0,43.1,0.3,7,82.9
150.0,249.0,23.0,1692.0,48.6,0.7,4,20.9
779.0,250.0,49.0,1699.0,17.9,0.74,8,10.0
891.0,84.0,14.1,2355.0,20.6,0.18,6,100.0
417.0,216.0,53.6,1830.0,23.5,0.51,8,20.3
502.0,100.0,68.7,995.0,9.0,0.7,6,41.2
1111.0,27.0,48.7,924.0,21.8,0.19,11,94.9
874.0,222.0,48.6,1432.0,7.0,0.41,3,49.7
243.0,286.0,30.9,273.0,31.3,0.68,5,77.1
1166.0,147.0,36.1,864.0,16.2,0.43,3,80.8
733.0,92.0,14.9,1115.0,17.3,0.47,1,77.7
96.0,84.0,10.8,2063.0,20.3,0.68,6,47.8
892.0,298.0,65.5,247.0,34.5,0.57,8,74.7
313.0,234.0,48.5,905.0,6.1,0.3,7,29.4
1192.0,40.0,30.6,240.0,3.0,0.73,11,94.0
411.0,256.0,7.8,569.0,42.8,0.77,1,63.5
703.0,144.0,59.7,916.0,24.3,0.28,6,67.7
261.0,33.0,47.3,1556.0,13.5,0.68,10,38.8
706.0,255.0,35.8,1481.0,48.5,0.54,12,47.3
223.0,60.0,63.9,2267.0,39.1,0.32,4,52.7
321.0,282.0,51.5,1456.0,4.1,0.21,1,22.6
719.0,61.0,15.7,733.0,5.7,0.64,8,82.6
1070.0,187.0,6.2,432.0,13.0,0.48,3,100.0
22.0,39.0,17.1,1463.0,12.0,0.58,5,67.3
851.0,93.0,12.7,1369.0,39.7,0.65,1,100.0
211.0,265.0,45.0,2358.0,26.0,0.68,4,31.5
637.0,264.0,19.8,206.0,21.7,0.74,12,82.0
503.0,84.0,22.7,2396.0,25.9,0.23,10,52.1
356.0,254.0,63.5,1208.0,12.1,0.69,7,23.1
792.0,298.0,52.2,1391.0,29.5,0.22,12,45.1
998.0,115.0,41.4,2195.0,7.1,0.43,5,54.1
423.0,218.0,6.7,1330.0,36.7,0.2,9,59.9
642.0,255.0,42.0,1538.0,15.9,0.31,7,26.8
439.0,85.0,20.4,1849.0,31.3,0.55,6,58.0
353.0,150.0,23.1,410.0,11.9,0.39,6,64.8
268.0,125.0,9.3,599.0,1.5,0.62,9,56.0
321.0,111.0,51.1,1188.0,17.3,0.19,6,52.0
480.0,28.0,49.5,1894.0,17.8,0.12,4,62.9
235.0,161.0,41.1,1720.0,27.6,0.62,12,40.2
42.0,16.0,15.2,1067.0,10.3,0.71,4,61.3
610.0,32.0,32.6,1433.0,24.4,0.42,10,96.7
344.0,225.0,33.7,1856.0,3.0,0.44,5,18.5
594.0,228.0,34.0,1056.0,24.2,0.22,8,56.4
486.0,55.0,63.8,1462.0,23.0,0.55,1,56.2
160.0,205.0,38.7,296.0,41.3,0.32,6,56.3
682.0,139.0,11.3,2119.0,1.1,0.1,7,53.7
40.0,27.0,68.7,1357.0,30.3,0.77,5,75.6
1100.0,83.0,62.2,1741.0,9.0,0.49,10,48.0
949.0,188.0,24.0,2495.0,44.7,0.75,3,79.0
1033.0,187.0,24.1,510.0,43.9,0.61,5,97.3
909.0,164.0,59.2,2306.0,33.4,0.72,10,48.1
1013.0,140.0,39.7,396.0,5.1,0.62,2,80.8
386.0,31.0,22.0,2482.0,2.1,0.16,8,67.1
962.0,253.0,31.6,763.0,18.2,0.64,4,77.1
444.0,165.0,34.4,895.0,42.6,0.62,2,63.6
705.0,236.0,65.9,339.0,49.3,0.6,1,67.0
814.0,82.0,34.3,2041.0,26.0,0.47,8,81.2
279.0,296.0,35.1,2123.0,6.0,0.56,1,9.3
579.0,197.0,24.0,809.0,30.1,0.37,6,77.3
629.0,208.0,46.1,1013.0,48.6,0.25,8,53.9
408.0,131.0,39.0,728.0,41.9,0.53,8,66.0
344.0,230.0,8.3,1601.0,35.0,0.14,11,50.5
323.0,47.0,12.8,479.0,8.9,0.63,7,100.0
896.0,154.0,13.8,346.0,43.4,0.32,6,100.0
1197.0,26.0,65.8,401.0,31.2,0.21,2,100.0
270.0,176.0,9.3,1528.0,18.3,0.28,9,44.7
604.0,34.0,6.8,1602.0,10.7,0.39,2,87.9
893.0,182.0,50.4,328.0,3.4,0.41,11,63.5
273.0,79.0,68.9,2199.0,42.9,0.64,12,38.0
633.0,137.0,23.3,1095.0,36.0,0.64,1,62.3
506.0,59.0,35.2,1709.0,23.9,0.29,7,75.5
150.0,138.0,45.2,839.0,47.4,0.77,4,41.7
180.0,47.0,29.1,1382.0,43.2,0.37,2,73.2
270.0,286.0,36.4,2298.0,7.6,0.47,8,13.4
1181.0,47.0,53.3,1413.0,22.8,0.18,8,100.0
820.0,255.0,5.9,1681.0,25.2,0.26,8,68.4
668.0,149.0,50.0,1115.0,45.7,0.48,1,68.8
1.0,65.0,63.1,206.0,15.7,0.4,7,59.3
1104.0,52.0,20.2,215.0,39.6,0.79,12,100.0
1014.0,235.0,56.2,2276.0,28.4,0.13,2,54.7
450.0,186.0,47.4,646.0,10.1,0.32,12,51.1
314.0,244.0,54.6,1866.0,34.8,0.32,6,31.5
899.0,227.0,65.7,1130.0,42.4,0.27,6,60.0
663.0,265.0,68.1,1859.0,41.3,0.16,3,53.7
358.0,52.0,58.9,1133.0,43.8,0.4,7,61.9
145.0,52.0,65.2,1942.0,41.2,0.39,5,40.8
514.0,14.0,62.0,996.0,25.0,0.47,10,79.1
962.0,228.0,55.5,2338.0,24.5,0.69,2,32.2
41.0,14.0,41.0,872.0,33.7,0.11,2,69.4
701.0,63.0,49.3,999.0,4.5,0.66,3,51.2
261.0,167.0,9.2,2020.0,3.2,0.31,1,40.2
678.0,39.0,62.2,1229.0,26.6,0.15,11,89.4
490.0,140.0,38.8,2003.0,15.7,0.36,2,34.8
596.0,113.0,26.2,1741.0,8.3,0.4,11,37.3
547.0,276.0,49.5,1135.0,9.6,0.76,3,42.1
716.0,99.0,19.9,2135.0,40.7,0.63,11,54.9
239.0,273.0,23.3,1453.0,19.6,0.79,5,45.2
908.0,19.0,58.9,256.0,39.2,0.19,1,100.0
825.0,107.0,16.4,1142.0,24.3,0.35,8,81.4
290.0,236.0,47.0,1009.0,2.1,0.41,2,13.5
293.0,112.0,64.0,1649.0,38.9,0.61,1,27.4
213.0,293.0,7.0,2028.0,27.6,0.63,1,40.3
507.0,205.0,38.0,1697.0,8.5,0.34,6,29.8
616.0,43.0,33.6,1235.0,28.2,0.33,2,94.0
872.0,138.0,25.3,1009.0,29.8,0.24,12,90.3
847.0,156.0,13.1,962.0,15.4,0.59,9,68.3
362.0,116.0,23.8,1921.0,41.0,0.33,5,61.4
106.0,141.0,7.2,1686.0,45.6,0.44,8,44.8
800.0,160.0,54.1,1530.0,16.5,0.46,8,36.9
635.0,300.0,63.5,602.0,48.2,0.36,9,48.1
585.0,138.0,14.6,966.0,33.6,0.34,10,84.3
249.0,251.0,40.4,2032.0,3.9,0.63,10,0.0
514.0,215.0,63.1,1326.0,43.7,0.66,12,40.6
88.0,152.0,11.6,288.0,30.2,0.16,3,100.0
1079.0,90.0,22.4,284.0,4.5,0.63,7,78.5
1180.0,104.0,7.3,1276.0,41.3,0.39,2,95.2
1002.0,61.0,35.6,1740.0,7.9,0.19,11,69.0
635.0,253.0,16.7,496.0,2.4,0.68,7,44.2
961.0,253.0,61.5,1707.0,11.3,0.66,8,32.0
132.0,167.0,33.5,1009.0,19.4,0.52,11,15.1
785.0,43.0,55.6,2428.0,47.9,0.39,11,62.3
630.0,87.0,59.6,344.0,28.6,0.15,8,100.0
685.0,279.0,64.0,862.0,25.9,0.32,12,56.0
361.0,24.0,13.0,1663.0,10.5,0.26,10,65.1
597.0,27.0,40.4,2250.0,41.9,0.16,8,88.1
510.0,206.0,37.9,330.0,45.4,0.38,5,85.4
367.0,77.0,59.1,304.0,43.9,0.53,9,73.3
514.0,155.0,51.5,733.0,5.7,0.5,11,44.4
947.0,164.0,15.7,723.0,29.2,0.73,4,93.2
855.0,63.0,31.9,1165.0,14.9,0.12,7,96.3
910.0,51.0,55.0,2456.0,40.0,0.51,1,67.8
828.0,22.0,69.8,670.0,18.0,0.73,2,92.9
449.0,92.0,55.6,749.0,30.5,0.38,4,92.3
811.0,72.0,64.6,380.0,12.1,0.56,9,69.2
1050.0,239.0,33.7,1551.0,30.9,0.28,12,57.0
322.0,11.0,67.7,1132.0,15.5,0.77,1,65.4
1033.0,29.0,23.2,1487.0,24.2,0.78,11,97.4
114.0,129.0,64.4,2390.0,16.4,0.53,3,14.0
307.0,80.0,14.0,2453.0,32.0,0.47,6,81.5
630.0,260.0,66.0,2152.0,43.3,0.29,11,31.0
669.0,19.0,61.0,1633.0,0.9,0.18,8,58.2
96.0,119.0,45.8,653.0,21.8,0.22,3,59.1
646.0,287.0,37.5,2318.0,27.3,0.17,3,64.3
1103.0,129.0,6.9,1680.0,1.6,0.78,9,43.1
1062.0,95.0,30.4,1221.0,47.4,0.19,2,100.0
217.0,119.0,6.5,1422.0,19.8,0.73,5,68.9
705.0,249.0,52.4,1285.0,30.3,0.25,1,53.6
710.0,15.0,61.5,2477.0,35.1,0.67,8,62.7
951.0,284.0,25.9,579.0,13.8,0.62,7,55.9
148.0,252.0,48.5,1403.0,4.5,0.32,1,7.9
1110.0,36.0,69.5,963.0,34.7,0.58,2,90.7
1139.0,187.0,28.8,1630.0,19.8,0.2,6,61.9
1154.0,135.0,21.5,1394.0,38.7,0.48,11,75.7
855.0,143.0,33.7,1611.0,3.7,0.25,7,43.9
523.0,253.0,14.6,1661.0,37.9,0.5,3,66.0
1140.0,214.0,55.8,1372.0,48.4,0.56,8,56.8
1171.0,176.0,42.2,2494.0,3.6,0.45,8,28.8
984.0,187.0,34.0,364.0,45.7,0.6,5,100.0
40.0,20.0,42.3,434.0,12.2,0.34,5,73.4
980.0,259.0,60.5,686.0,27.9,0.73,11,60.2
803.0,113.0,7.3,1262.0,41.2,0.17,9,99.0
757.0,234.0,59.2,1866.0,19.9,0.23,3,31.9
1132.0,171.0,24.1,1595.0,47.6,0.66,9,52.6
219.0,249.0,40.7,1836.0,38.2,0.29,1,31.0
213.0,284.0,52.3,1916.0,33.9,0.2,4,30.9
856.0,105.0,38.5,1242.0,36.2,0.47,7,83.4
436.0,280.0,16.4,546.0,21.9,0.79,7,57.0
715.0,198.0,37.5,768.0,18.6,0.67,6,66.2
139.0,170.0,67.3,585.0,21.5,0.74,8,37.8
1095.0,56.0,50.8,209.0,4.8,0.38,6,83.1
641.0,292.0,5.7,422.0,39.6,0.43,11,83.7
1078.0,108.0,6.7,1701.0,29.8,0.41,5,92.6
757.0,37.0,26.0,1563.0,37.6,0.65,2,87.9
1044.0,182.0,44.9,2094.0,41.4,0.44,3,62.1
232.0,283.0,57.3,422.0,0.6,0.45,8,35.9
544.0,112.0,57.4,2327.0,43.8,0.4,4,66.3
747.0,135.0,7.7,1335.0,43.0,0.45,8,97.1
198.0,218.0,43.4,493.0,49.6,0.43,3,55.9
300.0,86.0,51.5,2115.0,11.5,0.21,7,39.0
1058.0,238.0,5.0,2406.0,18.4,0.3,7,47.6
341.0,286.0,39.8,1464.0,48.5,0.17,5,64.0
914.0,88.0,33.7,524.0,46.5,0.13,7,100.0
572.0,33.0,55.8,2267.0,4.6,0.27,1,45.2
35.0,160.0,6.3,2489.0,47.4,0.28,2,50.8
761.0,247.0,24.7,2142.0,0.5,0.53,10,1.9
151.0,190.0,60.1,2458.0,35.0,0.67,1,24.5
1120.0,50.0,48.3,1206.0,5.4,0.78,4,81.4
1185.0,294.0,13.7,2454.0,4.8,0.64,8,38.5
917.0,247.0,65.6,1149.0,6.9,0.3,7,47.9
503.0,242.0,41.6,1482.0,19.3,0.47,2,37.6
79.0,294.0,30.3,2067.0,19.8,0.1,10,0.0
464.0,221.0,6.8,332.0,6.3,0.78,8,71.0
1047.0,18.0,32.6,1982.0,28.3,0.32,11,82.7
1043.0,155.0,7.2,353.0,49.0,0.13,5,100.0
777.0,219.0,69.6,298.0,45.9,0.15,5,88.2
666.0,289.0,22.8,1214.0,42.9,0.48,6,58.8
1049.0,51.0,9.1,1679.0,9.6,0.44,2,75.8
180.0,145.0,34.5,2297.0,46.1,0.3,4,49.7
997.0,197.0,45.1,437.0,29.3,0.7,10,86.1
956.0,285.0,11.9,1778.0,46.2,0.57,8,58.2
690.0,146.0,20.4,323.0,31.8,0.49,11,89.3
53.0,268.0,22.9,2279.0,13.4,0.77,10,0.0
1165.0,201.0,26.0,1452.0,47.6,0.52,9,49.1
1177.0,276.0,31.1,910.0,42.8,0.21,3,75.0
912.0,107.0,61.8,899.0,12.4,0.63,5,57.0
302.0,56.0,36.8,1081.0,1.5,0.23,4,56.8
1122.0,35.0,5.9,588.0,27.7,0.16,11,100.0
999.0,231.0,17.8,2223.0,10.9,0.65,7,35.9
24.0,83.0,61.2,2426.0,24.9,0.21,1,39.2
1163.0,81.0,15.5,2150.0,13.1,0.43,8,66.9
677.0,253.0,54.4,1394.0,16.2,0.19,1,49.0
95.0,113.0,42.2,2421.0,29.8,0.27,9,13.6
750.0,55.0,44.5,875.0,45.7,0.32,8,70.2
573.0,298.0,56.6,2026.0,31.2,0.7,10,17.3
396.0,251.0,5.9,2060.0,33.0,0.64,2,40.4
1127.0,17.0,29.1,2228.0,9.9,0.24,11,73.1
379.0,75.0,33.7,512.0,37.3,0.41,3,100.0
945.0,299.0,44.6,1587.0,11.1,0.45,10,17.9
293.0,75.0,69.4,2297.0,40.9,0.48,2,48.1
894.0,211.0,50.5,1347.0,33.8,0.13,11,63.3
402.0,93.0,51.6,827.0,38.2,0.42,4,67.5
618.0,96.0,69.8,456.0,0.6,0.4,3,87.2
1197.0,123.0,21.5,245.0,10.4,0.6,7,82.6
30.0,118.0,5.1,2444.0,31.2,0.41,10,42.4
677.0,34.0,39.7,1046.0,26.9,0.19,7,100.0
1093.0,124.0,7.3,1564.0,1.3,0.44,3,73.2
520.0,231.0,13.3,2302.0,18.0,0.18,1,49.0
288.0,52.0,54.6,1840.0,6.5,0.54,10,24.7
314.0,228.0,16.6,212.0,29.8,0.4,1,66.7
568.0,116.0,61.4,703.0,5.0,0.64,9,49.9
49.0,50.0,10.0,657.0,21.1,0.61,8,82.5
777.0,91.0,28.3,1365.0,40.6,0.64,6,86.2
232.0,255.0,12.6,221.0,12.4,0.79,4,70.7
1167.0,161.0,49.0,1107.0,22.8,0.33,12,82.5
892.0,119.0,58.2,1728.0,28.4,0.54,6,53.6
498.0,225.0,22.3,2418.0,25.2,0.64,11,15.2
537.0,235.0,44.4,777.0,7.6,0.6,11,36.2
1037.0,178.0,46.4,735.0,22.1,0.59,2,73.1
273.0,54.0,10.1,497.0,47.3,0.62,10,99.0
331.0,159.0,19.2,1126.0,6.8,0.11,8,58.0
1185.0,62.0,32.5,934.0,6.1,0.27,7,83.4
982.0,248.0,36.0,420.0,22.7,0.3,4,94.4
247.0,246.0,30.6,2062.0,25.2,0.61,5,36.4
904.0,155.0,34.7,437.0,19.4,0.37,4,100.0
596.0,292.0,56.2,641.0,18.6,0.54,10,33.6
21.0,46.0,44.4,471.0,10.6,0.18,12,79.2
6.0,285.0,26.6,1947.0,26.6,0.79,11,5.4
723.0,76.0,57.0,1298.0,0.8,0.41,3,68.0
755.0,35.0,40.9,2281.0,32.1,0.48,7,71.4
293.0,241.0,9.3,2166.0,17.2,0.4,12,37.7
549.0,145.0,41.6,2422.0,14.3,0.46,9,17.4
31.0,224.0,68.8,2348.0,24.6,0.27,1,15.9
241.0,216.0,48.1,1940.0,4.3,0.73,3,2.6
853.0,184.0,15.6,2328.0,48.5,0.24,4,85.9
846.0,85.0,30.9,1685.0,35.6,0.24,9,64.8
636.0,205.0,30.2,2446.0,12.5,0.68,5,33.0
110.0,263.0,53.6,1057.0,14.0,0.54,2,8.7
144.0,185.0,30.0,921.0,37.2,0.3,11,35.5
855.0,234.0,28.7,2411.0,43.2,0.58,7,57.7
231.0,197.0,34.3,2130.0,37.7,0.67,7,37.4
520.0,69.0,25.9,381.0,45.7,0.13,1,100.0
1116.0,156.0,42.0,1254.0,23.2,0.61,4,77.7
771.0,38.0,26.8,1616.0,5.6,0.2,12,76.1
663.0,44.0,13.6,539.0,14.0,0.68,4,100.0
1086.0,32.0,69.3,420.0,27.3,0.34,9,100.0
181.0,182.0,68.2,376.0,28.7,0.23,10,53.8
578.0,254.0,39.7,1367.0,14.9,0.52,4,43.8
1179.0,169.0,11.7,1732.0,48.8,0.29,9,69.2
94.0,126.0,27.2,940.0,41.3,0.6,7,47.7
211.0,121.0,46.1,1811.0,12.8,0.49,11,15.2
233.0,114.0,29.8,1610.0,29.4,0.64,6,52.4
1070.0,123.0,18.3,681.0,32.2,0.52,3,100.0
1147.0,77.0,47.3,803.0,3.9,0.51,4,63.2
1062.0,103.0,28.6,1690.0,41.2,0.28,6,62.9
1061.0,263.0,66.6,1246.0,9.8,0.55,8,35.9
384.0,72.0,63.9,1211.0,11.7,0.13,11,53.1
695.0,99.0,46.3,364.0,44.9,0.51,12,88.8
209.0,217.0,19.0,1009.0,23.6,0.28,12,50.0
58.0,39.0,45.1,2405.0,11.8,0.23,10,29.5
1103.0,70.0,64.7,777.0,48.9,0.6,9,75.5
622.0,279.0,9.5,1678.0,16.6,0.59,3,57.1
398.0,110.0,13.7,2083.0,20.5,0.2,7,65.0
721.0,164.0,50.1,1705.0,32.3,0.37,7,47.2
479.0,152.0,31.8,1939.0,15.5,0.56,5,32.8
356.0,253.0,68.4,736.0,31.0,0.3,2,44.1
130.0,298.0,48.0,1285.0,12.9,0.39,12,13.0
1082.0,273.0,33.4,1269.0,44.4,0.79,11,52.2
335.0,216.0,48.7,654.0,16.1,0.42,8,28.1
232.0,295.0,31.7,289.0,17.3,0.64,1,47.8
62.0,121.0,62.0,1668.0,10.4,0.3,10,7.5
273.0,40.0,19.7,610.0,28.3,0.33,12,100.0
686.0,270.0,64.7,1475.0,23.3,0.1,9,56.5
363.0,194.0,67.4,954.0,26.9,0.28,2,58.4
974.0,177.0,10.9,1151.0,39.9,0.34,6,100.0
1070.0,105.0,15.9,1035.0,45.8,0.11,11,85.9
85.0,191.0,56.6,1130.0,31.0,0.32,4,45.6
348.0,113.0,47.5,1566.0,40.7,0.59,1,28.6
1082.0,196.0,14.0,1630.0,27.4,0.5,8,92.2
769.0,291.0,10.1,436.0,7.2,0.43,6,83.8
801.0,217.0,62.6,259.0,4.0,0.16,10,56.0
810.0,89.0,64.0,2206.0,20.5,0.74,5,75.9
961.0,187.0,59.6,331.0,36.5,0.51,9,78.1
1090.0,208.0,43.7,1914.0,17.2,0.58,5,38.5
988.0,73.0,27.1,250.0,7.2,0.77,12,91.9
836.0,31.0,58.3,1163.0,46.5,0.8,12,92.3
397.0,191.0,60.1,1462.0,37.1,0.18,1,59.4
679.0,192.0,62.8,2138.0,21.4,0.19,6,53.3
874.0,13.0,67.2,1411.0,12.6,0.46,3,100.0
295.0,196.0,16.3,1283.0,7.1,0.7,5,51.2
216.0,135.0,30.9,334.0,3.7,0.74,5,70.9
229.0,136.0,21.6,1051.0,11.3,0.73,3,60.8
873.0,256.0,39.3,1257.0,23.5,0.79,10,52.0
862.0,68.0,47.6,228.0,27.9,0.21,4,100.0
449.0,92.0,41.0,749.0,13.8,0.3,8,60.1
263.0,147.0,61.5,320.0,31.8,0.49,12,81.1
221.0,236.0,62.6,1292.0,3.3,0.39,1,9.1
370.0,96.0,25.2,847.0,20.9,0.58,1,68.3
1091.0,246.0,27.4,1868.0,12.2,0.17,8,54.5
1167.0,58.0,66.5,1167.0,20.6,0.64,6,79.8
811.0,247.0,29.2,1839.0,5.0,0.35,6,45.1
670.0,248.0,42.8,1027.0,45.8,0.14,12,53.3
411.0,109.0,24.8,2470.0,31.4,0.79,1,49.7
637.0,64.0,41.2,1328.0,9.9,0.63,4,60.3
1196.0,283.0,15.6,845.0,31.7,0.68,2,72.2
1166.0,210.0,5.1,451.0,8.9,0.5,9,76.3
1057.0,192.0,29.6,1828.0,37.6,0.34,9,66.4
84.0,19.0,64.6,2198.0,42.8,0.22,12,52.8
974.0,111.0,9.6,2301.0,47.3,0.1,1,88.5
9.0,226.0,38.9,250.0,26.7,0.42,8,56.9
1017.0,109.0,48.9,1580.0,7.8,0.75,10,25.6
1143.0,23.0,33.6,376.0,14.3,0.13,12,100.0
428.0,166.0,7.8,1504.0,6.4,0.16,2,62.6
976.0,150.0,61.3,2245.0,45.3,0.28,3,77.3
417.0,113.0,56.6,1418.0,7.6,0.12,2,51.4
129.0,287.0,12.8,2301.0,16.1,0.42,7,13.0
327.0,142.0,25.8,431.0,42.9,0.24,12,89.0
768.0,72.0,12.4,1257.0,23.8,0.19,1,100.0
1058.0,89.0,30.3,803.0,44.1,0.32,4,100.0
492.0,210.0,37.0,1029.0,16.8,0.54,12,26.5
541.0,201.0,46.2,539.0,13.7,0.33,12,41.1
615.0,47.0,23.1,1418.0,36.3,0.79,11,83.8
982.0,124.0,46.5,1044.0,13.9,0.6,4,61.3
1059.0,203.0,57.8,587.0,45.9,0.65,1,61.5
128.0,199.0,7.6,2156.0,27.6,0.65,5,60.5
696.0,263.0,61.7,374.0,11.3,0.38,8,55.5
920.0,285.0,19.5,617.0,22.8,0.17,3,100.0
973.0,256.0,66.6,527.0,12.9,0.14,11,60.2
1085.0,257.0,61.5,881.0,26.3,0.77,2,49.2
1048.0,286.0,58.9,1373.0,36.9,0.21,4,68.3
458.0,103.0,38.4,1836.0,23.3,0.28,12,54.0
694.0,295.0,59.2,528.0,2.6,0.34,9,30.9
823.0,207.0,22.2,862.0,48.2,0.73,3,82.6
254.0,202.0,45.9,473.0,42.4,0.37,11,57.5
1058.0,150.0,23.7,751.0,5.8,0.19,11,73.3
622.0,65.0,63.8,1872.0,8.2,0.36,1,41.9
1089.0,188.0,22.7,1284.0,3.4,0.79,4,59.9
273.0,288.0,38.6,1354.0,21.4,0.26,12,50.9
1026.0,235.0,40.2,692.0,17.1,0.21,2,54.9
281.0,240.0,65.7,987.0,10.6,0.78,5,29.8
416.0,240.0,17.9,678.0,30.7,0.79,10,49.9
468.0,117.0,8.0,899.0,14.2,0.31,10,56.3
982.0,46.0,11.0,1912.0,38.0,0.4,2,100.0
38.0,265.0,12.0,2029.0,4.1,0.11,3,27.9
525.0,32.0,7.4,412.0,13.3,0.8,4,100.0
315.0,48.0,20.5,1482.0,8.7,0.3,3,92.1
942.0,218.0,34.8,1634.0,32.8,0.27,10,52.2
1151.0,287.0,25.4,1216.0,6.1,0.67,11,38.1
628.0,152.0,22.9,1902.0,17.2,0.33,6,51.9
408.0,108.0,26.6,2015.0,24.3,0.27,3,62.0
917.0,211.0,39.2,402.0,9.6,0.75,1,70.1
540.0,172.0,40.3,1360.0,5.1,0.67,1,50.7
519.0,106.0,34.0,1687.0,31.1,0.2,9,55.5
371.0,104.0,42.0,255.0,23.6,0.11,3,97.4
1013.0,200.0,33.1,1360.0,9.3,0.46,11,57.3
861.0,292.0,68.1,1338.0,46.8,0.74,12,53.8
680.0,243.0,26.0,1905.0,48.6,0.71,1,42.5
78.0,169.0,26.2,1215.0,33.8,0.65,5,56.6
383.0,251.0,21.3,1495.0,1.2,0.6,7,23.6
360.0,176.0,28.2,1913.0,6.2,0.68,5,34.4
459.0,99.0,59.4,1369.0,26.8,0.74,10,53.7
745.0,134.0,39.6,680.0,2.2,0.45,1,62.2
884.0,185.0,63.1,557.0,36.4,0.31,1,91.1
398.0,59.0,42.5,477.0,40.0,0.13,11,85.1
196.0,50.0,35.2,1439.0,20.7,0.35,3,77.7
1105.0,175.0,60.5,2472.0,7.3,0.18,7,56.0
981.0,247.0,48.7,2173.0,13.6,0.75,12,24.9
1090.0,102.0,8.5,642.0,49.9,0.6,3,100.0
1118.0,295.0,53.0,352.0,20.1,0.41,8,80.0
1186.0,240.0,11.8,2191.0,48.9,0.16,6,84.8
673.0,201.0,24.1,361.0,17.7,0.49,3,67.1
1118.0,114.0,56.3,1435.0,33.7,0.55,4,87.5
793.0,106.0,29.4,493.0,44.2,0.14,4,100.0
927.0,280.0,39.5,611.0,12.4,0.65,10,55.9
991.0,110.0,67.9,1198.0,6.6,0.67,12,52.8
49.0,16.0,27.8,2087.0,44.2,0.33,12,55.8
250.0,90.0,59.4,1662.0,32.4,0.34,11,36.2
1035.0,117.0,69.1,725.0,39.2,0.4,10,80.6
1107.0,202.0,60.3,1813.0,42.4,0.78,9,35.8
5.0,195.0,6.7,221.0,13.2,0.13,11,76.4
405.0,252.0,61.7,1473.0,42.1,0.38,1,39.4
1007.0,218.0,17.7,2382.0,23.2,0.47,11,39.6
653.0,99.0,35.2,2255.0,42.8,0.3,8,69.2
1182.0,186.0,41.9,2029.0,17.4,0.62,4,45.3
800.0,259.0,67.1,1176.0,30.0,0.67,6,45.6
1199.0,269.0,28.6,1272.0,32.9,0.51,11,53.5
609.0,77.0,18.6,1035.0,24.4,0.47,12,92.5
573.0,99.0,36.1,2089.0,7.6,0.36,5,69.8
605.0,196.0,14.6,911.0,46.5,0.77,3,93.6
561.0,12.0,48.9,1805.0,38.6,0.22,4,86.1
13.0,269.0,41.1,2317.0,35.5,0.48,7,9.3
554.0,98.0,61.3,2146.0,0.6,0.54,9,25.3
21.0,276.0,45.9,1071.0,21.6,0.46,7,32.0
166.0,81.0,65.3,428.0,28.0,0.53,6,68.8
489.0,220.0,56.4,2298.0,8.3,0.5,7,10.0
935.0,283.0,20.5,1302.0,40.6,0.68,11,52.7
674.0,114.0,67.8,2222.0,23.6,0.32,7,44.4
345.0,66.0,33.1,700.0,12.4,0.15,11,75.3
822.0,241.0,48.8,1223.0,25.7,0.13,8,70.5
1162.0,260.0,37.6,868.0,9.9,0.78,8,57.6
516.0,171.0,27.2,862.0,35.6,0.17,6,78.1
623.0,245.0,68.2,1667.0,12.9,0.54,8,8.4
606.0,137.0,9.1,1834.0,39.2,0.75,2,75.9
68.0,299.0,48.1,1219.0,8.4,0.27,10,0.0
867.0,241.0,17.3,357.0,13.9,0.73,2,77.3
60.0,45.0,51.0,1541.0,43.3,0.8,5,50.7
283.0,162.0,64.0,2486.0,35.6,0.78,8,38.0
1113.0,42.0,67.2,530.0,9.5,0.53,9,78.3
763.0,206.0,69.5,2427.0,47.3,0.28,4,37.7
294.0,252.0,43.6,1169.0,6.0,0.19,9,32.6
522.0,144.0,53.1,1511.0,36.1,0.7,3,51.5
346.0,190.0,66.9,1719.0,22.2,0.33,5,45.8
826.0,121.0,46.3,2311.0,43.4,0.14,1,64.9
1109.0,99.0,5.9,1875.0,2.6,0.17,5,89.3
665.0,37.0,6.2,1807.0,44.1,0.19,1,100.0
741.0,191.0,56.6,2445.0,32.0,0.46,5,65.2
33.0,207.0,49.5,2397.0,37.8,0.56,3,17.4
1023.0,125.0,15.6,1919.0,29.7,0.18,8,85.7
776.0,255.0,65.5,895.0,36.9,0.14,1,54.8
1178.0,125.0,64.5,1237.0,42.4,0.25,10,66.6
907.0,121.0,61.9,2346.0,5.2,0.47,2,43.7
334.0,94.0,5.1,644.0,23.6,0.23,5,100.0
177.0,21.0,50.2,909.0,4.5,0.47,9,23.7
1196.0,95.0,55.4,856.0,40.0,0.22,8,79.8
1045.0,287.0,69.3,292.0,44.8,0.32,9,69.1
1083.0,40.0,19.2,690.0,15.4,0.18,5,100.0
812.0,290.0,40.6,489.0,44.1,0.38,3,97.5
186.0,37.0,63.9,1618.0,46.0,0.66,9,41.4
80.0,207.0,18.4,920.0,49.6,0.66,11,17.6
430.0,168.0,49.9,310.0,46.8,0.27,8,67.1
760.0,275.0,22.9,806.0,38.0,0.79,10,39.9
896.0,292.0,67.0,489.0,3.0,0.21,6,50.5
950.0,74.0,61.9,534.0,21.0,0.26,7,93.9
832.0,120.0,19.2,1827.0,6.9,0.64,11,32.6
388.0,138.0,32.0,214.0,17.2,0.4,7,75.9
360.0,168.0,24.9,737.0,34.0,0.45,6,78.8
720.0,252.0,64.6,477.0,18.4,0.37,2,50.3
325.0,41.0,26.5,2030.0,5.8,0.31,6,62.1
531.0,164.0,27.6,1794.0,32.6,0.69,12,60.3
1130.0,107.0,52.6,989.0,34.0,0.72,1,64.7
718.0,189.0,11.1,2106.0,18.4,0.46,4,76.8
318.0,233.0,39.0,1194.0,44.0,0.37,2,46.1
435.0,13.0,19.9,780.0,11.1,0.35,8,77.1
345.0,144.0,41.7,2064.0,26.2,0.67,9,19.3
1096.0,63.0,65.5,1560.0,27.0,0.4,9,53.7
91.0,154.0,26.8,2276.0,25.7,0.15,8,37.0
383.0,115.0,47.7,545.0,5.8,0.44,6,54.3
1003.0,172.0,19.6,1165.0,44.9,0.56,12,86.4
615.0,179.0,44.9,1934.0,43.3,0.56,3,62.3
102.0,46.0,35.6,599.0,36.5,0.22,3,98.8
835.0,27.0,16.1,201.0,35.7,0.71,6,100.0
612.0,245.0,63.2,1434.0,27.8,0.79,9,40.7
1021.0,129.0,64.9,817.0,9.5,0.41,12,65.2
536.0,219.0,34.1,463.0,15.0,0.22,9,58.5
641.0,250.0,58.0,405.0,27.6,0.55,9,59.4
138.0,140.0,25.2,925.0,13.7,0.35,12,28.7
126.0,11.0,18.5,2214.0,29.3,0.74,12,52.8
997.0,276.0,43.7,406.0,22.7,0.59,5,89.8
1160.0,54.0,60.3,1206.0,25.9,0.52,10,69.6
778.0,74.0,41.2,413.0,12.2,0.31,5,86.0
683.0,25.0,22.4,1155.0,46.4,0.73,8,99.1
355.0,100.0,11.1,1508.0,45.4,0.23,2,58.7
672.0,151.0,13.1,1136.0,16.9,0.56,4,83.7
797.0,223.0,63.7,1576.0,12.0,0.25,10,10.9
2.0,92.0,52.1,441.0,14.3,0.27,9,52.0
682.0,195.0,32.0,1784.0,32.6,0.19,11,54.6
244.0,27.0,35.4,1646.0,30.6,0.74,6,69.7
66.0,155.0,46.5,1810.0,44.7,0.15,7,28.0
827.0,134.0,51.8,1177.0,9.2,0.31,4,68.8
969.0,11.0,51.7,1790.0,31.5,0.43,6,83.9
629.0,235.0,65.8,373.0,21.9,0.11,9,70.9
307.0,218.0,57.8,414.0,2.5,0.21,4,40.2
24.0,240.0,37.3,861.0,12.1,0.48,8,27.6
8.0,145.0,48.6,2167.0,40.9,0.39,6,29.1
1184.0,229.0,14.7,1301.0,14.6,0.66,10,57.4
311.0,235.0,27.3,1739.0,35.0,0.15,10,40.9
562.0,251.0,49.7,2122.0,47.8,0.29,12,29.8
858.0,253.0,41.8,1039.0,46.9,0.13,12,66.8
339.0,73.0,18.5,1110.0,37.5,0.3,6,68.4
944.0,108.0,23.0,1044.0,15.4,0.7,3,81.8
740.0,76.0,63.7,1332.0,25.1,0.33,2,67.8
176.0,88.0,12.3,901.0,14.8,0.31,8,63.4
704.0,269.0,24.5,2412.0,29.9,0.13,5,71.7
467.0,167.0,16.4,1704.0,26.5,0.48,1,44.4
87.0,23.0,33.7,1073.0,37.6,0.39,12,69.6
233.0,282.0,27.5,756.0,46.5,0.65,1,50.0
624.0,165.0,21.1,2261.0,48.5,0.12,6,64.5
986.0,93.0,62.9,2378.0,6.5,0.19,4,70.3
355.0,12.0,56.9,597.0,35.5,0.36,2,86.2
1141.0,159.0,37.5,1357.0,3.1,0.39,8,63.9
430.0,90.0,6.0,817.0,8.5,0.5,3,83.6
429.0,260.0,18.5,912.0,26.8,0.51,2,50.4
468.0,290.0,40.5,1862.0,25.0,0.25,9,12.9
112.0,285.0,10.6,480.0,37.8,0.37,2,70.8
56.0,189.0,66.9,1613.0,16.3,0.47,12,7.2
609.0,251.0,52.4,1281.0,21.9,0.74,7,39.1
139.0,104.0,61.1,2115.0,35.0,0.61,9,16.4
323.0,79.0,17.2,2286.0,24.7,0.78,2,47.0
692.0,111.0,66.9,758.0,45.8,0.1,3,100.0
267.0,177.0,42.0,1099.0,26.1,0.75,3,58.1
950.0,264.0,38.0,602.0,39.9,0.27,8,76.9
948.0,112.0,40.9,745.0,11.9,0.72,11,53.8
253.0,264.0,6.1,685.0,22.5,0.3,11,58.3
976.0,16.0,41.3,1598.0,8.1,0.27,2,70.0
171.0,74.0,12.1,1887.0,2.5,0.26,4,42.1
920.0,277.0,20.9,1184.0,14.1,0.57,4,64.9
726.0,106.0,68.2,486.0,17.3,0.22,10,53.8
425.0,84.0,20.1,1830.0,37.8,0.34,3,68.0
959.0,209.0,20.9,1534.0,6.0,0.73,11,19.3
901.0,281.0,31.5,1337.0,36.0,0.56,2,67.8
30.0,298.0,24.1,480.0,34.9,0.2,9,52.9
461.0,123.0,41.0,1320.0,37.9,0.13,9,53.6
1031.0,104.0,55.5,720.0,18.9,0.8,9,56.8
160.0,27.0,66.4,2023.0,33.5,0.11,3,68.5
155.0,101.0,42.3,781.0,22.3,0.7,8,43.6
1073.0,257.0,38.0,1756.0,41.4,0.48,8,52.6
541.0,213.0,8.0,1106.0,38.2,0.46,2,74.7
840.0,286.0,43.5,268.0,6.6,0.39,5,71.6
849.0,35.0,57.6,784.0,40.6,0.49,9,97.7
74.0,147.0,27.1,1219.0,29.7,0.11,4,69.8
753.0,85.0,14.2,1762.0,12.2,0.43,3,73.6
1097.0,269.0,20.5,1842.0,3.0,0.51,12,18.9
664.0,285.0,53.2,594.0,33.0,0.64,3,59.0
717.0,176.0,42.3,302.0,18.4,0.69,10,50.9
132.0,103.0,49.6,2010.0,16.1,0.32,7,8.3
804.0,275.0,41.0,1298.0,42.0,0.62,4,60.7
185.0,94.0,30.7,1719.0,15.9,0.53,3,38.6
570.0,91.0,45.9,957.0,29.4,0.22,3,84.7
1187.0,149.0,13.7,2100.0,7.7,0.35,10,62.3
134.0,181.0,16.1,2010.0,34.3,0.61,7,23.5
945.0,189.0,61.7,1826.0,46.6,0.31,10,53.7
69.0,143.0,54.5,307.0,21.4,0.69,11,44.3
938.0,121.0,38.6,1554.0,30.3,0.15,1,72.4
714.0,22.0,6.1,2298.0,27.6,0.41,4,100.0
638.0,61.0,39.1,2165.0,38.0,0.27,12,63.3
553.0,64.0,65.9,1045.0,45.9,0.47,12,67.6
937.0,152.0,60.4,264.0,27.5,0.55,1,88.0
748.0,12.0,57.3,229.0,31.6,0.25,6,100.0
823.0,224.0,19.7,307.0,46.9,0.69,9,69.9
688.0,40.0,43.4,1892.0,5.4,0.58,5,72.7
1151.0,119.0,14.9,2331.0,38.3,0.44,1,85.6
753.0,154.0,57.8,2295.0,1.7,0.57,3,24.6
201.0,13.0,69.8,2069.0,10.3,0.34,9,32.7
47.0,85.0,67.9,582.0,26.5,0.22,7,60.5
324.0,82.0,31.7,2450.0,21.1,0.28,5,66.8
91.0,183.0,42.5,1239.0,41.0,0.59,8,35.0
479.0,79.0,35.2,635.0,44.5,0.68,8,76.4
369.0,73.0,47.5,1600.0,40.8,0.58,10,42.5
95.0,111.0,18.4,1471.0,44.7,0.23,11,33.8
717.0,284.0,53.9,223.0,48.3,0.42,10,59.2
303.0,270.0,21.4,1814.0,44.1,0.45,10,27.8
960.0,217.0,33.0,996.0,46.6,0.53,4,72.9
908.0,227.0,36.6,1705.0,47.2,0.32,12,51.1
462.0,253.0,30.3,1471.0,28.6,0.35,5,61.1
258.0,111.0,14.3,1575.0,15.8,0.19,9,50.7
768.0,272.0,41.2,327.0,29.4,0.8,11,59.0
688.0,244.0,18.5,1911.0,33.0,0.78,6,39.5
912.0,178.0,24.1,1772.0,46.8,0.69,9,50.1
9.0,94.0,34.6,1122.0,42.2,0.21,10,43.3
128.0,213.0,41.7,1326.0,26.1,0.38,4,30.9
359.0,289.0,5.2,892.0,0.9,0.29,6,37.4
767.0,178.0,54.5,899.0,11.4,0.43,5,54.7
724.0,61.0,59.5,563.0,35.4,0.71,11,63.8
752.0,25.0,53.8,1086.0,15.4,0.26,3,83.3
1.0,261.0,33.8,2141.0,48.3,0.61,8,8.4
529.0,119.0,33.4,356.0,23.1,0.46,9,77.6
49.0,76.0,16.9,1815.0,30.7,0.38,2,41.8
1133.0,91.0,59.3,2342.0,9.9,0.24,10,49.0
109.0,36.0,40.2,1685.0,35.3,0.69,12,44.7
655.0,98.0,25.4,1853.0,13.6,0.23,1,50.6
949.0,22.0,56.5,2499.0,32.0,0.41,3,97.5
485.0,61.0,14.8,1249.0,39.0,0.29,10,78.3
1197.0,252.0,50.0,2203.0,7.2,0.78,4,37.9
921.0,259.0,7.8,418.0,16.6,0.35,8,85.6
810.0,159.0,63.8,508.0,41.6,0.73,10,71.0
576.0,129.0,59.7,1800.0,30.9,0.45,6,43.9
1151.0,119.0,40.2,2021.0,45.9,0.29,9,47.6
204.0,13.0,27.3,524.0,16.3,0.58,7,77.4
147.0,182.0,43.9,1912.0,23.7,0.51,10,5.7
264.0,106.0,69.8,2003.0,34.9,0.28,2,46.1
347.0,158.0,57.7,944.0,10.1,0.68,12,30.7
209.0,237.0,19.1,967.0,42.9,0.73,2,50.8
138.0,164.0,59.8,1656.0,20.7,0.12,2,40.1
88.0,270.0,26.0,1035.0,10.5,0.32,3,30.3
205.0,282.0,38.6,1919.0,6.8,0.4,1,15.2
498.0,221.0,27.5,657.0,6.9,0.16,2,54.5
893.0,34.0,54.9,2345.0,44.0,0.21,11,73.4
370.0,284.0,41.5,590.0,26.1,0.38,12,57.4
224.0,155.0,64.4,1087.0,10.2,0.4,11,36.0
156.0,279.0,34.2,2263.0,37.6,0.7,2,18.5
966.0,222.0,13.1,1314.0,38.6,0.28,2,82.3
813.0,294.0,30.7,1695.0,31.8,0.49,11,37.5
690.0,70.0,66.6,2070.0,45.8,0.1,5,75.1
669.0,205.0,64.9,396.0,14.6,0.36,4,72.2
310.0,135.0,62.4,1537.0,42.4,0.56,7,32.7
421.0,42.0,13.9,2058.0,47.6,0.19,8,98.3
959.0,67.0,29.4,1754.0,32.7,0.37,4,82.6
1066.0,291.0,26.5,1565.0,9.4,0.58,11,18.5
857.0,66.0,62.3,2397.0,13.7,0.36,1,48.1
707.0,224.0,5.5,2464.0,33.0,0.66,7,62.3
183.0,30.0,7.2,2450.0,23.4,0.1,4,100.0
477.0,22.0,29.0,1383.0,49.8,0.13,5,100.0
107.0,173.0,32.1,2017.0,26.3,0.22,11,20.5
98.0,51.0,26.2,2370.0,0.9,0.51,1,15.2
947.0,170.0,67.4,1929.0,47.5,0.36,6,56.9
203.0,46.0,25.9,2142.0,42.4,0.71,4,79.5
1021.0,30.0,38.8,1726.0,41.7,0.12,7,100.0
715.0,285.0,17.4,359.0,37.4,0.52,1,72.8
912.0,239.0,61.3,1666.0,44.9,0.72,5,51.6
1111.0,241.0,61.9,2366.0,49.0,0.5,8,42.0
208.0,90.0,69.1,1013.0,34.6,0.54,1,66.7
673.0,288.0,40.5,777.0,46.5,0.67,10,51.8
676.0,72.0,42.0,1951.0,8.0,0.73,11,25.7
869.0,143.0,17.6,1594.0,3.5,0.44,2,41.6
1121.0,72.0,50.9,773.0,18.4,0.48,1,81.3
64.0,30.0,27.5,1556.0,47.0,0.36,12,55.3
1133.0,15.0,64.8,1039.0,25.4,0.4,10,93.2
417.0,169.0,33.3,1482.0,7.5,0.26,3,66.1
827.0,298.0,53.6,775.0,0.7,0.74,11,29.9
146.0,266.0,64.6,435.0,15.0,0.63,2,19.5
419.0,187.0,58.7,2420.0,30.7,0.29,11,29.3
1124.0,268.0,51.3,2449.0,34.2,0.4,5,48.3
1061.0,145.0,34.2,1950.0,7.9,0.41,11,41.5
1120.0,275.0,35.3,2439.0,9.0,0.3,11,28.3
642.0,72.0,59.5,1850.0,44.7,0.16,4,80.7
624.0,33.0,51.8,1598.0,21.0,0.35,9,66.0
175.0,149.0,43.1,287.0,18.7,0.57,3,45.0
1057.0,87.0,43.2,1662.0,49.1,0.6,4,81.0
72.0,198.0,18.7,842.0,37.5,0.46,1,57.3
499.0,286.0,22.9,2211.0,29.7,0.36,4,51.8
393.0,107.0,7.7,2274.0,26.6,0.32,1,63.3
600.0,64.0,58.7,319.0,41.7,0.21,1,95.5
851.0,118.0,5.5,2018.0,36.5,0.68,1,85.6
197.0,244.0,13.4,1787.0,49.9,0.44,8,31.5
87.0,66.0,9.7,1201.0,2.6,0.56,9,29.6
188.0,84.0,52.2,385.0,44.0,0.68,7,61.2
164.0,176.0,20.0,2013.0,2.5,0.63,8,0.5
1071.0,117.0,8.1,1774.0,42.3,0.4,11,69.2
672.0,56.0,33.3,1536.0,41.6,0.32,2,69.7
220.0,187.0,66.0,1509.0,22.2,0.15,10,34.6
800.0,222.0,17.6,393.0,8.8,0.67,7,63.0
395.0,146.0,57.3,381.0,4.9,0.11,2,57.5
844.0,173.0,26.7,1385.0,26.7,0.4,12,78.5
818.0,183.0,47.5,1021.0,45.9,0.24,5,78.1
219.0,241.0,25.4,1625.0,15.2,0.19,11,14.7
867.0,10.0,16.9,1634.0,11.7,0.71,4,81.2
457.0,201.0,31.0,416.0,38.9,0.76,8,58.8
315.0,239.0,47.8,341.0,12.3,0.36,7,49.9
1159.0,139.0,12.0,894.0,33.1,0.15,12,100.0
456.0,126.0,21.3,1409.0,36.3,0.26,8,69.2
611.0,232.0,60.6,685.0,37.7,0.26,9,55.4
590.0,171.0,57.1,813.0,34.9,0.52,10,52.8
58.0,25.0,12.2,242.0,26.6,0.56,1,100.0
416.0,114.0,62.0,859.0,19.9,0.46,12,44.9
676.0,145.0,16.6,1034.0,16.2,0.31,1,67.1
398.0,186.0,58.6,1637.0,9.0,0.14,1,41.1
587.0,116.0,40.3,748.0,28.8,0.8,6,76.2
912.0,155.0,62.5,1036.0,24.1,0.1,11,75.1
1015.0,14.0,28.5,2162.0,1.3,0.44,8,76.5
609.0,248.0,6.6,2155.0,12.7,0.15,2,51.7
527.0,131.0,5.0,2087.0,32.3,0.29,1,71.0
669.0,128.0,42.2,1162.0,26.2,0.44,10,56.9
725.0,91.0,40.5,2438.0,38.2,0.61,5,70.1
1062.0,231.0,67.8,2053.0,5.9,0.13,1,39.6
915.0,285.0,54.3,1150.0,48.9,0.46,9,53.8
182.0,25.0,53.1,922.0,42.4,0.72,8,64.1
301.0,60.0,44.6,2025.0,3.9,0.13,12,36.8
815.0,254.0,10.2,785.0,9.3,0.79,6,72.0
176.0,233.0,45.3,1440.0,21.3,0.69,4,23.5
83.0,43.0,37.8,2334.0,38.5,0.18,3,87.5
1049.0,251.0,46.2,1257.0,29.6,0.44,3,76.6
459.0,59.0,31.0,284.0,1.5,0.14,8,76.3
335.0,165.0,56.3,1204.0,20.8,0.57,8,56.7
856.0,207.0,40.4,658.0,31.9,0.64,5,78.4
46.0,67.0,15.1,2167.0,34.5,0.13,11,46.9
1110.0,57.0,27.5,682.0,16.0,0.73,5,96.2
517.0,170.0,32.6,405.0,25.6,0.72,8,95.7
1076.0,253.0,16.9,1693.0,13.4,0.14,7,44.4
71.0,44.0,50.6,278.0,22.5,0.19,3,100.0
87.0,148.0,30.9,2347.0,30.1,0.16,5,55.8
19.0,165.0,62.1,1746.0,30.6,0.14,10,31.0
826.0,256.0,7.4,326.0,30.3,0.32,8,100.0
382.0,277.0,12.4,2452.0,31.5,0.68,2,37.8
213.0,99.0,56.7,2006.0,4.7,0.38,6,25.9
1012.0,138.0,50.7,572.0,38.4,0.51,12,79.8
485.0,89.0,67.7,1574.0,26.6,0.62,1,41.1
938.0,81.0,28.4,1361.0,42.9,0.4,3,98.6
465.0,281.0,10.7,1293.0,50.0,0.26,10,59.2
931.0,116.0,33.9,1782.0,34.2,0.8,6,71.9
1106.0,218.0,14.9,2456.0,12.2,0.39,8,53.5
59.0,247.0,7.9,1140.0,32.5,0.43,4,67.0
160.0,20.0,45.2,1194.0,35.9,0.35,9,59.5
83.0,297.0,11.4,1898.0,9.0,0.33,8,25.4
306.0,89.0,22.5,1041.0,39.0,0.61,2,64.9
593.0,22.0,56.1,785.0,3.6,0.41,9,71.0
753.0,194.0,56.3,691.0,48.1,0.61,2,72.4
1002.0,210.0,22.3,1305.0,44.7,0.59,9,51.2
140.0,129.0,39.6,2262.0,33.1,0.43,5,37.3
859.0,170.0,12.4,1219.0,35.2,0.18,6,100.0
264.0,40.0,30.7,1082.0,30.4,0.42,1,84.9
778.0,84.0,32.0,795.0,38.1,0.53,3,100.0
4.0,231.0,58.1,1399.0,23.1,0.63,2,21.8
659.0,156.0,45.5,2009.0,29.1,0.69,8,48.4
502.0,66.0,42.6,1878.0,12.9,0.47,4,48.2
806.0,245.0,10.2,1242.0,12.7,0.57,10,48.5
660.0,240.0,59.2,616.0,3.6,0.63,6,26.1
71.0,223.0,19.8,342.0,11.0,0.31,3,53.3
813.0,115.0,14.1,2273.0,25.6,0.63,2,82.1
625.0,96.0,20.7,264.0,22.8,0.43,4,100.0
344.0,259.0,27.1,1864.0,35.5,0.66,9,20.7
1188.0,202.0,31.1,2011.0,49.4,0.14,2,66.6
86.0,186.0,68.5,1137.0,27.5,0.51,7,38.1
234.0,13.0,46.5,550.0,22.6,0.56,5,87.6
644.0,256.0,59.8,2267.0,39.0,0.54,12,27.6
92.0,149.0,27.7,1085.0,35.5,0.31,7,42.3
21.0,255.0,48.9,504.0,24.8,0.37,3,41.0
985.0,87.0,24.9,1401.0,29.9,0.52,3,100.0
1184.0,281.0,39.5,2066.0,19.2,0.47,8,37.1
5.0,123.0,24.3,1849.0,13.0,0.72,11,0.5
709.0,69.0,64.2,1282.0,46.8,0.13,9,68.1
1143.0,192.0,14.6,828.0,34.2,0.34,12,92.2
945.0,214.0,19.3,2395.0,32.4,0.5,7,57.3
227.0,111.0,20.3,872.0,15.1,0.67,5,54.0
480.0,180.0,15.8,2233.0,2.1,0.52,8,19.9
1014.0,146.0,63.1,2170.0,26.8,0.29,8,54.6
544.0,92.0,42.1,1586.0,48.7,0.48,1,52.7
271.0,267.0,20.4,594.0,47.6,0.23,6,59.6
68.0,33.0,29.2,773.0,45.7,0.25,1,80.2
723.0,127.0,42.4,1616.0,21.1,0.27,12,43.1
262.0,172.0,69.6,1540.0,14.3,0.76,7,17.9
421.0,92.0,52.7,1468.0,20.3,0.28,2,68.6
985.0,241.0,5.0,768.0,17.7,0.68,11,71.6
314.0,171.0,32.7,659.0,26.7,0.63,11,58.2
995.0,274.0,23.5,1040.0,21.9,0.23,10,53.1
1134.0,159.0,51.7,469.0,20.8,0.48,12,100.0
631.0,270.0,7.3,822.0,42.1,0.13,10,82.5
700.0,297.0,41.6,316.0,31.9,0.41,11,64.6
1120.0,193.0,35.8,247.0,37.2,0.53,12,100.0
372.0,88.0,11.7,2382.0,37.1,0.76,3,78.2
1144.0,69.0,50.1,1091.0,46.0,0.6,7,86.0
956.0,106.0,45.9,1381.0,49.4,0.21,10,60.0
883.0,213.0,37.7,217.0,25.0,0.51,4,95.0
1185.0,133.0,20.4,607.0,38.1,0.14,10,87.2
269.0,229.0,52.2,549.0,14.9,0.26,12,42.5
178.0,107.0,58.8,1511.0,5.6,0.7,5,14.7
74.0,139.0,12.1,1157.0,49.5,0.3,8,68.8
235.0,124.0,7.8,2377.0,22.9,0.23,5,79.4
926.0,90.0,32.3,2418.0,45.5,0.49,8,84.1
61.0,81.0,60.7,1470.0,5.1,0.21,12,40.0
1069.0,39.0,13.3,750.0,1.1,0.13,3,100.0
552.0,256.0,19.9,1469.0,12.1,0.69,1,45.6
989.0,243.0,44.5,2140.0,13.0,0.24,11,24.9
674.0,65.0,31.7,1754.0,45.2,0.31,9,58.1
514.0,151.0,51.8,1591.0,30.0,0.32,6,54.0
1110.0,87.0,9.2,1760.0,38.7,0.62,11,83.8
508.0,102.0,69.3,330.0,32.8,0.6,11,73.4
914.0,142.0,29.8,2099.0,25.9,0.74,3,71.0
961.0,153.0,20.2,1714.0,28.3,0.25,10,61.5
747.0,211.0,60.5,2372.0,25.0,0.63,5,43.7
362.0,67.0,37.7,712.0,43.5,0.38,8,92.3
644.0,48.0,50.5,1881.0,22.3,0.57,10,66.9
29.0,82.0,8.6,765.0,21.0,0.44,1,89.6
13.0,270.0,7.8,647.0,29.5,0.29,8,65.6
158.0,165.0,69.2,2073.0,47.9,0.33,10,7.6
917.0,67.0,10.3,622.0,44.1,0.31,5,100.0
428.0,228.0,7.2,1568.0,2.8,0.31,6,26.7
73.0,60.0,14.9,1763.0,42.7,0.36,5,62.9
162.0,127.0,23.7,1051.0,31.2,0.17,11,50.7
197.0,279.0,30.7,876.0,14.4,0.18,10,26.7
629.0,26.0,34.6,529.0,38.4,0.47,11,100.0
400.0,96.0,31.8,1612.0,2.3,0.29,10,25.9
704.0,285.0,69.3,570.0,42.0,0.37,6,52.9
597.0,233.0,40.0,2440.0,46.1,0.61,9,26.8
1086.0,237.0,59.0,1803.0,9.4,0.38,5,43.4
1000.0,156.0,44.6,2080.0,47.5,0.14,7,69.4
701.0,74.0,22.6,218.0,43.6,0.54,8,100.0
430.0,271.0,22.8,514.0,20.9,0.43,7,57.1
839.0,37.0,41.3,1911.0,25.8,0.18,6,88.3
405.0,93.0,7.1,1813.0,34.3,0.56,1,76.2
209.0,55.0,47.4,954.0,33.6,0.54,6,63.8
541.0,210.0,63.7,462.0,21.7,0.59,8,68.8
1079.0,130.0,29.4,695.0,38.1,0.24,12,98.4
547.0,161.0,65.2,1056.0,47.8,0.63,7,62.4
1009.0,14.0,36.2,651.0,40.4,0.19,1,100.0
312.0,156.0,6.6,1068.0,33.8,0.29,11,73.1
614.0,32.0,8.8,474.0,39.0,0.69,6,100.0
73.0,285.0,66.0,2279.0,31.4,0.1,3,32.1
934.0,230.0,37.1,1733.0,14.9,0.27,1,35.1
691.0,253.0,16.2,953.0,22.3,0.72,9,50.5
508.0,196.0,18.5,1337.0,40.3,0.7,6,62.3
337.0,72.0,62.3,359.0,7.6,0.71,1,71.7
3.0,241.0,42.4,2052.0,28.2,0.2,7,13.8
825.0,266.0,46.9,2300.0,39.9,0.69,9,37.5
1070.0,182.0,39.9,782.0,20.0,0.43,4,96.8
896.0,132.0,63.9,1728.0,31.1,0.73,8,58.9
381.0,146.0,58.9,1072.0,15.7,0.23,12,33.5
1190.0,122.0,17.7,1806.0,1.4,0.74,3,48.5
788.0,62.0,12.9,2457.0,47.0,0.51,5,95.8
865.0,267.0,47.7,1523.0,34.9,0.55,1,38.7
272.0,239.0,36.4,833.0,9.5,0.36,3,44.8
301.0,265.0,68.4,1269.0,19.2,0.53,2,26.8
486.0,151.0,32.5,1282.0,4.4,0.41,1,38.2
269.0,25.0,7.2,2102.0,27.5,0.42,4,93.0
764.0,280.0,58.9,1421.0,38.1,0.16,6,66.2
284.0,251.0,49.9,1129.0,15.5,0.71,3,22.3
290.0,25.0,57.7,1373.0,15.6,0.25,10,49.4
186.0,169.0,14.2,431.0,25.4,0.18,8,96.4
799.0,289.0,32.7,1837.0,13.9,0.64,7,29.2
571.0,74.0,55.1,2077.0,9.1,0.66,5,51.5
336.0,204.0,38.4,1274.0,41.5,0.16,8,65.9
406.0,266.0,23.8,722.0,25.1,0.41,3,65.3
455.0,84.0,50.7,1830.0,37.7,0.37,2,49.8
1121.0,141.0,14.6,1937.0,15.7,0.47,11,53.2
728.0,159.0,31.5,1675.0,8.8,0.59,8,44.9
488.0,66.0,30.9,1728.0,23.8,0.43,10,46.3
775.0,234.0,37.6,811.0,40.6,0.56,4,59.6
1059.0,210.0,42.5,1674.0,2.8,0.18,10,12.5
899.0,158.0,39.3,1084.0,47.6,0.2,3,97.4
562.0,176.0,48.5,1116.0,11.4,0.69,9,29.6
980.0,137.0,52.9,1944.0,36.0,0.18,5,77.9
211.0,42.0,49.1,1767.0,1.2,0.36,10,37.7
400.0,22.0,24.8,1626.0,23.9,0.19,3,91.3
515.0,136.0,12.6,2442.0,13.5,0.12,6,64.4
132.0,205.0,32.1,2027.0,49.3,0.42,5,30.5
1011.0,113.0,47.5,993.0,25.2,0.23,1,69.7
1091.0,116.0,34.5,1725.0,45.4,0.18,9,76.5
957.0,73.0,16.2,1932.0,19.8,0.59,10,43.8
527.0,203.0,47.3,1982.0,44.1,0.29,4,41.1
280.0,66.0,5.3,1088.0,19.2,0.79,5,87.6
851.0,67.0,8.2,1925.0,44.1,0.46,1,96.8
935.0,179.0,52.2,949.0,36.9,0.17,8,79.9
319.0,149.0,37.2,2264.0,18.8,0.62,5,35.2
978.0,191.0,11.4,773.0,49.2,0.24,3,100.0
514.0,57.0,6.7,1083.0,42.8,0.41,6,95.8
769.0,231.0,51.1,696.0,45.8,0.52,12,53.4
250.0,131.0,38.3,666.0,12.8,0.69,7,56.8
1131.0,296.0,68.9,951.0,8.8,0.5,3,56.9
14.0,81.0,46.8,2345.0,1.0,0.52,2,7.4
4.0,183.0,64.3,677.0,46.5,0.53,1,40.7
653.0,210.0,52.0,2351.0,34.8,0.51,10,19.0
1166.0,139.0,31.1,1340.0,8.7,0.62,11,47.6
641.0,116.0,12.6,1754.0,15.3,0.56,7,58.0
262.0,25.0,21.0,2172.0,21.2,0.36,6,71.7
373.0,298.0,9.3,317.0,44.8,0.43,11,78.2
762.0,13.0,35.4,821.0,45.1,0.52,9,84.0
697.0,183.0,42.3,1499.0,15.3,0.74,8,44.6
1022.0,133.0,38.7,255.0,42.7,0.66,12,100.0
562.0,126.0,43.5,2356.0,3.6,0.56,7,27.2
703.0,144.0,52.4,1078.0,31.4,0.32,8,68.2
904.0,218.0,47.2,2461.0,10.7,0.74,5,36.8
526.0,47.0,45.2,1982.0,30.9,0.43,10,71.6
718.0,294.0,34.6,2203.0,38.3,0.36,8,50.7
720.0,26.0,16.9,880.0,1.1,0.14,2,80.5
348.0,93.0,34.5,1812.0,15.9,0.2,11,39.6
1090.0,260.0,13.7,1838.0,28.6,0.74,6,63.8
1122.0,225.0,53.3,1938.0,32.8,0.55,1,36.2
407.0,119.0,19.7,210.0,31.4,0.4,5,96.2
1046.0,58.0,28.9,525.0,46.4,0.8,6,94.9
950.0,230.0,57.5,1659.0,42.8,0.13,1,59.3
546.0,48.0,25.5,1943.0,16.5,0.51,3,76.7
1200.0,278.0,32.6,398.0,0.9,0.37,3,71.0
1106.0,275.0,43.6,2035.0,40.5,0.78,2,44.9
683.0,212.0,55.7,1718.0,44.4,0.11,4,51.3
1142.0,165.0,42.2,1016.0,48.3,0.72,12,75.0
743.0,190.0,29.3,1524.0,20.5,0.73,7,49.6
874.0,275.0,65.8,2438.0,49.0,0.35,3,51.9
954.0,125.0,56.0,1435.0,2.2,0.26,9,32.1
397.0,285.0,44.7,816.0,12.3,0.77,7,20.6
200.0,23.0,20.1,1934.0,38.0,0.44,1,68.3
718.0,33.0,28.8,955.0,42.5,0.26,2,100.0
313.0,180.0,43.4,1279.0,46.1,0.17,12,60.8
232.0,56.0,23.1,1186.0,26.7,0.4,5,86.6
962.0,143.0,67.1,1126.0,23.5,0.77,5,78.6
1013.0,157.0,23.0,1271.0,44.1,0.8,1,78.4
685.0,172.0,10.6,794.0,23.2,0.7,3,100.0
569.0,119.0,14.6,1608.0,42.8,0.17,5,99.9
917.0,108.0,12.7,511.0,15.0,0.66,8,97.0
654.0,147.0,41.8,2481.0,48.7,0.12,5,63.5
447.0,88.0,20.9,1633.0,41.0,0.35,8,53.3
608.0,48.0,22.6,633.0,18.3,0.55,11,74.5
1002.0,56.0,26.6,616.0,14.9,0.64,8,88.6
1046.0,292.0,36.8,1154.0,25.1,0.42,4,75.5
227.0,124.0,36.7,2403.0,22.1,0.37,4,61.8
549.0,147.0,53.7,878.0,23.0,0.37,10,48.4
360.0,184.0,23.0,1408.0,26.1,0.16,10,62.5
796.0,84.0,37.1,1095.0,40.3,0.71,4,83.0
781.0,15.0,55.7,1132.0,29.7,0.54,8,77.0
221.0,293.0,53.5,302.0,17.4,0.22,6,43.3
665.0,50.0,38.0,1243.0,21.8,0.12,5,98.2
479.0,282.0,65.3,247.0,44.5,0.47,8,59.5
972.0,139.0,8.9,2072.0,29.9,0.53,1,79.8
140.0,69.0,49.2,2019.0,13.5,0.79,2,14.6
686.0,45.0,48.1,2316.0,49.0,0.2,8,70.0
638.0,77.0,23.6,829.0,25.9,0.48,10,79.2
515.0,230.0,31.3,1777.0,44.3,0.63,6,32.2
930.0,268.0,29.0,496.0,2.0,0.29,2,65.3
145.0,160.0,39.3,522.0,9.2,0.57,11,32.5
1181.0,180.0,27.0,1970.0,42.3,0.27,12,67.4
834.0,222.0,50.3,291.0,9.6,0.41,3,69.1
1098.0,51.0,14.1,368.0,39.6,0.46,5,100.0
480.0,97.0,14.4,2159.0,27.2,0.41,9,66.6
636.0,18.0,17.7,2146.0,10.4,0.36,2,72.2
894.0,104.0,55.9,736.0,39.8,0.4,10,70.5
188.0,60.0,21.9,257.0,15.2,0.18,8,79.6
294.0,23.0,66.9,383.0,30.4,0.45,12,100.0
830.0,255.0,12.5,2459.0,49.9,0.79,2,59.6
736.0,256.0,49.1,448.0,7.7,0.51,11,41.7
250.0,175.0,28.4,271.0,30.2,0.79,7,85.5
912.0,95.0,60.3,224.0,36.6,0.19,9,100.0
609.0,199.0,21.6,668.0,14.2,0.56,3,72.3
789.0,157.0,25.1,848.0,13.3,0.33,4,64.3
98.0,243.0,5.2,1115.0,12.4,0.32,7,42.0
1068.0,111.0,19.3,2226.0,5.1,0.47,12,61.7
162.0,139.0,10.4,1804.0,21.7,0.5,4,63.3
969.0,202.0,63.1,459.0,48.3,0.64,7,71.7
387.0,208.0,31.1,1629.0,12.3,0.57,3,23.2
639.0,24.0,39.8,1305.0,48.3,0.29,11,97.1
346.0,83.0,21.0,2229.0,45.0,0.59,8,60.6
226.0,157.0,42.7,648.0,44.3,0.59,1,61.2
167.0,163.0,49.4,1690.0,19.9,0.11,5,29.0
332.0,250.0,25.4,988.0,20.0,0.79,2,37.1
310.0,288.0,33.9,1778.0,39.2,0.42,6,31.9
287.0,222.0,21.0,871.0,25.3,0.11,11,47.4
172.0,243.0,18.7,1334.0,36.6,0.8,6,35.0
677.0,224.0,44.7,1136.0,16.0,0.22,9,29.5
937.0,200.0,19.1,666.0,40.7,0.4,4,97.5
765.0,92.0,19.5,1656.0,32.1,0.46,11,64.5
86.0,263.0,41.6,2283.0,26.6,0.11,6,21.1
444.0,126.0,27.5,1435.0,6.0,0.43,3,62.3
673.0,201.0,16.9,317.0,40.8,0.67,1,73.8
1112.0,83.0,59.5,1551.0,15.4,0.44,2,54.9
332.0,225.0,20.0,642.0,6.8,0.79,12,41.4
943.0,156.0,29.9,1212.0,4.9,0.63,10,50.4
1114.0,256.0,35.2,420.0,20.9,0.51,3,100.0
719.0,171.0,7.4,1831.0,44.7,0.63,10,56.2
680.0,152.0,47.0,2271.0,46.7,0.76,11,34.4
1029.0,169.0,25.2,465.0,43.8,0.4,8,100.0
93.0,292.0,34.6,1612.0,26.9,0.68,12,22.3
1144.0,31.0,65.1,1232.0,19.4,0.18,10,82.0
91.0,181.0,42.7,547.0,3.9,0.71,11,13.8
30.0,277.0,28.2,1094.0,24.9,0.7,6,27.5
1130.0,144.0,68.5,2335.0,15.6,0.25,7,41.4
552.0,287.0,38.2,2487.0,26.8,0.34,6,39.1
644.0,83.0,22.2,1290.0,19.8,0.74,5,69.4
712.0,186.0,25.6,1575.0,17.7,0.45,5,48.4
657.0,227.0,42.2,1618.0,44.6,0.28,11,27.3
733.0,256.0,48.8,2091.0,49.8,0.3,3,44.2
1196.0,82.0,19.1,212.0,23.6,0.37,2,100.0
103.0,60.0,43.5,949.0,20.0,0.15,11,40.8
163.0,135.0,52.6,505.0,26.4,0.75,1,47.7
1117.0,13.0,32.0,1678.0,48.8,0.54,1,84.8
756.0,170.0,45.9,1229.0,25.2,0.54,12,60.1
633.0,178.0,6.6,1361.0,5.6,0.3,9,72.1
622.0,66.0,59.2,1241.0,42.1,0.53,5,82.7
788.0,51.0,5.6,2248.0,17.8,0.4,7,63.4
710.0,282.0,42.0,2298.0,6.6,0.78,6,17.0
1029.0,17.0,13.1,1611.0,12.3,0.27,1,87.1
1175.0,64.0,33.7,1831.0,38.7,0.22,12,80.4
238.0,158.0,52.5,1472.0,26.7,0.49,11,50.1
525.0,197.0,34.0,2146.0,5.6,0.77,5,42.3
475.0,104.0,6.3,1302.0,8.6,0.19,5,86.3
404.0,53.0,33.2,2206.0,23.7,0.2,9,51.7
96.0,148.0,21.2,2426.0,30.9,0.15,7,44.7
825.0,231.0,33.4,1076.0,18.3,0.23,5,72.8
1094.0,205.0,14.7,879.0,9.4,0.18,3,88.5
64.0,79.0,47.3,1964.0,0.5,0.79,7,9.9
840.0,236.0,8.5,1281.0,15.8,0.29,7,71.5
697.0,200.0,64.7,325.0,19.4,0.61,8,60.4
445.0,87.0,46.6,876.0,45.7,0.74,4,68.3
1101.0,204.0,26.8,2007.0,34.9,0.19,5,75.4
857.0,134.0,26.3,349.0,26.1,0.19,2,100.0
1173.0,295.0,37.2,2401.0,13.3,0.48,9,28.9
406.0,17.0,18.7,1395.0,21.4,0.54,10,74.9
812.0,138.0,61.4,1742.0,24.8,0.76,10,40.9
923.0,29.0,64.0,2075.0,6.7,0.29,10,53.1
752.0,181.0,49.5,2229.0,16.5,0.28,1,34.4
851.0,239.0,22.7,1195.0,31.8,0.54,8,60.4
488.0,196.0,38.3,1357.0,27.2,0.21,7,58.1
95.0,204.0,45.4,1984.0,2.8,0.27,2,0.0
493.0,138.0,48.8,338.0,3.1,0.62,8,40.6
821.0,284.0,56.3,2468.0,37.0,0.17,9,46.2
915.0,27.0,47.0,350.0,29.6,0.16,4,100.0
1053.0,191.0,65.6,636.0,9.9,0.39,11,60.1
1158.0,148.0,9.7,1090.0,14.7,0.21,3,100.0
982.0,250.0,25.4,1580.0,41.8,0.24,7,61.4
299.0,197.0,8.0,1217.0,4.2,0.36,6,62.6
321.0,293.0,43.0,2425.0,19.3,0.26,10,0.0
144.0,124.0,39.6,1509.0,26.8,0.65,2,29.5
275.0,136.0,51.7,618.0,9.4,0.61,9,36.6
924.0,224.0,56.5,593.0,16.1,0.45,8,52.0
1043.0,131.0,68.7,1202.0,48.4,0.77,11,58.3
1120.0,14.0,54.4,2254.0,23.0,0.23,12,83.4
228.0,229.0,66.8,2390.0,38.4,0.49,11,12.0
1005.0,62.0,69.4,1739.0,11.1,0.12,10,50.2
472.0,94.0,42.9,1840.0,19.8,0.44,3,50.2
98.0,281.0,28.9,384.0,41.7,0.38,10,50.7
962.0,217.0,19.5,846.0,38.6,0.63,2,72.1
1054.0,229.0,17.7,392.0,3.6,0.47,8,64.0
322.0,285.0,28.9,914.0,16.9,0.68,2,37.2
516.0,34.0,57.4,636.0,30.8,0.71,5,98.6
643.0,155.0,61.1,2466.0,26.5,0.15,12,60.6
333.0,120.0,19.6,1841.0,43.3,0.75,5,51.9
709.0,183.0,46.7,2399.0,19.5,0.16,11,34.9
88.0,60.0,7.4,910.0,49.8,0.71,7,69.9
399.0,46.0,66.6,2223.0,30.7,0.76,11,50.9
781.0,73.0,55.8,1003.0,20.4,0.48,4,78.0
734.0,260.0,25.0,1911.0,11.0,0.21,4,45.7
28.0,215.0,20.2,1050.0,42.8,0.3,2,36.4
1001.0,220.0,51.7,1531.0,39.9,0.73,12,40.1
354.0,185.0,16.9,669.0,14.9,0.44,9,43.3
572.0,119.0,8.9,306.0,36.3,0.47,10,100.0
242.0,35.0,61.2,1833.0,22.7,0.26,7,67.2
415.0,248.0,51.7,280.0,6.4,0.71,12,32.6
1025.0,163.0,66.8,899.0,42.3,0.61,10,52.5
438.0,33.0,52.9,872.0,47.7,0.27,1,77.3
18.0,134.0,26.8,2429.0,8.6,0.74,5,21.0
904.0,290.0,45.7,360.0,34.9,0.62,11,71.0
281.0,39.0,44.4,1959.0,41.8,0.44,2,64.9
719.0,173.0,31.8,1871.0,28.1,0.38,4,71.9
976.0,34.0,23.4,1602.0,38.8,0.58,10,77.1
1043.0,223.0,65.1,2344.0,45.0,0.26,3,57.7
521.0,109.0,49.7,954.0,24.6,0.67,3,71.2
230.0,247.0,21.9,1959.0,32.3,0.39,11,24.1
913.0,225.0,68.2,1020.0,1.3,0.15,9,39.0
329.0,239.0,49.6,2186.0,19.1,0.37,4,18.6
736.0,23.0,18.3,1264.0,36.1,0.18,9,93.6
1165.0,247.0,65.2,2160.0,8.9,0.66,2,30.6
1062.0,51.0,63.1,2151.0,25.0,0.6,11,54.6
41.0,46.0,39.4,2043.0,20.2,0.17,8,73.4
426.0,155.0,31.4,857.0,9.4,0.79,6,38.9
1148.0,252.0,41.3,1489.0,22.4,0.79,8,47.7
234.0,248.0,22.9,390.0,3.6,0.71,7,40.1
711.0,201.0,27.3,1013.0,7.8,0.12,5,72.6
1005.0,37.0,29.5,2058.0,43.1,0.72,2,92.0
1176.0,74.0,24.0,680.0,41.8,0.59,1,99.8
662.0,80.0,54.4,1363.0,1.6,0.54,2,51.5
669.0,10.0,16.7,1278.0,25.4,0.53,1,94.6
634.0,158.0,26.4,2081.0,23.9,0.21,8,59.4
641.0,266.0,29.8,2361.0,27.7,0.18,12,57.7
1066.0,11.0,14.7,1661.0,5.1,0.68,12,96.7
1149.0,130.0,68.8,1775.0,36.6,0.57,7,53.0
1076.0,200.0,7.1,739.0,49.9,0.37,10,100.0
568.0,49.0,41.8,1809.0,39.3,0.39,7,76.7
484.0,73.0,50.9,658.0,25.3,0.47,11,71.5
969.0,11.0,28.2,323.0,31.4,0.75,4,100.0
801.0,248.0,27.6,1674.0,13.1,0.14,1,42.7
692.0,120.0,61.6,1508.0,16.7,0.37,4,40.4
799.0,78.0,57.5,915.0,26.0,0.21,12,68.4
955.0,60.0,69.9,421.0,34.2,0.64,6,92.7
831.0,69.0,18.2,878.0,31.2,0.29,10,84.3
514.0,139.0,68.9,1262.0,16.5,0.19,4,73.5
1176.0,262.0,46.2,2495.0,27.5,0.56,4,57.3
201.0,232.0,6.7,2276.0,32.4,0.25,1,46.1
890.0,291.0,25.8,1600.0,35.1,0.5,12,47.8
560.0,153.0,13.4,731.0,19.2,0.78,7,83.6
308.0,103.0,25.8,265.0,29.0,0.56,7,78.8
687.0,41.0,43.3,2286.0,22.6,0.23,5,78.6
158.0,109.0,59.9,1032.0,25.9,0.24,2,43.7
1154.0,93.0,68.1,1541.0,36.3,0.24,11,54.4
745.0,230.0,8.1,1106.0,49.5,0.43,8,80.3
75.0,188.0,58.0,1423.0,34.7,0.8,4,42.1
55.0,291.0,55.1,891.0,20.4,0.35,11,12.8
26.0,192.0,6.9,367.0,37.2,0.43,12,85.2
339.0,279.0,48.9,491.0,15.4,0.71,6,33.6
1078.0,199.0,67.4,455.0,28.8,0.74,5,100.0
1094.0,250.0,21.4,1194.0,8.7,0.42,2,53.0
81.0,101.0,54.9,1592.0,42.7,0.7,3,34.6
344.0,279.0,47.9,1486.0,35.4,0.25,8,41.1
1094.0,203.0,20.1,1387.0,15.3,0.49,6,49.6
1087.0,86.0,64.9,1831.0,47.2,0.46,6,72.9
18.0,102.0,51.5,1398.0,10.8,0.75,1,21.3
634.0,63.0,36.4,288.0,17.6,0.13,6,100.0
803.0,245.0,32.3,336.0,27.3,0.15,4,100.0
603.0,253.0,57.1,1114.0,44.9,0.35,1,52.3
149.0,72.0,44.0,304.0,3.7,0.15,1,51.2
8.0,49.0,49.4,441.0,24.6,0.41,1,85.6
1070.0,289.0,15.0,429.0,21.7,0.18,8,100.0
157.0,179.0,52.6,584.0,35.6,0.28,3,67.2
1187.0,54.0,34.5,661.0,33.7,0.55,9,93.3
581.0,143.0,65.5,1973.0,12.2,0.23,6,28.5
851.0,14.0,14.3,1930.0,42.5,0.67,11,89.4
1101.0,13.0,39.4,2249.0,1.0,0.54,11,57.1
977.0,118.0,31.8,1161.0,3.6,0.67,3,68.0
700.0,187.0,22.3,306.0,37.5,0.5,2,92.5
985.0,117.0,65.0,279.0,6.0,0.6,4,80.0
782.0,134.0,36.0,434.0,31.7,0.32,10,89.6
940.0,206.0,42.9,783.0,26.2,0.34,11,62.7
677.0,61.0,53.6,591.0,13.7,0.6,3,75.8
294.0,247.0,64.9,655.0,20.1,0.77,10,39.7
1139.0,148.0,42.8,518.0,24.9,0.17,12,94.1
510.0,166.0,58.4,2299.0,18.4,0.26,1,31.2
1049.0,148.0,32.8,2150.0,41.6,0.79,11,52.2
342.0,262.0,18.9,1028.0,29.3,0.67,5,61.9
200.0,230.0,63.2,1147.0,20.9,0.58,2,30.8
595.0,15.0,12.4,1575.0,40.4,0.73,12,93.9
581.0,236.0,14.7,1259.0,15.9,0.76,5,69.3
490.0,218.0,26.8,1789.0,26.3,0.78,3,41.6
7.0,245.0,22.2,1096.0,25.6,0.43,8,30.2
860.0,121.0,67.8,1653.0,3.2,0.23,12,35.4
362.0,99.0,13.2,1453.0,33.2,0.77,10,73.7
624.0,289.0,36.7,276.0,11.2,0.39,7,66.4
1185.0,282.0,30.0,436.0,37.1,0.73,11,69.8
357.0,223.0,68.9,1933.0,22.4,0.23,6,21.9
954.0,182.0,16.8,1148.0,4.8,0.78,12,54.3
465.0,137.0,5.6,1931.0,43.5,0.56,7,63.6
857.0,131.0,62.0,1991.0,13.8,0.14,5,69.1
256.0,105.0,49.8,2498.0,21.1,0.26,5,50.7
421.0,69.0,55.0,2226.0,17.0,0.12,1,46.7
645.0,22.0,19.5,284.0,25.9,0.79,11,100.0
772.0,281.0,38.2,1106.0,1.6,0.5,9,31.6
381.0,281.0,31.1,2480.0,49.7,0.67,7,33.6
1125.0,175.0,23.5,2435.0,35.7,0.15,10,66.0
82.0,200.0,40.9,2035.0,26.1,0.59,6,26.6
57.0,38.0,39.1,1112.0,40.9,0.66,9,66.9
130.0,89.0,49.1,1190.0,45.1,0.19,4,63.3
240.0,276.0,50.4,2379.0,11.7,0.72,8,5.1
129.0,188.0,13.9,1952.0,5.2,0.34,6,31.7
283.0,63.0,52.4,269.0,49.2,0.62,7,86.4
738.0,233.0,56.0,249.0,26.6,0.4,1,75.5
153.0,26.0,25.4,476.0,15.1,0.67,6,80.3
884.0,232.0,67.9,476.0,7.6,0.51,5,63.9
892.0,133.0,50.5,761.0,41.6,0.73,7,78.5
1011.0,272.0,53.4,2158.0,25.9,0.65,4,55.3
1084.0,197.0,58.6,1770.0,28.3,0.62,3,61.5
12.0,55.0,9.0,2225.0,37.8,0.61,10,49.6
350.0,56.0,51.8,1489.0,10.3,0.64,12,52.8
776.0,60.0,56.6,1537.0,8.7,0.77,1,45.8
326.0,193.0,55.1,1826.0,46.6,0.47,3,49.2
1035.0,124.0,49.5,1312.0,8.1,0.44,1,53.7
1122.0,295.0,18.1,949.0,43.3,0.51,2,60.7
491.0,242.0,7.1,742.0,32.7,0.49,1,82.9
699.0,254.0,43.6,2133.0,22.7,0.61,10,16.0
531.0,193.0,39.5,1064.0,35.4,0.19,5,90.4
446.0,170.0,50.4,1925.0,14.7,0.54,8,13.2
265.0,206.0,35.4,1503.0,35.1,0.56,11,18.0
526.0,232.0,13.5,1718.0,11.0,0.48,5,61.8
248.0,63.0,37.9,1780.0,28.5,0.65,7,47.2
301.0,258.0,15.7,1650.0,20.3,0.49,7,37.2
799.0,137.0,12.3,558.0,36.2,0.16,11,100.0
505.0,247.0,6.1,562.0,24.8,0.63,1,82.4
822.0,80.0,37.2,312.0,37.9,0.75,12,100.0
83.0,153.0,45.7,1656.0,42.5,0.59,8,26.1
860.0,90.0,31.2,2418.0,36.2,0.53,9,68.6
289.0,242.0,23.0,976.0,14.3,0.47,11,27.8
981.0,118.0,35.0,2405.0,27.0,0.27,12,62.5
181.0,72.0,15.9,355.0,46.2,0.74,9,65.4
893.0,142.0,15.8,596.0,39.2,0.13,10,87.3
487.0,190.0,53.4,1455.0,31.7,0.37,4,57.5
986.0,173.0,40.0,1463.0,0.6,0.63,3,60.5
681.0,174.0,15.8,1627.0,27.6,0.36,7,65.9
273.0,17.0,43.5,1537.0,41.2,0.23,3,68.1
1159.0,256.0,66.9,361.0,45.2,0.61,10,61.3
1138.0,150.0,15.1,1361.0,8.6,0.26,9,53.0
1065.0,239.0,7.2,1651.0,31.2,0.33,4,79.6
812.0,240.0,47.5,1636.0,36.8,0.36,8,37.4
792.0,121.0,42.5,2402.0,20.0,0.23,10,22.2
1196.0,280.0,60.0,926.0,24.8,0.36,6,60.6
156.0,73.0,27.7,445.0,15.1,0.17,8,67.9
837.0,285.0,22.2,813.0,29.4,0.74,1,64.6
1123.0,245.0,47.1,414.0,13.1,0.54,8,55.5
540.0,208.0,16.0,1064.0,47.2,0.11,5,80.2
1138.0,48.0,15.9,329.0,40.3,0.62,12,100.0
291.0,193.0,46.9,267.0,3.3,0.17,9,54.3
28.0,273.0,24.1,497.0,1.4,0.18,2,45.1
48.0,20.0,37.4,519.0,27.5,0.66,11,64.5
775.0,49.0,52.2,1810.0,40.3,0.28,10,63.6
181.0,20.0,46.6,617.0,43.3,0.44,5,91.0
362.0,188.0,10.4,1711.0,8.4,0.33,7,47.5
423.0,133.0,29.0,608.0,20.8,0.53,1,65.8
192.0,290.0,64.7,1382.0,42.0,0.69,8,16.9
198.0,102.0,54.4,499.0,35.5,0.51,4,64.0
1054.0,140.0,52.4,1252.0,10.8,0.66,12,51.9
486.0,70.0,46.0,1174.0,1.7,0.12,11,39.2
1095.0,98.0,59.4,1190.0,41.1,0.52,2,72.0
1009.0,150.0,26.3,1103.0,36.2,0.79,6,76.4
17.0,91.0,24.2,651.0,43.1,0.39,8,65.1
1147.0,159.0,46.8,1967.0,29.8,0.38,10,45.6
39.0,198.0,9.3,1353.0,42.6,0.14,6,76.8
932.0,278.0,64.9,2046.0,9.3,0.35,8,24.7
222.0,228.0,42.5,808.0,11.1,0.5,11,8.7
207.0,60.0,41.0,1125.0,3.6,0.44,10,36.7
1095.0,275.0,60.6,1738.0,6.2,0.73,11,20.2
988.0,144.0,38.0,1571.0,8.5,0.14,3,68.8
884.0,103.0,45.8,1087.0,0.8,0.72,4,62.3
992.0,298.0,13.6,291.0,33.6,0.61,12,100.0
543.0,200.0,16.8,2262.0,6.7,0.74,3,51.5
394.0,196.0,28.0,701.0,31.0,0.27,8,68.9
979.0,162.0,30.5,1837.0,41.1,0.18,10,74.3
113.0,229.0,32.1,964.0,11.1,0.31,2,18.2
429.0,152.0,60.9,2458.0,28.6,0.12,1,53.8
426.0,117.0,58.3,773.0,9.9,0.57,5,59.6
813.0,31.0,37.2,1394.0,5.7,0.52,4,100.0
1025.0,299.0,70.0,2131.0,26.0,0.44,12,46.2
456.0,205.0,22.5,1571.0,10.9,0.26,1,15.3
889.0,23.0,29.2,2000.0,32.0,0.79,12,85.7
991.0,76.0,66.3,1279.0,35.2,0.44,7,77.3
1100.0,286.0,35.1,1589.0,41.8,0.32,1,57.5
841.0,115.0,68.2,2437.0,29.5,0.16,4,87.9
939.0,274.0,38.4,1621.0,37.4,0.64,8,46.2
548.0,39.0,14.7,1024.0,3.3,0.19,1,100.0
627.0,233.0,46.4,313.0,43.4,0.56,9,60.2
393.0,43.0,15.4,1672.0,20.5,0.34,6,82.8
706.0,203.0,55.6,2232.0,8.7,0.28,2,24.9
363.0,185.0,34.3,593.0,34.0,0.25,5,90.7
1042.0,54.0,36.2,1348.0,23.9,0.37,8,94.8
671.0,193.0,26.4,391.0,17.5,0.68,4,79.6
305.0,151.0,33.7,2164.0,44.9,0.12,2,56.8
944.0,66.0,41.0,960.0,26.1,0.29,1,91.9
198.0,173.0,63.0,1185.0,30.0,0.18,10,39.3
317.0,265.0,66.6,1788.0,20.8,0.24,4,30.1
1013.0,202.0,63.5,1617.0,12.1,0.57,12,32.7
210.0,79.0,63.3,2397.0,3.3,0.49,12,26.9
572.0,216.0,30.7,2257.0,46.0,0.76,9,23.7
772.0,126.0,29.4,273.0,46.9,0.4,8,90.7
918.0,275.0,41.1,1654.0,27.1,0.75,7,47.6
53.0,46.0,18.3,2406.0,48.2,0.2,8,58.4
986.0,205.0,23.8,1321.0,35.6,0.33,7,64.2
549.0,161.0,59.0,1520.0,23.7,0.73,1,43.4
547.0,46.0,39.2,2442.0,13.2,0.44,8,62.4
251.0,210.0,47.8,2330.0,17.0,0.46,4,12.8
108.0,192.0,22.8,1594.0,12.5,0.79,5,21.0
782.0,269.0,41.2,2243.0,8.9,0.3,4,35.3
19.0,187.0,67.0,629.0,30.6,0.3,5,66.9
287.0,205.0,66.4,1791.0,26.0,0.53,1,15.1
43.0,213.0,22.8,2006.0,38.4,0.3,1,23.0
547.0,269.0,39.8,1930.0,9.0,0.34,6,31.5
411.0,180.0,12.6,1264.0,20.4,0.52,3,77.6
933.0,196.0,59.4,2451.0,28.8,0.73,7,53.2
728.0,29.0,45.6,1383.0,45.0,0.73,10,75.0
517.0,255.0,69.2,1193.0,49.8,0.62,10,38.9
411.0,235.0,46.3,642.0,47.7,0.53,5,51.9
412.0,172.0,29.5,835.0,35.8,0.18,4,79.2
90.0,46.0,30.1,1137.0,16.0,0.11,12,70.1
300.0,209.0,60.5,841.0,6.7,0.45,3,38.2
738.0,63.0,33.2,2159.0,34.0,0.46,8,69.9
1124.0,118.0,65.8,1252.0,2.1,0.41,9,39.7
1129.0,269.0,9.5,553.0,15.4,0.45,9,68.4
820.0,222.0,30.4,666.0,3.6,0.31,8,55.3
835.0,50.0,59.6,1132.0,24.5,0.45,5,94.8
264.0,13.0,59.4,1864.0,1.4,0.59,3,40.7
718.0,96.0,27.3,2445.0,9.7,0.61,5,65.2
237.0,273.0,50.2,1891.0,24.6,0.3,1,20.0
442.0,69.0,9.5,2055.0,31.2,0.61,7,68.2
459.0,224.0,55.5,1291.0,38.4,0.56,8,39.2
303.0,124.0,23.2,2172.0,37.8,0.58,10,38.8
112.0,19.0,48.5,896.0,40.4,0.51,5,77.1
179.0,74.0,40.6,1435.0,1.4,0.64,9,11.7
595.0,157.0,26.1,1297.0,46.9,0.32,1,78.6
126.0,120.0,43.5,2045.0,2.3,0.29,6,0.0
1066.0,247.0,22.6,1008.0,44.4,0.62,12,61.3
81.0,128.0,67.1,1842.0,24.6,0.76,4,28.6
999.0,104.0,63.8,1166.0,27.3,0.3,7,73.8
302.0,10.0,33.7,1447.0,7.7,0.75,8,67.0
687.0,142.0,14.6,592.0,23.7,0.12,5,100.0
1193.0,213.0,68.6,263.0,22.7,0.72,6,72.3
679.0,298.0,59.3,1537.0,35.1,0.25,4,52.0
1069.0,136.0,59.0,1688.0,32.2,0.3,4,69.5
1101.0,86.0,55.7,1981.0,2.4,0.22,12,50.3
566.0,77.0,23.5,1060.0,16.8,0.2,4,87.2
923.0,208.0,24.2,544.0,15.2,0.54,12,66.0
364.0,123.0,19.8,738.0,10.1,0.55,1,54.9
87.0,63.0,56.2,2445.0,32.8,0.55,1,34.6
1024.0,243.0,13.1,2084.0,46.6,0.32,5,80.6
1089.0,62.0,5.8,1030.0,19.5,0.17,3,100.0
131.0,44.0,6.0,926.0,1.8,0.24,8,65.1
104.0,83.0,48.8,753.0,8.5,0.53,5,55.3
553.0,177.0,49.7,618.0,20.7,0.36,9,68.4
61.0,263.0,25.6,1735.0,46.0,0.41,10,9.8
922.0,201.0,57.2,1838.0,23.5,0.45,5,52.3
639.0,19.0,50.1,2036.0,4.5,0.6,6,48.0
1133.0,272.0,22.2,1615.0,38.4,0.16,9,58.0
125.0,211.0,61.9,1656.0,18.6,0.21,3,9.2
583.0,124.0,60.6,1644.0,5.0,0.44,7,30.2
980.0,164.0,47.2,696.0,11.4,0.29,6,66.2
267.0,148.0,25.2,2309.0,4.8,0.48,10,10.6
1134.0,231.0,16.4,2492.0,18.2,0.18,4,54.5
515.0,30.0,18.0,838.0,45.0,0.67,10,89.5
624.0,92.0,68.2,480.0,39.3,0.23,9,82.3
1112.0,291.0,9.3,982.0,10.9,0.34,7,69.0
920.0,246.0,55.6,1144.0,28.6,0.11,7,71.8
1073.0,267.0,12.6,565.0,0.9,0.32,4,72.5
1054.0,109.0,55.9,856.0,25.2,0.5,3,92.2
495.0,27.0,19.2,2058.0,43.9,0.65,2,71.7
56.0,270.0,38.9,1198.0,11.7,0.42,6,21.5
485.0,232.0,68.2,2436.0,41.5,0.54,5,31.1
892.0,171.0,37.3,986.0,5.7,0.11,8,73.6
1011.0,206.0,29.4,2300.0,8.4,0.55,6,36.7
58.0,147.0,18.4,864.0,34.5,0.21,5,65.3
574.0,127.0,21.9,1714.0,4.1,0.23,6,38.0
47.0,215.0,59.1,1328.0,40.3,0.67,6,22.9
1053.0,16.0,53.9,352.0,13.7,0.24,8,99.8
897.0,245.0,42.6,1177.0,32.8,0.5,11,46.5
181.0,230.0,11.2,778.0,6.7,0.76,9,33.7
1035.0,156.0,68.4,1273.0,6.0,0.53,3,58.9
582.0,249.0,22.2,894.0,13.2,0.32,5,62.3
99.0,95.0,64.1,1827.0,39.5,0.49,11,26.7
950.0,77.0,51.5,1895.0,29.0,0.74,9,53.7
285.0,58.0,60.5,777.0,45.7,0.14,2,92.9
598.0,294.0,16.6,1060.0,36.1,0.43,10,43.6
1087.0,25.0,39.1,984.0,42.1,0.62,6,100.0
264.0,45.0,68.6,1907.0,23.6,0.21,2,57.4
53.0,194.0,45.8,1341.0,43.7,0.38,2,39.6
33.0,37.0,59.5,707.0,29.3,0.79,9,65.8
897.0,79.0,39.8,328.0,9.9,0.71,1,91.0
510.0,275.0,34.1,1057.0,9.1,0.12,6,51.7
295.0,186.0,35.4,347.0,21.3,0.36,5,94.9
769.0,220.0,65.1,345.0,10.8,0.13,8,63.9
310.0,169.0,33.4,1116.0,1.9,0.59,3,45.4
939.0,200.0,25.8,520.0,25.1,0.2,2,93.8
1136.0,251.0,50.7,1174.0,46.7,0.28,9,50.8
1103.0,15.0,29.7,2446.0,39.2,0.11,11,96.1
1182.0,72.0,50.3,314.0,29.7,0.26,6,99.5
28.0,13.0,46.6,2372.0,13.3,0.65,8,34.5
430.0,130.0,38.4,2462.0,17.9,0.5,5,41.0
64.0,263.0,12.0,2374.0,30.5,0.36,6,39.8
177.0,123.0,33.6,2032.0,11.3,0.15,5,32.7
268.0,59.0,48.8,1098.0,41.0,0.76,8,58.7
963.0,39.0,49.1,436.0,11.3,0.37,9,99.0
370.0,109.0,13.6,551.0,33.7,0.52,1,90.3
1170.0,280.0,39.9,1135.0,38.3,0.59,3,78.7
954.0,83.0,10.9,587.0,20.6,0.77,3,100.0
674.0,86.0,24.2,2189.0,33.7,0.17,12,84.6
90.0,88.0,25.4,969.0,40.7,0.13,1,62.1
46.0,95.0,20.1,1374.0,43.5,0.48,10,57.1
346.0,68.0,43.1,939.0,43.7,0.15,3,80.6
681.0,15.0,13.5,1922.0,3.4,0.77,5,81.0
107.0,210.0,42.3,1388.0,24.5,0.38,8,32.8
943.0,239.0,11.2,2405.0,32.5,0.71,7,59.0
955.0,14.0,56.2,1394.0,47.6,0.71,11,86.4
1100.0,32.0,16.7,212.0,43.9,0.31,8,100.0
806.0,131.0,47.6,1537.0,42.3,0.56,10,48.3
1139.0,182.0,30.9,285.0,44.7,0.44,1,99.5
92.0,115.0,45.0,417.0,35.6,0.21,4,69.9
617.0,170.0,57.0,2315.0,19.9,0.71,8,29.2
962.0,267.0,61.5,627.0,42.5,0.22,9,66.5
590.0,138.0,63.5,1236.0,49.7,0.23,9,52.0
209.0,69.0,59.5,1107.0,16.2,0.79,1,51.7
26.0,49.0,8.4,2237.0,48.9,0.44,8,68.1
636.0,177.0,21.6,1423.0,4.8,0.55,10,42.9
457.0,282.0,31.6,585.0,49.8,0.31,11,54.0
428.0,137.0,18.4,2472.0,1.8,0.67,12,25.3
77.0,288.0,5.4,946.0,41.6,0.49,3,63.9
1149.0,222.0,53.4,767.0,9.5,0.33,12,52.8
776.0,192.0,32.8,524.0,6.7,0.26,5,74.1
297.0,260.0,49.0,419.0,18.2,0.34,10,35.3
201.0,13.0,38.1,1410.0,47.1,0.43,4,94.7
1037.0,165.0,46.5,2275.0,17.5,0.76,3,49.9
330.0,238.0,65.1,258.0,24.1,0.75,9,43.3
767.0,24.0,26.0,1640.0,19.0,0.77,8,71.7
327.0,117.0,9.5,542.0,30.3,0.3,12,93.6
1130.0,198.0,68.6,490.0,46.2,0.22,9,81.0
397.0,77.0,22.8,1895.0,12.8,0.38,9,30.7
833.0,222.0,49.9,1494.0,15.7,0.43,2,47.4
510.0,249.0,41.8,1625.0,11.8,0.69,3,27.4
366.0,241.0,6.7,762.0,13.7,0.29,5,71.6
269.0,63.0,5.7,1470.0,8.0,0.26,4,83.8
912.0,215.0,33.1,1515.0,11.3,0.2,12,34.5
996.0,63.0,48.3,2109.0,5.9,0.35,7,52.4
716.0,294.0,51.6,1558.0,0.5,0.32,4,25.1
1.0,237.0,60.0,1498.0,33.1,0.34,5,42.7
549.0,253.0,62.0,2206.0,48.8,0.55,5,40.8
25.0,52.0,65.0,1742.0,39.5,0.19,2,40.1
394.0,237.0,13.8,392.0,14.2,0.13,7,86.8
955.0,204.0,24.7,2426.0,33.3,0.39,6,61.8
422.0,202.0,62.0,394.0,37.2,0.76,4,58.7
358.0,235.0,9.1,501.0,20.3,0.16,11,73.6
212.0,91.0,34.8,2452.0,30.0,0.28,12,60.4
867.0,94.0,52.7,609.0,44.3,0.3,7,97.1
236.0,225.0,68.1,1725.0,47.9,0.67,12,25.5
862.0,68.0,27.1,2223.0,14.5,0.41,6,66.3
365.0,141.0,58.7,2424.0,40.3,0.15,11,39.7
604.0,276.0,17.0,866.0,4.7,0.38,8,27.4
85.0,41.0,10.5,472.0,26.7,0.13,12,100.0
34.0,63.0,67.7,773.0,49.7,0.66,7,55.9
630.0,98.0,40.1,2109.0,32.9,0.15,3,84.2
339.0,38.0,57.6,1668.0,28.0,0.75,12,63.2
316.0,95.0,36.8,235.0,11.1,0.66,10,61.8
1012.0,167.0,69.3,1467.0,4.8,0.29,5,61.4
587.0,36.0,26.7,2425.0,41.6,0.79,6,85.9
293.0,37.0,52.4,550.0,25.8,0.77,5,93.3
20.0,150.0,34.3,1986.0,0.7,0.39,7,2.1
390.0,65.0,31.7,308.0,15.6,0.37,2,87.0
346.0,78.0,9.2,1304.0,2.4,0.28,9,58.7
849.0,134.0,40.3,1156.0,4.6,0.48,7,55.6
1184.0,141.0,11.5,2019.0,22.5,0.66,5,89.5
442.0,23.0,66.9,745.0,13.6,0.77,2,76.1
809.0,127.0,7.9,1223.0,9.6,0.28,11,79.3
659.0,253.0,53.1,1350.0,7.8,0.58,9,20.2
424.0,295.0,29.3,2177.0,28.1,0.23,9,25.4
73.0,147.0,27.6,227.0,48.2,0.32,7,72.2
63.0,65.0,29.6,2074.0,27.0,0.23,10,32.6
77.0,271.0,13.4,662.0,33.1,0.3,3,67.8
101.0,161.0,37.7,1553.0,47.5,0.7,4,42.7
425.0,12.0,54.7,1133.0,39.2,0.62,11,61.0
286.0,55.0,38.1,1909.0,32.8,0.22,5,74.4
218.0,265.0,43.1,1179.0,16.8,0.41,2,29.2
1191.0,281.0,48.0,1551.0,24.0,0.35,10,37.1
379.0,219.0,56.9,2387.0,15.7,0.29,5,15.9
794.0,197.0,28.7,1710.0,46.3,0.66,10,39.8
861.0,287.0,55.5,576.0,11.6,0.78,12,47.5
819.0,97.0,5.7,1436.0,41.7,0.47,5,100.0
222.0,147.0,26.2,2386.0,27.9,0.3,7,57.0
258.0,86.0,21.7,2130.0,30.9,0.76,11,45.2
994.0,132.0,62.9,575.0,46.3,0.22,11,75.2
920.0,257.0,65.5,2431.0,23.2,0.43,2,42.0
953.0,56.0,59.4,556.0,26.9,0.77,11,85.4
263.0,235.0,64.6,2075.0,19.3,0.31,6,12.8
1026.0,212.0,22.0,1243.0,43.6,0.35,12,70.7
170.0,263.0,59.0,1072.0,24.5,0.59,10,9.1
552.0,32.0,59.9,1267.0,46.3,0.1,7,97.5
1001.0,251.0,13.4,1709.0,49.4,0.49,1,66.7
357.0,239.0,55.9,596.0,35.7,0.8,4,50.6
220.0,161.0,34.7,680.0,34.0,0.62,12,65.1
357.0,239.0,61.5,1306.0,12.2,0.69,11,2.8
665.0,231.0,39.8,1787.0,35.3,0.46,9,30.5
524.0,96.0,17.2,1291.0,35.1,0.72,9,70.5
416.0,250.0,41.7,609.0,20.2,0.65,6,42.0
1142.0,185.0,59.9,835.0,49.5,0.37,7,77.6
1151.0,123.0,46.1,2085.0,22.8,0.54,5,63.7
676.0,208.0,22.2,2415.0,25.5,0.41,8,52.2
1141.0,231.0,69.7,752.0,18.2,0.73,6,42.1
21.0,252.0,29.4,2490.0,39.6,0.33,4,33.7
152.0,56.0,50.9,2183.0,25.4,0.51,4,47.2
657.0,209.0,64.3,1659.0,24.7,0.44,9,23.8
805.0,75.0,12.5,765.0,30.0,0.34,11,100.0
303.0,107.0,40.1,291.0,39.3,0.51,1,65.7
93.0,149.0,54.0,686.0,5.0,0.77,12,23.3
496.0,254.0,30.3,347.0,6.4,0.54,10,35.2
895.0,35.0,23.9,532.0,4.7,0.65,5,99.8
569.0,142.0,25.5,963.0,29.0,0.32,8,73.4
995.0,238.0,57.4,2350.0,32.0,0.64,8,39.1
934.0,159.0,17.5,2148.0,16.3,0.79,11,32.9
1025.0,230.0,58.8,518.0,44.4,0.29,3,77.9
487.0,67.0,65.9,1909.0,38.3,0.64,9,29.6
1008.0,94.0,45.2,922.0,28.0,0.76,3,91.0
623.0,154.0,35.4,1806.0,44.4,0.5,12,56.9
265.0,66.0,35.9,1181.0,14.8,0.54,5,61.3
895.0,222.0,64.3,798.0,1.2,0.1,1,62.3
551.0,64.0,23.5,1542.0,49.6,0.2,10,64.7
1081.0,252.0,19.1,2302.0,32.7,0.37,3,61.5
962.0,149.0,26.7,2149.0,9.6,0.56,11,44.8
381.0,147.0,66.8,1415.0,40.8,0.78,2,43.1
253.0,91.0,14.0,1643.0,46.5,0.36,2,70.8
319.0,107.0,11.9,1173.0,37.9,0.42,1,85.1
834.0,175.0,26.5,2457.0,1.0,0.25,3,54.1
840.0,100.0,8.9,874.0,34.2,0.12,9,93.1
1131.0,28.0,54.5,1753.0,21.5,0.78,11,67.4
688.0,292.0,22.8,2003.0,26.1,0.33,10,30.2
397.0,117.0,20.6,1837.0,19.2,0.51,11,19.3
1046.0,70.0,59.7,557.0,46.3,0.32,5,100.0
1002.0,72.0,61.9,761.0,8.6,0.25,6,74.5
351.0,112.0,44.3,848.0,15.8,0.35,12,36.5
655.0,90.0,6.0,529.0,46.8,0.37,3,100.0
722.0,163.0,33.1,1864.0,33.1,0.25,4,64.4
402.0,205.0,62.2,1303.0,36.2,0.52,12,42.0
401.0,220.0,39.3,767.0,47.1,0.36,4,72.6
869.0,15.0,26.8,1632.0,5.0,0.21,10,75.0
771.0,203.0,64.0,1221.0,32.2,0.65,3,55.7
139.0,233.0,21.0,2427.0,18.5,0.43,11,0.0
692.0,162.0,41.8,237.0,8.1,0.33,1,73.8
735.0,225.0,54.7,2286.0,4.0,0.39,4,19.8
75.0,212.0,44.0,1512.0,47.9,0.78,7,11.4
1188.0,98.0,50.2,1232.0,15.3,0.29,8,72.3
924.0,255.0,34.4,1766.0,15.8,0.16,5,56.2
564.0,297.0,11.8,2321.0,2.2,0.45,6,41.4
848.0,280.0,61.6,1955.0,33.9,0.53,4,46.7
500.0,69.0,56.6,800.0,12.2,0.28,1,55.2
729.0,281.0,55.4,663.0,11.3,0.54,9,29.8
1118.0,109.0,39.9,381.0,4.9,0.16,2,88.2
1055.0,118.0,55.4,2356.0,46.9,0.2,2,58.8
68.0,230.0,43.1,2227.0,43.5,0.78,6,0.0
926.0,278.0,43.3,1127.0,34.0,0.21,2,52.2
671.0,95.0,36.5,537.0,44.0,0.43,5,100.0
827.0,101.0,35.8,305.0,40.0,0.7,5,100.0
325.0,74.0,33.7,1725.0,35.6,0.68,7,60.4
190.0,31.0,16.8,485.0,30.2,0.8,12,97.4
987.0,274.0,22.6,1026.0,15.4,0.69,8,43.3
98.0,51.0,64.0,753.0,45.2,0.1,3,80.2
1098.0,150.0,18.0,1244.0,41.1,0.46,4,100.0
1190.0,226.0,18.5,1607.0,36.9,0.54,6,54.3
690.0,244.0,35.5,1941.0,9.1,0.18,8,47.9
674.0,268.0,18.3,1699.0,5.4,0.43,2,34.3
822.0,165.0,31.0,1340.0,23.7,0.7,2,79.6
349.0,102.0,30.3,2051.0,27.5,0.28,7,48.5
1129.0,231.0,29.8,1336.0,7.8,0.22,4,72.3
449.0,206.0,52.7,2498.0,4.0,0.16,7,16.2
628.0,203.0,9.4,1018.0,24.8,0.42,1,81.6
421.0,158.0,66.9,1320.0,18.0,0.57,11,19.7
44.0,254.0,23.8,752.0,13.3,0.76,12,31.1
835.0,117.0,23.1,1631.0,34.3,0.34,12,67.5
920.0,59.0,41.9,2204.0,21.9,0.25,1,62.4
244.0,130.0,39.2,868.0,1.7,0.78,4,40.7
80.0,124.0,59.4,2348.0,18.3,0.35,5,12.4
546.0,103.0,16.5,1274.0,28.9,0.17,5,91.2
38.0,35.0,42.5,1523.0,45.4,0.51,6,47.6
244.0,230.0,44.7,433.0,2.2,0.66,3,40.0
815.0,213.0,26.3,1765.0,47.2,0.21,1,60.1
610.0,230.0,56.8,1689.0,12.4,0.2,5,28.1
267.0,283.0,42.8,342.0,43.5,0.49,4,75.9
1037.0,30.0,32.8,469.0,44.5,0.66,3,100.0
860.0,243.0,53.1,1229.0,15.8,0.72,2,33.7
1006.0,88.0,52.5,393.0,22.1,0.4,3,100.0
914.0,178.0,67.3,2415.0,24.6,0.64,4,57.1
427.0,123.0,8.4,492.0,11.1,0.24,3,99.8
539.0,135.0,14.0,598.0,28.5,0.2,11,88.3
452.0,198.0,24.9,1281.0,30.3,0.42,8,67.9
832.0,100.0,68.8,654.0,16.6,0.13,6,78.3
1032.0,175.0,36.1,1360.0,32.0,0.41,6,91.7
1106.0,146.0,21.0,381.0,26.2,0.52,12,99.2
861.0,55.0,53.0,1698.0,33.0,0.73,7,69.2
1102.0,98.0,68.2,1202.0,20.4,0.31,8,85.2
106.0,111.0,64.8,2411.0,16.1,0.61,3,11.8
106.0,228.0,39.8,1006.0,13.7,0.48,1,25.9
643.0,66.0,64.2,1278.0,35.0,0.48,12,76.9
1058.0,285.0,20.4,627.0,38.4,0.66,3,81.7
426.0,30.0,69.6,1273.0,18.0,0.55,2,58.0
805.0,234.0,13.3,849.0,31.4,0.3,8,81.0
525.0,214.0,46.6,691.0,36.1,0.45,10,45.0
179.0,135.0,60.7,2106.0,42.5,0.11,9,32.9
531.0,223.0,68.3,1379.0,27.2,0.75,3,60.0
549.0,191.0,36.4,1120.0,18.9,0.51,9,40.7
817.0,277.0,59.2,2246.0,19.7,0.6,8,27.3
398.0,214.0,69.8,1179.0,29.4,0.64,6,36.3
866.0,52.0,59.1,836.0,15.5,0.3,1,63.5
206.0,256.0,59.9,207.0,34.3,0.5,9,47.5
955.0,293.0,29.6,865.0,1.0,0.31,1,43.6
912.0,156.0,60.7,1233.0,40.8,0.33,5,81.4
187.0,78.0,28.8,639.0,22.5,0.41,12,75.8
306.0,49.0,28.0,2357.0,14.0,0.13,8,77.1
490.0,144.0,60.9,2422.0,13.4,0.29,11,22.0
662.0,33.0,22.0,1385.0,37.1,0.4,12,97.2
114.0,274.0,66.4,997.0,15.7,0.49,6,9.2
1189.0,24.0,61.9,876.0,9.1,0.31,5,96.4
1018.0,146.0,18.3,1318.0,14.0,0.12,1,86.4
313.0,277.0,23.3,671.0,14.4,0.22,6,51.8
506.0,227.0,13.7,1594.0,45.6,0.51,8,54.7
318.0,208.0,13.2,966.0,25.1,0.39,8,70.5
673.0,150.0,63.4,1265.0,45.9,0.38,12,70.5
634.0,100.0,62.3,280.0,41.7,0.69,2,76.3
1055.0,186.0,39.9,1074.0,25.6,0.7,11,63.8
1167.0,38.0,64.4,1635.0,7.9,0.44,9,52.6
377.0,141.0,21.2,932.0,28.8,0.65,10,57.6
1017.0,171.0,58.0,887.0,25.1,0.75,1,66.1
267.0,259.0,39.5,502.0,43.7,0.21,10,43.0
350.0,284.0,28.0,1600.0,13.2,0.24,6,25.1
812.0,271.0,24.6,967.0,11.6,0.45,7,53.8
729.0,231.0,30.8,2487.0,43.4,0.61,4,55.2
201.0,51.0,5.0,212.0,42.6,0.3,8,100.0
172.0,159.0,60.3,1057.0,6.3,0.64,6,14.1
98.0,42.0,23.8,2319.0,38.8,0.13,11,58.8
651.0,225.0,58.0,623.0,29.5,0.66,5,59.3
838.0,100.0,29.8,1252.0,37.4,0.32,8,87.9
245.0,45.0,15.5,2350.0,21.7,0.43,9,72.5
227.0,127.0,40.9,1537.0,39.3,0.42,9,33.1
1199.0,266.0,12.9,1354.0,32.2,0.42,4,87.4
249.0,31.0,40.1,587.0,31.8,0.66,1,83.0
1004.0,156.0,19.8,551.0,1.0,0.22,5,86.6
743.0,26.0,66.2,1415.0,48.8,0.16,1,100.0
19.0,28.0,22.6,1092.0,32.9,0.57,6,77.0
248.0,50.0,31.2,2014.0,2.1,0.63,11,26.7
954.0,35.0,29.1,2333.0,17.1,0.35,3,95.9
1136.0,237.0,15.1,1226.0,6.6,0.18,10,52.2
290.0,292.0,46.6,814.0,12.7,0.7,4,29.1
537.0,185.0,17.4,2340.0,2.1,0.2,10,31.6
164.0,189.0,18.4,1864.0,42.7,0.33,3,37.8
24.0,103.0,36.9,958.0,15.1,0.41,4,44.2
696.0,34.0,54.2,1197.0,28.0,0.66,7,81.1
343.0,131.0,14.4,2186.0,8.9,0.7,1,38.6
967.0,87.0,26.0,1916.0,47.8,0.36,2,85.3
224.0,60.0,58.3,560.0,13.1,0.69,4,57.1
373.0,157.0,69.3,1120.0,20.2,0.77,9,38.7
392.0,146.0,68.0,2080.0,5.7,0.54,5,27.3
597.0,230.0,57.4,2412.0,49.0,0.64,7,26.0
359.0,173.0,25.9,1907.0,41.4,0.7,11,32.3
626.0,251.0,53.1,2408.0,22.7,0.56,3,35.7
1049.0,232.0,49.1,1055.0,34.3,0.34,1,54.6
281.0,37.0,12.0,2500.0,4.1,0.11,6,74.1
320.0,225.0,16.4,2459.0,17.2,0.74,5,22.5
953.0,291.0,10.9,2006.0,5.2,0.64,3,67.9
997.0,256.0,22.2,2015.0,5.5,0.57,2,28.9
869.0,62.0,15.9,775.0,29.4,0.64,8,100.0
62.0,23.0,37.1,2118.0,47.3,0.66,10,49.4
892.0,141.0,18.5,1909.0,49.9,0.74,2,70.1
1062.0,22.0,16.8,1490.0,16.9,0.48,6,91.1
1001.0,229.0,12.4,353.0,40.3,0.56,10,96.6
1163.0,215.0,68.5,886.0,1.0,0.59,9,26.2
832.0,121.0,68.8,1092.0,10.8,0.35,5,73.0
755.0,95.0,7.2,2099.0,1.9,0.4,12,52.0
142.0,290.0,50.5,1308.0,29.1,0.61,4,32.1
445.0,115.0,55.2,1348.0,47.9,0.11,1,62.9
923.0,112.0,36.4,1471.0,27.7,0.74,4,94.9
722.0,141.0,63.0,2486.0,23.7,0.42,8,54.0
1159.0,96.0,17.7,2367.0,20.8,0.65,11,65.7
709.0,155.0,49.0,1504.0,48.8,0.38,12,52.8
448.0,83.0,14.7,1410.0,34.8,0.76,9,73.7
828.0,80.0,31.8,387.0,33.6,0.25,10,100.0
968.0,15.0,63.4,2417.0,6.8,0.26,8,65.1
444.0,232.0,22.5,484.0,1.7,0.79,2,43.1
393.0,168.0,27.3,1973.0,18.5,0.3,7,27.9
636.0,161.0,49.1,1249.0,8.9,0.67,1,49.5
852.0,15.0,5.1,1870.0,33.0,0.4,1,100.0
623.0,266.0,40.6,1520.0,29.3,0.22,10,19.3
351.0,277.0,12.3,2229.0,42.1,0.17,2,61.9
1194.0,272.0,24.9,1160.0,32.8,0.45,8,74.9
626.0,65.0,41.6,1179.0,5.2,0.77,3,66.1
598.0,272.0,29.3,1105.0,39.6,0.47,1,55.1
161.0,71.0,68.5,1836.0,33.1,0.24,8,29.9
788.0,122.0,52.0,1685.0,19.0,0.51,12,33.0
260.0,103.0,42.4,1608.0,19.8,0.3,6,27.6
1119.0,58.0,8.2,320.0,28.3,0.15,12,100.0
904.0,207.0,13.7,1265.0,37.8,0.6,2,83.9
1068.0,265.0,14.0,590.0,38.9,0.68,7,94.2
457.0,41.0,53.0,616.0,7.9,0.49,10,69.1
441.0,293.0,45.1,2378.0,8.0,0.62,4,20.2
266.0,259.0,66.2,1890.0,38.5,0.36,8,26.2
178.0,182.0,15.4,1235.0,48.3,0.33,6,48.8
143.0,220.0,8.9,1521.0,11.1,0.55,10,0.0
816.0,121.0,44.8,265.0,46.6,0.37,10,83.1
20.0,136.0,46.2,1627.0,18.3,0.2,4,12.3
1037.0,172.0,69.3,527.0,4.6,0.1,8,77.3
908.0,194.0,22.1,542.0,38.0,0.26,8,90.5
272.0,90.0,7.8,2007.0,18.3,0.18,8,77.4
1180.0,251.0,42.5,1832.0,49.0,0.64,5,54.1
74.0,152.0,55.6,2118.0,10.4,0.38,1,4.9
103.0,260.0,64.4,2342.0,32.8,0.27,12,14.7
683.0,138.0,68.2,1220.0,30.7,0.38,2,58.2
481.0,221.0,62.7,944.0,0.5,0.76,9,0.0
315.0,21.0,29.0,1220.0,46.9,0.46,5,100.0
810.0,73.0,19.7,351.0,15.1,0.63,3,100.0
274.0,76.0,49.1,2186.0,35.4,0.77,11,33.9
527.0,218.0,29.7,2137.0,10.3,0.46,10,26.1
381.0,294.0,65.4,425.0,41.4,0.11,4,84.4
695.0,258.0,5.7,967.0,11.1,0.39,5,74.0
1043.0,84.0,63.2,311.0,2.7,0.29,9,66.2
807.0,43.0,47.0,1133.0,17.7,0.41,12,85.9
773.0,39.0,34.7,2080.0,30.4,0.49,3,90.7
1012.0,229.0,27.5,890.0,15.6,0.41,12,56.5
1002.0,202.0,48.9,1700.0,33.0,0.7,6,37.7
521.0,116.0,68.9,1578.0,33.2,0.78,4,51.7
642.0,36.0,54.8,1766.0,18.7,0.79,8,50.7
822.0,45.0,36.7,1562.0,5.4,0.18,1,94.0
145.0,285.0,56.4,400.0,2.5,0.25,5,28.8
219.0,224.0,59.9,1191.0,14.8,0.14,1,34.4
330.0,71.0,20.0,1765.0,17.1,0.6,3,54.5
113.0,223.0,23.0,361.0,33.3,0.67,12,57.6
208.0,108.0,51.1,1719.0,25.9,0.68,12,36.6
611.0,179.0,67.6,2318.0,10.6,0.51,1,22.1
528.0,209.0,66.6,1682.0,6.5,0.72,1,22.3
990.0,186.0,29.1,2109.0,48.5,0.12,5,82.7
246.0,188.0,34.4,1774.0,21.7,0.33,7,43.1
730.0,181.0,38.3,1561.0,11.5,0.62,11,31.4
819.0,260.0,18.1,1492.0,5.7,0.43,12,48.5
41.0,113.0,67.6,1670.0,41.5,0.44,7,24.4
969.0,112.0,38.5,1371.0,17.6,0.34,2,64.6
896.0,261.0,48.2,267.0,32.5,0.74,5,83.6
710.0,246.0,49.2,878.0,48.9,0.52,5,47.6
708.0,206.0,22.0,379.0,42.5,0.73,6,76.6
730.0,42.0,16.0,1258.0,46.4,0.39,10,88.0
584.0,205.0,28.6,342.0,47.2,0.73,6,79.3
695.0,68.0,40.3,2003.0,27.4,0.52,6,56.6
188.0,175.0,30.1,433.0,44.1,0.65,10,51.9
976.0,288.0,25.8,1233.0,35.8,0.77,4,73.6
5.0,101.0,59.2,1586.0,17.1,0.52,6,0.0
30.0,105.0,62.6,702.0,9.2,0.11,4,62.3
581.0,295.0,38.4,533.0,37.4,0.34,3,73.8
746.0,92.0,25.4,1482.0,3.6,0.5,10,46.5
688.0,278.0,15.3,344.0,45.0,0.49,10,70.3
273.0,230.0,63.1,610.0,34.1,0.5,3,66.4
908.0,85.0,68.3,469.0,7.8,0.73,8,83.2
642.0,164.0,17.4,1424.0,49.4,0.51,1,64.9
21.0,103.0,69.1,1705.0,44.2,0.76,4,33.2
313.0,78.0,64.9,1659.0,49.5,0.19,5,64.9
399.0,157.0,68.4,2463.0,42.8,0.64,2,32.5
320.0,179.0,16.0,1840.0,46.2,0.53,8,41.0
295.0,72.0,5.6,550.0,12.9,0.72,7,76.5
449.0,182.0,29.5,1324.0,48.8,0.25,2,60.8
450.0,76.0,11.0,2199.0,9.0,0.51,1,55.3
593.0,76.0,66.8,231.0,27.6,0.37,4,97.2
865.0,144.0,26.0,476.0,14.0,0.54,11,81.4
1123.0,131.0,58.5,1353.0,15.2,0.13,3,87.7
13.0,245.0,35.3,843.0,28.0,0.71,2,26.6
24.0,160.0,41.8,1019.0,8.4,0.68,7,18.4
746.0,257.0,30.1,614.0,46.1,0.41,4,73.2
799.0,180.0,41.1,2025.0,38.1,0.63,12,49.5
926.0,189.0,39.3,1606.0,40.7,0.51,12,64.9
536.0,34.0,33.2,2188.0,30.8,0.14,2,87.5
229.0,266.0,12.7,2169.0,15.4,0.31,1,38.0
430.0,171.0,15.0,1184.0,10.7,0.23,12,51.5
125.0,94.0,47.1,1759.0,19.3,0.42,8,13.2
716.0,225.0,66.3,430.0,20.3,0.69,8,68.3
23.0,58.0,57.1,247.0,35.9,0.11,8,78.3
1094.0,207.0,67.3,1785.0,33.7,0.52,8,34.0
1007.0,296.0,43.4,1962.0,22.1,0.67,12,46.2
328.0,60.0,45.2,2129.0,1.3,0.62,2,12.5
315.0,34.0,29.6,1322.0,39.4,0.54,5,100.0
1187.0,99.0,21.3,2237.0,26.7,0.38,4,83.6
822.0,37.0,13.5,1941.0,31.4,0.8,12,98.3
789.0,226.0,55.4,2133.0,35.9,0.74,7,24.7
933.0,136.0,31.4,1220.0,20.1,0.45,1,90.2
627.0,152.0,59.7,1916.0,33.5,0.73,11,37.5
947.0,299.0,21.7,1686.0,36.4,0.14,11,51.7
1140.0,85.0,54.6,211.0,40.2,0.2,7,100.0
641.0,120.0,12.9,1453.0,29.3,0.11,8,100.0
271.0,188.0,12.7,594.0,28.1,0.7,5,100.0
675.0,27.0,61.3,1545.0,48.2,0.37,7,76.2
948.0,56.0,31.2,623.0,16.6,0.68,12,92.8
340.0,92.0,60.2,1894.0,10.8,0.6,3,40.1
1190.0,162.0,55.6,397.0,24.3,0.11,1,100.0
929.0,225.0,18.3,2268.0,34.3,0.55,2,56.9
382.0,40.0,35.8,459.0,7.9,0.79,9,84.9
1167.0,187.0,50.0,1508.0,48.1,0.76,1,56.1
13.0,54.0,32.0,765.0,30.8,0.12,4,84.7
538.0,193.0,52.9,2375.0,17.4,0.31,11,17.7
464.0,13.0,50.3,275.0,12.2,0.22,10,80.3
917.0,298.0,7.4,285.0,14.4,0.11,8,98.0
170.0,278.0,36.9,267.0,35.1,0.61,11,45.1
603.0,234.0,61.4,441.0,43.9,0.78,6,57.4
441.0,200.0,7.3,1723.0,13.9,0.16,7,56.8
418.0,195.0,36.0,510.0,22.8,0.15,7,79.3
1098.0,12.0,14.9,1798.0,17.4,0.24,12,99.6
52.0,143.0,45.9,2282.0,26.4,0.38,10,21.2
899.0,177.0,12.5,353.0,3.3,0.17,2,100.0
855.0,43.0,6.2,1203.0,24.3,0.41,8,100.0
23.0,153.0,29.6,388.0,17.7,0.34,9,44.3
167.0,33.0,62.3,705.0,42.0,0.21,9,60.5
695.0,278.0,8.5,1170.0,15.5,0.17,5,73.1
650.0,253.0,56.2,1870.0,8.0,0.14,3,40.6
579.0,21.0,16.7,939.0,21.9,0.55,9,78.8
550.0,49.0,60.4,2494.0,18.1,0.44,7,66.4
7.0,298.0,44.9,1202.0,19.1,0.22,7,9.1
254.0,230.0,16.9,2281.0,40.2,0.8,12,28.3
895.0,189.0,44.7,430.0,22.7,0.74,5,92.7
7.0,205.0,21.9,1551.0,24.3,0.65,8,21.9
482.0,181.0,38.7,2330.0,45.8,0.26,12,42.8
348.0,252.0,13.3,2327.0,20.1,0.7,10,35.7
325.0,231.0,23.1,2268.0,23.7,0.39,3,53.0
614.0,26.0,43.9,1865.0,19.9,0.43,6,53.7
892.0,236.0,58.7,1856.0,49.5,0.65,5,54.9
1167.0,234.0,18.7,425.0,46.9,0.66,2,81.2
1004.0,188.0,21.9,632.0,44.2,0.36,7,87.4
666.0,11.0,30.8,1061.0,14.3,0.36,8,77.5
984.0,95.0,49.7,882.0,2.3,0.77,11,38.4
1127.0,270.0,23.3,1716.0,14.0,0.49,8,35.1
942.0,293.0,39.3,1215.0,32.6,0.29,6,65.5
691.0,212.0,62.4,374.0,38.5,0.75,9,47.1
702.0,27.0,23.4,1023.0,24.9,0.61,9,90.6
127.0,109.0,47.7,407.0,28.7,0.21,8,54.1
324.0,111.0,23.2,1344.0,22.4,0.73,4,76.6
77.0,209.0,33.8,1359.0,44.5,0.38,5,40.1
48.0,53.0,28.9,1206.0,15.5,0.48,7,41.9
978.0,103.0,10.6,1316.0,33.9,0.13,3,100.0
636.0,244.0,55.2,2223.0,34.9,0.75,2,29.6
139.0,26.0,67.9,1571.0,11.4,0.17,6,53.0
1194.0,53.0,25.5,492.0,23.6,0.52,6,100.0
28.0,42.0,68.9,1517.0,22.4,0.31,12,50.5
586.0,141.0,67.8,370.0,35.2,0.32,8,78.8
355.0,249.0,67.4,1444.0,44.6,0.78,5,52.8
922.0,90.0,18.5,799.0,11.7,0.22,5,95.4
509.0,210.0,7.5,2138.0,8.0,0.19,3,66.6
237.0,200.0,34.0,1900.0,36.5,0.38,4,66.8
141.0,273.0,66.8,904.0,10.1,0.17,1,27.6
714.0,164.0,13.8,1157.0,42.1,0.48,8,94.7
731.0,205.0,18.8,1824.0,2.7,0.51,3,21.8
141.0,84.0,69.1,2338.0,31.3,0.78,12,34.7
302.0,234.0,40.5,1399.0,42.3,0.24,9,34.6
101.0,67.0,56.4,1340.0,33.0,0.77,5,59.5
308.0,230.0,18.9,944.0,35.3,0.57,11,37.5
250.0,103.0,43.0,1247.0,25.2,0.71,12,55.9
691.0,226.0,20.0,2117.0,10.3,0.72,9,16.6
207.0,234.0,65.4,729.0,17.8,0.43,9,28.1
48.0,78.0,6.7,1357.0,15.0,0.79,8,47.3
713.0,101.0,16.2,1242.0,49.2,0.59,4,79.1
387.0,200.0,37.8,1109.0,17.2,0.63,11,38.8
195.0,293.0,23.8,1100.0,32.8,0.66,8,32.9
860.0,241.0,55.6,1687.0,39.2,0.27,11,35.6
783.0,224.0,66.7,2251.0,1.5,0.73,8,10.8
610.0,273.0,69.4,657.0,20.2,0.73,8,55.5
259.0,80.0,11.1,2036.0,6.0,0.3,8,58.3
773.0,105.0,7.6,1958.0,25.5,0.26,6,80.9
229.0,277.0,11.4,617.0,5.6,0.31,7,56.4
137.0,235.0,24.2,933.0,16.0,0.21,4,25.6
87.0,35.0,57.6,921.0,23.1,0.48,7,70.5
494.0,200.0,23.7,919.0,43.9,0.78,11,54.1
167.0,95.0,49.0,2293.0,3.2,0.53,5,17.5
400.0,51.0,18.5,485.0,34.6,0.69,1,90.5
85.0,196.0,56.2,2483.0,44.5,0.36,11,9.2
622.0,287.0,62.6,1582.0,11.1,0.55,12,10.5
1016.0,14.0,43.9,388.0,21.2,0.43,7,100.0
955.0,24.0,65.4,1579.0,31.1,0.36,3,93.4
585.0,71.0,26.6,1433.0,2.0,0.37,1,60.9
950.0,72.0,58.9,569.0,49.9,0.79,9,73.2
409.0,263.0,20.1,961.0,28.8,0.73,5,58.1
494.0,51.0,22.5,571.0,46.6,0.17,9,77.7
24.0,233.0,7.8,2463.0,39.2,0.12,6,42.6
216.0,94.0,55.0,1398.0,28.3,0.71,5,76.4
622.0,187.0,24.7,947.0,9.0,0.77,10,48.0
863.0,104.0,60.4,341.0,38.0,0.15,5,100.0
885.0,138.0,62.7,2162.0,44.0,0.35,11,53.3
243.0,33.0,51.5,2149.0,45.2,0.74,7,60.1
1114.0,282.0,63.4,381.0,16.3,0.79,4,75.9
341.0,14.0,18.7,519.0,43.5,0.31,3,100.0
1037.0,149.0,43.4,1633.0,9.1,0.74,3,52.4
264.0,285.0,20.4,1298.0,29.4,0.19,4,77.7
289.0,18.0,52.4,928.0,26.9,0.57,10,62.2
753.0,93.0,19.5,1198.0,17.8,0.66,9,54.7
408.0,176.0,22.2,1942.0,24.1,0.11,10,48.5
232.0,55.0,54.0,705.0,34.3,0.75,3,80.2
402.0,240.0,31.5,2456.0,38.2,0.24,2,37.6
237.0,98.0,25.9,363.0,20.2,0.64,4,93.5
288.0,259.0,59.5,2173.0,37.2,0.32,10,8.1
876.0,237.0,17.2,1647.0,30.8,0.53,3,56.9
911.0,86.0,25.6,2416.0,40.5,0.26,10,66.0
551.0,197.0,28.2,1082.0,34.6,0.25,2,82.5
58.0,199.0,47.2,2157.0,37.6,0.28,10,12.9
430.0,135.0,64.4,581.0,34.3,0.51,10,44.4
720.0,154.0,7.3,689.0,18.3,0.36,3,94.8
1148.0,158.0,26.9,815.0,5.0,0.29,6,65.1
461.0,79.0,25.3,461.0,42.4,0.18,5,100.0
1138.0,148.0,68.6,1308.0,20.3,0.28,1,71.7
455.0,262.0,48.4,1750.0,12.8,0.25,3,26.8
412.0,112.0,41.6,1757.0,24.5,0.75,2,42.2
914.0,109.0,42.0,1397.0,23.0,0.39,4,81.0
956.0,39.0,42.1,1648.0,43.2,0.53,1,84.6
912.0,195.0,7.8,1888.0,9.2,0.12,7,74.9
679.0,231.0,40.5,434.0,4.5,0.21,10,31.4
1010.0,121.0,65.4,1756.0,36.2,0.78,1,53.0
697.0,260.0,42.3,968.0,6.3,0.53,2,31.0
592.0,74.0,18.3,1771.0,27.7,0.37,1,65.2
790.0,21.0,22.0,210.0,12.7,0.14,2,100.0
527.0,255.0,11.1,1199.0,31.1,0.31,5,90.0
1108.0,162.0,10.7,1864.0,19.2,0.69,3,71.9
170.0,74.0,53.7,1395.0,31.4,0.65,4,56.7
976.0,260.0,66.4,1816.0,14.8,0.5,1,35.4
927.0,99.0,41.0,2197.0,7.6,0.51,9,41.2
687.0,203.0,39.4,1171.0,20.9,0.57,1,58.8
207.0,103.0,42.2,1269.0,40.0,0.24,7,59.9
279.0,279.0,64.0,576.0,17.8,0.44,10,29.3
1014.0,156.0,15.1,1687.0,2.7,0.31,12,47.0
787.0,196.0,61.7,2272.0,50.0,0.22,8,54.7
329.0,299.0,8.8,1937.0,22.2,0.44,5,57.9
562.0,24.0,27.2,2080.0,29.5,0.24,10,79.0
842.0,185.0,39.4,1726.0,40.2,0.56,7,57.1
467.0,85.0,35.1,2264.0,10.8,0.54,7,41.7
599.0,219.0,54.9,323.0,37.6,0.56,7,71.6
1024.0,14.0,25.0,518.0,47.6,0.43,6,100.0
520.0,127.0,59.2,440.0,23.5,0.4,1,82.2
974.0,159.0,10.8,2391.0,33.5,0.64,1,77.2
653.0,15.0,58.0,241.0,31.3,0.21,7,100.0
1199.0,272.0,48.1,2289.0,42.4,0.76,1,42.2
370.0,150.0,45.1,931.0,7.3,0.79,2,34.6
535.0,117.0,51.7,1723.0,29.9,0.12,12,67.3
348.0,174.0,48.6,2336.0,27.5,0.47,7,42.2
713.0,156.0,5.0,1010.0,45.7,0.53,10,74.0
421.0,18.0,42.8,1081.0,5.0,0.34,4,78.9
352.0,15.0,68.5,1242.0,1.7,0.15,3,67.5
814.0,70.0,29.1,1793.0,4.5,0.23,1,49.3
704.0,76.0,68.2,1410.0,37.0,0.32,11,66.8
714.0,272.0,32.3,1346.0,9.7,0.77,6,41.7
235.0,99.0,54.3,2077.0,20.1,0.21,2,49.8
503.0,48.0,45.0,2205.0,25.1,0.7,7,65.0
154.0,278.0,23.0,204.0,47.9,0.7,11,42.9
414.0,180.0,62.9,2165.0,45.4,0.16,8,44.4
33.0,267.0,42.6,1108.0,36.6,0.5,2,19.1
209.0,180.0,53.7,1994.0,34.1,0.78,2,32.7
263.0,200.0,45.6,338.0,37.9,0.55,7,77.0
433.0,253.0,21.3,2205.0,19.6,0.17,12,30.2
472.0,237.0,70.0,2478.0,24.2,0.71,4,27.4
924.0,83.0,55.7,2098.0,1.9,0.43,6,37.9
1195.0,29.0,24.9,1133.0,30.4,0.33,2,100.0
1036.0,132.0,64.0,560.0,16.4,0.49,8,63.9
552.0,27.0,68.5,1605.0,15.8,0.4,10,45.0
602.0,128.0,49.9,1061.0,14.9,0.78,9,32.4
991.0,186.0,23.5,1621.0,36.7,0.57,3,77.8
291.0,13.0,10.6,1992.0,30.6,0.7,2,87.2
10.0,47.0,43.7,1368.0,21.4,0.65,2,60.5
242.0,69.0,57.4,971.0,48.1,0.26,5,73.9
1013.0,150.0,32.8,1840.0,43.1,0.72,2,71.6
39.0,183.0,15.4,1379.0,44.1,0.77,12,44.9
903.0,245.0,11.7,1643.0,17.1,0.46,10,43.4
177.0,245.0,32.7,1744.0,16.2,0.18,2,13.4
453.0,250.0,25.3,1251.0,40.3,0.24,1,52.0
869.0,107.0,47.0,2064.0,33.3,0.61,10,45.4
832.0,34.0,9.9,412.0,24.2,0.7,8,100.0
157.0,21.0,67.6,2147.0,49.9,0.36,7,45.5
408.0,70.0,57.8,1212.0,33.1,0.8,4,73.3
1100.0,224.0,30.0,1500.0,37.5,0.16,5,84.3
858.0,55.0,59.1,508.0,31.6,0.67,9,75.6
188.0,127.0,63.6,2278.0,41.8,0.19,5,39.3
839.0,230.0,37.7,2056.0,19.3,0.62,8,41.5
630.0,68.0,24.1,1282.0,44.3,0.17,8,100.0
1133.0,17.0,24.8,1338.0,27.7,0.71,8,98.7
271.0,148.0,61.0,1106.0,37.6,0.46,1,53.7
1108.0,92.0,39.1,2301.0,44.5,0.37,2,72.3
332.0,78.0,57.6,455.0,13.5,0.59,1,64.8
918.0,30.0,49.5,1597.0,2.2,0.47,1,65.3
147.0,58.0,33.9,1988.0,28.4,0.13,11,45.6
972.0,224.0,14.0,379.0,30.8,0.19,6,100.0
214.0,22.0,45.5,664.0,3.8,0.11,12,74.5
472.0,268.0,31.7,2006.0,29.5,0.68,4,45.2
1020.0,276.0,14.4,1168.0,45.0,0.18,6,88.0
322.0,133.0,47.0,1256.0,48.3,0.71,11,42.9
904.0,290.0,28.4,659.0,10.9,0.54,7,67.4
567.0,16.0,34.2,2272.0,22.9,0.63,6,77.7
374.0,193.0,58.7,2455.0,16.9,0.27,7,32.5
90.0,149.0,14.6,571.0,3.2,0.76,6,38.2
161.0,240.0,44.9,521.0,28.7,0.23,11,25.1
898.0,180.0,58.9,440.0,10.0,0.58,5,92.8
404.0,264.0,23.5,2352.0,35.1,0.49,4,52.7
669.0,227.0,28.8,1031.0,37.1,0.63,7,54.2
213.0,124.0,12.4,1215.0,4.4,0.57,2,51.8
909.0,117.0,26.7,2395.0,41.4,0.42,3,84.7
1067.0,94.0,37.8,385.0,26.8,0.65,9,100.0
754.0,88.0,28.1,434.0,44.8,0.31,5,100.0
691.0,178.0,7.6,1852.0,15.5,0.75,7,53.7
78.0,19.0,68.3,1780.0,15.2,0.32,10,21.8
870.0,195.0,48.1,1545.0,24.2,0.16,11,66.8
819.0,186.0,47.3,1262.0,40.5,0.3,1,81.8
97.0,168.0,54.8,1701.0,24.2,0.68,5,26.6
670.0,193.0,54.9,1403.0,28.2,0.44,12,69.9
267.0,74.0,43.3,1264.0,17.5,0.7,5,58.7
564.0,88.0,41.2,364.0,14.9,0.68,5,92.0
335.0,261.0,67.2,385.0,23.7,0.37,9,52.7
7.0,230.0,41.3,2319.0,49.5,0.76,4,9.1
1164.0,107.0,55.7,1934.0,27.8,0.17,8,64.5
1073.0,245.0,10.7,1507.0,49.4,0.13,1,87.6
1127.0,242.0,10.2,2148.0,23.0,0.36,3,88.0
43.0,101.0,5.1,1939.0,31.9,0.49,1,47.4
996.0,16.0,48.8,1421.0,36.6,0.4,2,100.0
489.0,227.0,20.9,2071.0,18.9,0.59,5,24.4
740.0,130.0,59.6,340.0,42.5,0.53,8,72.1
924.0,74.0,36.3,515.0,25.2,0.7,3,100.0
802.0,288.0,48.6,535.0,25.5,0.56,9,53.2
937.0,293.0,56.8,625.0,11.6,0.41,8,51.3
60.0,255.0,29.5,1043.0,19.0,0.21,12,16.9
693.0,238.0,35.4,2435.0,4.8,0.53,8,7.6
261.0,57.0,22.7,2423.0,14.5,0.59,11,34.3
848.0,101.0,56.5,1239.0,14.6,0.17,11,66.8
148.0,144.0,56.3,1043.0,19.1,0.76,12,16.7
403.0,56.0,63.1,526.0,48.1,0.24,1,69.4
81.0,74.0,55.7,910.0,39.4,0.7,7,46.6
1016.0,200.0,27.0,473.0,43.9,0.65,6,100.0
192.0,159.0,37.4,1561.0,45.3,0.69,5,32.9
830.0,242.0,59.9,1181.0,16.5,0.19,1,61.3
357.0,31.0,63.9,1875.0,23.0,0.47,4,70.3
563.0,166.0,18.9,1812.0,31.0,0.29,1,52.1
467.0,248.0,43.4,1719.0,45.1,0.23,3,33.7
627.0,253.0,35.1,1379.0,31.5,0.52,9,45.2
412.0,146.0,12.5,1442.0,45.2,0.67,2,72.4
657.0,41.0,66.6,1891.0,31.1,0.37,2,76.8
1168.0,75.0,29.4,1822.0,23.6,0.7,8,70.6
107.0,118.0,13.7,1121.0,26.1,0.8,10,56.3
11.0,155.0,48.0,417.0,49.9,0.6,9,52.9
1033.0,233.0,23.5,740.0,40.7,0.73,3,85.9
56.0,286.0,44.4,1593.0,16.2,0.76,7,0.0
324.0,151.0,20.6,1458.0,48.3,0.19,4,83.4
309.0,141.0,60.6,1655.0,8.2,0.29,2,29.3
731.0,260.0,5.6,437.0,40.2,0.2,12,95.8
545.0,74.0,32.1,2351.0,13.0,0.77,5,59.5
562.0,106.0,66.6,1478.0,40.2,0.58,9,46.2
957.0,279.0,14.5,1619.0,36.0,0.33,2,66.0
113.0,192.0,54.9,1978.0,46.5,0.76,7,21.5
177.0,167.0,46.4,2042.0,13.8,0.32,3,12.0
629.0,270.0,16.1,1402.0,42.8,0.63,2,55.5
571.0,222.0,8.2,2304.0,12.4,0.18,2,57.1
1024.0,288.0,8.3,2483.0,14.0,0.11,8,60.4
520.0,149.0,17.2,778.0,18.2,0.11,2,81.8
1029.0,288.0,46.9,1896.0,1.9,0.43,12,12.2
169.0,115.0,44.7,1398.0,28.1,0.59,4,37.8
638.0,241.0,68.4,1905.0,30.7,0.79,6,28.3
57.0,179.0,34.4,1761.0,24.6,0.46,10,23.8
25.0,137.0,64.3,1209.0,2.6,0.46,12,7.8
103.0,205.0,66.8,1687.0,30.1,0.23,7,2.8
681.0,159.0,64.8,1684.0,41.3,0.5,3,67.1
2.0,147.0,12.3,325.0,12.6,0.36,4,80.0
453.0,82.0,37.2,402.0,33.3,0.57,10,73.0
658.0,222.0,41.4,1831.0,45.9,0.28,3,48.5
933.0,240.0,30.2,436.0,16.6,0.72,5,85.5
1022.0,38.0,31.2,1340.0,28.1,0.74,8,100.0
307.0,288.0,51.7,1545.0,4.2,0.65,4,8.9
359.0,105.0,11.6,1987.0,22.3,0.76,3,63.1
980.0,162.0,46.8,1286.0,32.0,0.4,2,77.9
86.0,191.0,58.1,1456.0,22.5,0.55,12,39.8
1169.0,164.0,64.0,2038.0,16.7,0.22,1,39.2
323.0,181.0,57.9,793.0,26.1,0.27,8,65.2
692.0,78.0,6.7,1235.0,36.2,0.4,10,89.2
664.0,229.0,23.5,1756.0,15.6,0.5,1,35.1
124.0,27.0,62.0,1007.0,37.1,0.55,12,52.3
420.0,143.0,23.9,884.0,42.0,0.62,6,53.1
949.0,111.0,37.8,977.0,11.0,0.59,1,58.7
248.0,45.0,33.8,230.0,47.0,0.67,3,100.0
398.0,129.0,19.9,2459.0,33.8,0.77,1,44.9
852.0,90.0,29.3,1995.0,3.2,0.7,6,48.6
804.0,174.0,11.4,1189.0,26.9,0.46,5,100.0
779.0,32.0,16.9,1082.0,32.4,0.66,3,100.0
63.0,263.0,35.0,1324.0,27.7,0.25,3,46.5
226.0,243.0,29.1,671.0,44.5,0.57,8,54.8
440.0,121.0,24.7,2133.0,48.5,0.27,10,46.9
815.0,240.0,49.7,1550.0,44.4,0.42,4,50.2
574.0,131.0,28.1,403.0,46.0,0.14,5,100.0
966.0,228.0,17.6,634.0,41.1,0.19,1,92.7
561.0,159.0,28.0,2100.0,38.2,0.2,3,64.2
532.0,55.0,49.6,482.0,41.3,0.2,3,99.1
100.0,68.0,31.7,362.0,20.7,0.73,11,60.1
375.0,281.0,23.1,351.0,32.5,0.35,9,56.3
1190.0,272.0,59.7,1184.0,35.9,0.48,9,50.4
454.0,259.0,33.7,1140.0,17.4,0.58,3,46.6
105.0,207.0,38.1,417.0,6.1,0.26,3,57.0
878.0,176.0,38.9,1037.0,24.2,0.33,9,78.6
608.0,111.0,26.3,557.0,43.3,0.7,11,66.3
1088.0,17.0,30.0,791.0,0.9,0.64,1,83.4
233.0,57.0,51.2,2203.0,1.4,0.35,7,27.6
373.0,259.0,29.4,2393.0,40.1,0.62,11,22.1
459.0,279.0,47.5,734.0,29.4,0.35,3,65.6
464.0,223.0,25.6,1168.0,46.7,0.72,6,39.1
1054.0,163.0,57.7,2261.0,19.5,0.57,5,44.4
794.0,294.0,30.4,1001.0,8.3,0.2,7,38.4
905.0,127.0,24.6,1084.0,29.9,0.49,9,77.8
536.0,11.0,25.6,1753.0,33.6,0.79,1,87.2
667.0,287.0,40.3,1234.0,23.8,0.39,7,56.6
278.0,61.0,61.3,2044.0,16.9,0.75,5,46.4
716.0,101.0,5.7,355.0,2.6,0.62,1,83.6
993.0,234.0,64.8,1000.0,1.5,0.76,5,44.6
292.0,140.0,20.9,985.0,10.5,0.22,12,47.1
584.0,178.0,52.0,1762.0,16.6,0.52,2,34.3
502.0,248.0,21.7,911.0,12.9,0.19,12,58.1
609.0,203.0,60.1,1827.0,32.4,0.14,11,28.7
791.0,89.0,30.0,1223.0,1.2,0.16,11,62.1
328.0,285.0,60.3,1664.0,22.3,0.23,3,42.9
383.0,283.0,8.3,784.0,21.1,0.69,2,77.4
578.0,197.0,16.3,344.0,10.4,0.26,11,66.8
1057.0,153.0,51.4,205.0,48.2,0.21,1,100.0
468.0,262.0,59.3,2323.0,14.5,0.79,9,1.2
774.0,36.0,29.8,575.0,40.7,0.71,11,97.4
479.0,253.0,17.1,1301.0,45.9,0.15,5,67.9
332.0,78.0,69.5,472.0,13.7,0.54,8,67.9
355.0,258.0,60.2,1960.0,30.2,0.2,9,10.2
424.0,145.0,36.1,230.0,7.9,0.55,7,70.5
859.0,242.0,17.5,253.0,16.2,0.67,8,73.1
84.0,131.0,34.1,1224.0,27.0,0.49,7,50.6
737.0,294.0,39.3,769.0,10.7,0.25,5,67.1
730.0,93.0,50.2,2076.0,7.0,0.64,11,23.1
666.0,120.0,10.4,2007.0,46.4,0.28,11,62.7
1048.0,43.0,15.7,1535.0,34.7,0.21,2,96.3
32.0,294.0,47.7,1248.0,48.9,0.55,12,22.5
1176.0,107.0,16.2,2353.0,19.3,0.15,5,75.4
1037.0,54.0,34.2,207.0,19.7,0.11,6,100.0
608.0,224.0,21.8,294.0,42.8,0.23,5,96.8
313.0,193.0,57.8,749.0,49.5,0.67,4,67.7
934.0,167.0,33.4,2471.0,35.0,0.12,10,65.8
1078.0,113.0,8.6,1540.0,35.7,0.36,10,71.2
702.0,186.0,36.3,1917.0,11.0,0.33,11,27.4
731.0,212.0,41.5,1081.0,40.3,0.51,5,56.4
687.0,43.0,56.0,2456.0,8.1,0.19,10,59.0
120.0,206.0,47.5,1283.0,23.4,0.21,3,29.6
772.0,276.0,47.8,277.0,23.5,0.48,5,74.8
439.0,43.0,27.9,2225.0,18.0,0.11,9,53.6
387.0,66.0,25.5,2045.0,32.0,0.29,12,67.0
295.0,41.0,17.8,680.0,2.4,0.53,8,70.7
850.0,154.0,13.5,875.0,31.1,0.74,11,86.6
238.0,161.0,45.3,980.0,49.2,0.45,11,52.5
636.0,60.0,61.9,1371.0,30.5,0.65,12,62.7
407.0,200.0,45.9,1675.0,38.9,0.74,8,32.6
516.0,226.0,43.9,2100.0,34.0,0.67,10,17.0
960.0,110.0,27.2,789.0,49.2,0.7,7,87.5
881.0,295.0,19.9,2051.0,35.3,0.58,9,43.2
453.0,117.0,51.4,1328.0,20.2,0.69,9,34.5
482.0,165.0,41.9,1597.0,23.0,0.68,6,37.4
48.0,205.0,24.4,520.0,46.6,0.26,6,41.0
997.0,27.0,11.0,446.0,48.6,0.61,2,100.0
177.0,141.0,27.5,302.0,1.2,0.36,8,37.2
642.0,241.0,36.6,1699.0,3.2,0.51,10,3.6
229.0,131.0,41.1,1594.0,40.1,0.22,1,39.0
732.0,57.0,57.3,612.0,4.4,0.16,4,83.0
816.0,73.0,50.1,1120.0,20.1,0.17,6,92.5
881.0,241.0,8.5,779.0,5.2,0.52,8,76.3
46.0,300.0,65.0,2061.0,7.4,0.46,6,0.0
719.0,216.0,69.4,1520.0,37.9,0.17,4,53.6
143.0,144.0,24.6,816.0,24.6,0.2,8,57.6
874.0,246.0,45.7,2067.0,42.6,0.35,2,39.0
981.0,99.0,33.7,783.0,25.9,0.68,9,91.9
610.0,188.0,38.1,1034.0,29.9,0.31,10,65.6
260.0,95.0,26.8,989.0,42.5,0.19,6,84.0
298.0,261.0,55.7,2190.0,20.9,0.64,1,23.1
382.0,204.0,20.0,1616.0,46.6,0.45,10,32.3
645.0,279.0,55.6,2438.0,35.9,0.7,7,23.8
818.0,48.0,26.4,1755.0,37.3,0.28,9,89.7
761.0,51.0,5.5,1317.0,14.4,0.18,9,87.3
772.0,49.0,10.1,1992.0,34.1,0.57,8,99.7
996.0,165.0,17.6,1089.0,16.4,0.52,11,56.6
964.0,256.0,13.4,2216.0,33.7,0.32,4,82.2
848.0,104.0,66.5,2052.0,16.5,0.72,4,54.5
392.0,123.0,34.4,740.0,33.6,0.14,1,81.7
713.0,101.0,22.1,229.0,42.8,0.77,12,87.6
256.0,21.0,33.1,1967.0,10.5,0.49,6,66.2
670.0,136.0,47.4,1993.0,48.4,0.65,6,43.1
566.0,105.0,20.5,1818.0,14.7,0.48,12,43.0
120.0,90.0,19.5,1235.0,32.2,0.7,3,64.6
204.0,133.0,66.4,934.0,13.8,0.49,5,42.3
1025.0,31.0,13.5,1686.0,0.9,0.46,2,81.7
490.0,227.0,11.8,239.0,26.3,0.28,7,82.4
933.0,248.0,49.5,925.0,25.3,0.75,2,54.1
415.0,294.0,68.5,1712.0,26.3,0.14,4,48.2
488.0,172.0,35.6,602.0,14.1,0.62,12,50.4
232.0,108.0,17.4,1421.0,23.0,0.49,10,47.9
1094.0,292.0,58.2,419.0,45.0,0.12,5,100.0
838.0,169.0,34.4,250.0,47.9,0.65,10,87.0
383.0,95.0,68.7,458.0,34.0,0.75,8,73.4
455.0,32.0,26.7,1318.0,45.8,0.61,4,100.0
951.0,173.0,64.0,761.0,26.6,0.53,6,86.7
661.0,72.0,30.9,2337.0,42.8,0.32,4,82.6
116.0,82.0,64.8,1375.0,13.8,0.17,6,51.9
615.0,41.0,40.9,1252.0,24.5,0.68,1,88.3
236.0,45.0,21.0,356.0,23.5,0.47,4,100.0
537.0,79.0,24.2,244.0,26.2,0.19,6,100.0
213.0,196.0,30.1,897.0,32.6,0.12,3,79.7
984.0,98.0,43.4,1326.0,26.6,0.23,9,75.1
1071.0,175.0,13.7,472.0,28.4,0.41,10,100.0
1093.0,29.0,62.0,1891.0,33.1,0.58,1,78.1
677.0,66.0,25.2,1098.0,16.5,0.17,11,67.1
919.0,197.0,15.9,2166.0,15.0,0.25,6,49.3
473.0,212.0,15.2,1356.0,27.0,0.58,7,41.1
355.0,228.0,18.4,923.0,49.3,0.19,1,65.1
218.0,233.0,7.0,1412.0,40.5,0.73,9,49.9
644.0,137.0,23.7,1350.0,48.4,0.7,7,70.0
210.0,54.0,11.8,586.0,49.8,0.7,10,85.0
579.0,167.0,8.2,1459.0,47.9,0.41,4,100.0
158.0,210.0,5.8,726.0,32.6,0.22,12,53.4
750.0,235.0,40.0,1541.0,3.7,0.11,4,47.4
1031.0,49.0,6.4,1622.0,13.3,0.42,12,92.4
1158.0,131.0,25.6,1301.0,3.4,0.5,5,71.7
227.0,56.0,21.8,2102.0,8.4,0.47,9,33.9
974.0,161.0,37.0,1391.0,3.6,0.69,8,59.2
345.0,233.0,51.7,1117.0,16.7,0.69,3,34.5
1139.0,215.0,40.7,1906.0,14.8,0.56,9,19.5
528.0,193.0,62.4,726.0,10.9,0.3,12,55.7
666.0,201.0,35.3,1546.0,15.3,0.46,6,36.8
1154.0,300.0,11.8,761.0,22.7,0.11,5,100.0
757.0,267.0,53.5,2336.0,2.0,0.42,9,0.8
99.0,61.0,41.6,1931.0,23.8,0.4,12,30.6
969.0,269.0,26.5,1800.0,17.7,0.16,2,42.1
380.0,287.0,64.1,1768.0,22.7,0.32,10,20.3
1132.0,168.0,33.5,2426.0,16.1,0.25,6,53.6
968.0,108.0,20.5,715.0,35.5,0.41,4,100.0
785.0,130.0,22.6,1514.0,43.7,0.16,12,71.3
152.0,21.0,52.0,654.0,36.2,0.49,10,59.3
627.0,24.0,55.9,1281.0,44.6,0.22,7,91.4
1087.0,287.0,33.0,1315.0,15.8,0.53,11,43.2
410.0,159.0,40.0,1333.0,12.1,0.2,12,55.8
1046.0,213.0,67.0,373.0,21.1,0.24,9,73.5
379.0,287.0,38.9,2228.0,49.7,0.58,4,39.6
1018.0,147.0,49.2,2340.0,46.9,0.72,5,70.8
35.0,243.0,12.9,2043.0,46.8,0.17,4,60.5
354.0,299.0,42.6,2049.0,21.2,0.72,10,17.5
983.0,154.0,17.9,1974.0,27.1,0.77,7,66.1
452.0,170.0,42.6,2144.0,24.9,0.13,3,58.0
0.0,82.0,10.1,1259.0,21.8,0.72,7,77.9
639.0,245.0,29.8,1517.0,24.6,0.25,5,60.2
105.0,173.0,12.2,605.0,32.0,0.58,8,63.3
0.0,102.0,61.8,416.0,47.4,0.69,12,60.1
1192.0,43.0,55.0,374.0,11.0,0.16,5,100.0
1112.0,73.0,44.9,2044.0,10.4,0.69,4,63.5
452.0,237.0,29.0,2132.0,13.6,0.22,12,21.8
611.0,232.0,21.9,852.0,8.9,0.35,9,32.4
1062.0,255.0,30.1,1774.0,43.0,0.41,3,59.9
830.0,49.0,36.1,228.0,7.7,0.14,10,100.0
871.0,136.0,36.8,1214.0,10.2,0.4,12,65.3
386.0,190.0,6.6,925.0,13.8,0.65,9,47.8
1020.0,299.0,53.9,1802.0,16.9,0.73,7,29.4
712.0,200.0,33.3,2002.0,22.2,0.3,9,42.1
1106.0,10.0,18.1,759.0,23.3,0.31,12,100.0
260.0,242.0,32.5,1228.0,46.5,0.46,5,53.5
886.0,107.0,56.4,920.0,49.7,0.49,5,82.1
1032.0,96.0,63.4,790.0,12.9,0.56,7,72.3
782.0,126.0,24.4,1956.0,32.9,0.32,9,54.3
102.0,94.0,39.3,1113.0,38.3,0.78,6,49.4
273.0,140.0,46.5,1581.0,20.4,0.2,3,57.1
1022.0,136.0,48.6,1944.0,21.3,0.24,11,45.7
516.0,52.0,19.8,2184.0,21.6,0.4,4,75.0
975.0,300.0,31.4,493.0,43.2,0.1,8,100.0
204.0,65.0,31.2,288.0,39.3,0.8,8,82.9
762.0,114.0,27.3,1332.0,29.9,0.1,9,73.9
1061.0,251.0,57.6,360.0,1.6,0.46,8,52.9
29.0,17.0,9.7,1383.0,42.7,0.32,2,83.4
890.0,146.0,20.5,2336.0,2.5,0.1,1,61.3
757.0,119.0,63.0,1030.0,24.7,0.3,4,75.9
54.0,202.0,12.9,322.0,29.8,0.72,2,64.3
998.0,264.0,38.2,380.0,24.7,0.6,6,88.2
162.0,227.0,48.6,2054.0,25.2,0.56,5,14.6
1042.0,147.0,65.9,784.0,5.6,0.3,4,75.4
632.0,216.0,31.8,2459.0,49.2,0.47,2,41.8
77.0,217.0,55.2,939.0,1.5,0.34,4,17.9
204.0,178.0,32.5,2298.0,19.9,0.39,2,35.9
779.0,138.0,68.5,1725.0,34.6,0.56,3,50.0
937.0,29.0,26.6,1833.0,23.4,0.44,1,93.5
455.0,130.0,41.6,1572.0,49.2,0.58,8,41.5
357.0,173.0,11.3,2290.0,14.2,0.22,2,52.0
783.0,197.0,63.4,2363.0,13.0,0.66,4,42.5
1143.0,190.0,14.5,1562.0,4.3,0.23,7,63.7
91.0,84.0,26.1,2445.0,39.1,0.51,10,37.5
122.0,256.0,62.7,1422.0,22.8,0.18,6,41.3
209.0,48.0,20.6,599.0,16.9,0.42,10,79.6
795.0,274.0,33.9,1085.0,29.2,0.28,7,63.5
170.0,245.0,40.3,1537.0,14.5,0.42,11,0.0
491.0,278.0,16.0,2493.0,36.1,0.19,1,46.8
110.0,48.0,53.8,1535.0,19.5,0.4,4,42.2
856.0,213.0,40.5,1651.0,40.1,0.78,9,23.0
964.0,201.0,38.3,1244.0,1.7,0.53,7,43.7
264.0,193.0,17.2,1985.0,24.1,0.13,4,70.3
1070.0,283.0,56.7,713.0,3.6,0.16,1,54.4
324.0,37.0,35.8,760.0,7.3,0.36,4,97.9
269.0,246.0,52.8,694.0,49.2,0.1,11,55.8
11.0,201.0,22.2,714.0,20.7,0.16,7,59.5
164.0,23.0,26.9,1006.0,31.8,0.12,1,77.2
334.0,280.0,56.0,705.0,18.2,0.39,2,33.2
1111.0,157.0,68.1,1043.0,26.0,0.25,10,57.5
338.0,174.0,32.0,301.0,35.5,0.35,1,84.3
368.0,185.0,64.6,663.0,16.8,0.33,3,67.1
421.0,149.0,53.8,1239.0,26.3,0.15,1,57.0
128.0,245.0,42.0,1577.0,38.2,0.52,11,0.0
351.0,259.0,6.1,848.0,19.7,0.75,2,48.2
588.0,131.0,56.1,892.0,27.6,0.11,11,61.4
539.0,32.0,58.0,288.0,25.5,0.5,8,100.0
110.0,218.0,58.2,2127.0,29.4,0.34,5,26.0
71.0,15.0,23.5,383.0,37.7,0.44,12,100.0
339.0,261.0,8.5,1457.0,42.3,0.24,6,64.0
966.0,30.0,64.8,1808.0,25.8,0.6,12,86.2
1020.0,273.0,26.4,751.0,6.9,0.29,6,69.7
611.0,284.0,40.4,359.0,33.3,0.67,12,66.7
115.0,219.0,45.5,1153.0,36.8,0.45,4,35.5
399.0,27.0,59.6,1498.0,6.7,0.72,11,46.6
99.0,84.0,52.8,572.0,28.8,0.36,9,52.1
149.0,217.0,42.1,1816.0,21.6,0.33,2,14.3
370.0,206.0,20.3,1909.0,37.9,0.18,6,39.3
1185.0,137.0,25.3,1643.0,44.7,0.47,6,77.0
365.0,131.0,36.4,2291.0,8.7,0.42,5,39.5
819.0,142.0,53.1,1119.0,49.8,0.48,1,71.0
1144.0,67.0,66.4,2245.0,22.6,0.43,4,78.9
1026.0,58.0,31.4,1998.0,31.4,0.27,12,75.3
474.0,54.0,26.7,1683.0,35.5,0.74,7,49.8
427.0,249.0,37.8,2421.0,11.3,0.32,3,37.4
824.0,244.0,8.2,206.0,34.5,0.32,10,99.4
454.0,235.0,45.1,1013.0,22.6,0.7,2,40.0
505.0,47.0,38.0,1474.0,35.0,0.27,5,100.0
536.0,126.0,20.5,1781.0,12.9,0.6,8,40.9
512.0,249.0,52.1,365.0,24.5,0.46,8,62.5
94.0,249.0,66.0,2268.0,40.8,0.36,11,0.0
801.0,49.0,6.8,1429.0,23.4,0.19,4,100.0
65.0,179.0,29.5,671.0,34.6,0.57,10,38.3
667.0,97.0,22.0,209.0,11.3,0.45,9,81.6
518.0,202.0,15.3,598.0,45.9,0.57,10,62.3
368.0,121.0,67.2,324.0,30.0,0.39,6,77.8
697.0,225.0,45.7,2276.0,43.0,0.62,11,22.9
349.0,238.0,53.6,409.0,5.3,0.57,7,34.2
506.0,126.0,40.9,756.0,47.4,0.6,11,67.4
223.0,272.0,68.0,1079.0,37.8,0.28,1,37.2
1064.0,94.0,64.1,1569.0,0.7,0.37,11,30.2
498.0,155.0,23.6,2280.0,1.6,0.73,2,24.2
938.0,149.0,16.3,523.0,30.1,0.62,7,97.2
1151.0,63.0,54.8,2049.0,18.3,0.13,10,59.9
454.0,255.0,13.6,1962.0,26.2,0.23,9,36.6
1026.0,19.0,32.3,1729.0,41.2,0.53,2,86.7
961.0,165.0,41.6,351.0,19.2,0.14,7,88.9
345.0,265.0,57.8,351.0,34.9,0.63,3,57.2
525.0,183.0,41.4,1672.0,41.3,0.72,7,38.7
806.0,261.0,14.1,957.0,25.6,0.51,12,81.9
981.0,25.0,10.1,1192.0,39.3,0.12,11,100.0
94.0,67.0,31.5,1600.0,30.9,0.54,12,43.1
582.0,130.0,44.6,1355.0,18.8,0.51,3,59.1
609.0,120.0,20.0,1760.0,9.4,0.22,3,53.1
37.0,248.0,35.3,1868.0,19.6,0.75,12,0.8
612.0,78.0,36.8,232.0,45.2,0.36,7,99.8
962.0,90.0,52.1,1269.0,45.2,0.49,10,73.2
792.0,155.0,68.4,1233.0,25.0,0.4,11,47.9
1140.0,134.0,29.9,701.0,40.0,0.64,5,94.0
471.0,260.0,22.7,2056.0,47.8,0.54,10,21.9
504.0,165.0,45.5,2144.0,18.7,0.12,5,52.5
1070.0,271.0,9.3,1528.0,42.1,0.43,5,75.6
924.0,48.0,67.3,2284.0,44.9,0.47,2,91.0
712.0,266.0,55.5,1528.0,37.5,0.45,9,28.8
207.0,157.0,8.0,1103.0,7.8,0.21,2,60.1
994.0,104.0,12.6,2427.0,34.7,0.57,10,73.4
798.0,187.0,32.0,979.0,19.4,0.12,4,87.7
944.0,77.0,54.4,2152.0,17.2,0.16,9,56.5
1086.0,115.0,44.0,1791.0,10.8,0.71,4,52.3
507.0,12.0,62.9,2168.0,30.4,0.1,12,77.8
144.0,51.0,51.2,2375.0,28.6,0.42,1,38.6
736.0,144.0,21.8,1109.0,25.2,0.58,3,72.3
599.0,275.0,53.2,2205.0,48.4,0.42,6,36.0
33.0,12.0,7.6,840.0,12.9,0.62,3,83.3
278.0,257.0,52.7,1618.0,13.4,0.57,9,0.0
303.0,165.0,23.1,614.0,47.1,0.58,3,80.8
849.0,245.0,58.3,1334.0,21.4,0.27,9,55.1
785.0,100.0,36.8,267.0,46.0,0.18,9,96.8
92.0,266.0,32.1,2013.0,4.2,0.31,8,2.3
659.0,248.0,49.8,2318.0,10.3,0.4,7,12.1
908.0,176.0,44.0,210.0,41.1,0.64,11,77.8
987.0,62.0,37.2,1977.0,19.3,0.42,10,60.3
447.0,14.0,42.7,2299.0,2.2,0.77,8,42.0
606.0,221.0,27.3,323.0,14.2,0.74,10,48.3
250.0,142.0,25.3,1317.0,24.8,0.58,10,44.4
12.0,197.0,15.6,1687.0,5.2,0.55,1,12.9
882.0,158.0,25.9,1561.0,43.6,0.52,4,72.7
756.0,58.0,50.9,1411.0,36.6,0.19,12,78.2
376.0,267.0,31.8,2004.0,30.5,0.22,7,36.9
950.0,41.0,6.7,1826.0,7.3,0.54,4,100.0
712.0,233.0,68.7,996.0,20.9,0.76,8,45.5
1014.0,245.0,10.7,2098.0,31.6,0.33,2,70.5
154.0,189.0,67.4,728.0,43.5,0.2,10,41.8
219.0,39.0,61.2,1171.0,3.6,0.51,8,55.6
359.0,103.0,57.1,1479.0,31.8,0.17,10,62.5
833.0,205.0,54.8,370.0,17.3,0.37,1,58.0
428.0,291.0,55.5,350.0,19.6,0.68,9,28.7
360.0,295.0,41.9,1484.0,15.6,0.48,7,31.6
440.0,226.0,36.3,215.0,29.4,0.1,3,86.5
410.0,54.0,51.9,584.0,39.4,0.75,8,68.2
530.0,118.0,23.2,1500.0,23.2,0.45,9,60.6
1130.0,104.0,63.1,1482.0,28.6,0.74,8,77.9
137.0,226.0,59.0,1390.0,28.3,0.44,10,14.0
572.0,209.0,62.3,2321.0,42.8,0.11,3,60.3
561.0,100.0,56.9,1849.0,33.3,0.33,10,43.3
793.0,153.0,13.4,1414.0,39.5,0.34,11,77.5
56.0,158.0,6.9,1327.0,46.2,0.18,12,78.0
945.0,176.0,33.5,2104.0,13.6,0.62,10,39.3
463.0,163.0,5.6,2190.0,27.7,0.71,3,67.8
778.0,258.0,11.3,1890.0,7.2,0.75,11,30.0
663.0,30.0,48.7,1153.0,3.4,0.34,2,62.1
948.0,35.0,32.7,2309.0,37.4,0.48,12,93.5
433.0,188.0,28.4,1672.0,35.1,0.53,6,51.0
212.0,111.0,53.8,1410.0,40.1,0.41,4,60.2
917.0,290.0,28.9,1032.0,19.0,0.68,4,52.3
609.0,80.0,39.2,1540.0,0.7,0.19,1,60.5
33.0,68.0,66.0,1481.0,31.3,0.29,12,42.8
131.0,185.0,49.0,388.0,42.2,0.29,3,74.4
658.0,180.0,35.7,2348.0,19.2,0.73,11,26.7
429.0,44.0,35.2,422.0,6.5,0.7,8,86.4
756.0,47.0,17.4,1423.0,33.6,0.36,11,86.0
985.0,24.0,43.3,914.0,43.1,0.44,1,94.6
182.0,275.0,32.2,345.0,1.3,0.71,7,23.2
1038.0,31.0,62.7,695.0,7.2,0.44,9,84.2
422.0,98.0,31.0,2345.0,14.2,0.39,12,38.6
642.0,162.0,65.0,2030.0,8.3,0.33,4,51.6
263.0,256.0,10.1,1881.0,39.1,0.52,1,50.9
979.0,278.0,26.9,1537.0,32.5,0.44,6,60.8
70.0,32.0,24.7,1857.0,43.3,0.76,8,54.2
849.0,85.0,53.0,1391.0,2.7,0.3,9,54.2
267.0,103.0,65.6,2006.0,30.2,0.22,10,36.5
1078.0,21.0,69.4,1470.0,16.7,0.56,11,75.0
819.0,209.0,66.1,2477.0,26.4,0.29,2,41.3
436.0,150.0,64.0,487.0,43.4,0.24,2,79.0
605.0,61.0,23.8,890.0,13.6,0.38,11,55.4
51.0,16.0,25.9,1287.0,41.8,0.67,11,65.8
338.0,248.0,7.0,644.0,20.2,0.25,5,91.3
485.0,124.0,62.6,1804.0,19.8,0.48,2,25.3
460.0,207.0,40.5,1299.0,12.6,0.6,12,24.2
225.0,206.0,52.9,258.0,35.5,0.54,12,57.3
709.0,153.0,53.9,1357.0,8.8,0.67,9,34.2
538.0,223.0,25.1,274.0,5.3,0.41,7,68.4
707.0,29.0,12.4,1113.0,38.3,0.79,12,100.0
686.0,24.0,16.8,488.0,37.6,0.4,6,100.0
361.0,175.0,53.0,733.0,18.8,0.52,10,27.0
1027.0,209.0,57.3,1131.0,1.5,0.42,5,49.4
484.0,93.0,37.0,1223.0,39.1,0.35,6,76.5
514.0,137.0,33.6,1671.0,46.7,0.75,8,61.3
534.0,265.0,11.3,1719.0,48.5,0.74,4,60.1
193.0,36.0,56.8,1751.0,16.6,0.75,2,36.0
789.0,129.0,7.2,1174.0,5.5,0.42,10,60.3
57.0,43.0,16.8,1775.0,12.1,0.65,10,37.4
716.0,75.0,50.9,2415.0,38.1,0.28,6,57.0
64.0,175.0,35.8,2296.0,49.5,0.42,12,30.6
465.0,101.0,36.1,1873.0,0.9,0.15,7,39.6
896.0,82.0,17.7,654.0,26.0,0.76,5,100.0
419.0,270.0,39.1,2060.0,39.2,0.48,5,45.6
804.0,113.0,65.8,1478.0,36.3,0.14,12,85.9
448.0,124.0,19.5,2357.0,48.6,0.43,9,46.1
517.0,27.0,58.9,713.0,14.1,0.51,4,84.2
994.0,191.0,13.1,544.0,14.1,0.4,7,87.5
1049.0,129.0,64.4,330.0,31.8,0.7,6,95.6
660.0,223.0,35.0,647.0,38.6,0.37,3,85.6
940.0,25.0,14.1,2123.0,44.9,0.28,11,99.3
495.0,127.0,42.1,1323.0,37.4,0.47,11,47.2
1071.0,65.0,43.1,382.0,17.0,0.11,1,100.0
1122.0,229.0,65.1,334.0,20.4,0.66,11,62.2
550.0,133.0,35.5,247.0,43.9,0.8,6,83.0
532.0,192.0,35.8,386.0,33.2,0.39,11,88.0
378.0,268.0,6.3,1489.0,11.0,0.58,9,35.6
250.0,234.0,57.3,799.0,21.6,0.55,8,37.8
388.0,229.0,19.5,357.0,4.4,0.54,12,41.8
139.0,45.0,34.1,1558.0,38.5,0.26,9,50.1
1031.0,116.0,49.6,272.0,44.5,0.42,1,93.1
804.0,20.0,53.2,1987.0,25.9,0.36,4,98.8
1152.0,28.0,32.9,442.0,6.8,0.34,10,100.0
554.0,165.0,18.9,566.0,16.2,0.25,12,75.7
663.0,130.0,32.8,730.0,21.9,0.76,4,86.7
357.0,256.0,55.9,2455.0,12.4,0.55,10,0.0
491.0,51.0,22.9,2220.0,1.5,0.44,1,32.8
76.0,145.0,9.3,630.0,10.0,0.77,2,59.3
391.0,127.0,43.3,1706.0,12.2,0.32,6,20.6
850.0,279.0,68.4,2178.0,25.4,0.46,8,37.9
389.0,87.0,33.4,1233.0,20.3,0.79,4,75.4
782.0,39.0,10.1,469.0,19.7,0.64,7,100.0
223.0,159.0,31.0,1018.0,8.4,0.3,12,45.4
1110.0,269.0,59.4,1057.0,24.5,0.3,9,48.3
230.0,89.0,61.4,1004.0,15.5,0.3,10,36.8
228.0,186.0,29.5,350.0,4.6,0.72,1,62.4
217.0,252.0,42.4,1904.0,22.3,0.28,1,30.8
894.0,139.0,59.2,808.0,48.7,0.49,5,79.5
634.0,289.0,12.0,1887.0,3.2,0.57,1,35.6
549.0,150.0,12.3,2238.0,1.5,0.28,10,46.9
29.0,53.0,14.2,1830.0,22.0,0.4,2,55.2
601.0,27.0,58.8,580.0,2.9,0.45,11,63.5
276.0,109.0,19.9,219.0,45.8,0.76,8,80.5
981.0,181.0,10.1,1637.0,9.9,0.16,9,75.6
559.0,145.0,27.5,502.0,39.6,0.49,9,71.8
869.0,108.0,40.8,298.0,23.0,0.42,6,96.4
449.0,253.0,48.3,2124.0,7.5,0.52,12,0.0
714.0,277.0,37.9,641.0,47.9,0.78,10,51.9
260.0,82.0,33.9,756.0,5.1,0.72,3,74.7
60.0,256.0,33.6,966.0,18.8,0.73,10,6.4
210.0,202.0,67.7,1208.0,22.3,0.73,7,41.6
755.0,228.0,12.1,2104.0,14.9,0.57,7,34.3
1130.0,176.0,34.7,251.0,3.1,0.23,3,88.5
167.0,201.0,33.5,1241.0,40.3,0.46,9,18.0
450.0,274.0,33.7,477.0,30.2,0.6,4,67.3
168.0,203.0,27.3,1423.0,17.2,0.52,10,2.2
772.0,246.0,30.8,1539.0,42.8,0.51,12,39.1
48.0,185.0,9.5,1564.0,15.2,0.34,1,38.4
316.0,43.0,33.5,2332.0,16.2,0.77,4,61.6
623.0,142.0,49.5,408.0,32.8,0.48,4,88.0
1087.0,280.0,56.4,2233.0,40.9,0.26,7,50.4
528.0,130.0,37.4,637.0,37.0,0.15,6,91.8
888.0,109.0,61.6,2232.0,23.8,0.58,10,49.3
610.0,154.0,22.7,695.0,0.7,0.79,7,55.7
859.0,247.0,42.5,2296.0,45.4,0.7,11,33.3
435.0,120.0,38.5,975.0,6.7,0.32,8,57.5
958.0,61.0,12.9,864.0,49.8,0.39,3,100.0
132.0,133.0,29.4,1167.0,27.2,0.22,3,57.3
640.0,274.0,8.6,802.0,32.9,0.12,8,87.4
1188.0,168.0,54.4,686.0,6.4,0.14,8,73.2
1136.0,184.0,55.0,1305.0,24.6,0.56,7,68.0
422.0,204.0,34.7,1904.0,4.7,0.24,6,15.3
1110.0,267.0,50.8,246.0,23.8,0.11,11,76.3
727.0,223.0,43.0,1894.0,17.3,0.69,3,23.1
364.0,175.0,42.1,334.0,8.0,0.37,11,46.7
528.0,160.0,69.8,1358.0,25.5,0.27,2,58.5
857.0,135.0,37.8,771.0,1.8,0.44,3,74.1
183.0,210.0,7.2,2343.0,10.4,0.18,10,13.2
784.0,118.0,65.3,848.0,35.4,0.32,5,81.9
104.0,115.0,68.4,1228.0,48.1,0.57,3,42.3
962.0,226.0,68.9,1654.0,47.1,0.71,5,54.5
408.0,221.0,31.9,1373.0,45.9,0.18,10,55.4
987.0,59.0,22.2,1001.0,22.8,0.49,5,100.0
212.0,80.0,8.6,1690.0,10.2,0.51,10,39.4
419.0,103.0,44.4,1948.0,48.8,0.5,3,44.4
519.0,85.0,24.4,214.0,47.5,0.67,5,100.0
511.0,274.0,32.9,2188.0,28.7,0.51,6,46.4
220.0,271.0,50.2,618.0,10.9,0.8,8,30.3
62.0,55.0,46.9,1930.0,16.3,0.52,4,17.8
1105.0,155.0,34.8,2199.0,35.8,0.71,3,74.6
649.0,122.0,29.8,712.0,15.4,0.48,3,87.8
123.0,194.0,65.5,1068.0,15.3,0.19,8,37.8
438.0,42.0,36.5,2115.0,46.6,0.64,1,75.8
381.0,287.0,37.5,586.0,23.0,0.79,3,63.8
144.0,142.0,22.7,265.0,36.0,0.65,6,71.8
1128.0,58.0,26.3,956.0,42.1,0.75,11,72.1
600.0,44.0,53.7,1865.0,27.4,0.68,5,83.8
950.0,52.0,33.5,1208.0,13.1,0.29,10,71.5
893.0,271.0,28.4,2353.0,39.9,0.43,6,53.6
346.0,100.0,68.7,1808.0,23.9,0.27,10,37.5
619.0,92.0,43.8,643.0,3.6,0.19,2,74.9
97.0,185.0,41.0,601.0,38.1,0.7,5,51.0
920.0,23.0,44.7,348.0,34.1,0.46,6,100.0
132.0,58.0,17.7,1886.0,30.5,0.59,6,40.7
3.0,60.0,16.0,649.0,33.9,0.67,11,58.4
810.0,182.0,24.9,1258.0,43.8,0.31,9,70.4
563.0,228.0,49.7,350.0,39.4,0.32,11,63.3
963.0,109.0,34.9,623.0,6.2,0.34,1,83.9
1185.0,199.0,12.0,657.0,26.5,0.37,7,100.0
1053.0,31.0,25.5,773.0,43.5,0.17,12,100.0
61.0,190.0,69.3,1457.0,2.3,0.13,1,24.0
428.0,292.0,22.0,918.0,5.3,0.11,4,60.3
659.0,190.0,7.4,1790.0,48.2,0.75,11,60.3
730.0,202.0,61.2,311.0,37.5,0.4,4,78.2
874.0,276.0,5.2,1479.0,22.2,0.5,11,82.1
348.0,174.0,56.3,1726.0,9.0,0.11,6,37.6
159.0,186.0,5.1,1630.0,4.5,0.37,8,27.7
769.0,134.0,36.3,976.0,40.9,0.78,9,65.9
966.0,32.0,13.2,807.0,20.4,0.71,3,100.0
730.0,48.0,43.5,1550.0,18.4,0.23,8,52.6
85.0,115.0,8.2,510.0,4.6,0.72,10,33.8
75.0,102.0,9.5,2033.0,26.2,0.77,7,41.2
516.0,97.0,61.0,2073.0,1.0,0.58,2,27.8
873.0,185.0,36.1,1430.0,46.8,0.15,1,98.8
440.0,66.0,59.4,1247.0,20.3,0.31,7,65.9
1078.0,293.0,30.2,843.0,15.2,0.54,5,66.7
40.0,72.0,16.3,985.0,29.5,0.3,7,58.8
502.0,300.0,58.1,1354.0,5.4,0.28,2,32.2
625.0,22.0,25.8,2192.0,23.7,0.63,9,69.0
266.0,193.0,14.5,1220.0,15.3,0.73,11,49.7
93.0,265.0,47.5,1905.0,23.0,0.64,3,9.4
485.0,284.0,14.2,537.0,14.4,0.1,2,64.9
247.0,252.0,19.0,2475.0,40.2,0.74,5,41.8
255.0,114.0,36.7,1927.0,31.1,0.65,7,45.1
1016.0,160.0,55.7,1526.0,26.9,0.35,11,44.1
235.0,239.0,14.4,2290.0,29.6,0.5,6,55.7
59.0,76.0,43.2,1681.0,30.3,0.1,10,30.4
811.0,210.0,34.0,1617.0,8.1,0.16,11,35.7
194.0,78.0,12.9,1294.0,13.8,0.27,4,68.1
567.0,197.0,69.4,2098.0,37.7,0.56,12,46.0
8.0,92.0,17.5,1333.0,38.6,0.28,4,66.5
1183.0,93.0,56.1,2177.0,39.6,0.38,2,77.2
614.0,113.0,37.5,1979.0,5.5,0.34,12,46.5
211.0,264.0,68.4,1139.0,14.8,0.77,9,5.1
373.0,214.0,14.1,1638.0,29.4,0.49,3,60.3
551.0,275.0,47.0,2013.0,45.1,0.13,5,47.7
172.0,100.0,69.6,608.0,35.8,0.61,5,56.9
465.0,118.0,27.3,1857.0,7.8,0.36,9,23.8
985.0,218.0,9.7,1593.0,47.1,0.46,9,63.6
744.0,137.0,58.0,1192.0,13.8,0.24,1,47.1
484.0,47.0,26.5,261.0,30.3,0.38,10,100.0
734.0,60.0,38.6,377.0,46.3,0.17,6,100.0
872.0,71.0,50.0,1143.0,10.3,0.17,6,82.6
595.0,38.0,43.5,1462.0,32.0,0.35,4,98.8
1167.0,248.0,55.6,672.0,48.1,0.16,5,95.9
209.0,273.0,12.9,2306.0,23.9,0.16,4,66.4
914.0,241.0,7.8,2153.0,30.2,0.57,1,62.0
126.0,53.0,27.4,754.0,37.5,0.5,5,76.1
1179.0,124.0,12.0,2258.0,30.5,0.74,9,70.8
831.0,28.0,45.6,2236.0,11.4,0.69,12,70.0
28.0,21.0,41.1,1870.0,46.2,0.41,1,54.1
1038.0,257.0,41.6,2313.0,49.0,0.42,11,42.4
252.0,89.0,10.9,418.0,30.6,0.34,4,100.0
820.0,271.0,60.0,2264.0,28.9,0.25,5,54.9
358.0,217.0,35.0,1051.0,5.2,0.75,3,38.6
806.0,63.0,9.8,416.0,39.4,0.66,2,100.0
202.0,182.0,29.9,1324.0,34.6,0.49,9,55.1
729.0,59.0,45.9,960.0,40.3,0.44,6,79.1
373.0,53.0,53.2,1954.0,15.8,0.28,3,50.9
790.0,181.0,25.2,2254.0,11.1,0.27,5,55.0
737.0,93.0,15.0,2055.0,45.5,0.28,5,77.2
515.0,264.0,54.0,633.0,32.2,0.32,2,59.5
1173.0,92.0,30.8,435.0,24.4,0.76,5,100.0
904.0,64.0,5.7,1774.0,16.9,0.64,1,80.8
519.0,235.0,15.0,2081.0,30.2,0.33,10,41.2
768.0,183.0,12.9,1087.0,1.2,0.75,10,49.9
42.0,223.0,24.6,678.0,28.7,0.4,1,38.3
711.0,276.0,40.7,550.0,8.9,0.71,9,31.3
895.0,109.0,39.9,2008.0,41.9,0.6,10,53.3
157.0,81.0,6.3,989.0,8.5,0.56,10,38.9
537.0,143.0,66.6,734.0,8.3,0.79,5,57.7
357.0,158.0,13.7,896.0,34.5,0.73,3,86.7
1161.0,35.0,56.7,1549.0,34.7,0.17,10,84.6
1082.0,14.0,29.5,1873.0,40.9,0.43,1,88.2
528.0,269.0,37.5,1393.0,11.3,0.43,4,61.4
1189.0,288.0,24.8,1896.0,5.5,0.5,11,22.9
422.0,39.0,6.0,722.0,30.9,0.19,2,100.0
683.0,215.0,46.2,305.0,17.5,0.62,5,63.3
1188.0,99.0,44.2,2062.0,21.8,0.6,10,50.4
450.0,95.0,46.7,2013.0,25.5,0.74,7,46.8
605.0,180.0,51.2,2319.0,6.0,0.67,9,21.3
464.0,145.0,46.6,716.0,43.0,0.69,3,76.1
326.0,221.0,62.0,1629.0,24.8,0.52,2,23.1
505.0,120.0,39.5,485.0,12.7,0.11,12,95.7
196.0,212.0,68.3,2025.0,11.7,0.61,4,4.7
919.0,256.0,13.5,2195.0,0.5,0.6,9,37.6
425.0,25.0,67.6,751.0,14.2,0.27,11,58.0
604.0,106.0,68.1,1724.0,4.0,0.24,6,20.1
84.0,24.0,64.6,2002.0,34.8,0.13,10,49.7
153.0,235.0,47.8,497.0,10.5,0.45,7,32.6
1028.0,186.0,51.3,1831.0,9.6,0.12,1,47.5
81.0,113.0,50.8,1777.0,23.6,0.14,1,29.0
1040.0,128.0,56.0,2193.0,48.4,0.31,6,64.7
1073.0,77.0,66.2,244.0,15.7,0.1,4,100.0
190.0,12.0,35.7,350.0,23.2,0.59,2,84.0
372.0,80.0,23.5,1789.0,4.2,0.37,12,39.3
406.0,78.0,50.6,502.0,24.7,0.64,4,73.0
1100.0,25.0,5.2,631.0,5.6,0.77,7,100.0
766.0,145.0,45.6,491.0,1.5,0.46,4,77.4
379.0,261.0,51.9,2121.0,18.2,0.15,12,19.4
43.0,137.0,31.1,328.0,3.3,0.59,10,36.8
28.0,134.0,24.3,667.0,39.4,0.65,10,41.1
459.0,261.0,18.8,2211.0,39.7,0.64,7,33.3
1150.0,17.0,43.8,749.0,32.5,0.71,9,100.0
1038.0,242.0,16.9,443.0,42.8,0.2,12,84.2
704.0,254.0,18.4,1660.0,8.6,0.6,7,17.7
1.0,13.0,10.2,616.0,4.0,0.78,11,64.0
846.0,274.0,16.0,1492.0,32.1,0.52,12,61.3
417.0,271.0,18.4,1358.0,16.7,0.75,1,27.2
1062.0,238.0,68.9,2151.0,1.1,0.32,8,25.2
300.0,255.0,62.2,1114.0,21.9,0.67,3,52.7
697.0,225.0,11.2,785.0,7.3,0.18,3,83.1
894.0,245.0,48.2,774.0,48.7,0.11,8,85.1
476.0,147.0,9.8,287.0,42.7,0.39,8,99.4
582.0,106.0,15.3,1874.0,45.7,0.15,6,65.4
464.0,65.0,64.4,800.0,18.2,0.49,7,55.8
628.0,204.0,42.7,1306.0,25.4,0.39,1,43.4
249.0,194.0,32.1,909.0,38.2,0.32,10,58.0
187.0,172.0,20.0,1804.0,2.4,0.35,5,22.2
447.0,251.0,27.6,1829.0,3.4,0.51,11,0.0
893.0,186.0,44.9,703.0,0.7,0.41,9,50.0
538.0,98.0,48.7,1511.0,41.3,0.14,2,66.3
1013.0,222.0,15.8,1337.0,25.8,0.46,5,85.1
1037.0,114.0,18.5,1081.0,33.6,0.34,7,81.8
130.0,260.0,58.0,1727.0,44.1,0.62,8,0.0
645.0,116.0,63.4,1343.0,30.4,0.29,12,69.4
955.0,17.0,15.8,892.0,46.9,0.55,6,98.1
208.0,100.0,61.5,740.0,26.1,0.42,4,71.1
148.0,295.0,29.0,1691.0,19.4,0.17,5,19.0
658.0,199.0,63.6,1370.0,26.3,0.19,12,70.2
562.0,263.0,19.3,1951.0,16.6,0.58,4,30.5
31.0,78.0,34.7,579.0,8.1,0.63,8,42.6
512.0,171.0,53.9,346.0,5.5,0.63,9,49.3
449.0,210.0,39.5,2389.0,34.9,0.32,5,40.6
274.0,88.0,15.2,602.0,5.8,0.45,5,75.4
269.0,122.0,23.5,1197.0,28.4,0.29,6,65.5
251.0,241.0,11.1,402.0,3.3,0.19,10,63.7
572.0,95.0,48.7,1379.0,1.0,0.7,3,59.8
526.0,187.0,7.8,1841.0,29.5,0.25,7,78.4
857.0,138.0,52.4,947.0,33.0,0.32,9,69.9
551.0,34.0,60.2,2474.0,40.0,0.66,11,59.9
561.0,54.0,31.9,1640.0,7.7,0.16,8,71.9
781.0,166.0,39.6,2497.0,33.8,0.57,5,69.8
903.0,82.0,63.9,647.0,6.1,0.56,5,85.9
898.0,176.0,55.6,320.0,34.1,0.15,12,100.0
514.0,202.0,16.6,1691.0,20.0,0.23,9,12.1
465.0,251.0,5.4,233.0,31.9,0.25,2,86.1
962.0,193.0,21.9,1250.0,21.9,0.59,9,71.1
1085.0,169.0,22.3,2477.0,47.2,0.31,2,64.4
356.0,175.0,9.8,621.0,41.7,0.12,12,100.0
255.0,168.0,6.0,2244.0,34.6,0.36,8,67.6
851.0,211.0,22.8,631.0,27.3,0.58,1,76.1
280.0,172.0,47.9,2414.0,31.8,0.74,2,37.5
959.0,164.0,53.2,2190.0,42.0,0.61,6,62.6
809.0,57.0,34.4,585.0,6.8,0.74,3,99.7
418.0,125.0,14.8,2472.0,1.9,0.2,6,37.4
1079.0,189.0,42.6,424.0,5.9,0.21,7,76.8
1159.0,114.0,6.9,1080.0,45.0,0.57,2,95.4
619.0,116.0,53.0,363.0,42.3,0.48,3,95.9
630.0,197.0,60.1,2408.0,23.2,0.5,12,50.0
80.0,283.0,16.5,2283.0,27.0,0.58,5,17.5
157.0,133.0,31.2,2222.0,1.9,0.12,7,23.5
182.0,138.0,19.4,1755.0,7.7,0.36,8,22.8
195.0,294.0,40.4,2367.0,24.3,0.48,8,9.5
284.0,207.0,67.2,1713.0,11.1,0.29,9,0.0
293.0,41.0,23.3,350.0,16.1,0.75,7,96.8
614.0,54.0,33.2,1108.0,23.0,0.15,9,82.7
821.0,23.0,59.2,1495.0,15.8,0.15,6,98.7
1020.0,219.0,58.1,468.0,11.4,0.29,7,67.6
143.0,115.0,55.7,862.0,1.3,0.64,10,4.9
970.0,74.0,5.3,859.0,3.7,0.61,5,88.8
2.0,132.0,17.4,2185.0,1.9,0.64,10,0.0
104.0,113.0,60.2,1743.0,33.6,0.17,8,41.4
1139.0,55.0,43.6,1373.0,15.1,0.59,11,48.1
1018.0,271.0,32.1,1899.0,12.2,0.72,7,31.4
730.0,227.0,13.5,1186.0,49.0,0.73,2,62.5
603.0,167.0,5.5,1836.0,19.1,0.28,8,66.3
81.0,102.0,56.4,724.0,20.0,0.77,6,27.0
541.0,29.0,60.8,316.0,43.6,0.28,3,100.0
972.0,289.0,51.3,1719.0,38.9,0.1,9,38.6
443.0,25.0,58.1,1549.0,20.4,0.47,10,47.8
28.0,259.0,65.4,485.0,4.1,0.77,1,18.0
253.0,92.0,26.0,524.0,28.3,0.71,3,93.5
992.0,259.0,33.7,718.0,4.6,0.53,7,51.4
465.0,197.0,36.2,1231.0,33.8,0.28,4,72.1
728.0,43.0,35.4,2181.0,20.9,0.77,12,82.2
207.0,219.0,49.0,776.0,13.6,0.17,6,39.4
1019.0,104.0,43.0,1679.0,24.3,0.14,6,63.9
822.0,156.0,43.1,913.0,9.0,0.3,12,58.3
798.0,227.0,26.7,279.0,20.4,0.12,7,86.4
421.0,247.0,12.3,1711.0,24.0,0.26,11,34.9
247.0,151.0,39.4,1031.0,15.5,0.75,6,48.5
1121.0,158.0,57.5,1779.0,27.2,0.59,1,47.8
1139.0,84.0,64.6,1366.0,45.6,0.3,7,89.8
941.0,158.0,52.5,1220.0,27.4,0.47,2,75.3
800.0,115.0,49.9,2434.0,17.4,0.56,2,37.6
1033.0,205.0,9.0,775.0,18.6,0.42,3,97.5
355.0,138.0,8.8,2069.0,19.8,0.41,8,52.8
761.0,176.0,21.9,1111.0,22.9,0.3,2,69.1
462.0,204.0,64.1,589.0,33.5,0.26,10,40.6
1055.0,91.0,17.2,2489.0,49.9,0.41,1,82.8
104.0,102.0,44.4,583.0,37.9,0.59,6,44.0
888.0,269.0,70.0,2097.0,1.0,0.36,4,24.7
79.0,87.0,50.1,2323.0,25.3,0.17,12,43.9
142.0,278.0,68.6,2368.0,40.9,0.47,12,9.6
1102.0,83.0,26.4,1471.0,6.2,0.41,3,95.9
68.0,177.0,46.0,312.0,44.5,0.38,12,58.1
281.0,300.0,60.2,796.0,33.9,0.37,10,34.7
495.0,110.0,22.8,1116.0,38.6,0.14,1,69.7
982.0,173.0,47.3,1335.0,8.8,0.43,6,67.9
713.0,155.0,29.8,782.0,47.9,0.24,11,75.7
1155.0,53.0,37.3,2406.0,12.3,0.62,12,61.6
198.0,238.0,24.4,2306.0,15.1,0.56,12,2.8
207.0,285.0,36.1,1883.0,20.6,0.18,7,46.2
24.0,238.0,32.4,1254.0,17.0,0.13,7,35.6
399.0,85.0,9.1,239.0,23.1,0.2,9,100.0
1190.0,297.0,28.5,1769.0,37.6,0.67,8,48.5
144.0,22.0,28.2,1572.0,3.7,0.19,12,50.9
1002.0,171.0,32.7,536.0,49.6,0.66,1,91.5
715.0,251.0,59.8,1470.0,30.9,0.7,1,41.9
117.0,299.0,8.0,1291.0,13.9,0.52,11,26.7
274.0,148.0,46.7,575.0,38.6,0.39,12,63.9
680.0,275.0,66.1,833.0,21.7,0.77,10,29.0
1047.0,215.0,42.9,1958.0,13.2,0.65,7,22.1
379.0,24.0,40.5,948.0,3.3,0.32,7,54.2
881.0,256.0,56.4,437.0,7.8,0.47,1,66.7
733.0,69.0,37.9,370.0,32.6,0.56,12,98.5
119.0,33.0,47.0,2097.0,43.3,0.49,1,48.5
613.0,232.0,67.9,902.0,37.7,0.21,7,43.9
1048.0,11.0,23.8,1908.0,1.0,0.78,5,77.8
1193.0,20.0,23.1,2302.0,5.6,0.75,6,72.1
48.0,198.0,21.0,1059.0,32.3,0.57,7,45.2
505.0,144.0,14.7,1138.0,45.9,0.15,12,100.0
299.0,294.0,31.0,2312.0,12.0,0.15,6,35.8
54.0,300.0,63.9,517.0,43.7,0.5,4,50.6
95.0,286.0,6.1,852.0,20.8,0.44,9,35.9
535.0,233.0,57.5,453.0,0.8,0.46,1,44.4
396.0,179.0,57.7,1468.0,15.0,0.38,3,44.7
571.0,107.0,65.2,1426.0,4.1,0.69,5,40.5
242.0,126.0,22.1,2017.0,12.5,0.28,6,37.4
1168.0,75.0,9.3,1479.0,43.7,0.21,2,100.0
748.0,185.0,32.9,1695.0,1.6,0.52,5,46.5
110.0,273.0,19.6,2014.0,44.4,0.57,10,0.0
747.0,272.0,30.9,288.0,9.8,0.32,5,77.6
519.0,213.0,25.7,1290.0,44.0,0.35,7,52.7
505.0,266.0,65.0,2373.0,41.6,0.2,3,47.0
777.0,49.0,57.6,2336.0,9.7,0.41,8,65.4
363.0,63.0,40.9,893.0,41.6,0.65,7,53.3
316.0,275.0,44.5,1058.0,11.1,0.71,8,18.8
618.0,108.0,7.2,1133.0,0.7,0.67,12,56.2
290.0,284.0,40.8,843.0,18.7,0.73,9,9.7
884.0,209.0,42.3,2190.0,31.3,0.59,3,57.7
1192.0,14.0,19.4,260.0,39.6,0.22,1,100.0
863.0,209.0,54.2,1204.0,2.3,0.19,5,49.0
792.0,59.0,35.3,691.0,23.5,0.24,12,100.0
679.0,124.0,20.0,1566.0,25.5,0.35,11,55.0
826.0,12.0,59.2,239.0,7.3,0.65,12,100.0
303.0,37.0,25.5,1748.0,25.2,0.45,7,69.9
499.0,134.0,7.0,1533.0,24.7,0.64,7,63.5
352.0,216.0,66.5,1484.0,18.0,0.29,11,10.7
570.0,176.0,11.6,1574.0,28.3,0.51,12,72.9
1134.0,151.0,11.9,1040.0,42.5,0.29,9,89.9
1155.0,46.0,7.7,1750.0,18.7,0.12,5,100.0
597.0,66.0,69.3,979.0,14.8,0.72,6,51.8
726.0,185.0,53.1,1580.0,9.2,0.42,5,51.6
225.0,136.0,42.3,835.0,48.1,0.62,12,45.3
908.0,203.0,40.0,1774.0,47.5,0.23,1,61.5
619.0,210.0,25.8,436.0,22.1,0.35,9,75.0
1123.0,123.0,47.4,394.0,32.1,0.73,4,99.1
838.0,233.0,58.6,2166.0,10.4,0.1,6,47.4
936.0,185.0,44.9,1909.0,6.6,0.4,2,40.2
721.0,221.0,64.1,276.0,23.8,0.63,5,67.5
75.0,295.0,16.5,934.0,15.2,0.1,3,45.3
450.0,146.0,18.6,2389.0,32.4,0.24,9,47.5
718.0,295.0,24.1,1835.0,14.6,0.62,2,23.9
497.0,20.0,38.0,2275.0,33.2,0.16,10,79.9
424.0,227.0,53.7,1172.0,17.7,0.78,12,16.8
96.0,219.0,66.5,440.0,4.1,0.6,9,11.9
957.0,238.0,14.8,1158.0,33.6,0.67,9,63.5
874.0,37.0,12.5,2485.0,36.7,0.29,8,100.0
531.0,65.0,64.6,2485.0,10.1,0.61,5,42.8
959.0,275.0,61.4,2379.0,32.9,0.59,1,43.6
920.0,257.0,45.3,2417.0,20.4,0.49,9,37.1
480.0,36.0,25.1,1394.0,38.2,0.24,4,92.8
1077.0,253.0,61.3,1946.0,41.4,0.61,12,35.9
507.0,210.0,31.3,997.0,32.7,0.58,12,55.9
293.0,223.0,51.1,719.0,26.8,0.68,4,56.9
772.0,45.0,10.5,598.0,8.2,0.67,5,100.0
566.0,22.0,41.6,213.0,16.8,0.62,12,87.7
321.0,68.0,20.9,1824.0,8.8,0.45,12,39.7
840.0,127.0,39.3,513.0,31.9,0.52,4,100.0
570.0,21.0,68.7,1494.0,30.6,0.26,6,94.8
1186.0,141.0,60.8,1199.0,5.1,0.42,11,57.1
1081.0,221.0,22.4,432.0,20.8,0.66,12,80.1
425.0,80.0,9.6,2237.0,44.6,0.37,4,88.9
1122.0,18.0,36.4,500.0,39.8,0.59,1,100.0
717.0,137.0,19.2,1415.0,31.5,0.76,11,66.5
361.0,88.0,56.6,2010.0,23.5,0.47,5,58.8
1070.0,154.0,26.7,2347.0,34.0,0.1,1,72.7
836.0,99.0,29.0,1643.0,27.7,0.62,2,73.3
814.0,186.0,19.4,354.0,30.5,0.42,5,100.0
856.0,20.0,53.0,2354.0,27.4,0.55,1,78.9
898.0,105.0,33.8,1764.0,37.8,0.74,5,67.6
778.0,232.0,48.9,756.0,11.4,0.29,3,54.5
1025.0,14.0,57.4,2376.0,3.5,0.37,2,66.2
768.0,13.0,24.1,2107.0,20.7,0.47,12,81.4
987.0,43.0,21.9,1024.0,21.0,0.1,6,100.0
1087.0,282.0,59.0,769.0,38.4,0.7,9,56.7
350.0,261.0,58.6,1982.0,44.5,0.58,10,11.1
240.0,31.0,7.0,280.0,43.7,0.26,12,100.0
1161.0,243.0,67.0,626.0,2.7,0.43,10,41.0
22.0,170.0,25.1,754.0,19.0,0.32,9,29.1
36.0,283.0,36.9,2074.0,32.0,0.38,9,4.8
630.0,262.0,64.0,1046.0,4.0,0.2,7,23.1
94.0,89.0,11.2,1206.0,4.7,0.12,11,47.8
1114.0,212.0,42.5,364.0,24.0,0.57,11,59.1
42.0,258.0,5.6,729.0,13.1,0.69,9,23.7
646.0,167.0,32.1,2500.0,46.6,0.28,5,74.1
947.0,233.0,11.3,1219.0,42.2,0.75,3,92.3
803.0,136.0,28.3,285.0,4.4,0.22,1,72.7
136.0,46.0,18.1,472.0,4.0,0.33,10,58.4
828.0,56.0,35.3,982.0,23.3,0.29,9,92.7
962.0,260.0,20.7,1375.0,47.3,0.33,10,52.9
330.0,80.0,7.4,1590.0,36.4,0.16,3,98.6
932.0,237.0,49.8,1527.0,30.9,0.43,12,48.2
673.0,211.0,25.5,1605.0,43.3,0.38,3,48.9
497.0,256.0,32.9,1672.0,40.9,0.55,9,20.3
144.0,169.0,34.1,884.0,41.4,0.55,8,46.6
821.0,152.0,40.8,1645.0,9.0,0.3,12,42.1
223.0,69.0,48.1,881.0,25.4,0.65,2,64.6
117.0,49.0,63.6,857.0,44.1,0.63,4,78.0
612.0,225.0,46.3,1882.0,25.3,0.45,3,39.1
161.0,149.0,64.6,1791.0,40.4,0.69,8,25.9
25.0,160.0,11.2,2336.0,47.8,0.75,10,29.4
158.0,262.0,57.9,1514.0,7.5,0.14,5,10.5
27.0,296.0,17.9,2489.0,4.3,0.15,5,20.2
561.0,27.0,68.5,1406.0,42.8,0.77,3,89.9
545.0,82.0,65.7,782.0,49.3,0.18,1,88.4
962.0,173.0,37.0,1082.0,9.5,0.36,9,66.8
1183.0,106.0,44.5,2195.0,5.5,0.63,10,32.6
542.0,225.0,53.3,975.0,4.6,0.61,10,16.6
732.0,124.0,10.3,1809.0,11.5,0.62,5,66.2
323.0,90.0,22.9,2259.0,46.3,0.73,1,60.7
425.0,153.0,31.9,1128.0,30.3,0.48,1,60.0
860.0,159.0,40.6,441.0,32.0,0.68,11,80.5
224.0,156.0,52.7,1236.0,18.7,0.43,11,28.1
881.0,183.0,25.9,2060.0,6.2,0.57,3,54.0
463.0,103.0,62.2,644.0,35.3,0.32,4,80.1
1073.0,120.0,20.0,397.0,12.2,0.72,4,100.0
839.0,82.0,27.8,1847.0,42.4,0.39,9,69.8
301.0,153.0,20.2,749.0,41.4,0.33,1,71.1
1108.0,138.0,37.5,703.0,26.8,0.44,8,98.7
809.0,78.0,45.4,1872.0,13.1,0.16,1,61.2
43.0,124.0,28.5,2260.0,43.3,0.62,10,22.6
842.0,164.0,53.7,1446.0,13.8,0.41,4,71.7
975.0,70.0,19.0,1923.0,34.1,0.69,12,76.9
983.0,27.0,30.1,848.0,30.4,0.57,9,100.0
389.0,160.0,41.1,2357.0,7.8,0.48,2,32.1
54.0,173.0,12.9,524.0,37.2,0.7,2,76.6
783.0,98.0,54.2,1829.0,34.2,0.73,3,60.7
657.0,36.0,53.2,1462.0,26.7,0.69,6,91.3
283.0,238.0,66.4,1032.0,31.5,0.4,8,45.0
541.0,195.0,33.6,849.0,45.4,0.63,10,54.5
668.0,203.0,9.5,922.0,29.9,0.34,8,81.9
186.0,138.0,54.5,1805.0,18.6,0.49,11,0.0
613.0,53.0,40.9,2128.0,36.1,0.31,3,68.0
718.0,205.0,50.1,382.0,5.6,0.25,12,55.4
805.0,62.0,53.1,2333.0,15.6,0.42,5,65.9
577.0,233.0,13.6,1912.0,26.7,0.22,3,77.7
1108.0,13.0,43.9,1916.0,11.3,0.22,6,67.4
1126.0,257.0,51.5,1690.0,11.0,0.49,2,31.4
540.0,108.0,48.6,1338.0,29.8,0.8,2,54.3
1167.0,292.0,27.7,270.0,25.3,0.18,11,91.1
91.0,203.0,20.8,1443.0,33.9,0.43,7,37.0
833.0,111.0,18.4,495.0,16.5,0.22,10,81.9
549.0,256.0,9.6,1982.0,20.6,0.13,8,72.5
548.0,191.0,39.4,1937.0,35.6,0.12,2,68.5
628.0,145.0,25.1,727.0,13.9,0.69,11,51.2
630.0,58.0,9.3,1464.0,8.9,0.16,2,93.5
719.0,222.0,56.0,964.0,48.2,0.39,12,44.5
309.0,109.0,36.8,2206.0,22.2,0.63,7,46.6
625.0,196.0,31.2,1492.0,45.5,0.34,8,79.5
647.0,94.0,7.9,1693.0,45.7,0.73,5,95.8
995.0,119.0,61.4,705.0,3.3,0.11,8,66.8
301.0,52.0,58.9,2421.0,19.2,0.37,11,30.4
1075.0,171.0,56.4,1898.0,30.6,0.6,3,68.1
928.0,62.0,61.2,661.0,10.2,0.17,6,85.6
1103.0,263.0,38.5,1962.0,33.0,0.17,10,58.5
299.0,284.0,46.5,2472.0,9.1,0.3,11,0.0
428.0,131.0,46.2,1387.0,49.9,0.2,2,59.6
889.0,73.0,27.0,1779.0,9.3,0.5,12,72.9
1149.0,28.0,29.6,293.0,8.6,0.6,10,95.1
1048.0,224.0,48.0,1089.0,2.7,0.46,1,40.1
767.0,156.0,56.0,1440.0,34.6,0.36,4,76.3
98.0,84.0,12.1,787.0,36.5,0.5,5,96.2
729.0,225.0,56.3,677.0,7.3,0.74,8,33.0
546.0,193.0,36.6,539.0,11.4,0.51,4,79.0
262.0,245.0,37.9,593.0,15.0,0.39,7,39.8
694.0,82.0,68.5,1325.0,42.3,0.75,5,86.4
909.0,11.0,9.0,1981.0,15.7,0.8,1,91.6
973.0,27.0,17.1,535.0,42.5,0.58,11,99.1
182.0,77.0,62.8,1286.0,15.6,0.57,10,15.5
1107.0,210.0,29.9,2211.0,31.0,0.54,7,54.3
916.0,73.0,68.7,288.0,12.2,0.72,7,79.4
122.0,199.0,57.1,437.0,41.3,0.25,3,72.9
175.0,236.0,31.3,288.0,35.1,0.19,10,47.0
954.0,147.0,48.2,1802.0,18.7,0.2,3,57.8
807.0,79.0,34.2,1329.0,36.0,0.37,11,86.8
28.0,219.0,51.0,2291.0,2.5,0.16,1,0.0
868.0,288.0,58.5,1710.0,48.2,0.43,6,42.3
540.0,124.0,41.5,2105.0,14.9,0.57,12,28.4
396.0,53.0,5.4,969.0,25.5,0.3,12,94.8
825.0,251.0,42.3,896.0,23.2,0.44,10,52.6
111.0,273.0,31.6,942.0,31.4,0.23,10,32.5
320.0,197.0,55.4,1521.0,28.9,0.73,7,34.3
749.0,129.0,31.5,702.0,2.0,0.77,8,52.1
723.0,167.0,20.3,914.0,24.4,0.52,11,57.8
518.0,143.0,31.2,1121.0,20.1,0.53,9,58.8
790.0,178.0,47.0,2083.0,17.0,0.33,9,20.4
875.0,59.0,44.0,1355.0,8.3,0.42,2,68.8
1033.0,34.0,53.1,511.0,24.0,0.44,8,100.0
568.0,298.0,69.2,1341.0,42.4,0.71,12,38.6
22.0,281.0,66.6,2490.0,8.3,0.71,7,0.0
492.0,211.0,53.9,549.0,17.6,0.76,4,43.2
794.0,281.0,42.3,1888.0,10.7,0.7,6,14.2
114.0,172.0,20.0,2444.0,8.0,0.18,8,34.3
430.0,137.0,58.3,1060.0,20.6,0.21,3,72.2
739.0,123.0,11.3,449.0,17.0,0.43,9,77.5
396.0,16.0,13.9,1993.0,25.3,0.69,11,67.6
395.0,188.0,63.7,1045.0,7.4,0.36,11,35.0
1039.0,200.0,41.2,1283.0,20.3,0.4,3,87.1
1002.0,38.0,8.0,262.0,6.9,0.78,3,100.0
134.0,276.0,69.2,439.0,1.3,0.68,11,6.0
795.0,238.0,28.0,1107.0,40.6,0.13,3,76.3
709.0,111.0,60.0,984.0,49.0,0.37,7,66.2
1131.0,282.0,52.4,1144.0,37.8,0.13,6,77.9
385.0,65.0,59.3,852.0,16.0,0.63,7,47.9
879.0,107.0,58.7,1208.0,13.2,0.73,1,50.4
73.0,150.0,52.9,430.0,12.9,0.21,7,52.3
1040.0,141.0,26.8,2170.0,37.9,0.5,2,62.4
876.0,110.0,12.5,2171.0,38.2,0.16,7,100.0
82.0,104.0,54.5,1352.0,34.0,0.15,4,53.2
589.0,72.0,63.0,1377.0,7.7,0.22,2,66.2
1050.0,169.0,42.0,1657.0,21.5,0.64,11,39.5
605.0,262.0,65.7,983.0,11.2,0.1,9,29.0
607.0,103.0,21.1,749.0,39.8,0.71,1,74.5
357.0,212.0,69.9,1440.0,46.9,0.36,4,51.2
1100.0,262.0,28.9,1636.0,18.0,0.76,7,38.8
919.0,296.0,50.8,1831.0,31.4,0.76,6,34.8
649.0,220.0,10.7,2065.0,5.7,0.54,12,43.8
996.0,30.0,63.6,2484.0,26.4,0.14,3,100.0
804.0,66.0,49.3,2429.0,20.8,0.4,4,82.6
1186.0,66.0,59.1,1432.0,9.3,0.67,3,70.7
569.0,45.0,29.2,2018.0,37.9,0.28,12,82.4
568.0,272.0,66.8,2404.0,8.3,0.8,3,24.7
811.0,18.0,63.7,730.0,19.9,0.75,10,74.7
601.0,18.0,26.6,1752.0,30.6,0.23,8,85.3
805.0,258.0,66.2,1763.0,16.6,0.39,4,44.7
67.0,298.0,57.7,839.0,33.8,0.39,4,36.9
673.0,67.0,69.1,1846.0,26.3,0.15,6,67.6
1126.0,99.0,66.0,2076.0,46.0,0.7,7,64.3
371.0,137.0,30.3,2213.0,48.5,0.69,12,41.3
92.0,200.0,65.2,414.0,27.1,0.15,7,69.2
262.0,243.0,17.4,1037.0,20.1,0.53,12,41.2
518.0,85.0,35.6,2429.0,15.4,0.31,11,49.2
194.0,117.0,37.7,1961.0,17.6,0.22,12,20.2
173.0,112.0,52.2,2255.0,8.2,0.49,3,15.9
436.0,126.0,34.3,2466.0,7.5,0.16,2,43.9
1174.0,31.0,65.6,2375.0,39.8,0.26,10,76.6
226.0,110.0,39.6,1332.0,14.8,0.44,3,52.0
894.0,32.0,41.0,215.0,43.0,0.67,4,100.0
111.0,98.0,14.3,1461.0,6.2,0.25,10,57.5
126.0,155.0,48.6,1343.0,39.9,0.27,1,35.4
62.0,23.0,21.9,1798.0,26.1,0.67,3,70.3
597.0,94.0,26.8,604.0,29.0,0.12,3,100.0
1029.0,179.0,61.5,1067.0,41.2,0.79,1,76.8
694.0,86.0,53.1,1957.0,7.4,0.25,3,50.1
691.0,253.0,61.1,1975.0,30.0,0.56,5,32.0
799.0,193.0,21.5,777.0,12.6,0.66,2,72.0
135.0,65.0,62.1,457.0,6.2,0.65,2,43.6
347.0,143.0,31.1,2355.0,10.5,0.21,10,26.7
520.0,242.0,53.9,1203.0,44.2,0.42,3,58.8
460.0,188.0,52.0,1048.0,21.7,0.1,6,60.2
923.0,278.0,20.0,815.0,18.8,0.59,2,57.0
740.0,249.0,68.4,1723.0,11.5,0.76,2,22.3
607.0,23.0,25.8,328.0,9.9,0.21,2,97.5
510.0,275.0,32.7,655.0,31.4,0.36,2,71.0
1076.0,255.0,69.4,2470.0,49.6,0.34,8,44.6
453.0,143.0,34.7,656.0,20.6,0.11,5,98.8
343.0,15.0,33.9,1134.0,36.1,0.5,7,91.2
1112.0,99.0,68.3,1871.0,29.9,0.73,7,69.5
57.0,50.0,5.4,2263.0,1.2,0.72,1,35.1
749.0,264.0,53.6,882.0,27.8,0.39,12,56.7
1025.0,71.0,34.4,1156.0,33.7,0.64,6,93.7
721.0,133.0,68.6,1406.0,30.8,0.8,8,53.2
1176.0,271.0,15.5,2216.0,44.4,0.13,7,59.2
743.0,228.0,44.6,789.0,1.7,0.29,12,40.4
453.0,300.0,6.9,1873.0,39.3,0.31,1,53.9
219.0,126.0,46.7,1429.0,32.2,0.78,11,39.6
174.0,59.0,67.1,2238.0,26.9,0.61,5,46.5
648.0,58.0,57.6,480.0,46.3,0.78,12,92.3
240.0,194.0,42.0,930.0,34.2,0.39,4,60.3
968.0,216.0,11.5,1723.0,15.5,0.42,11,49.6
1013.0,233.0,9.7,268.0,23.5,0.14,1,100.0
773.0,224.0,24.6,833.0,41.2,0.47,5,76.6
588.0,249.0,25.1,1951.0,36.4,0.36,2,43.3
710.0,143.0,61.9,676.0,34.9,0.75,4,76.2
1062.0,234.0,26.4,2082.0,37.3,0.77,4,53.1
726.0,194.0,46.8,967.0,40.8,0.72,7,58.7
482.0,177.0,24.8,2266.0,41.9,0.27,3,65.5
108.0,271.0,11.0,1232.0,39.7,0.68,2,51.5
1052.0,73.0,35.3,1037.0,26.7,0.28,3,100.0
257.0,292.0,42.3,1758.0,6.4,0.74,12,11.0
527.0,170.0,68.5,797.0,14.2,0.62,12,58.7
525.0,84.0,18.2,1093.0,35.1,0.32,10,78.4
796.0,249.0,33.2,2414.0,36.1,0.43,6,50.2
59.0,241.0,16.5,1945.0,5.0,0.21,8,9.8
958.0,273.0,17.7,1255.0,27.5,0.23,9,62.7
543.0,263.0,18.5,394.0,14.1,0.14,9,71.2
337.0,46.0,64.4,1634.0,18.6,0.12,7,55.2
1104.0,62.0,57.8,2064.0,32.0,0.32,6,64.5
198.0,203.0,5.4,1401.0,49.4,0.37,8,54.6
835.0,287.0,10.9,1586.0,5.0,0.35,9,43.6
1130.0,10.0,45.2,569.0,45.1,0.44,4,100.0
212.0,180.0,62.9,1576.0,8.8,0.74,10,4.7
1098.0,143.0,31.0,1218.0,46.2,0.12,4,97.5
494.0,225.0,41.6,1949.0,11.9,0.17,2,24.0
348.0,106.0,11.2,1580.0,32.2,0.18,6,69.4
519.0,28.0,67.9,268.0,44.1,0.59,12,100.0
360.0,299.0,48.5,1320.0,23.7,0.75,3,47.7
1186.0,280.0,11.8,1830.0,16.6,0.45,5,64.0
534.0,225.0,26.6,2441.0,7.2,0.23,2,34.8
1130.0,88.0,40.1,1853.0,47.2,0.44,4,82.7
504.0,202.0,45.4,1633.0,26.2,0.29,2,32.7
1063.0,20.0,36.5,760.0,26.0,0.42,10,100.0
178.0,237.0,39.6,715.0,34.8,0.55,10,31.0
1050.0,152.0,68.9,2096.0,22.5,0.68,2,62.0
962.0,99.0,25.7,2321.0,26.2,0.77,12,72.2
439.0,272.0,54.5,2233.0,41.3,0.43,1,32.4
323.0,179.0,53.5,1684.0,42.7,0.79,9,23.8
346.0,172.0,31.1,2224.0,22.5,0.73,6,52.1
334.0,159.0,53.2,1326.0,9.9,0.72,8,35.0
328.0,158.0,30.5,560.0,21.4,0.14,6,81.1
814.0,270.0,51.8,1432.0,10.7,0.23,1,41.6
198.0,128.0,5.0,668.0,0.6,0.62,12,37.8
101.0,43.0,10.3,1836.0,1.8,0.21,11,34.1
804.0,227.0,29.8,1624.0,1.6,0.31,6,30.6
260.0,206.0,37.8,809.0,49.3,0.2,3,59.7
207.0,39.0,45.0,1101.0,16.2,0.59,9,54.4
647.0,286.0,19.0,1375.0,31.1,0.19,12,71.3
447.0,195.0,24.3,612.0,18.9,0.38,5,69.7
192.0,136.0,16.0,791.0,5.4,0.62,10,25.5
243.0,18.0,35.5,2021.0,44.9,0.17,3,89.6
1019.0,236.0,47.0,1396.0,21.9,0.45,2,60.6
902.0,13.0,5.4,2468.0,25.8,0.45,3,100.0
448.0,167.0,34.3,905.0,17.4,0.14,6,64.2
423.0,64.0,64.4,1172.0,14.6,0.25,5,65.0
665.0,256.0,57.0,1141.0,39.9,0.76,7,42.5
864.0,86.0,27.6,518.0,20.0,0.54,6,85.9
848.0,265.0,56.2,605.0,20.1,0.34,12,65.5
149.0,285.0,22.9,2174.0,47.9,0.71,3,21.0
1136.0,260.0,57.6,2183.0,22.9,0.47,2,41.8
1072.0,50.0,58.1,2495.0,49.7,0.72,10,48.5
1078.0,262.0,6.9,752.0,11.3,0.6,6,81.7
808.0,77.0,15.7,2304.0,13.3,0.52,9,44.4
568.0,218.0,14.8,1800.0,37.8,0.39,7,67.4
227.0,186.0,20.4,2027.0,3.7,0.54,3,30.6
1042.0,228.0,34.8,2115.0,35.4,0.58,1,53.1
997.0,44.0,25.2,604.0,32.3,0.56,6,100.0
1050.0,153.0,48.7,228.0,0.9,0.48,4,83.1
455.0,147.0,54.8,1061.0,1.1,0.21,2,27.9
432.0,230.0,65.7,1189.0,39.6,0.6,4,45.9
570.0,195.0,30.2,647.0,46.9,0.35,2,79.6
883.0,100.0,68.2,460.0,25.6,0.52,2,83.0
384.0,163.0,62.9,1866.0,37.7,0.29,7,32.2
475.0,159.0,56.3,466.0,19.7,0.4,11,49.5
684.0,177.0,54.1,2177.0,44.9,0.53,5,52.9
377.0,155.0,40.8,1235.0,44.1,0.14,5,70.0
719.0,167.0,13.4,860.0,18.7,0.77,11,57.0
1027.0,278.0,56.5,1912.0,37.7,0.77,11,34.1
803.0,257.0,20.0,2186.0,32.6,0.18,4,79.8
800.0,46.0,47.5,523.0,3.7,0.77,7,72.3
1189.0,48.0,20.6,263.0,2.9,0.63,4,100.0
583.0,110.0,6.3,375.0,18.2,0.5,11,92.4
1084.0,222.0,7.8,895.0,30.3,0.55,5,83.6
563.0,254.0,46.3,1670.0,45.0,0.7,2,23.5
465.0,156.0,6.7,1166.0,19.9,0.47,8,69.0
856.0,97.0,49.2,699.0,34.8,0.18,2,98.0
921.0,68.0,63.1,1442.0,15.5,0.32,6,64.5
733.0,151.0,25.0,372.0,16.2,0.42,6,87.8
831.0,143.0,35.5,1647.0,25.4,0.52,7,72.2
233.0,95.0,10.0,892.0,17.7,0.77,5,84.1
1179.0,71.0,50.5,1509.0,49.7,0.44,7,65.9
15.0,82.0,25.6,2151.0,23.8,0.68,5,56.3
524.0,203.0,53.6,2147.0,43.7,0.59,3,33.9
517.0,19.0,66.3,1853.0,29.3,0.34,2,81.0
393.0,117.0,43.7,910.0,46.4,0.42,5,68.5
198.0,85.0,26.3,2336.0,10.0,0.74,3,29.5
966.0,235.0,37.6,575.0,12.8,0.51,12,67.0
507.0,221.0,56.5,2002.0,24.1,0.75,11,17.2
80.0,228.0,16.5,414.0,43.5,0.79,11,39.7
1138.0,263.0,47.3,2238.0,49.4,0.14,8,57.4
510.0,118.0,41.4,1869.0,13.3,0.44,4,43.0
328.0,29.0,35.5,2093.0,17.9,0.43,8,58.4
366.0,37.0,63.3,2117.0,22.6,0.5,2,70.5
673.0,163.0,35.0,512.0,44.2,0.29,1,85.1
889.0,251.0,22.7,1454.0,35.2,0.72,12,70.4
92.0,66.0,62.4,852.0,13.0,0.12,5,50.5
841.0,133.0,47.2,519.0,15.5,0.54,6,70.5
501.0,97.0,45.6,1456.0,13.5,0.17,10,56.2
491.0,254.0,52.5,2056.0,11.3,0.57,10,0.0
541.0,164.0,33.4,889.0,25.6,0.61,7,74.5
51.0,21.0,50.3,757.0,31.0,0.24,3,83.6
382.0,249.0,10.4,2360.0,48.1,0.47,10,47.9
357.0,75.0,53.9,1769.0,16.6,0.11,6,38.4
383.0,13.0,26.9,2118.0,18.4,0.31,3,77.9
472.0,279.0,41.4,661.0,11.7,0.25,1,37.1
1060.0,59.0,37.6,888.0,36.5,0.49,2,94.4
1039.0,186.0,29.4,1955.0,17.5,0.19,4,69.4
324.0,134.0,22.9,962.0,17.6,0.35,4,62.5
950.0,249.0,10.4,686.0,7.1,0.23,4,85.4
1150.0,172.0,22.7,2115.0,0.6,0.41,3,47.8
792.0,162.0,36.6,1353.0,17.1,0.76,5,67.2
1020.0,127.0,63.7,1186.0,40.6,0.45,1,67.7
944.0,101.0,69.2,1904.0,26.2,0.68,3,61.0
863.0,218.0,60.3,2496.0,28.6,0.48,12,45.6
105.0,228.0,54.4,738.0,8.3,0.78,9,3.2
1196.0,201.0,6.3,2005.0,31.1,0.11,11,69.6
24.0,262.0,62.0,2269.0,38.3,0.15,6,23.9
1025.0,208.0,66.0,1510.0,45.6,0.15,12,49.5
512.0,72.0,7.0,1345.0,24.9,0.72,6,90.2
1066.0,83.0,25.8,2218.0,47.8,0.42,6,84.8
346.0,262.0,21.7,514.0,2.9,0.38,12,36.8
1139.0,237.0,48.5,524.0,45.3,0.35,6,72.6
751.0,32.0,59.3,1231.0,23.7,0.15,11,93.0
740.0,205.0,38.1,1053.0,6.9,0.79,11,28.7
282.0,97.0,13.3,724.0,49.0,0.26,11,85.0
249.0,160.0,35.9,436.0,43.5,0.66,10,63.4
1114.0,161.0,48.5,363.0,38.2,0.56,7,93.4
384.0,289.0,17.0,2114.0,9.3,0.1,11,19.5
398.0,263.0,35.8,1041.0,20.2,0.53,6,49.1
678.0,12.0,62.7,1592.0,44.7,0.69,3,79.5
858.0,70.0,61.1,1820.0,34.1,0.41,10,67.4
1103.0,42.0,10.0,973.0,33.3,0.26,8,100.0
705.0,191.0,27.9,2162.0,47.1,0.6,7,57.8
900.0,276.0,28.2,1765.0,30.1,0.78,7,54.2
571.0,82.0,48.6,575.0,15.1,0.7,12,66.0
650.0,14.0,42.2,456.0,43.2,0.24,10,100.0
1086.0,212.0,41.5,1190.0,11.4,0.23,3,57.5
102.0,121.0,47.1,2441.0,17.6,0.14,10,13.0
1138.0,294.0,28.1,1153.0,13.0,0.11,2,67.6
866.0,46.0,58.1,2078.0,25.6,0.8,10,71.2
510.0,89.0,46.2,2154.0,32.6,0.2,8,59.8
614.0,42.0,60.1,2219.0,35.9,0.42,9,69.8
1166.0,24.0,46.0,1272.0,21.6,0.45,12,98.5
415.0,239.0,22.3,1643.0,47.4,0.26,7,41.4
273.0,17.0,19.6,644.0,41.7,0.47,11,92.2
1085.0,152.0,46.4,1039.0,43.2,0.46,3,88.2
158.0,107.0,55.2,2074.0,43.5,0.54,7,21.3
140.0,266.0,25.5,663.0,19.7,0.22,5,40.3
461.0,252.0,36.2,1346.0,1.2,0.11,8,29.4
293.0,246.0,28.7,1059.0,45.5,0.54,9,36.9
465.0,116.0,34.5,1837.0,25.1,0.45,8,52.5
125.0,151.0,41.2,1215.0,30.9,0.25,7,39.8
931.0,71.0,54.5,432.0,10.5,0.12,2,100.0
922.0,31.0,47.6,1882.0,31.0,0.56,9,68.5
312.0,78.0,18.9,2494.0,7.9,0.12,2,62.0
914.0,116.0,56.2,1196.0,26.9,0.62,3,86.2
790.0,150.0,10.1,2424.0,20.9,0.33,4,91.7
958.0,10.0,51.8,615.0,45.6,0.72,6,100.0
197.0,35.0,27.5,1677.0,1.6,0.56,12,23.1
1160.0,225.0,62.3,548.0,23.1,0.27,4,87.9
495.0,247.0,12.7,1306.0,48.3,0.6,6,67.8
567.0,88.0,61.9,1553.0,7.8,0.2,10,37.2
883.0,292.0,54.6,2042.0,11.3,0.29,9,19.8
706.0,105.0,54.3,843.0,34.0,0.52,6,54.4
555.0,72.0,16.4,608.0,3.2,0.34,4,75.6
425.0,169.0,20.6,2386.0,5.3,0.28,7,34.7
776.0,86.0,51.4,1206.0,5.8,0.31,10,49.0
331.0,180.0,10.5,1349.0,38.8,0.39,9,71.0
595.0,176.0,10.4,1861.0,7.1,0.64,10,40.6
52.0,173.0,25.3,2116.0,25.4,0.44,8,27.1
1090.0,260.0,15.4,1511.0,25.6,0.6,1,43.8
460.0,199.0,24.9,1510.0,37.1,0.78,3,60.3
52.0,219.0,45.3,1289.0,36.5,0.33,3,31.1
133.0,159.0,65.7,923.0,37.6,0.41,3,56.2
333.0,163.0,13.6,2253.0,21.2,0.68,3,77.5
1135.0,68.0,48.9,396.0,9.7,0.51,3,100.0
393.0,92.0,27.1,1726.0,1.5,0.18,11,35.6
57.0,127.0,7.8,562.0,18.5,0.32,6,54.9
138.0,45.0,24.0,1184.0,37.2,0.54,11,62.8
447.0,283.0,11.1,469.0,22.0,0.6,8,79.6
860.0,68.0,17.9,2107.0,35.2,0.79,2,71.3
288.0,223.0,59.7,1775.0,8.9,0.33,11,1.8
209.0,121.0,33.0,1476.0,25.6,0.21,5,82.2
527.0,26.0,15.0,312.0,27.3,0.38,10,100.0
948.0,139.0,13.1,2133.0,22.6,0.37,7,87.4
291.0,14.0,31.5,1634.0,27.4,0.7,11,61.4
481.0,26.0,34.3,380.0,24.2,0.71,2,100.0
874.0,173.0,67.8,2383.0,33.8,0.48,7,62.5
80.0,156.0,33.9,1485.0,22.6,0.51,5,49.6
773.0,179.0,33.8,2278.0,22.8,0.77,3,65.1
1034.0,79.0,21.2,1507.0,35.3,0.76,9,68.3
552.0,91.0,42.8,2395.0,17.9,0.55,10,22.1
818.0,251.0,42.1,2402.0,14.1,0.22,7,32.5
837.0,116.0,64.1,823.0,35.6,0.73,5,79.4
474.0,68.0,20.1,796.0,30.7,0.38,10,79.0
948.0,130.0,69.5,281.0,0.9,0.4,4,87.6
573.0,72.0,63.6,272.0,40.2,0.78,8,82.4
807.0,64.0,52.7,1115.0,11.9,0.72,11,61.9
865.0,178.0,47.0,739.0,37.4,0.23,8,86.4
120.0,86.0,47.8,956.0,12.9,0.45,6,28.5
1008.0,257.0,34.0,497.0,25.4,0.23,9,82.6
802.0,300.0,18.9,905.0,38.2,0.7,8,66.4
786.0,259.0,8.3,411.0,4.7,0.74,8,61.8
282.0,296.0,64.8,2042.0,13.3,0.37,11,0.0
375.0,110.0,17.6,436.0,24.2,0.39,9,81.4
1189.0,248.0,29.1,2346.0,33.2,0.31,11,40.9
466.0,106.0,59.1,426.0,26.3,0.27,11,70.1
647.0,17.0,22.8,1992.0,44.3,0.62,4,85.0
93.0,296.0,45.3,551.0,25.8,0.54,7,25.4
875.0,227.0,22.6,569.0,42.9,0.54,11,70.9
406.0,130.0,68.8,1893.0,6.2,0.67,7,24.3
649.0,206.0,59.6,758.0,9.2,0.32,11,36.2
1184.0,222.0,5.3,2186.0,4.4,0.61,1,46.3
1002.0,25.0,34.0,1248.0,10.7,0.8,12,88.4
271.0,176.0,62.0,365.0,15.0,0.19,10,59.2
484.0,103.0,36.5,273.0,24.8,0.73,9,62.3
1139.0,127.0,10.5,2149.0,19.5,0.6,8,57.3
849.0,148.0,38.1,215.0,0.7,0.47,12,73.4
164.0,298.0,57.2,1576.0,8.8,0.45,10,0.0
1020.0,286.0,65.6,2345.0,29.6,0.5,5,51.4
276.0,261.0,55.3,355.0,23.3,0.36,4,62.9
733.0,86.0,7.6,861.0,8.3,0.17,11,87.0
569.0,205.0,51.4,623.0,10.2,0.27,2,45.9
693.0,231.0,35.5,1048.0,43.4,0.55,7,52.0
62.0,203.0,26.4,2276.0,22.8,0.35,4,34.7
735.0,45.0,49.4,1113.0,11.1,0.51,3,81.6
996.0,215.0,60.4,2370.0,26.3,0.19,12,55.0
856.0,206.0,60.9,2092.0,3.5,0.69,12,15.4
459.0,277.0,39.1,2088.0,13.0,0.62,9,1.5
60.0,292.0,46.2,1562.0,25.6,0.31,7,15.4
42.0,63.0,22.4,412.0,28.2,0.38,1,72.9
1053.0,189.0,40.2,1624.0,5.7,0.66,7,40.8
516.0,89.0,30.2,2081.0,10.0,0.4,5,61.4
909.0,197.0,21.9,258.0,4.1,0.41,6,74.1
845.0,200.0,12.2,1207.0,44.9,0.8,2,95.1
876.0,267.0,69.7,473.0,42.5,0.38,4,83.0
163.0,204.0,62.5,1135.0,15.3,0.33,8,2.6
17.0,71.0,70.0,467.0,12.1,0.14,3,68.5
235.0,138.0,66.4,2253.0,46.8,0.52,1,31.6
217.0,291.0,48.2,1506.0,6.4,0.6,6,1.5
784.0,66.0,7.3,2460.0,24.6,0.78,11,72.3
252.0,98.0,47.3,1302.0,35.7,0.38,3,81.1
420.0,293.0,57.4,1674.0,1.2,0.13,7,6.4
1153.0,230.0,40.2,1550.0,30.1,0.64,7,37.3
525.0,171.0,34.9,1688.0,39.3,0.23,1,60.4
1093.0,251.0,65.6,2062.0,24.8,0.4,12,48.4
150.0,103.0,58.0,2491.0,27.7,0.32,2,29.5
299.0,138.0,38.7,1734.0,11.5,0.61,1,33.5
125.0,202.0,19.3,1751.0,1.8,0.27,7,0.0
978.0,15.0,50.6,2466.0,3.8,0.28,1,61.4
685.0,133.0,63.8,2484.0,1.6,0.44,2,23.9
349.0,145.0,8.1,1937.0,14.4,0.71,7,52.3
34.0,212.0,65.2,1553.0,38.6,0.11,1,12.1
523.0,57.0,17.5,748.0,36.9,0.56,10,76.6
667.0,103.0,52.7,781.0,37.0,0.65,2,66.3
549.0,50.0,49.5,1205.0,39.9,0.47,7,77.1
418.0,244.0,61.6,1561.0,9.8,0.56,11,0.0
346.0,182.0,58.0,898.0,21.6,0.19,4,82.5
415.0,235.0,37.7,2071.0,7.4,0.58,12,18.2
114.0,226.0,18.6,747.0,7.7,0.14,6,36.1
1043.0,170.0,68.3,334.0,17.4,0.6,4,81.1
495.0,218.0,32.1,1165.0,24.2,0.62,4,57.7
343.0,233.0,25.0,249.0,6.8,0.58,7,44.9
1162.0,33.0,28.6,2072.0,21.4,0.48,2,92.9
1113.0,288.0,33.3,1263.0,33.6,0.64,7,67.7
1100.0,60.0,23.7,1241.0,27.5,0.66,5,100.0
395.0,12.0,20.1,1208.0,29.3,0.33,1,92.5
454.0,260.0,5.0,1284.0,18.5,0.12,2,55.5
91.0,91.0,17.2,837.0,19.5,0.65,2,32.8
803.0,137.0,47.9,385.0,48.6,0.11,10,91.7
249.0,262.0,25.9,1594.0,40.9,0.55,6,28.0
32.0,112.0,61.0,1424.0,45.7,0.28,11,27.0
913.0,243.0,60.1,1483.0,33.1,0.29,7,54.2
68.0,231.0,13.0,635.0,36.5,0.58,12,51.8
529.0,97.0,7.1,1891.0,39.6,0.68,8,78.5
1119.0,109.0,14.8,1089.0,35.8,0.3,10,92.9
558.0,265.0,51.4,1413.0,19.1,0.32,12,33.0
1089.0,253.0,62.8,523.0,12.3,0.12,10,48.3
990.0,116.0,10.0,2132.0,10.2,0.66,5,79.2
220.0,277.0,38.3,2424.0,15.4,0.29,7,23.2
734.0,232.0,7.8,1593.0,2.3,0.32,6,27.2
490.0,168.0,8.8,2264.0,33.2,0.75,3,75.3
157.0,213.0,25.1,2407.0,47.5,0.62,7,18.3
553.0,74.0,31.4,1440.0,5.9,0.54,3,77.8
167.0,212.0,44.5,1552.0,38.4,0.59,8,12.8
9.0,111.0,36.5,2329.0,14.1,0.55,6,14.5
282.0,30.0,55.4,1703.0,30.7,0.63,4,71.9
844.0,118.0,16.0,2197.0,8.9,0.43,5,57.0
722.0,86.0,19.0,732.0,32.5,0.55,2,95.8
945.0,45.0,35.3,1065.0,11.1,0.31,11,80.9
184.0,210.0,58.9,2422.0,33.2,0.19,6,12.5
598.0,270.0,26.1,1120.0,40.3,0.45,9,42.2
1083.0,230.0,50.3,2345.0,6.2,0.53,5,41.7
678.0,204.0,56.2,337.0,15.2,0.42,2,55.0
1009.0,127.0,68.5,229.0,32.7,0.78,5,99.6
776.0,261.0,39.3,994.0,37.6,0.48,10,45.8
636.0,126.0,61.5,1729.0,41.4,0.23,1,56.9
577.0,280.0,65.8,2033.0,8.1,0.35,5,30.3
436.0,39.0,53.4,1880.0,10.2,0.78,5,54.4
297.0,285.0,13.6,212.0,48.9,0.31,9,69.1
636.0,136.0,66.7,1106.0,6.8,0.68,6,46.7
838.0,298.0,23.0,425.0,42.9,0.28,8,93.8
571.0,180.0,41.8,309.0,20.0,0.5,3,75.8
468.0,68.0,68.3,1783.0,34.9,0.26,1,53.5
164.0,91.0,47.9,453.0,33.1,0.7,7,64.7
934.0,25.0,24.0,659.0,21.6,0.33,3,100.0
905.0,248.0,53.6,1508.0,38.5,0.63,7,38.0
879.0,189.0,52.3,1274.0,24.5,0.47,11,72.3
673.0,188.0,42.6,1742.0,42.3,0.2,1,42.8
1169.0,273.0,32.6,2371.0,23.9,0.37,8,60.0
1169.0,122.0,8.2,2335.0,8.3,0.27,11,60.3
164.0,81.0,14.1,1088.0,43.2,0.36,3,87.4
462.0,215.0,66.5,1802.0,46.5,0.62,10,5.8
905.0,175.0,56.0,493.0,47.7,0.52,4,100.0
637.0,177.0,18.1,1746.0,34.4,0.44,5,76.7
823.0,188.0,54.7,2003.0,32.3,0.49,5,65.9
324.0,169.0,14.8,844.0,10.3,0.76,1,62.0
103.0,154.0,16.8,398.0,35.4,0.31,4,87.4
864.0,90.0,53.1,946.0,15.2,0.73,4,73.0
775.0,84.0,12.4,557.0,2.7,0.77,8,76.8
914.0,268.0,12.7,2317.0,49.7,0.31,2,66.6
764.0,217.0,6.6,1370.0,31.2,0.78,11,59.0
425.0,201.0,52.5,1861.0,12.0,0.19,6,24.1
390.0,11.0,52.5,546.0,48.9,0.1,7,100.0
385.0,37.0,42.1,250.0,26.0,0.3,8,94.6
1011.0,104.0,65.0,1936.0,45.9,0.44,2,56.4
44.0,138.0,35.4,2491.0,27.6,0.4,9,18.3
520.0,295.0,51.4,1129.0,49.0,0.28,10,47.4
436.0,294.0,21.3,508.0,11.3,0.58,6,44.2
274.0,210.0,23.0,412.0,9.5,0.54,12,52.1
758.0,214.0,58.5,560.0,39.0,0.58,11,40.2
324.0,13.0,35.8,2401.0,49.8,0.32,1,77.2
47.0,73.0,53.9,1441.0,12.3,0.25,9,32.4
580.0,44.0,16.5,714.0,6.4,0.49,6,89.8
504.0,253.0,65.2,2465.0,18.8,0.39,1,27.3
914.0,78.0,52.7,1968.0,43.3,0.34,11,57.9
401.0,197.0,60.6,436.0,13.6,0.31,1,54.0
568.0,42.0,30.1,1286.0,7.9,0.19,12,100.0
521.0,197.0,50.6,1792.0,37.5,0.45,1,44.1
683.0,176.0,31.2,2449.0,11.4,0.27,8,48.9
821.0,13.0,46.3,1622.0,30.6,0.44,2,88.0
600.0,289.0,38.6,2480.0,33.5,0.14,3,60.6
794.0,242.0,13.1,566.0,38.0,0.44,4,90.2
1092.0,186.0,44.5,2357.0,28.0,0.1,11,64.8
1034.0,204.0,62.6,981.0,16.9,0.73,7,44.1
472.0,211.0,54.7,801.0,8.5,0.47,12,22.3
746.0,104.0,8.8,1266.0,32.1,0.77,11,73.8
364.0,30.0,21.3,391.0,16.0,0.7,5,95.3
17.0,103.0,41.4,1272.0,11.5,0.25,3,40.6
249.0,213.0,34.2,1349.0,6.1,0.72,10,24.5
463.0,100.0,9.2,414.0,30.3,0.45,6,99.8
105.0,160.0,9.5,701.0,32.9,0.24,4,92.7
1079.0,239.0,67.8,391.0,14.6,0.5,7,69.5
24.0,79.0,35.7,763.0,40.7,0.4,8,62.6
468.0,286.0,43.4,685.0,25.1,0.27,5,58.6
358.0,131.0,34.9,1247.0,44.7,0.74,5,64.7
1012.0,60.0,44.3,362.0,24.1,0.3,2,100.0
998.0,187.0,18.3,2269.0,33.1,0.55,5,75.8
145.0,134.0,65.0,1141.0,26.3,0.13,10,36.4
681.0,244.0,54.4,1566.0,17.6,0.57,10,0.0
446.0,194.0,44.4,1133.0,8.4,0.21,12,37.3
841.0,21.0,25.0,726.0,3.9,0.72,8,86.7
958.0,173.0,10.3,511.0,12.9,0.62,11,78.6
50.0,255.0,50.8,359.0,25.1,0.51,7,41.7
36.0,258.0,67.5,759.0,12.9,0.69,9,1.1
311.0,124.0,14.6,880.0,12.7,0.16,9,60.7
352.0,261.0,21.5,2437.0,12.6,0.69,1,14.2
109.0,230.0,34.5,351.0,9.1,0.19,8,51.2
134.0,295.0,56.7,344.0,5.1,0.63,4,37.1
744.0,87.0,29.3,351.0,39.9,0.51,8,98.3
344.0,159.0,34.8,2296.0,14.4,0.52,6,23.0
115.0,181.0,28.1,415.0,20.3,0.15,3,83.0
71.0,32.0,25.0,1504.0,10.4,0.77,11,35.6
999.0,199.0,68.9,255.0,40.2,0.38,11,83.7
280.0,290.0,40.9,805.0,16.5,0.41,5,34.4
190.0,170.0,45.9,2225.0,24.9,0.73,11,15.9
417.0,212.0,14.5,1754.0,36.4,0.14,6,66.1
228.0,271.0,28.4,870.0,4.5,0.37,9,18.3
707.0,146.0,9.9,1449.0,13.4,0.59,6,77.7
1069.0,120.0,7.4,1116.0,41.6,0.73,5,100.0
765.0,215.0,47.3,1346.0,36.4,0.52,3,60.6
739.0,251.0,66.6,2332.0,18.6,0.49,8,19.4
675.0,242.0,11.9,2068.0,37.4,0.21,4,68.3
733.0,68.0,21.2,1563.0,26.3,0.43,6,67.1
433.0,243.0,16.6,2062.0,22.2,0.11,7,37.9
1159.0,245.0,18.1,2189.0,28.9,0.2,6,56.8
198.0,251.0,62.3,468.0,4.0,0.26,12,12.4
482.0,57.0,37.6,1917.0,33.8,0.52,2,52.0
942.0,158.0,53.7,2458.0,38.9,0.37,8,67.9
262.0,212.0,16.9,1269.0,13.9,0.49,11,26.9
52.0,92.0,36.1,925.0,36.1,0.31,11,55.4
57.0,292.0,50.1,2010.0,21.1,0.53,9,0.0
229.0,201.0,28.4,753.0,7.5,0.14,8,47.3
133.0,14.0,56.2,596.0,31.2,0.73,11,60.3
615.0,104.0,38.4,2468.0,10.4,0.15,2,49.5
648.0,298.0,23.5,915.0,1.6,0.45,2,36.3
383.0,124.0,67.3,795.0,2.7,0.36,8,41.6
333.0,246.0,32.7,333.0,12.3,0.4,6,59.2
732.0,151.0,51.0,206.0,17.6,0.2,1,65.3
324.0,57.0,66.2,346.0,29.6,0.33,3,87.6
614.0,135.0,35.8,2227.0,29.5,0.32,10,57.2
12.0,275.0,49.8,1778.0,47.2,0.47,1,4.7
245.0,122.0,8.1,1114.0,10.5,0.63,12,58.4
496.0,174.0,54.9,2093.0,7.7,0.55,9,15.5
234.0,249.0,37.3,2190.0,47.9,0.28,7,39.8
178.0,29.0,21.8,2397.0,0.5,0.51,5,40.2
422.0,64.0,67.5,1087.0,45.7,0.1,11,65.0
792.0,107.0,56.4,1055.0,38.4,0.26,10,58.8
92.0,42.0,29.2,910.0,7.9,0.11,2,69.1
798.0,239.0,60.0,2125.0,24.0,0.19,3,59.1
521.0,40.0,33.8,567.0,41.0,0.34,8,100.0
225.0,87.0,27.8,1515.0,31.3,0.28,6,60.5
1058.0,197.0,12.3,782.0,41.4,0.43,10,99.0
88.0,30.0,63.4,1001.0,14.2,0.71,3,54.0
277.0,213.0,10.1,1960.0,7.7,0.2,11,22.8
283.0,137.0,10.9,953.0,32.0,0.14,5,100.0
1095.0,37.0,27.4,2277.0,13.1,0.43,5,86.9
405.0,300.0,23.5,381.0,4.5,0.12,1,50.8
879.0,115.0,56.2,365.0,13.5,0.4,7,72.3
187.0,201.0,6.0,1245.0,44.0,0.17,3,68.7
9.0,60.0,60.8,876.0,24.2,0.52,11,36.8
228.0,159.0,32.1,1005.0,17.9,0.42,5,61.6
538.0,276.0,14.4,791.0,7.2,0.61,11,53.3
99.0,281.0,43.1,853.0,35.4,0.66,10,8.9
924.0,245.0,47.8,970.0,1.8,0.51,7,31.0
195.0,194.0,62.9,2010.0,10.0,0.71,6,7.6
696.0,279.0,27.9,2149.0,24.0,0.67,4,46.3
371.0,60.0,19.4,867.0,43.5,0.78,2,62.5
745.0,248.0,20.1,1678.0,16.4,0.29,10,13.4
520.0,29.0,10.7,2059.0,23.4,0.23,6,98.0
163.0,290.0,42.7,1676.0,14.3,0.31,9,0.0
960.0,185.0,14.5,1924.0,29.2,0.25,8,89.5
237.0,295.0,11.3,1610.0,41.6,0.22,4,63.5
473.0,189.0,39.2,2146.0,19.2,0.76,10,12.8
725.0,130.0,7.5,580.0,41.9,0.73,5,100.0
73.0,68.0,22.6,2093.0,25.9,0.36,5,62.5
414.0,153.0,56.2,2400.0,13.3,0.53,9,7.4
28.0,277.0,56.4,999.0,21.4,0.12,1,34.6
60.0,258.0,23.7,1056.0,26.7,0.38,3,42.3
490.0,86.0,55.2,205.0,19.6,0.79,11,58.9
412.0,46.0,19.7,1457.0,10.9,0.3,6,70.7
423.0,35.0,19.8,1848.0,45.9,0.7,3,73.4
932.0,80.0,47.5,532.0,16.8,0.3,2,79.2
1165.0,115.0,26.8,1631.0,34.7,0.62,5,69.1
260.0,64.0,47.6,1920.0,8.7,0.2,4,52.0
161.0,14.0,30.5,817.0,16.1,0.36,4,70.8
900.0,96.0,21.8,2439.0,47.9,0.48,8,83.0
230.0,114.0,18.7,1249.0,12.9,0.38,1,47.5
199.0,111.0,25.5,576.0,32.6,0.18,3,73.2
866.0,198.0,34.5,2201.0,35.4,0.73,11,52.3
339.0,63.0,40.5,244.0,22.9,0.72,3,87.0
590.0,95.0,14.8,1635.0,2.7,0.49,8,67.2
453.0,202.0,67.7,1853.0,31.9,0.14,7,29.4
767.0,119.0,6.8,1006.0,38.7,0.64,3,94.9
492.0,290.0,45.6,894.0,10.6,0.52,2,12.9
404.0,238.0,60.9,1585.0,16.7,0.28,2,2.8
376.0,33.0,18.3,960.0,24.4,0.66,9,73.0
1112.0,106.0,10.8,624.0,17.7,0.41,10,80.2
86.0,39.0,36.0,981.0,8.0,0.4,3,67.3
1000.0,243.0,18.3,597.0,44.9,0.2,12,73.0
415.0,197.0,13.9,860.0,5.6,0.67,4,68.7
96.0,130.0,16.3,938.0,8.2,0.21,10,21.8
152.0,133.0,50.2,1489.0,6.5,0.14,9,18.1
1171.0,171.0,45.5,428.0,32.4,0.5,4,100.0
875.0,107.0,34.0,1696.0,42.8,0.77,8,68.0
529.0,35.0,9.1,320.0,10.4,0.28,9,100.0
81.0,166.0,48.6,1498.0,1.1,0.64,6,12.5
925.0,200.0,33.5,1240.0,43.2,0.5,4,93.6
83.0,32.0,59.1,1366.0,1.2,0.35,12,39.1
927.0,135.0,7.9,1881.0,29.3,0.64,9,68.9
21.0,276.0,26.1,1266.0,29.2,0.75,6,30.4
703.0,222.0,53.2,934.0,11.5,0.57,6,32.3
686.0,178.0,44.9,1990.0,7.6,0.56,7,36.8
1181.0,96.0,15.1,781.0,9.4,0.1,7,95.4
301.0,86.0,63.8,2173.0,6.7,0.3,2,40.3
939.0,209.0,19.3,1598.0,33.8,0.29,12,61.4
287.0,125.0,35.3,1863.0,32.3,0.37,1,57.7
268.0,263.0,8.6,1056.0,25.4,0.11,11,60.1
771.0,60.0,45.5,2204.0,43.6,0.13,3,87.4
192.0,267.0,35.9,1620.0,42.3,0.51,9,0.7
951.0,249.0,30.5,266.0,26.2,0.76,10,77.3
966.0,15.0,12.3,227.0,22.6,0.45,7,100.0
1015.0,45.0,60.9,1033.0,23.9,0.27,12,100.0
203.0,259.0,31.3,653.0,14.3,0.32,12,48.8
552.0,161.0,23.3,2352.0,23.9,0.63,11,48.9
817.0,197.0,8.7,642.0,38.4,0.39,3,100.0
1142.0,205.0,59.6,650.0,9.3,0.16,1,70.2
414.0,133.0,14.9,2296.0,26.4,0.28,11,58.4
636.0,145.0,13.6,392.0,13.1,0.5,3,99.2
611.0,59.0,5.2,1402.0,43.8,0.58,2,91.6
1022.0,95.0,63.3,836.0,23.9,0.31,7,87.4
729.0,259.0,66.6,1035.0,22.4,0.47,7,46.5
538.0,178.0,22.5,1249.0,30.3,0.58,2,64.8
632.0,287.0,60.8,2188.0,20.8,0.38,3,46.9
595.0,171.0,18.9,246.0,18.4,0.35,6,72.8
258.0,227.0,11.4,1169.0,11.2,0.69,12,44.3
1056.0,15.0,50.1,2049.0,32.0,0.28,7,84.4
95.0,253.0,45.1,1830.0,17.1,0.2,3,11.8
618.0,19.0,33.2,353.0,2.1,0.35,8,98.7
64.0,227.0,15.9,335.0,1.7,0.52,6,19.9
936.0,231.0,59.7,1543.0,43.9,0.59,4,42.5
149.0,299.0,40.5,1124.0,25.6,0.45,7,25.0
1076.0,32.0,6.1,862.0,41.1,0.29,3,100.0
884.0,110.0,45.4,2129.0,32.4,0.36,11,48.9
1123.0,170.0,32.8,1052.0,44.4,0.38,3,99.7
637.0,202.0,66.7,1459.0,50.0,0.14,11,46.5
1006.0,94.0,20.0,902.0,36.2,0.68,4,100.0
210.0,168.0,14.6,2463.0,37.9,0.14,11,63.6
882.0,143.0,47.2,571.0,34.4,0.35,6,78.7
162.0,215.0,66.6,2060.0,5.5,0.62,10,0.0
55.0,152.0,47.6,745.0,19.3,0.78,11,26.2
795.0,106.0,59.2,338.0,39.3,0.43,6,83.1
538.0,290.0,10.0,1564.0,15.1,0.43,3,54.1
581.0,131.0,33.3,2036.0,23.1,0.79,5,68.2
795.0,256.0,55.7,499.0,30.9,0.42,1,75.6
635.0,98.0,35.0,2413.0,43.3,0.39,5,77.8
795.0,49.0,51.4,2027.0,9.3,0.4,6,57.5
208.0,215.0,40.8,498.0,22.1,0.15,8,76.3
792.0,226.0,58.0,942.0,3.3,0.38,11,18.1
526.0,221.0,43.1,422.0,43.1,0.68,3,77.3
46.0,229.0,5.4,1688.0,17.2,0.36,8,21.2
907.0,143.0,34.9,981.0,13.3,0.65,9,61.0
710.0,21.0,67.3,1318.0,41.1,0.23,6,84.4
590.0,139.0,67.5,1335.0,18.1,0.6,1,40.2
1078.0,163.0,10.9,939.0,49.8,0.67,11,80.3
580.0,139.0,66.1,1527.0,3.3,0.7,2,13.8
573.0,53.0,63.5,2461.0,46.5,0.78,9,52.8
513.0,150.0,53.6,1581.0,7.4,0.44,2,37.8
964.0,246.0,68.3,1089.0,41.9,0.13,6,72.0
780.0,172.0,36.5,2428.0,21.6,0.71,2,49.8
888.0,52.0,52.0,1493.0,46.2,0.35,5,98.8
40.0,76.0,39.4,2328.0,11.0,0.2,8,27.8
731.0,249.0,22.8,205.0,34.2,0.77,10,66.0
649.0,43.0,69.7,1000.0,14.7,0.68,8,68.0
832.0,255.0,7.2,866.0,13.4,0.63,2,61.4
389.0,292.0,32.4,1630.0,45.3,0.57,5,38.8
357.0,49.0,50.9,2375.0,19.4,0.46,5,60.2
829.0,43.0,41.1,411.0,42.3,0.5,4,100.0
718.0,11.0,11.1,863.0,14.8,0.18,1,100.0
968.0,231.0,20.5,616.0,45.0,0.39,5,89.5
685.0,124.0,21.1,549.0,11.8,0.24,1,71.1
585.0,26.0,66.6,593.0,25.1,0.39,12,93.6
580.0,37.0,47.0,1916.0,23.5,0.16,8,89.9
625.0,249.0,8.1,395.0,49.7,0.5,11,91.0
182.0,67.0,49.9,239.0,28.9,0.15,1,74.3
1057.0,79.0,11.9,256.0,45.2,0.27,9,100.0
49.0,254.0,25.6,1021.0,20.2,0.13,10,27.5
554.0,217.0,33.8,622.0,37.2,0.52,11,62.7
1106.0,239.0,31.7,1548.0,43.4,0.73,3,57.7
968.0,139.0,12.3,1742.0,1.6,0.45,9,49.6
23.0,118.0,39.8,2362.0,27.9,0.69,3,35.6
242.0,296.0,30.2,1708.0,27.6,0.37,1,29.1
494.0,291.0,26.2,452.0,23.4,0.62,11,57.0
505.0,128.0,69.4,2289.0,15.4,0.23,1,40.9
1009.0,205.0,19.7,479.0,45.5,0.48,7,95.9
633.0,174.0,37.0,855.0,34.2,0.44,3,83.2
583.0,23.0,23.1,1997.0,22.6,0.44,8,80.6
746.0,192.0,45.3,826.0,45.9,0.68,1,64.9
555.0,280.0,48.8,325.0,33.8,0.35,5,73.4
1128.0,194.0,62.5,1755.0,8.9,0.32,1,41.3
1173.0,218.0,69.6,1337.0,43.1,0.36,12,67.2
855.0,196.0,51.8,2047.0,32.8,0.38,12,67.4
264.0,67.0,35.2,933.0,31.0,0.69,3,73.8
191.0,96.0,6.7,341.0,41.6,0.51,6,89.0
976.0,220.0,35.6,1412.0,36.1,0.44,4,77.4
876.0,16.0,16.6,523.0,19.5,0.64,10,83.5
651.0,12.0,17.5,2194.0,21.3,0.62,5,89.4
467.0,96.0,15.1,1961.0,32.5,0.49,12,60.4
489.0,80.0,36.3,1281.0,27.0,0.22,3,83.5
992.0,275.0,52.9,1838.0,31.7,0.68,8,45.1
487.0,38.0,57.8,2423.0,34.5,0.25,12,67.2
1014.0,205.0,58.2,751.0,6.7,0.56,5,54.6
206.0,79.0,19.8,325.0,10.9,0.21,9,69.5
1153.0,41.0,48.9,1885.0,41.2,0.65,3,96.7
458.0,23.0,34.8,2242.0,5.7,0.42,10,56.7
248.0,184.0,34.2,1162.0,31.6,0.45,8,62.8
130.0,271.0,6.1,1647.0,17.5,0.67,11,4.9
1115.0,138.0,23.5,1005.0,10.0,0.7,3,82.6
762.0,297.0,60.2,1952.0,49.3,0.23,1,39.4
410.0,229.0,35.9,1210.0,39.6,0.63,4,58.2
1099.0,102.0,11.1,2484.0,20.5,0.49,10,70.1
953.0,282.0,31.5,942.0,34.2,0.71,9,48.2
1134.0,120.0,21.8,610.0,5.2,0.22,3,87.2
1128.0,273.0,55.6,1689.0,13.6,0.43,10,24.3
141.0,184.0,69.9,2042.0,31.6,0.18,4,41.6
1189.0,284.0,50.7,922.0,36.6,0.55,3,65.0
877.0,181.0,51.5,1863.0,27.7,0.27,7,58.5
560.0,256.0,12.9,937.0,14.7,0.36,4,76.0
594.0,124.0,65.8,2019.0,12.7,0.11,6,51.6
918.0,228.0,58.9,2264.0,25.8,0.54,8,47.6
1081.0,145.0,32.3,674.0,33.1,0.28,6,96.1
972.0,158.0,29.1,508.0,33.1,0.31,10,78.0
569.0,21.0,18.9,2350.0,2.8,0.24,10,56.8
528.0,195.0,19.6,2044.0,42.9,0.25,10,46.1
539.0,109.0,52.3,1931.0,11.4,0.7,11,14.1
193.0,63.0,52.0,1182.0,6.5,0.38,12,35.7
1133.0,172.0,38.6,1401.0,32.9,0.4,5,100.0
451.0,274.0,40.8,391.0,35.4,0.38,4,66.7
454.0,150.0,68.0,404.0,31.8,0.4,6,82.7
2.0,29.0,14.8,2094.0,38.3,0.48,7,70.1
400.0,297.0,43.8,645.0,9.6,0.56,6,36.7
94.0,236.0,36.7,1780.0,22.9,0.23,3,27.5
180.0,135.0,21.9,2208.0,17.0,0.75,12,10.1
516.0,263.0,18.1,333.0,20.9,0.39,9,71.4
834.0,173.0,38.8,1525.0,24.9,0.53,1,57.3
994.0,31.0,31.1,959.0,17.2,0.11,10,100.0
1142.0,24.0,20.2,1811.0,25.8,0.17,4,100.0
960.0,128.0,62.0,332.0,11.4,0.79,9,58.8
404.0,60.0,51.6,790.0,21.0,0.25,10,61.8
697.0,260.0,21.4,1072.0,48.6,0.2,1,53.9
1090.0,268.0,24.5,776.0,46.5,0.39,9,66.0
1006.0,181.0,46.0,1137.0,29.2,0.71,1,65.4
896.0,128.0,29.4,222.0,20.7,0.77,8,96.7
1060.0,226.0,24.3,895.0,8.8,0.56,2,53.0
135.0,184.0,29.6,689.0,38.3,0.48,5,69.2
183.0,286.0,21.7,1576.0,31.3,0.15,8,36.6
64.0,96.0,47.9,490.0,25.1,0.33,9,65.1
750.0,131.0,50.6,2396.0,17.2,0.7,4,39.7
1118.0,87.0,23.5,1429.0,27.6,0.51,10,85.0
608.0,56.0,57.3,1358.0,48.5,0.45,7,67.8
190.0,13.0,68.7,1593.0,17.3,0.72,11,23.3
1035.0,261.0,62.9,2194.0,8.4,0.38,7,35.9
382.0,158.0,44.4,1082.0,22.7,0.37,11,44.8
1047.0,297.0,27.8,989.0,36.1,0.46,7,62.3
155.0,123.0,27.8,2413.0,41.7,0.17,11,31.9
955.0,14.0,64.1,933.0,38.6,0.63,6,87.6
309.0,109.0,40.7,1644.0,46.8,0.64,10,30.1
404.0,138.0,61.3,1267.0,20.6,0.5,6,56.2
380.0,160.0,55.0,210.0,31.0,0.35,4,84.6
123.0,145.0,50.9,689.0,19.2,0.56,2,31.1
52.0,99.0,16.3,2057.0,38.9,0.1,10,50.8
166.0,218.0,17.9,974.0,39.6,0.1,1,47.9
849.0,285.0,68.0,410.0,17.1,0.21,8,64.7
885.0,118.0,48.5,1134.0,5.9,0.31,2,66.7
273.0,223.0,28.6,389.0,28.3,0.15,1,82.8
194.0,96.0,26.8,1760.0,11.9,0.48,5,47.1
482.0,133.0,65.3,2141.0,24.0,0.56,1,39.7
930.0,49.0,62.3,1797.0,18.2,0.2,12,64.4
564.0,108.0,16.3,1658.0,4.8,0.6,7,34.9
1052.0,165.0,7.9,1021.0,8.6,0.71,4,96.2
477.0,171.0,13.9,665.0,4.2,0.3,3,75.3
112.0,23.0,63.6,2169.0,28.7,0.4,8,48.8
319.0,116.0,68.1,284.0,14.3,0.22,1,64.3
484.0,291.0,69.6,1144.0,22.8,0.21,4,53.3
112.0,216.0,48.2,746.0,16.2,0.28,9,15.3
881.0,180.0,30.0,356.0,45.7,0.49,9,92.5
429.0,177.0,36.0,871.0,44.1,0.57,10,57.6
692.0,172.0,25.5,536.0,48.9,0.25,6,86.7
425.0,148.0,60.8,2451.0,39.3,0.73,1,29.7
801.0,42.0,55.6,1190.0,43.7,0.3,9,85.3
1109.0,69.0,55.3,2385.0,15.5,0.14,7,65.6
799.0,132.0,51.4,562.0,5.0,0.22,11,54.4
876.0,176.0,31.4,1907.0,39.1,0.29,3,76.0
430.0,160.0,15.2,2148.0,40.2,0.57,5,55.9
291.0,250.0,62.4,431.0,46.3,0.77,6,58.3
847.0,172.0,52.8,2242.0,39.1,0.55,12,56.8
1134.0,230.0,65.6,527.0,30.3,0.63,11,55.3
583.0,296.0,43.7,368.0,8.7,0.23,8,60.9
13.0,139.0,48.7,478.0,38.3,0.13,3,86.8
1029.0,238.0,56.6,2482.0,2.6,0.41,11,12.6
1096.0,148.0,45.7,2273.0,15.1,0.2,6,51.7
882.0,237.0,22.1,2357.0,16.0,0.32,10,32.5
164.0,272.0,24.3,1502.0,30.1,0.74,5,19.2
408.0,191.0,12.2,2210.0,22.3,0.17,3,90.2
1105.0,266.0,23.3,1538.0,9.6,0.35,3,50.2
167.0,203.0,17.6,2065.0,44.3,0.25,12,16.7
582.0,211.0,34.9,827.0,39.2,0.42,11,45.4
939.0,246.0,40.6,935.0,25.4,0.46,6,65.8
256.0,32.0,49.1,415.0,11.7,0.65,2,72.8
845.0,143.0,44.6,826.0,24.2,0.27,7,76.0
778.0,58.0,36.4,1588.0,26.0,0.47,1,70.8
556.0,142.0,56.3,1538.0,5.1,0.65,2,33.7
627.0,189.0,41.5,2027.0,21.8,0.12,4,74.5
1027.0,169.0,63.3,857.0,16.1,0.28,7,57.5
975.0,94.0,45.3,1129.0,13.5,0.62,11,58.5
87.0,21.0,66.9,1286.0,16.3,0.34,11,33.0
179.0,271.0,22.7,1084.0,15.2,0.66,11,12.0
494.0,166.0,39.7,1341.0,47.1,0.34,9,50.9
381.0,230.0,27.1,2276.0,39.3,0.76,10,12.2
245.0,286.0,27.6,1413.0,35.2,0.6,10,29.3
498.0,300.0,34.1,2294.0,22.1,0.71,5,32.1
707.0,36.0,37.0,1713.0,21.9,0.5,12,92.1
180.0,34.0,12.8,1695.0,3.0,0.17,12,53.2
860.0,188.0,19.6,1991.0,34.8,0.39,10,66.5
467.0,106.0,38.8,1969.0,10.0,0.4,11,23.5
51.0,188.0,24.5,595.0,20.1,0.38,7,61.6
763.0,38.0,5.8,511.0,22.3,0.77,1,100.0
433.0,248.0,47.6,2033.0,21.8,0.25,2,20.4
471.0,54.0,38.5,2409.0,28.4,0.62,10,43.2
715.0,211.0,27.3,749.0,6.8,0.72,6,43.7
508.0,63.0,47.1,1242.0,13.6,0.52,6,55.8
179.0,11.0,31.0,994.0,17.7,0.33,6,60.5
34.0,199.0,39.2,1376.0,18.6,0.55,4,33.9
43.0,74.0,44.7,295.0,13.6,0.71,7,48.0
104.0,87.0,69.5,1669.0,39.1,0.26,6,35.9
255.0,93.0,33.4,523.0,28.0,0.48,5,94.9
366.0,79.0,44.6,1907.0,13.5,0.59,1,23.5
529.0,59.0,17.7,2406.0,5.1,0.77,10,41.3
372.0,19.0,53.6,2062.0,10.7,0.48,11,39.7
1003.0,262.0,6.2,439.0,13.2,0.37,10,82.2
238.0,117.0,62.5,254.0,11.6,0.75,6,53.3
842.0,240.0,26.2,2375.0,1.1,0.59,1,18.5
253.0,70.0,49.3,1054.0,39.7,0.13,9,58.0
445.0,182.0,41.1,2176.0,19.0,0.73,6,15.0
1060.0,194.0,67.0,2056.0,41.6,0.67,10,48.8
377.0,291.0,8.5,962.0,43.7,0.53,7,65.0
867.0,27.0,36.1,1217.0,46.7,0.14,5,100.0
621.0,94.0,19.6,2398.0,3.4,0.43,7,42.5
157.0,137.0,34.5,2448.0,27.7,0.35,11,26.1
31.0,100.0,40.0,2251.0,12.5,0.64,7,21.1
1162.0,130.0,18.5,2092.0,42.7,0.79,11,55.5
628.0,90.0,42.1,2423.0,18.6,0.39,1,40.5
618.0,66.0,59.8,343.0,24.5,0.69,6,97.1
747.0,162.0,30.2,1956.0,26.6,0.75,9,45.4
792.0,167.0,27.3,781.0,6.8,0.73,1,68.5
1126.0,74.0,64.0,318.0,10.6,0.74,1,79.5
952.0,185.0,5.8,1320.0,10.5,0.55,5,83.5
809.0,78.0,47.9,2215.0,14.4,0.61,12,45.9
1001.0,89.0,62.5,2350.0,31.7,0.24,4,77.6
801.0,55.0,60.1,1334.0,29.5,0.79,11,64.1
802.0,266.0,48.5,436.0,40.0,0.4,4,89.2
1003.0,238.0,7.3,2364.0,13.5,0.56,6,51.0
1087.0,142.0,33.3,1372.0,17.4,0.53,6,61.5
691.0,232.0,59.8,353.0,46.0,0.25,2,66.4
154.0,235.0,62.4,1467.0,45.1,0.57,10,15.3
188.0,58.0,27.1,1561.0,4.2,0.34,9,8.8
872.0,30.0,5.5,2477.0,50.0,0.64,6,100.0
262.0,235.0,16.8,2138.0,26.6,0.61,6,35.4
706.0,211.0,14.1,968.0,16.4,0.77,12,61.9
561.0,16.0,6.7,582.0,34.9,0.78,1,100.0
1006.0,230.0,26.0,1896.0,4.7,0.53,10,12.2
274.0,141.0,57.3,220.0,35.4,0.51,2,64.8
648.0,194.0,39.3,224.0,18.0,0.58,12,72.6
876.0,42.0,60.8,275.0,7.7,0.78,3,100.0
714.0,230.0,9.9,966.0,5.4,0.52,3,61.9
53.0,227.0,36.8,648.0,40.7,0.36,2,41.0
730.0,201.0,64.0,1510.0,13.6,0.38,7,21.3
609.0,109.0,12.5,1521.0,36.4,0.21,4,84.9
502.0,134.0,57.2,2486.0,41.2,0.4,3,54.2
707.0,188.0,27.2,2022.0,27.1,0.65,4,63.4
717.0,109.0,17.2,1574.0,41.9,0.4,6,53.3
333.0,140.0,5.9,568.0,38.2,0.36,6,95.3
1136.0,17.0,39.0,817.0,5.8,0.51,8,83.2
239.0,47.0,58.0,792.0,21.4,0.51,5,100.0
437.0,102.0,51.2,2251.0,29.6,0.73,11,17.6
1092.0,52.0,12.0,1476.0,24.8,0.46,7,100.0
95.0,165.0,5.6,1778.0,27.5,0.69,3,60.0
1128.0,30.0,36.2,1805.0,30.8,0.5,4,100.0
1059.0,48.0,10.0,1768.0,41.7,0.76,3,100.0
857.0,247.0,62.4,1103.0,2.8,0.45,10,22.9
268.0,93.0,49.3,1785.0,9.4,0.2,3,45.1
454.0,281.0,67.6,2151.0,9.9,0.58,4,13.1
1159.0,163.0,58.7,1932.0,32.9,0.34,4,77.5
1195.0,149.0,54.3,1402.0,19.1,0.66,5,67.8
233.0,270.0,21.4,456.0,34.4,0.55,12,61.7
302.0,119.0,30.6,1627.0,25.4,0.61,9,35.3
843.0,105.0,11.7,1754.0,14.3,0.24,5,79.1
857.0,150.0,42.7,1439.0,3.7,0.42,1,52.2
1001.0,277.0,13.2,813.0,42.3,0.16,11,79.9
298.0,179.0,55.8,2140.0,47.0,0.2,9,23.2
29.0,240.0,58.5,760.0,28.7,0.16,10,41.5
231.0,176.0,20.8,1359.0,11.6,0.55,10,38.0
135.0,44.0,38.1,1144.0,41.5,0.7,10,57.2
843.0,143.0,31.6,540.0,32.2,0.25,11,77.1
30.0,197.0,10.2,1550.0,37.0,0.76,8,52.4
382.0,197.0,43.6,1131.0,16.6,0.31,8,42.3
449.0,82.0,19.4,2079.0,0.8,0.49,11,28.3
358.0,165.0,62.8,1218.0,28.4,0.26,5,60.8
346.0,111.0,46.2,469.0,25.3,0.6,8,71.2
543.0,266.0,50.9,2313.0,42.0,0.38,11,33.0
306.0,256.0,10.9,2137.0,33.5,0.79,11,38.4
847.0,110.0,64.0,1511.0,21.5,0.77,2,48.5
970.0,261.0,35.8,271.0,25.1,0.13,2,100.0
371.0,84.0,61.1,974.0,31.1,0.57,12,59.9
64.0,154.0,11.3,1142.0,33.0,0.61,12,58.7
223.0,31.0,41.0,1439.0,6.8,0.43,2,60.1
680.0,231.0,59.8,1063.0,43.8,0.71,5,49.5
668.0,213.0,35.7,2458.0,21.9,0.15,9,40.0
220.0,114.0,25.9,247.0,5.3,0.77,11,49.7
821.0,269.0,10.5,2137.0,48.1,0.12,4,82.2
485.0,267.0,24.2,266.0,21.9,0.49,11,65.5
214.0,240.0,67.4,2142.0,45.9,0.42,1,31.9
232.0,47.0,33.5,1432.0,19.5,0.6,7,72.6
116.0,233.0,47.6,832.0,10.6,0.12,7,26.3
931.0,202.0,62.9,1467.0,46.5,0.45,9,47.3
1062.0,43.0,60.8,1553.0,28.7,0.54,9,74.6
1093.0,161.0,5.7,2328.0,11.6,0.58,6,70.1
886.0,25.0,14.3,1546.0,49.6,0.4,3,100.0
648.0,23.0,50.6,2122.0,2.9,0.45,3,58.4
572.0,62.0,51.4,2145.0,8.0,0.13,5,64.2
1115.0,15.0,13.8,2447.0,10.9,0.22,2,93.0
662.0,287.0,58.2,2490.0,25.3,0.21,6,28.5
477.0,21.0,9.0,2384.0,49.1,0.73,11,67.5
136.0,96.0,18.8,801.0,50.0,0.28,3,62.7
705.0,160.0,32.5,678.0,7.0,0.37,11,61.6
126.0,148.0,50.2,982.0,12.7,0.71,8,12.7
264.0,11.0,14.3,712.0,21.8,0.4,11,100.0
44.0,241.0,53.6,1027.0,30.6,0.39,7,20.1
1061.0,61.0,38.6,365.0,42.6,0.6,10,100.0
1110.0,231.0,42.9,250.0,28.7,0.48,9,73.2
307.0,270.0,49.4,774.0,22.8,0.49,4,62.3
569.0,284.0,69.2,1947.0,15.7,0.17,2,22.2
362.0,216.0,42.9,1096.0,46.1,0.31,8,39.0
471.0,267.0,52.9,788.0,7.3,0.34,12,32.9
320.0,225.0,57.8,2234.0,25.1,0.22,12,31.3
529.0,202.0,40.2,706.0,38.3,0.77,5,60.9
325.0,207.0,41.1,1186.0,10.3,0.63,1,14.5
916.0,86.0,14.5,2183.0,2.7,0.43,11,66.9
678.0,46.0,21.9,2144.0,29.8,0.26,11,73.8
1067.0,119.0,46.2,1437.0,3.6,0.69,2,48.8
757.0,204.0,16.2,1194.0,33.7,0.36,7,53.2
564.0,228.0,51.5,2084.0,29.2,0.65,2,37.3
62.0,43.0,55.9,1433.0,46.2,0.22,8,67.2
1177.0,153.0,31.4,1617.0,43.2,0.21,10,56.3
2.0,193.0,20.2,686.0,4.7,0.25,2,29.0
1145.0,273.0,10.6,2140.0,24.7,0.34,6,64.7
1193.0,179.0,59.0,1513.0,27.3,0.61,2,54.0
753.0,294.0,51.7,1762.0,14.1,0.71,7,13.3
611.0,198.0,42.6,926.0,36.7,0.27,7,64.5
687.0,60.0,40.0,1620.0,27.3,0.4,6,62.2
992.0,18.0,52.1,1526.0,7.0,0.63,5,82.1
207.0,271.0,57.6,948.0,28.8,0.31,10,36.3
960.0,298.0,52.2,776.0,21.8,0.79,3,75.7
941.0,238.0,7.6,617.0,39.4,0.25,1,98.2
263.0,80.0,39.4,951.0,34.8,0.16,4,92.5
274.0,170.0,61.6,1851.0,27.4,0.7,5,40.8
148.0,70.0,29.8,983.0,40.5,0.34,3,70.3
53.0,67.0,18.4,579.0,17.3,0.54,12,43.7
1097.0,83.0,47.2,2411.0,14.0,0.61,5,56.7
834.0,39.0,56.2,229.0,22.2,0.7,1,100.0
1089.0,234.0,14.9,1038.0,49.9,0.46,12,85.4
38.0,281.0,26.6,723.0,2.7,0.6,5,24.1
439.0,270.0,28.1,691.0,48.3,0.65,2,52.6
380.0,293.0,59.9,1346.0,9.1,0.53,11,8.5
787.0,164.0,63.7,547.0,41.1,0.29,12,78.3
316.0,53.0,23.7,1199.0,44.6,0.53,9,54.6
1155.0,176.0,44.2,529.0,28.1,0.31,4,100.0
700.0,211.0,16.8,498.0,47.7,0.62,11,72.6
420.0,296.0,65.0,1554.0,9.4,0.75,12,10.4
203.0,98.0,22.6,802.0,0.6,0.57,9,31.3
416.0,47.0,18.0,2111.0,44.7,0.76,11,59.5
406.0,118.0,19.8,2205.0,3.5,0.7,4,36.8
76.0,76.0,18.6,1334.0,37.3,0.3,12,58.3
460.0,13.0,11.1,656.0,6.1,0.29,10,93.8
272.0,27.0,68.7,1785.0,25.6,0.64,12,57.1
605.0,227.0,30.8,1962.0,48.3,0.79,12,41.8
1194.0,61.0,13.0,985.0,34.8,0.8,1,100.0
417.0,233.0,10.4,1572.0,41.7,0.47,7,46.7
805.0,189.0,40.0,1235.0,38.6,0.23,6,85.6
1060.0,298.0,46.1,2091.0,25.7,0.25,4,59.3
744.0,84.0,8.5,1140.0,42.6,0.3,9,93.0
374.0,79.0,18.7,2443.0,4.3,0.61,8,30.4
329.0,292.0,13.4,1836.0,37.6,0.12,3,70.3
809.0,33.0,61.1,943.0,27.7,0.73,5,100.0
33.0,223.0,49.7,1759.0,16.7,0.31,9,0.0
207.0,102.0,5.7,1153.0,30.2,0.15,3,97.8
601.0,187.0,34.0,276.0,49.0,0.24,5,99.9
425.0,290.0,19.4,764.0,9.5,0.12,10,51.5
667.0,185.0,40.0,1385.0,35.1,0.78,4,85.3
343.0,12.0,58.7,2422.0,19.1,0.38,11,47.9
204.0,123.0,26.6,1688.0,37.5,0.15,12,54.1
1084.0,145.0,48.8,524.0,4.7,0.69,10,50.6
26.0,214.0,64.8,1633.0,29.1,0.18,5,25.3
1018.0,202.0,35.5,1018.0,21.1,0.42,5,72.4
1016.0,136.0,67.8,2173.0,7.6,0.53,8,45.5
1013.0,298.0,11.4,217.0,30.5,0.45,3,100.0
501.0,50.0,49.3,2442.0,38.5,0.78,10,39.5
1031.0,140.0,68.8,2114.0,35.8,0.24,12,61.2
1181.0,140.0,56.0,1552.0,39.6,0.21,11,56.0
737.0,38.0,36.3,2337.0,36.8,0.78,9,77.1
596.0,12.0,23.3,251.0,42.3,0.24,1,100.0
296.0,223.0,38.7,2465.0,9.0,0.7,6,13.3
1129.0,142.0,66.4,1499.0,26.3,0.38,7,70.1
652.0,134.0,5.3,1166.0,5.6,0.74,2,65.1
959.0,108.0,5.8,2214.0,41.4,0.7,9,69.7
932.0,249.0,20.9,367.0,11.3,0.36,7,79.5
722.0,196.0,52.9,579.0,20.7,0.5,6,71.8
656.0,62.0,41.5,1888.0,3.9,0.59,9,21.4
388.0,96.0,45.5,1460.0,5.4,0.2,10,41.2
571.0,195.0,36.0,1579.0,25.6,0.19,9,55.2
399.0,42.0,25.4,573.0,44.6,0.19,3,100.0
1146.0,138.0,47.4,2304.0,32.7,0.66,9,52.9
627.0,14.0,56.1,853.0,43.4,0.51,6,90.3
762.0,258.0,58.4,1663.0,45.8,0.22,6,30.8
651.0,49.0,20.0,1447.0,15.9,0.23,7,90.1
1026.0,277.0,15.9,1772.0,6.1,0.76,3,39.9
464.0,267.0,58.8,2120.0,16.9,0.79,9,0.0
416.0,202.0,34.2,1908.0,42.7,0.66,7,23.4
197.0,131.0,24.5,2313.0,23.1,0.64,9,27.6
599.0,65.0,25.0,1486.0,47.3,0.59,6,85.1
568.0,274.0,18.1,2116.0,22.8,0.46,4,49.3
1146.0,76.0,30.5,1181.0,31.4,0.39,10,86.8
730.0,220.0,23.1,529.0,30.2,0.61,7,58.5
54.0,26.0,17.3,385.0,31.8,0.55,12,85.4
602.0,261.0,69.2,940.0,47.8,0.16,5,63.8
487.0,258.0,35.8,1870.0,48.2,0.39,9,22.3
77.0,200.0,56.9,2226.0,11.4,0.23,2,12.2
711.0,32.0,51.3,1934.0,29.5,0.65,4,76.4
555.0,50.0,25.9,1897.0,13.7,0.26,3,64.9
699.0,176.0,29.0,1339.0,25.3,0.44,6,76.3
465.0,221.0,21.2,1082.0,18.6,0.7,9,21.3
499.0,274.0,48.5,2433.0,9.5,0.66,6,0.0
158.0,100.0,69.2,2230.0,48.4,0.17,9,18.4
579.0,162.0,35.4,2435.0,22.5,0.4,10,52.6
1118.0,186.0,58.4,1506.0,39.8,0.13,11,61.6
785.0,119.0,25.8,1230.0,8.3,0.22,6,60.2
88.0,191.0,34.1,689.0,11.5,0.43,4,54.5
284.0,279.0,21.9,282.0,38.8,0.22,9,61.2
976.0,227.0,25.5,464.0,1.9,0.74,10,44.8
817.0,60.0,25.9,1306.0,13.6,0.48,5,91.0
874.0,73.0,31.1,1602.0,40.7,0.18,6,83.1
1190.0,168.0,37.1,1556.0,38.1,0.37,5,82.2
3.0,156.0,47.8,518.0,6.2,0.62,6,25.6
1179.0,130.0,13.7,1276.0,30.3,0.24,7,92.7
771.0,288.0,24.6,2003.0,2.4,0.72,1,18.6
267.0,224.0,56.7,2344.0,1.4,0.12,3,22.8
1127.0,243.0,18.9,1368.0,48.3,0.13,7,82.3
865.0,174.0,17.1,1234.0,3.1,0.65,10,37.5
997.0,297.0,57.6,2018.0,1.8,0.56,7,20.8
355.0,33.0,45.4,2411.0,4.5,0.79,4,42.8
654.0,152.0,47.0,549.0,16.8,0.76,1,51.7
51.0,187.0,8.8,727.0,39.1,0.49,7,74.2
797.0,196.0,57.3,844.0,38.2,0.77,8,65.0
196.0,35.0,58.1,368.0,42.2,0.54,5,88.6
444.0,36.0,53.3,1128.0,34.1,0.67,12,77.6
840.0,164.0,6.3,472.0,33.6,0.47,5,100.0
458.0,69.0,36.0,1408.0,9.6,0.76,11,40.4
41.0,272.0,52.0,264.0,4.6,0.63,4,23.1
702.0,42.0,57.4,1201.0,31.2,0.37,5,98.7
127.0,276.0,64.0,1725.0,12.8,0.19,11,1.7
1144.0,157.0,27.5,1882.0,41.8,0.23,11,57.1
595.0,250.0,25.9,2148.0,18.5,0.26,10,17.3
991.0,33.0,28.3,1105.0,24.8,0.38,9,93.1
855.0,186.0,44.4,1891.0,24.7,0.34,6,60.4
80.0,153.0,59.2,1231.0,49.3,0.48,7,45.4
795.0,139.0,65.8,699.0,32.4,0.49,4,83.7
1198.0,216.0,38.8,1202.0,21.9,0.61,6,58.1
1106.0,57.0,22.0,2460.0,19.3,0.61,3,74.6
282.0,237.0,16.8,1998.0,19.7,0.28,10,15.0
72.0,283.0,59.7,716.0,39.3,0.38,11,21.0
615.0,62.0,27.8,1345.0,45.6,0.55,9,70.8
41.0,94.0,44.6,2313.0,5.3,0.45,3,28.5
128.0,254.0,49.1,979.0,42.6,0.63,2,23.2
1013.0,191.0,57.9,379.0,25.2,0.1,11,94.4
537.0,210.0,10.3,1938.0,23.4,0.79,8,51.6
168.0,77.0,46.9,1884.0,28.1,0.16,8,38.5
475.0,187.0,27.5,1444.0,18.4,0.29,4,54.4
876.0,84.0,37.9,2276.0,31.5,0.63,7,69.9
799.0,161.0,5.0,443.0,30.9,0.52,12,100.0
626.0,247.0,32.4,862.0,45.6,0.63,1,47.7
59.0,52.0,13.4,477.0,39.6,0.35,8,93.4
105.0,115.0,12.1,464.0,4.1,0.59,10,40.8
1134.0,239.0,51.8,2439.0,41.6,0.21,10,30.8
956.0,297.0,22.5,715.0,46.6,0.41,11,71.0
19.0,213.0,8.5,870.0,45.3,0.39,1,45.7
951.0,23.0,8.5,967.0,39.9,0.68,7,100.0
423.0,291.0,22.6,1061.0,9.1,0.65,5,47.0
743.0,78.0,10.4,2340.0,3.3,0.62,11,46.4
354.0,31.0,58.9,1142.0,32.6,0.13,6,95.2
799.0,228.0,28.9,2126.0,34.1,0.4,3,62.2
351.0,209.0,44.0,647.0,8.5,0.14,6,43.1
437.0,164.0,46.9,2029.0,40.1,0.44,11,33.1
668.0,58.0,10.8,249.0,28.6,0.54,3,100.0
1021.0,277.0,62.5,2078.0,22.3,0.64,11,32.1
1061.0,257.0,53.9,1894.0,46.6,0.48,2,41.2
486.0,203.0,23.5,1351.0,10.8,0.28,8,30.8
506.0,163.0,63.5,2234.0,46.2,0.55,6,45.0
914.0,285.0,18.1,959.0,33.6,0.52,11,51.1
34.0,217.0,35.4,1403.0,31.1,0.36,12,35.7
1092.0,40.0,58.0,771.0,7.2,0.17,10,94.7
857.0,75.0,27.3,943.0,1.0,0.14,5,89.4
699.0,126.0,22.3,1562.0,40.6,0.7,5,68.0
384.0,299.0,50.8,1640.0,16.6,0.77,7,3.2
1116.0,242.0,38.3,1359.0,16.4,0.24,3,69.8
227.0,54.0,64.5,845.0,3.1,0.6,6,33.2
618.0,251.0,50.1,1782.0,12.4,0.28,10,12.0
764.0,185.0,26.3,529.0,12.4,0.77,8,66.2
1192.0,37.0,5.2,1551.0,6.7,0.62,2,82.5
409.0,89.0,62.0,1854.0,36.0,0.4,9,38.2
44.0,28.0,10.9,514.0,28.0,0.79,6,91.1
847.0,134.0,68.2,2122.0,28.0,0.51,10,51.3
1168.0,57.0,57.8,1257.0,21.3,0.31,8,89.9
501.0,91.0,59.7,1680.0,6.7,0.69,8,48.0
333.0,147.0,32.3,2085.0,7.4,0.11,4,47.2
334.0,16.0,9.2,1393.0,33.4,0.42,4,100.0
428.0,123.0,61.1,1193.0,27.4,0.74,7,52.2
963.0,43.0,38.6,1649.0,16.9,0.71,4,87.7
1197.0,138.0,39.6,1621.0,20.4,0.28,5,76.3
647.0,102.0,32.0,1340.0,23.8,0.44,9,70.9
604.0,25.0,69.2,1462.0,2.6,0.41,3,80.7
631.0,123.0,12.6,2032.0,45.8,0.37,12,81.8
1056.0,211.0,48.6,723.0,32.5,0.55,6,59.7
160.0,271.0,32.8,1056.0,10.3,0.5,12,25.5
914.0,65.0,63.8,1376.0,13.1,0.65,8,61.2
867.0,157.0,69.6,2168.0,6.6,0.58,3,42.4
1095.0,153.0,67.9,2342.0,22.4,0.66,10,38.1
75.0,61.0,31.5,898.0,36.3,0.33,7,59.1
1026.0,216.0,33.5,2177.0,16.4,0.15,12,49.2
1153.0,151.0,26.5,1743.0,1.2,0.33,8,41.9
838.0,210.0,33.8,1492.0,25.8,0.53,10,52.1
147.0,218.0,55.6,1112.0,44.1,0.5,11,7.5
537.0,39.0,32.2,403.0,28.8,0.18,4,100.0
1088.0,254.0,65.4,1626.0,31.7,0.44,9,42.1
904.0,291.0,27.3,1242.0,30.0,0.31,6,63.2
858.0,75.0,13.2,1096.0,31.6,0.4,12,100.0
480.0,30.0,21.2,1801.0,34.6,0.67,12,68.0
943.0,181.0,13.9,1896.0,42.9,0.28,5,96.0
92.0,149.0,26.9,1267.0,36.9,0.27,4,65.4
591.0,167.0,67.6,1620.0,2.5,0.11,9,24.3
203.0,95.0,54.7,2450.0,46.0,0.56,11,33.9
328.0,70.0,18.2,1008.0,16.4,0.63,3,63.6
797.0,215.0,10.2,1252.0,24.5,0.66,10,65.9
148.0,178.0,39.5,2305.0,30.6,0.46,3,42.0
392.0,37.0,47.6,256.0,8.7,0.19,5,100.0
180.0,47.0,39.2,1837.0,37.9,0.24,1,53.4
156.0,153.0,12.6,793.0,21.3,0.26,9,69.5
898.0,187.0,15.7,793.0,27.0,0.45,3,98.0
468.0,287.0,15.2,663.0,43.4,0.72,12,52.3
416.0,177.0,37.8,2014.0,34.8,0.27,9,40.3
614.0,211.0,61.9,1593.0,38.8,0.35,8,37.7
198.0,186.0,55.0,859.0,48.5,0.46,6,42.7
206.0,171.0,38.9,693.0,2.8,0.61,3,51.4
579.0,26.0,52.7,680.0,25.9,0.53,12,97.6
810.0,73.0,29.6,2219.0,19.1,0.66,6,67.3
496.0,109.0,57.4,917.0,49.1,0.63,1,57.4
1041.0,126.0,43.8,308.0,33.2,0.68,8,83.5
1177.0,89.0,41.9,2344.0,39.2,0.78,2,68.8
411.0,279.0,8.5,1001.0,25.8,0.12,2,71.8
496.0,90.0,48.6,729.0,44.0,0.61,1,62.3
1018.0,200.0,59.6,665.0,17.2,0.65,4,67.4
1060.0,17.0,22.7,264.0,4.2,0.25,12,100.0
1090.0,22.0,55.3,1845.0,41.3,0.45,5,97.5
541.0,171.0,59.6,2048.0,48.7,0.45,7,46.2
815.0,129.0,49.0,840.0,28.9,0.16,9,77.2
853.0,183.0,61.3,490.0,33.5,0.58,3,93.0
763.0,208.0,69.9,1576.0,45.0,0.39,9,24.1
161.0,221.0,28.0,1300.0,31.1,0.68,5,32.8
557.0,158.0,49.6,1096.0,7.9,0.55,11,41.9
439.0,222.0,25.8,1611.0,11.6,0.5,12,22.0
1002.0,192.0,55.6,1946.0,19.4,0.79,2,36.1
638.0,101.0,47.3,1432.0,32.7,0.47,10,53.0
673.0,151.0,10.2,780.0,23.3,0.32,5,100.0
212.0,236.0,33.7,500.0,26.9,0.75,3,62.9
358.0,39.0,40.6,1256.0,2.7,0.76,7,50.2
19.0,292.0,59.3,1367.0,29.6,0.66,10,16.7
481.0,71.0,47.2,1859.0,33.8,0.1,2,66.7
1000.0,69.0,11.3,982.0,3.8,0.22,3,90.1
555.0,51.0,70.0,382.0,34.8,0.57,7,91.5
383.0,195.0,6.1,233.0,48.9,0.57,2,98.0
948.0,158.0,46.3,1499.0,13.2,0.69,4,66.3
392.0,75.0,30.7,1440.0,22.5,0.11,7,92.8
903.0,13.0,56.4,787.0,25.7,0.67,3,100.0
536.0,246.0,69.6,2168.0,28.3,0.35,7,30.1
327.0,37.0,48.9,1091.0,41.5,0.65,5,81.2
300.0,139.0,34.4,894.0,6.3,0.6,8,44.7
157.0,288.0,6.3,1453.0,21.0,0.67,10,43.0
349.0,64.0,60.4,384.0,46.7,0.5,12,90.3
381.0,271.0,57.1,622.0,28.5,0.79,8,52.5
804.0,22.0,11.6,1245.0,18.6,0.28,3,100.0
57.0,75.0,39.1,942.0,9.5,0.27,6,43.2
53.0,250.0,41.8,1896.0,18.4,0.7,10,0.0
120.0,107.0,28.4,2088.0,37.0,0.37,12,33.4
409.0,151.0,26.6,1024.0,7.5,0.28,6,43.2
1117.0,19.0,6.6,773.0,1.7,0.19,1,100.0
264.0,12.0,43.3,429.0,39.5,0.18,12,100.0
340.0,200.0,45.8,1585.0,16.0,0.6,3,28.9
1067.0,167.0,68.3,986.0,33.6,0.5,5,86.9
195.0,218.0,45.2,2386.0,13.1,0.75,1,0.0
763.0,238.0,33.9,1288.0,45.5,0.28,1,56.8
88.0,194.0,45.4,203.0,14.6,0.52,9,37.7
893.0,167.0,67.3,1865.0,48.6,0.44,1,57.6
501.0,237.0,69.8,1772.0,3.3,0.58,8,0.2
389.0,224.0,48.5,2472.0,9.4,0.74,3,21.3
869.0,55.0,20.4,940.0,42.7,0.4,2,88.4
1048.0,208.0,35.4,538.0,20.9,0.25,3,97.8
340.0,82.0,59.2,1610.0,28.4,0.32,9,37.4
667.0,47.0,10.3,1836.0,0.7,0.18,11,76.7
860.0,239.0,6.9,529.0,37.9,0.57,4,100.0
85.0,97.0,58.9,1518.0,17.9,0.74,2,17.2
544.0,69.0,41.6,2348.0,33.0,0.39,12,57.4
443.0,216.0,15.7,573.0,31.5,0.29,8,67.1
647.0,66.0,37.4,1993.0,10.6,0.42,10,44.0
929.0,84.0,17.9,2316.0,23.7,0.4,1,83.1
147.0,59.0,16.5,678.0,10.8,0.38,1,60.2
443.0,139.0,61.1,1826.0,33.1,0.41,12,45.7
601.0,295.0,5.4,414.0,12.9,0.79,8,80.7
677.0,38.0,54.6,507.0,47.8,0.48,11,87.6
208.0,242.0,39.3,605.0,26.6,0.3,1,52.2
874.0,297.0,44.2,2186.0,38.0,0.19,11,37.1
1046.0,40.0,47.2,1524.0,19.6,0.49,3,79.7
83.0,35.0,10.6,1180.0,17.5,0.14,11,71.7
840.0,87.0,45.4,2110.0,4.5,0.68,4,48.7
392.0,295.0,36.6,1332.0,20.0,0.45,4,52.0
550.0,74.0,14.1,2294.0,1.5,0.77,10,38.0
432.0,135.0,58.7,2361.0,18.3,0.15,4,38.6
441.0,223.0,58.5,1250.0,1.8,0.4,2,13.9
455.0,300.0,31.2,1826.0,19.7,0.65,3,32.0
1181.0,141.0,28.8,1123.0,5.5,0.6,7,58.9
1118.0,60.0,64.3,1208.0,35.0,0.36,1,92.4
218.0,63.0,67.5,1994.0,44.1,0.8,3,60.6
449.0,283.0,18.2,1218.0,28.3,0.75,10,29.2
348.0,236.0,68.7,2096.0,47.4,0.45,4,38.4
972.0,25.0,42.7,2289.0,14.5,0.79,4,71.4
20.0,252.0,14.8,1616.0,10.4,0.19,8,36.5
529.0,166.0,9.5,1439.0,8.3,0.37,8,70.8
139.0,156.0,19.4,1600.0,28.5,0.52,4,37.2
45.0,290.0,59.1,2073.0,16.2,0.42,10,0.0
951.0,65.0,16.1,2379.0,37.7,0.64,2,74.2
731.0,164.0,67.6,1369.0,12.7,0.49,6,43.8
929.0,135.0,25.6,227.0,30.8,0.66,12,100.0
469.0,292.0,13.9,421.0,40.3,0.43,1,84.3
178.0,213.0,56.6,1665.0,10.7,0.25,9,0.0
1159.0,234.0,7.7,1914.0,25.9,0.76,8,62.9
579.0,118.0,21.7,1805.0,4.0,0.72,3,43.7
965.0,123.0,19.5,2310.0,37.4,0.5,5,87.8
610.0,106.0,20.7,1577.0,21.9,0.18,3,83.9
223.0,54.0,49.4,785.0,10.9,0.12,9,52.5
566.0,92.0,10.8,1202.0,6.2,0.58,3,91.9
715.0,254.0,28.6,1867.0,21.6,0.26,3,51.0
124.0,45.0,29.5,1124.0,35.6,0.13,5,93.7
132.0,277.0,21.7,1121.0,17.2,0.21,6,14.9
169.0,52.0,48.2,1079.0,25.5,0.42,1,47.9
452.0,44.0,19.6,1573.0,12.1,0.12,3,77.6
930.0,48.0,62.2,919.0,16.0,0.18,9,87.5
594.0,112.0,47.6,1917.0,17.7,0.43,5,42.9
488.0,291.0,51.6,615.0,4.3,0.13,6,31.5
990.0,124.0,63.7,392.0,18.8,0.49,1,73.5
246.0,169.0,28.7,816.0,45.5,0.75,8,53.6
895.0,184.0,13.3,358.0,19.7,0.64,5,100.0
21.0,242.0,15.2,1109.0,23.5,0.79,3,32.2
1062.0,257.0,26.8,1801.0,22.0,0.69,5,63.2
337.0,29.0,14.7,2050.0,10.4,0.34,7,82.1
813.0,298.0,49.5,2422.0,36.4,0.62,10,23.5
1111.0,205.0,26.3,2458.0,27.0,0.43,12,47.8
415.0,98.0,35.8,1182.0,37.7,0.42,6,76.4
557.0,73.0,49.9,1049.0,33.1,0.74,12,68.9
616.0,57.0,18.0,2499.0,7.5,0.77,7,55.1
314.0,15.0,24.6,1817.0,7.4,0.61,5,61.8
453.0,270.0,10.5,1342.0,39.0,0.68,3,64.9
618.0,74.0,50.9,2435.0,24.8,0.7,1,54.6
319.0,119.0,52.3,506.0,22.6,0.54,5,73.0
86.0,277.0,54.8,1789.0,2.9,0.56,7,0.0
546.0,134.0,68.2,2331.0,24.3,0.27,5,52.6
6.0,223.0,5.2,444.0,1.9,0.4,5,48.7
198.0,25.0,45.3,1254.0,31.7,0.42,1,69.5
89.0,99.0,5.7,2437.0,44.7,0.44,6,61.8
229.0,288.0,55.4,2439.0,34.5,0.58,12,17.9
814.0,34.0,21.7,325.0,34.0,0.77,9,100.0
47.0,245.0,38.2,419.0,20.9,0.7,8,57.2
672.0,207.0,59.8,2341.0,40.2,0.38,10,26.2
723.0,102.0,10.9,1275.0,28.9,0.4,8,91.5
1194.0,132.0,63.4,2318.0,11.5,0.74,8,36.9
376.0,104.0,56.7,1848.0,1.3,0.41,7,21.5
1045.0,273.0,46.9,423.0,35.4,0.38,2,83.4
1176.0,187.0,61.1,2143.0,8.9,0.52,9,34.8
449.0,80.0,26.9,1010.0,8.4,0.16,6,66.3
977.0,264.0,45.4,839.0,25.5,0.19,3,85.7
462.0,196.0,56.8,1206.0,6.0,0.69,2,43.0
423.0,108.0,68.2,1047.0,23.8,0.39,2,50.4
1110.0,123.0,24.7,243.0,30.5,0.58,11,88.3
400.0,204.0,46.1,1852.0,7.2,0.41,7,10.0
591.0,257.0,30.3,235.0,10.5,0.29,5,77.5
193.0,195.0,22.8,2387.0,43.5,0.79,5,36.0
1196.0,249.0,42.9,1285.0,27.0,0.71,5,59.8
281.0,258.0,13.3,2345.0,6.9,0.24,1,34.5
595.0,218.0,47.9,309.0,40.2,0.64,11,59.2
459.0,50.0,33.4,1752.0,45.2,0.39,11,46.4
1030.0,26.0,58.7,1471.0,46.6,0.3,6,100.0
290.0,90.0,46.5,2344.0,22.6,0.66,1,45.1
536.0,22.0,16.0,1431.0,28.8,0.36,3,100.0
326.0,155.0,45.6,1316.0,3.2,0.5,10,22.9
40.0,229.0,26.8,1508.0,11.0,0.74,12,4.9
262.0,269.0,44.5,605.0,34.6,0.2,12,56.3
780.0,47.0,41.7,2448.0,47.8,0.56,2,76.6
245.0,78.0,11.5,1671.0,47.0,0.49,3,80.6
915.0,87.0,8.6,2319.0,38.5,0.5,3,100.0
957.0,221.0,50.5,757.0,19.0,0.8,7,42.5
68.0,77.0,44.3,922.0,10.3,0.13,8,40.3
665.0,176.0,47.6,1390.0,21.1,0.74,10,47.7
918.0,51.0,36.7,305.0,28.8,0.17,9,100.0
551.0,85.0,52.1,2054.0,8.2,0.18,12,53.8
853.0,13.0,42.7,651.0,6.3,0.66,11,74.4
805.0,29.0,8.7,2375.0,18.4,0.71,8,89.0
249.0,73.0,19.6,1445.0,0.6,0.42,6,43.0
852.0,72.0,69.6,1724.0,8.6,0.3,10,48.5
263.0,272.0,69.4,1212.0,8.2,0.78,5,26.1
800.0,263.0,34.6,1042.0,4.4,0.42,5,45.1
51.0,65.0,41.7,252.0,48.2,0.31,6,74.4
14.0,109.0,37.3,909.0,10.4,0.17,11,38.0
1086.0,111.0,53.4,1399.0,26.2,0.59,2,62.3
878.0,38.0,5.4,732.0,42.8,0.24,12,100.0
882.0,158.0,44.6,903.0,23.7,0.28,7,74.2
64.0,60.0,22.6,2122.0,43.8,0.39,3,48.5
97.0,104.0,31.5,434.0,42.5,0.16,12,85.7
1159.0,196.0,66.3,726.0,30.8,0.17,12,91.1
655.0,190.0,48.4,576.0,46.7,0.38,4,79.6
669.0,181.0,26.6,366.0,33.0,0.41,2,94.0
278.0,154.0,22.9,2106.0,27.5,0.69,5,57.4
565.0,192.0,57.9,853.0,49.4,0.18,1,76.5
634.0,192.0,31.2,1626.0,47.0,0.39,6,55.5
702.0,47.0,48.9,823.0,14.6,0.62,2,68.6
495.0,297.0,22.1,842.0,27.7,0.4,8,57.7
366.0,163.0,50.6,1066.0,14.5,0.61,3,49.3
260.0,283.0,31.8,1660.0,3.2,0.48,9,2.6
915.0,240.0,52.2,1704.0,19.3,0.57,8,25.2
160.0,248.0,38.6,2263.0,39.1,0.28,10,9.4
767.0,218.0,6.2,1411.0,10.3,0.63,8,59.7
799.0,264.0,67.8,2049.0,18.3,0.6,7,9.1
1085.0,158.0,54.6,2434.0,30.1,0.55,6,59.8
1114.0,187.0,38.8,2254.0,5.5,0.13,9,60.6
667.0,68.0,6.0,912.0,41.0,0.11,7,100.0
1055.0,101.0,32.2,1202.0,47.7,0.65,5,88.4
783.0,138.0,62.4,897.0,27.9,0.66,12,59.0
173.0,162.0,38.2,1181.0,47.5,0.29,12,44.7
384.0,147.0,16.5,1959.0,1.2,0.28,5,31.3
306.0,258.0,56.8,1780.0,11.8,0.74,1,0.0
596.0,101.0,11.4,661.0,34.6,0.22,7,94.0
714.0,50.0,12.6,2227.0,0.9,0.25,6,60.8
758.0,282.0,9.1,616.0,30.7,0.42,8,83.0
947.0,157.0,63.8,537.0,6.9,0.61,7,69.8
764.0,12.0,60.0,2096.0,4.3,0.76,10,31.8
3.0,255.0,37.1,551.0,9.6,0.76,2,19.6
382.0,37.0,25.5,1688.0,46.0,0.49,9,63.0
233.0,206.0,27.3,1304.0,46.5,0.59,1,41.1
682.0,277.0,11.4,939.0,19.5,0.48,3,75.4
342.0,236.0,69.4,1827.0,27.3,0.54,6,23.2
362.0,80.0,63.0,497.0,27.4,0.65,3,92.4
1042.0,112.0,29.8,2399.0,32.8,0.54,1,63.7
955.0,213.0,37.9,1684.0,31.4,0.73,1,47.3
34.0,97.0,53.5,2148.0,28.0,0.26,4,50.6
747.0,234.0,47.7,282.0,47.6,0.79,12,72.4
441.0,194.0,18.3,763.0,8.4,0.62,11,50.8
236.0,98.0,39.6,2300.0,33.7,0.68,8,62.9
251.0,136.0,21.5,2466.0,2.2,0.16,1,28.9
59.0,244.0,24.6,418.0,37.4,0.59,2,44.0
377.0,104.0,8.5,1265.0,5.8,0.21,6,73.0
1042.0,160.0,66.7,2196.0,23.9,0.22,2,59.3
648.0,268.0,44.0,279.0,24.6,0.79,2,61.3
870.0,173.0,59.6,1518.0,5.0,0.45,9,35.6
977.0,64.0,51.2,1850.0,32.4,0.71,11,53.8
855.0,51.0,53.6,1975.0,30.3,0.63,4,67.5
609.0,267.0,57.2,2202.0,49.5,0.57,9,13.0
816.0,212.0,34.7,1017.0,43.9,0.13,2,79.3
109.0,294.0,47.4,1062.0,12.6,0.53,5,19.5
1059.0,45.0,37.5,2189.0,22.8,0.16,6,100.0
216.0,13.0,67.9,966.0,46.2,0.13,1,94.7
595.0,228.0,43.4,2115.0,1.6,0.43,8,4.0
701.0,100.0,39.6,2471.0,1.4,0.58,11,18.8
64.0,183.0,9.2,307.0,4.2,0.25,5,63.8
1123.0,268.0,45.5,1125.0,46.9,0.57,8,62.1
46.0,195.0,45.1,1806.0,28.2,0.46,5,27.6
662.0,50.0,33.8,574.0,45.2,0.2,12,88.4
344.0,33.0,12.8,2246.0,7.2,0.24,2,73.6
434.0,32.0,49.4,405.0,2.8,0.56,11,65.4
1106.0,278.0,40.0,1428.0,39.3,0.16,3,83.3
1054.0,198.0,33.1,1188.0,25.8,0.47,8,77.3
1005.0,16.0,16.3,2415.0,15.2,0.78,6,73.7
992.0,31.0,27.1,1400.0,9.5,0.17,11,98.5
1058.0,178.0,28.9,1222.0,46.5,0.18,8,100.0
284.0,100.0,18.4,2130.0,23.5,0.78,6,43.7
211.0,143.0,39.6,862.0,41.0,0.21,6,63.4
69.0,260.0,42.7,1961.0,31.2,0.2,9,0.0
666.0,300.0,48.6,959.0,20.6,0.42,8,47.7
970.0,153.0,40.4,1411.0,34.4,0.77,6,66.0
106.0,146.0,35.1,732.0,42.2,0.45,5,74.2
677.0,141.0,47.5,800.0,2.3,0.25,8,46.3
308.0,207.0,67.1,634.0,21.5,0.66,6,41.0
1044.0,292.0,32.2,410.0,41.2,0.66,9,70.7
355.0,42.0,58.0,2013.0,19.6,0.3,6,57.0
536.0,176.0,30.6,1817.0,40.5,0.29,6,57.1
825.0,279.0,64.7,583.0,9.8,0.42,10,43.1
472.0,19.0,11.2,392.0,18.4,0.62,8,100.0
931.0,117.0,42.4,2129.0,34.9,0.46,7,65.4
512.0,29.0,53.0,2004.0,6.4,0.32,7,61.3
348.0,271.0,44.5,1708.0,35.2,0.55,11,8.4
63.0,29.0,33.6,251.0,30.9,0.38,7,94.2
728.0,262.0,28.3,1103.0,47.0,0.74,5,68.9
45.0,58.0,42.1,2391.0,46.1,0.31,3,41.6
515.0,159.0,34.9,1284.0,37.4,0.23,12,80.3
172.0,246.0,23.1,1644.0,14.1,0.29,5,16.6
108.0,157.0,15.5,1765.0,39.4,0.49,1,40.1
695.0,189.0,52.4,1290.0,31.4,0.21,12,58.9
507.0,130.0,37.1,1407.0,36.1,0.76,1,64.2
791.0,294.0,44.1,1853.0,29.1,0.38,9,25.0
1031.0,221.0,23.8,1829.0,15.9,0.73,5,41.9
1035.0,272.0,45.6,1650.0,31.2,0.38,6,41.7
887.0,31.0,44.5,2409.0,23.5,0.18,10,78.5
446.0,22.0,36.8,768.0,4.3,0.58,2,74.7
513.0,256.0,67.1,1272.0,25.3,0.38,1,48.7
894.0,123.0,54.5,2089.0,32.8,0.53,1,48.7
295.0,19.0,14.7,495.0,30.2,0.53,12,100.0
1037.0,236.0,36.9,428.0,6.7,0.29,5,89.0
244.0,112.0,53.0,801.0,44.4,0.72,5,63.1
776.0,262.0,5.5,608.0,46.0,0.13,12,100.0
348.0,187.0,9.5,1979.0,9.3,0.65,10,42.3
648.0,167.0,62.8,1725.0,22.3,0.36,8,48.2
236.0,117.0,37.6,2327.0,26.0,0.14,11,47.7
436.0,119.0,16.6,1570.0,46.5,0.65,2,40.5
784.0,201.0,17.0,864.0,45.9,0.72,6,57.7
389.0,173.0,68.4,765.0,31.7,0.55,7,60.5
523.0,286.0,15.7,1171.0,14.3,0.5,3,50.9
846.0,185.0,56.4,1934.0,36.3,0.22,6,52.2
1063.0,214.0,46.8,1688.0,20.0,0.29,4,35.8
940.0,237.0,43.7,2278.0,23.3,0.58,4,49.8
331.0,31.0,60.0,2308.0,36.2,0.45,5,74.3
31.0,284.0,20.6,1279.0,24.9,0.67,10,12.0
1039.0,107.0,34.8,1746.0,37.3,0.25,6,70.1
173.0,196.0,59.0,2032.0,49.3,0.44,8,25.5
491.0,205.0,5.9,2350.0,25.8,0.2,4,61.9
1187.0,206.0,33.5,2021.0,30.4,0.17,1,70.0
380.0,279.0,34.4,982.0,27.2,0.45,7,48.6
874.0,296.0,52.2,2428.0,18.7,0.33,5,37.3
538.0,275.0,69.7,553.0,24.6,0.18,12,77.1
464.0,59.0,27.5,822.0,8.7,0.37,1,66.5
1175.0,103.0,5.4,1868.0,24.2,0.27,9,75.0
213.0,207.0,39.1,1936.0,25.5,0.47,12,37.2
748.0,136.0,43.8,1427.0,38.5,0.73,9,46.1
132.0,201.0,59.4,1888.0,30.2,0.56,6,0.0
301.0,291.0,48.0,1006.0,34.4,0.22,8,38.3
599.0,19.0,21.8,1090.0,12.4,0.43,9,75.5
730.0,100.0,61.9,994.0,4.4,0.73,11,17.1
189.0,61.0,35.9,728.0,49.2,0.31,5,81.1
1052.0,27.0,60.8,1344.0,31.6,0.23,7,99.0
296.0,215.0,23.9,1566.0,28.5,0.39,8,32.1
621.0,35.0,44.5,361.0,37.2,0.26,9,93.0
1003.0,290.0,34.6,1652.0,2.7,0.68,3,41.8
300.0,194.0,69.8,2407.0,31.9,0.21,8,32.2
132.0,226.0,35.8,1708.0,8.6,0.46,12,0.6
126.0,274.0,68.5,644.0,7.7,0.12,1,22.9
702.0,97.0,53.5,926.0,0.6,0.34,2,52.7
475.0,148.0,63.3,1247.0,46.9,0.78,2,49.2
437.0,109.0,35.5,1839.0,40.7,0.77,2,38.8
47.0,12.0,37.1,483.0,40.3,0.44,6,91.5
409.0,242.0,9.8,805.0,1.7,0.76,12,33.1
776.0,42.0,6.9,1262.0,6.8,0.17,8,100.0
765.0,83.0,7.6,1754.0,23.1,0.2,8,83.4
488.0,160.0,18.6,1369.0,31.9,0.23,10,60.2
150.0,110.0,36.4,1801.0,44.8,0.25,3,47.8
327.0,299.0,60.5,455.0,16.6,0.2,3,49.7
411.0,43.0,8.8,1730.0,31.3,0.4,3,92.0
137.0,279.0,56.8,1967.0,40.8,0.3,2,3.4
278.0,104.0,44.4,476.0,43.1,0.35,10,62.5
892.0,240.0,57.7,387.0,36.4,0.69,3,91.9
863.0,131.0,9.3,727.0,25.9,0.45,6,100.0
277.0,91.0,5.2,1559.0,19.5,0.1,8,72.9
581.0,201.0,13.4,1335.0,8.0,0.23,5,77.0
594.0,69.0,51.7,581.0,35.6,0.58,6,81.1
332.0,135.0,50.0,1337.0,24.6,0.14,5,81.5
980.0,168.0,16.9,1945.0,19.2,0.48,3,64.3
325.0,130.0,21.5,362.0,46.1,0.38,1,85.1
370.0,182.0,25.8,2160.0,34.9,0.69,10,29.3
979.0,215.0,7.7,1173.0,42.6,0.36,2,92.7
494.0,175.0,37.4,208.0,16.5,0.49,3,87.6
93.0,267.0,49.0,2057.0,42.8,0.47,11,2.9
428.0,281.0,19.2,453.0,4.1,0.24,9,32.5
234.0,102.0,42.6,1300.0,13.8,0.33,1,43.9
398.0,176.0,68.2,1859.0,35.4,0.34,11,33.4
111.0,257.0,52.9,782.0,11.9,0.41,11,3.7
1151.0,152.0,20.1,1892.0,14.2,0.2,8,62.1
808.0,253.0,44.4,1453.0,49.4,0.42,6,61.1
198.0,41.0,43.7,489.0,41.6,0.63,3,95.5
856.0,46.0,12.7,1294.0,44.4,0.21,12,100.0
572.0,192.0,42.4,1818.0,35.6,0.21,9,39.9
717.0,105.0,6.7,1856.0,31.7,0.15,11,70.6
1167.0,204.0,48.4,1021.0,25.9,0.69,12,49.9
235.0,259.0,54.9,1910.0,44.9,0.31,9,20.3
47.0,37.0,57.9,1301.0,17.0,0.17,8,63.0
196.0,123.0,9.4,949.0,34.1,0.13,9,64.9
746.0,281.0,39.4,1958.0,4.1,0.26,3,34.7
377.0,272.0,13.6,2210.0,32.7,0.19,11,56.8
1196.0,296.0,58.4,753.0,8.6,0.66,10,44.9
778.0,203.0,49.5,1970.0,35.7,0.65,3,36.2
177.0,45.0,55.0,2482.0,45.2,0.54,5,55.3
540.0,113.0,38.2,451.0,11.0,0.48,7,72.7
334.0,210.0,11.0,1675.0,9.2,0.66,3,39.7
36.0,201.0,36.3,1676.0,14.5,0.78,1,6.4
807.0,117.0,21.5,2400.0,19.4,0.38,10,43.5
325.0,235.0,53.4,572.0,31.0,0.16,9,56.3
1085.0,145.0,43.1,1714.0,21.8,0.54,2,58.2
989.0,70.0,20.4,950.0,15.5,0.25,11,67.4
1107.0,294.0,58.4,733.0,3.4,0.45,8,44.7
1095.0,126.0,5.3,2128.0,9.2,0.63,9,60.8
1135.0,181.0,60.9,791.0,25.1,0.54,12,74.3
805.0,32.0,32.5,2477.0,36.4,0.54,2,87.9
333.0,161.0,40.3,2419.0,12.6,0.2,5,35.7
1023.0,136.0,5.2,2306.0,25.0,0.29,5,93.5
427.0,15.0,20.7,1921.0,35.6,0.38,10,57.1
1052.0,37.0,6.6,2259.0,15.7,0.53,1,86.4
257.0,127.0,43.0,948.0,34.4,0.39,8,61.0
205.0,268.0,41.8,951.0,23.6,0.37,11,28.9
321.0,30.0,40.5,2156.0,14.6,0.42,8,46.4
1139.0,245.0,39.9,573.0,8.7,0.29,6,59.1
619.0,151.0,27.6,1761.0,22.1,0.36,6,55.8
781.0,194.0,65.6,1696.0,23.3,0.24,1,48.6
381.0,103.0,11.9,2122.0,32.5,0.78,1,60.7
381.0,204.0,39.3,1939.0,16.4,0.62,1,8.6
1123.0,174.0,52.8,946.0,27.4,0.37,6,78.1
1004.0,165.0,66.4,1735.0,18.5,0.14,11,41.3
17.0,159.0,49.9,1175.0,9.5,0.12,10,30.5
11.0,95.0,9.4,2340.0,44.9,0.53,3,68.2
1042.0,182.0,17.7,1702.0,20.8,0.42,5,76.0
1146.0,79.0,38.6,2121.0,33.8,0.32,7,72.3
737.0,189.0,43.5,344.0,0.9,0.43,12,58.2
420.0,217.0,24.6,944.0,4.5,0.2,1,28.1
598.0,160.0,51.9,1660.0,35.5,0.11,11,46.2
449.0,278.0,36.3,324.0,5.4,0.15,10,48.0
138.0,193.0,8.3,386.0,7.3,0.17,3,86.4
759.0,182.0,59.9,955.0,15.6,0.32,4,56.2
373.0,184.0,8.9,555.0,27.6,0.24,4,100.0
914.0,174.0,53.3,804.0,27.5,0.61,12,73.1
32.0,172.0,13.7,2427.0,39.8,0.58,11,39.3
644.0,247.0,62.8,1424.0,27.6,0.45,6,53.7
477.0,22.0,22.7,903.0,34.8,0.32,10,74.1
1013.0,141.0,53.8,1585.0,8.9,0.12,3,64.8
175.0,192.0,51.0,1891.0,17.7,0.72,3,13.9
914.0,96.0,22.7,325.0,33.5,0.45,12,100.0
1187.0,281.0,51.4,2077.0,9.0,0.37,8,37.7
151.0,113.0,36.1,1757.0,47.1,0.62,10,21.1
424.0,244.0,67.3,2361.0,32.6,0.19,9,27.5
798.0,247.0,10.2,2139.0,20.7,0.28,3,76.6
309.0,148.0,20.7,1560.0,7.4,0.17,5,50.2
901.0,205.0,23.7,1731.0,47.7,0.25,3,62.0
444.0,248.0,48.1,2141.0,38.5,0.5,7,24.8
659.0,29.0,54.8,1207.0,0.7,0.75,5,71.6
316.0,62.0,6.3,2022.0,32.8,0.5,9,65.3
204.0,225.0,5.9,2413.0,41.9,0.24,4,55.5
1023.0,236.0,36.1,2398.0,15.4,0.44,4,54.7
968.0,56.0,7.9,2127.0,26.2,0.22,11,80.0
1023.0,186.0,60.3,470.0,9.9,0.33,6,82.3
165.0,243.0,64.1,217.0,6.5,0.1,12,44.0
170.0,188.0,52.5,1507.0,29.3,0.44,12,19.1
403.0,68.0,17.2,1017.0,18.7,0.53,2,62.3
1066.0,203.0,6.2,325.0,10.1,0.48,12,85.1
457.0,290.0,41.8,1634.0,42.8,0.36,9,8.9
631.0,132.0,10.6,2092.0,34.1,0.26,6,68.1
74.0,179.0,60.5,1414.0,46.2,0.49,7,39.6
660.0,270.0,6.2,2214.0,46.0,0.44,6,62.2
1075.0,17.0,14.6,454.0,3.2,0.45,7,100.0
1167.0,280.0,39.7,2241.0,49.7,0.61,7,49.4
184.0,227.0,42.1,1834.0,23.2,0.55,4,17.7
194.0,51.0,66.9,844.0,4.6,0.19,6,28.1
905.0,115.0,68.4,1524.0,47.1,0.22,9,54.3
395.0,108.0,31.3,2468.0,23.7,0.45,2,46.6
404.0,69.0,27.9,2414.0,25.5,0.37,12,59.1
25.0,237.0,32.4,572.0,18.4,0.78,5,38.6
1148.0,229.0,55.5,2174.0,39.0,0.37,3,58.6
488.0,142.0,62.6,1974.0,33.2,0.36,11,33.2
625.0,238.0,27.2,1665.0,11.7,0.33,11,23.5
212.0,90.0,67.4,1847.0,23.9,0.34,3,59.8
53.0,60.0,11.1,578.0,42.7,0.76,3,90.6
502.0,181.0,52.8,1842.0,5.1,0.23,11,24.8
435.0,161.0,24.6,1609.0,28.3,0.34,5,59.6
25.0,259.0,57.5,2245.0,7.5,0.26,3,0.0
118.0,101.0,34.6,419.0,4.0,0.2,9,27.8
536.0,217.0,31.7,843.0,43.7,0.71,9,46.4
320.0,110.0,55.9,2147.0,43.2,0.78,2,39.2
435.0,164.0,37.8,939.0,41.3,0.29,6,62.6
947.0,52.0,34.5,534.0,39.8,0.49,8,98.4
755.0,200.0,18.1,1743.0,30.0,0.45,12,62.0
1022.0,48.0,49.2,2022.0,33.1,0.18,2,93.2
150.0,155.0,53.3,1448.0,21.1,0.58,5,50.1
66.0,74.0,52.4,1713.0,40.9,0.43,4,46.9
268.0,41.0,29.1,1707.0,35.9,0.71,2,76.5
387.0,119.0,27.8,236.0,8.5,0.51,7,68.6
225.0,276.0,32.9,2196.0,41.6,0.24,1,33.6
474.0,181.0,19.3,701.0,31.2,0.25,8,74.3
763.0,46.0,55.7,1927.0,45.7,0.74,9,66.0
4.0,92.0,60.9,1142.0,18.7,0.67,10,21.5
888.0,106.0,37.0,799.0,28.6,0.79,9,80.1
519.0,168.0,43.5,1674.0,49.0,0.38,8,43.3
593.0,130.0,21.6,644.0,31.4,0.25,11,75.6
963.0,130.0,21.3,2207.0,41.4,0.35,4,81.6
947.0,133.0,53.3,1355.0,21.6,0.12,1,92.1
372.0,223.0,42.8,440.0,49.6,0.67,4,63.5
1098.0,40.0,28.6,1068.0,25.7,0.54,5,100.0
537.0,93.0,12.4,434.0,25.7,0.75,8,100.0
919.0,278.0,23.2,733.0,37.3,0.3,5,97.4
376.0,260.0,37.4,1554.0,17.8,0.69,2,15.1
1194.0,43.0,6.0,1654.0,47.6,0.59,3,100.0
563.0,295.0,55.0,1820.0,41.3,0.14,5,58.1
50.0,115.0,24.1,557.0,9.4,0.72,12,33.6
679.0,187.0,23.2,1709.0,9.0,0.6,1,37.8
369.0,109.0,10.5,2244.0,31.3,0.44,7,68.7
524.0,216.0,9.9,1065.0,29.9,0.38,5,79.4
334.0,231.0,57.9,2113.0,26.1,0.52,10,7.2
643.0,105.0,27.2,1718.0,43.3,0.34,6,67.7
357.0,50.0,49.6,1859.0,36.2,0.17,3,64.4
909.0,273.0,39.1,562.0,9.2,0.24,9,57.0
881.0,133.0,52.0,1400.0,32.1,0.38,8,67.4
290.0,146.0,59.4,1884.0,1.4,0.6,7,14.5
1048.0,97.0,27.4,1666.0,17.6,0.5,10,58.6
29.0,109.0,5.5,284.0,3.7,0.1,12,65.4
53.0,59.0,10.5,1051.0,27.4,0.49,7,78.9
151.0,253.0,65.7,2353.0,27.6,0.38,8,5.8
296.0,256.0,18.5,2488.0,37.3,0.46,10,21.0
688.0,267.0,20.0,976.0,3.8,0.54,9,23.4
736.0,94.0,16.3,1860.0,17.3,0.33,2,48.4
21.0,245.0,63.2,1322.0,4.8,0.11,11,3.6
560.0,148.0,34.2,1501.0,4.1,0.17,12,46.4
468.0,107.0,10.9,1986.0,14.4,0.32,6,54.2
13.0,287.0,47.2,1984.0,22.7,0.73,12,9.5
367.0,216.0,10.1,2210.0,30.5,0.69,2,48.4
440.0,125.0,42.1,988.0,28.6,0.38,4,64.0
681.0,114.0,21.2,291.0,2.1,0.48,9,58.6
602.0,242.0,21.1,2003.0,20.9,0.75,8,43.1
666.0,200.0,46.9,1185.0,19.7,0.47,6,52.6
235.0,188.0,20.8,1872.0,49.3,0.74,11,41.7
117.0,41.0,40.2,1240.0,26.5,0.16,7,74.3
1168.0,133.0,34.3,1119.0,31.2,0.28,5,97.4
1006.0,196.0,48.3,1855.0,14.9,0.11,3,59.8
859.0,223.0,57.4,2429.0,32.3,0.7,5,57.2
346.0,236.0,46.3,1154.0,5.2,0.32,10,13.4
616.0,165.0,67.4,923.0,31.6,0.17,4,88.3
325.0,132.0,18.5,1999.0,34.0,0.19,12,53.7
125.0,244.0,18.8,1866.0,42.8,0.58,11,6.4
67.0,184.0,55.7,2454.0,28.5,0.23,7,27.5
743.0,206.0,21.4,628.0,10.0,0.14,7,65.3
875.0,80.0,47.6,1087.0,33.6,0.73,10,74.7
388.0,185.0,61.4,2298.0,27.3,0.1,8,42.8
201.0,35.0,40.7,1565.0,9.1,0.75,4,52.6
262.0,22.0,26.5,204.0,0.6,0.23,4,89.0
1177.0,71.0,7.6,956.0,3.5,0.79,11,62.3
196.0,60.0,47.9,585.0,15.5,0.19,4,71.4
327.0,144.0,23.4,2010.0,17.7,0.48,3,52.4
1165.0,114.0,21.4,570.0,2.2,0.7,1,61.7
39.0,267.0,49.8,473.0,4.6,0.4,10,3.4
493.0,15.0,69.8,2497.0,17.1,0.34,8,53.3
996.0,70.0,31.6,1519.0,15.7,0.8,1,55.7
31.0,33.0,39.4,2055.0,15.3,0.65,5,51.7
833.0,156.0,43.1,589.0,46.0,0.48,10,76.3
585.0,158.0,37.3,1429.0,3.4,0.61,2,43.2
451.0,272.0,30.9,1050.0,44.4,0.1,6,56.1
1168.0,85.0,11.4,458.0,16.5,0.18,4,100.0
1073.0,147.0,57.9,735.0,18.7,0.15,5,84.3
100.0,249.0,62.1,1940.0,48.4,0.62,11,1.7
371.0,162.0,28.3,342.0,38.6,0.44,6,85.3
738.0,146.0,13.5,326.0,46.5,0.24,8,100.0
163.0,136.0,57.8,2430.0,12.1,0.8,10,0.0
225.0,226.0,33.1,1174.0,28.7,0.69,12,46.6
501.0,196.0,16.1,493.0,19.9,0.79,1,73.6
868.0,29.0,58.1,800.0,31.0,0.16,8,100.0
841.0,249.0,29.1,1700.0,47.5,0.63,4,62.0
49.0,227.0,9.3,1994.0,18.7,0.25,2,19.6
939.0,145.0,54.6,271.0,9.1,0.76,5,86.7
359.0,247.0,31.9,1769.0,35.6,0.52,11,18.9
1038.0,51.0,14.8,443.0,49.6,0.61,1,100.0
110.0,123.0,50.6,1751.0,44.6,0.19,8,40.3
565.0,58.0,29.2,1826.0,43.0,0.28,1,77.2
192.0,280.0,31.9,1386.0,0.8,0.55,5,9.3
894.0,125.0,49.2,221.0,1.1,0.57,8,66.4
196.0,208.0,66.3,472.0,43.5,0.62,11,30.8
368.0,72.0,37.9,1570.0,29.8,0.65,6,60.6
732.0,93.0,63.8,2091.0,24.6,0.42,12,66.3
874.0,210.0,16.8,936.0,3.1,0.11,10,44.1
959.0,24.0,40.4,413.0,38.9,0.62,4,100.0
129.0,279.0,9.7,417.0,13.6,0.33,11,42.5
365.0,115.0,15.8,2366.0,17.4,0.3,6,42.0
660.0,168.0,46.1,536.0,4.5,0.43,4,61.6
815.0,167.0,38.1,363.0,12.4,0.54,2,79.1
128.0,33.0,40.3,1794.0,28.4,0.25,10,39.4
31.0,236.0,19.7,1946.0,16.4,0.41,6,4.2
869.0,51.0,5.4,1908.0,41.1,0.66,5,97.8
251.0,72.0,26.6,1536.0,23.2,0.58,7,47.7
532.0,26.0,24.4,513.0,21.0,0.39,2,100.0
541.0,30.0,6.2,477.0,45.6,0.42,10,100.0
486.0,219.0,52.5,2477.0,47.4,0.72,3,35.7
16.0,50.0,15.2,1864.0,27.0,0.62,7,46.7
787.0,140.0,51.8,2262.0,7.8,0.37,9,17.3
462.0,267.0,57.5,2324.0,16.5,0.42,9,7.0
315.0,82.0,48.1,1531.0,9.1,0.41,1,40.9
1150.0,226.0,41.5,2414.0,13.2,0.23,2,25.0
136.0,178.0,50.5,1405.0,23.8,0.68,12,32.5
18.0,282.0,65.3,1156.0,38.2,0.11,5,45.8
863.0,202.0,29.7,1237.0,34.6,0.43,9,55.4
506.0,185.0,48.1,2363.0,4.1,0.54,12,13.9
1030.0,185.0,41.4,2246.0,35.9,0.55,8,59.8
906.0,156.0,54.0,896.0,36.7,0.48,12,76.2
962.0,212.0,69.3,1895.0,47.1,0.79,10,27.0
15.0,202.0,37.4,1461.0,45.9,0.46,5,46.4
550.0,73.0,67.9,497.0,47.0,0.55,10,74.6
763.0,144.0,68.0,1083.0,8.6,0.25,4,62.5
116.0,60.0,62.6,1249.0,19.9,0.29,2,31.7
1187.0,65.0,42.9,1768.0,9.5,0.41,8,54.3
139.0,245.0,23.0,1859.0,45.2,0.14,12,26.9
659.0,70.0,60.8,2150.0,11.1,0.17,10,45.3
749.0,102.0,14.2,1080.0,3.5,0.57,7,64.1
315.0,231.0,49.6,2220.0,16.5,0.33,9,4.2
1066.0,213.0,9.2,1599.0,24.5,0.3,10,67.8
996.0,76.0,39.0,404.0,45.3,0.3,5,100.0
723.0,252.0,38.4,1410.0,48.6,0.34,5,68.9
1170.0,264.0,18.8,777.0,39.6,0.53,11,62.4
584.0,299.0,69.9,786.0,32.0,0.31,3,73.9
779.0,28.0,51.8,1626.0,14.4,0.53,12,53.9
263.0,193.0,26.1,1509.0,21.5,0.22,3,58.6
727.0,297.0,51.1,2134.0,32.5,0.44,9,21.0
108.0,147.0,42.9,888.0,7.6,0.6,8,22.3
228.0,137.0,28.5,1277.0,3.5,0.14,1,53.9
750.0,134.0,14.4,1956.0,41.1,0.5,7,74.6
295.0,289.0,32.7,1528.0,5.6,0.16,9,23.5
617.0,253.0,18.6,1535.0,20.2,0.8,3,53.1
1178.0,147.0,34.4,861.0,31.5,0.66,9,77.0
565.0,155.0,45.8,868.0,16.2,0.48,8,49.3
0.0,223.0,49.7,1566.0,9.0,0.26,10,0.0
710.0,178.0,17.7,2243.0,12.7,0.8,9,31.4
355.0,133.0,11.7,1554.0,46.6,0.3,5,73.9
605.0,42.0,67.9,1275.0,40.2,0.11,4,100.0
687.0,15.0,25.1,740.0,41.1,0.35,8,100.0
822.0,68.0,22.8,858.0,28.1,0.27,2,90.1
1185.0,157.0,47.6,951.0,43.7,0.22,9,72.1
694.0,109.0,21.7,1155.0,40.5,0.12,5,99.9
1122.0,164.0,47.4,343.0,44.8,0.58,12,87.1
486.0,196.0,38.1,1421.0,44.0,0.68,5,75.9
1150.0,158.0,13.3,1601.0,30.1,0.23,10,78.8
667.0,78.0,33.2,1871.0,28.9,0.68,9,51.5
472.0,242.0,17.5,1735.0,23.2,0.74,3,41.8
765.0,132.0,44.4,1782.0,20.3,0.47,10,41.4
239.0,263.0,68.6,1548.0,5.7,0.71,4,14.3
556.0,181.0,36.3,460.0,37.6,0.28,10,82.5
577.0,18.0,37.6,489.0,4.0,0.67,9,82.0
612.0,175.0,17.7,480.0,8.3,0.11,9,88.0
402.0,96.0,24.2,1998.0,41.1,0.59,10,44.9
422.0,297.0,56.9,1109.0,38.9,0.66,2,38.8
266.0,259.0,8.2,2499.0,32.2,0.41,1,56.7
364.0,12.0,23.5,283.0,13.0,0.35,3,100.0
710.0,279.0,60.1,1706.0,47.9,0.19,9,32.7
459.0,205.0,64.9,2346.0,13.0,0.67,11,0.0
866.0,83.0,65.7,630.0,4.5,0.63,2,65.8
1039.0,191.0,42.0,2011.0,25.4,0.38,12,58.1
16.0,82.0,23.6,2494.0,14.0,0.33,5,33.5
638.0,79.0,56.1,992.0,33.5,0.56,2,64.6
574.0,178.0,24.6,1563.0,32.1,0.62,11,37.4
368.0,18.0,42.1,203.0,5.4,0.45,3,88.9
506.0,197.0,34.8,861.0,44.4,0.14,10,72.7
251.0,12.0,57.8,1659.0,37.8,0.78,4,76.6
453.0,125.0,20.3,1309.0,21.6,0.53,11,43.2
345.0,84.0,7.6,953.0,3.1,0.46,3,74.0
217.0,34.0,21.6,1727.0,37.7,0.28,3,91.5
1124.0,129.0,19.7,295.0,38.1,0.28,8,100.0
496.0,149.0,25.8,1020.0,8.7,0.71,9,40.9
809.0,81.0,65.5,1878.0,39.3,0.53,1,61.6
149.0,116.0,19.1,1436.0,40.7,0.33,7,54.7
104.0,227.0,19.9,371.0,2.1,0.43,4,42.8
707.0,24.0,25.7,1400.0,31.5,0.25,10,96.4
19.0,94.0,22.2,1530.0,17.3,0.53,5,29.0
865.0,208.0,42.9,674.0,39.0,0.2,1,65.8
907.0,191.0,57.8,1462.0,41.7,0.12,1,89.9
1022.0,34.0,57.8,469.0,2.0,0.53,5,100.0
61.0,174.0,18.6,1806.0,47.0,0.58,6,34.2
424.0,28.0,37.7,2370.0,4.7,0.62,10,40.4
364.0,94.0,69.9,1059.0,18.4,0.12,7,65.2
1092.0,24.0,26.9,2362.0,25.1,0.3,2,94.2
602.0,96.0,54.9,294.0,21.1,0.48,11,79.0
1133.0,280.0,24.1,1397.0,19.0,0.52,2,50.2
485.0,19.0,25.3,523.0,5.6,0.11,7,88.4
747.0,185.0,53.7,1837.0,5.1,0.3,8,38.0
503.0,18.0,7.0,819.0,29.3,0.6,12,100.0
989.0,92.0,46.1,447.0,36.8,0.2,8,100.0
1077.0,77.0,61.5,1140.0,37.8,0.19,3,100.0
996.0,100.0,54.3,2188.0,41.0,0.77,4,59.8
536.0,25.0,37.1,1533.0,37.6,0.59,12,79.3
1017.0,173.0,22.8,361.0,43.6,0.26,2,100.0
1114.0,110.0,16.3,1821.0,10.4,0.28,2,60.1
940.0,294.0,56.7,1261.0,36.4,0.16,11,59.9
666.0,292.0,12.9,1787.0,40.9,0.5,5,63.4
79.0,16.0,54.5,995.0,4.8,0.15,11,39.5
960.0,109.0,6.6,1892.0,27.7,0.8,5,86.4
976.0,165.0,68.7,1773.0,25.5,0.68,10,39.5
905.0,33.0,26.4,1678.0,15.5,0.58,7,71.3
179.0,75.0,15.5,1604.0,2.4,0.54,9,0.0
197.0,139.0,52.9,2306.0,12.8,0.62,3,12.7
912.0,142.0,18.9,2488.0,38.6,0.36,5,77.8
4.0,97.0,29.7,1188.0,11.6,0.76,5,56.2
868.0,35.0,19.3,1387.0,24.1,0.23,10,100.0
804.0,41.0,44.5,2052.0,13.3,0.54,5,74.0
505.0,249.0,52.9,1900.0,45.9,0.39,10,26.1
1063.0,269.0,62.1,1474.0,44.5,0.65,11,42.7
211.0,42.0,51.4,1487.0,28.1,0.76,11,62.1
660.0,116.0,51.2,628.0,9.3,0.67,8,54.3
792.0,75.0,53.6,276.0,17.2,0.14,3,100.0
166.0,119.0,69.6,1593.0,34.3,0.53,5,33.0
432.0,255.0,37.5,914.0,4.9,0.65,10,5.5
507.0,83.0,28.3,1116.0,7.2,0.15,4,91.4
782.0,149.0,63.0,1018.0,42.1,0.54,3,70.9
27.0,124.0,18.5,727.0,43.3,0.73,10,47.6
274.0,73.0,28.5,1274.0,4.4,0.69,5,57.9
294.0,102.0,38.0,1660.0,2.7,0.73,8,23.9
955.0,183.0,37.0,1545.0,12.0,0.16,8,64.9
717.0,260.0,46.4,845.0,26.2,0.16,4,62.5
601.0,184.0,51.9,1045.0,8.4,0.76,8,42.0
931.0,184.0,34.6,314.0,36.5,0.24,7,100.0
613.0,86.0,22.3,2234.0,8.5,0.28,7,62.7
372.0,271.0,28.7,744.0,23.1,0.54,2,58.4
1128.0,107.0,50.5,872.0,31.3,0.34,6,75.8
455.0,85.0,46.2,2288.0,6.8,0.38,9,17.8
984.0,105.0,68.3,2147.0,7.3,0.59,12,33.1
506.0,285.0,45.4,1775.0,26.2,0.64,11,14.3
323.0,119.0,61.4,2288.0,34.8,0.3,9,27.3
962.0,225.0,60.6,1039.0,11.6,0.42,8,37.4
1002.0,33.0,48.2,716.0,44.1,0.11,3,100.0
817.0,95.0,14.4,1036.0,10.8,0.57,6,93.9
680.0,189.0,30.5,2440.0,1.3,0.79,7,30.1
572.0,58.0,27.1,562.0,11.4,0.71,10,66.6
187.0,225.0,39.1,2204.0,10.7,0.27,6,3.5
72.0,225.0,62.2,1147.0,10.0,0.46,5,13.7
4.0,205.0,46.9,572.0,38.1,0.54,12,30.2
83.0,117.0,29.3,1384.0,36.9,0.51,5,59.2
601.0,215.0,51.7,1948.0,16.4,0.53,11,6.7
1038.0,113.0,64.2,750.0,6.4,0.16,7,86.7
170.0,147.0,64.5,1603.0,42.7,0.54,6,25.5
1151.0,201.0,27.2,1045.0,6.5,0.4,3,60.5
1148.0,16.0,34.1,1513.0,15.7,0.23,11,70.1
19.0,148.0,58.6,1895.0,42.0,0.65,5,28.1
786.0,277.0,33.4,678.0,26.8,0.62,8,71.6
454.0,46.0,10.8,563.0,20.8,0.64,7,100.0
98.0,221.0,38.8,366.0,5.7,0.33,12,45.8
5.0,128.0,47.9,2306.0,26.5,0.24,12,23.8
792.0,31.0,43.8,1773.0,43.9,0.79,11,58.8
1077.0,215.0,61.8,2289.0,49.7,0.39,12,39.5
559.0,96.0,24.4,366.0,6.9,0.53,1,84.9
796.0,170.0,25.6,567.0,46.3,0.76,3,83.7
296.0,107.0,68.0,315.0,21.1,0.24,4,91.4
895.0,50.0,17.5,2110.0,38.9,0.54,11,64.3
221.0,112.0,67.3,2415.0,2.9,0.6,9,3.6
1168.0,72.0,56.9,1048.0,29.8,0.75,7,79.4
1085.0,279.0,6.3,1468.0,27.4,0.37,7,77.8
1176.0,63.0,25.1,1764.0,10.5,0.43,3,80.4
574.0,250.0,64.2,1934.0,47.3,0.42,2,39.6
706.0,294.0,17.0,2353.0,11.9,0.12,7,37.5
41.0,57.0,65.0,1928.0,7.3,0.69,10,1.3
1025.0,110.0,40.1,2121.0,26.5,0.36,5,64.2
758.0,265.0,12.4,2133.0,15.0,0.19,4,70.3
905.0,139.0,7.6,510.0,10.7,0.58,6,87.4
403.0,266.0,49.5,1146.0,22.5,0.56,3,48.4
734.0,63.0,66.6,1208.0,45.0,0.2,7,79.3
817.0,172.0,49.4,1271.0,4.0,0.52,6,47.2
261.0,175.0,64.6,1531.0,42.3,0.31,12,34.3
192.0,176.0,16.8,2465.0,32.4,0.12,6,45.5
10.0,74.0,16.5,235.0,1.4,0.36,12,48.2
407.0,132.0,47.7,2365.0,16.1,0.27,7,18.6
335.0,120.0,65.1,1243.0,29.3,0.61,2,57.7
548.0,32.0,9.9,2333.0,18.5,0.14,3,100.0
271.0,122.0,21.3,1409.0,21.3,0.65,12,61.3
953.0,152.0,41.9,1556.0,35.6,0.42,3,72.1
960.0,279.0,13.4,1265.0,10.1,0.62,10,58.7
378.0,47.0,50.9,328.0,36.7,0.7,4,100.0
59.0,16.0,63.8,269.0,1.3,0.56,11,47.4
376.0,255.0,47.5,546.0,45.9,0.62,6,49.9
360.0,34.0,21.9,2452.0,15.8,0.23,5,67.6
908.0,295.0,61.0,2156.0,46.9,0.57,1,38.5
152.0,117.0,11.3,920.0,26.7,0.21,10,60.9
404.0,211.0,40.3,1365.0,20.1,0.71,12,35.0
168.0,229.0,59.0,284.0,29.6,0.19,2,54.8
819.0,115.0,64.0,1986.0,23.7,0.35,6,66.0
488.0,129.0,65.8,2316.0,11.0,0.44,3,40.5
266.0,124.0,14.4,1229.0,48.7,0.1,12,87.3
1189.0,267.0,63.3,881.0,11.6,0.2,1,38.1
1171.0,179.0,23.9,1253.0,38.1,0.36,3,100.0
34.0,298.0,10.3,1915.0,34.7,0.56,6,31.5
374.0,221.0,22.2,2146.0,35.6,0.46,4,43.4
824.0,10.0,39.3,1841.0,8.4,0.33,5,88.9
260.0,180.0,13.6,1013.0,30.8,0.78,11,62.3
321.0,164.0,16.3,867.0,46.7,0.46,3,76.3
931.0,242.0,64.7,1704.0,10.4,0.32,3,37.8
588.0,103.0,39.6,1615.0,21.9,0.48,2,66.4
613.0,93.0,58.3,2167.0,38.9,0.45,9,45.0
343.0,165.0,20.6,2489.0,32.9,0.42,8,56.2
882.0,195.0,9.6,2259.0,16.4,0.13,12,82.1
831.0,171.0,21.9,1838.0,38.5,0.5,3,85.6
1087.0,166.0,64.2,1871.0,47.5,0.77,10,40.1
683.0,184.0,42.7,1685.0,12.2,0.67,7,33.5
186.0,283.0,64.5,2047.0,16.3,0.78,12,0.0
784.0,288.0,31.6,703.0,24.6,0.73,3,73.1
1105.0,272.0,54.6,2148.0,27.2,0.11,11,43.7
773.0,83.0,19.7,1319.0,16.3,0.12,9,69.7
30.0,181.0,50.8,299.0,13.3,0.16,7,49.6
171.0,262.0,15.5,2310.0,9.5,0.13,10,10.2
167.0,232.0,33.5,1510.0,24.3,0.39,6,14.4
229.0,29.0,8.2,2206.0,34.2,0.7,10,68.4
386.0,90.0,11.5,2156.0,39.5,0.51,5,84.4
254.0,126.0,32.0,1963.0,10.0,0.29,3,43.5
1152.0,43.0,12.7,687.0,20.6,0.73,9,100.0
42.0,276.0,26.9,957.0,17.0,0.64,6,11.7
893.0,10.0,9.9,1193.0,38.3,0.27,12,100.0
719.0,171.0,69.5,308.0,39.4,0.68,6,85.8
494.0,84.0,19.2,880.0,20.0,0.59,10,47.9
1122.0,132.0,10.1,838.0,8.1,0.23,11,67.7
336.0,168.0,46.5,993.0,9.8,0.41,8,40.7
360.0,249.0,39.9,1876.0,12.2,0.53,8,8.9
673.0,273.0,59.1,2049.0,47.4,0.25,9,24.9
593.0,211.0,61.2,605.0,12.6,0.55,6,44.0
1138.0,82.0,23.1,1301.0,32.7,0.63,9,80.9
1006.0,115.0,18.1,1149.0,33.7,0.48,3,96.9
890.0,218.0,14.8,1251.0,19.5,0.26,11,61.5
235.0,66.0,63.5,2367.0,11.5,0.24,11,27.1
747.0,270.0,9.9,366.0,25.4,0.21,11,88.8
224.0,121.0,16.3,1662.0,41.9,0.13,3,64.5
1145.0,146.0,46.1,2423.0,38.1,0.23,11,42.7
793.0,280.0,59.0,1983.0,35.6,0.6,11,16.8
537.0,200.0,17.4,1861.0,14.9,0.14,10,40.7
244.0,273.0,41.3,1979.0,29.3,0.18,7,36.9
976.0,119.0,34.5,2155.0,1.0,0.66,6,37.6
588.0,244.0,24.6,1269.0,20.1,0.52,3,69.3
1192.0,29.0,12.1,1600.0,29.0,0.41,6,100.0
424.0,297.0,58.6,1442.0,25.8,0.73,3,45.4
1155.0,167.0,17.6,2293.0,41.7,0.17,9,76.0
587.0,92.0,63.8,352.0,26.9,0.65,7,85.7
310.0,82.0,45.2,2308.0,48.0,0.76,2,52.3
274.0,287.0,33.8,1582.0,21.3,0.51,6,34.0
222.0,15.0,53.5,1060.0,0.6,0.48,9,39.5
288.0,245.0,28.7,2151.0,29.4,0.72,3,38.3
61.0,230.0,61.9,1907.0,22.0,0.72,9,1.4
407.0,264.0,29.0,393.0,5.8,0.67,11,32.3
479.0,276.0,17.0,2494.0,10.7,0.23,2,18.2
1180.0,174.0,54.5,1836.0,1.6,0.3,6,42.9
1196.0,204.0,53.7,221.0,9.7,0.49,11,62.0
53.0,124.0,34.7,500.0,12.9,0.23,3,51.3
788.0,212.0,43.4,278.0,30.1,0.26,7,66.0
1040.0,207.0,5.1,1242.0,19.8,0.51,9,63.0
399.0,197.0,9.0,1170.0,45.0,0.38,8,78.9
950.0,16.0,58.1,740.0,30.4,0.68,8,100.0
881.0,100.0,33.3,1333.0,13.3,0.76,10,54.0
107.0,179.0,24.4,2153.0,43.5,0.29,2,34.3
1029.0,92.0,6.8,420.0,46.7,0.23,9,100.0
262.0,207.0,49.1,1520.0,2.1,0.59,1,0.0
83.0,10.0,33.6,1972.0,29.3,0.71,10,41.0
973.0,20.0,54.8,646.0,37.0,0.67,10,100.0
277.0,256.0,12.6,897.0,30.1,0.54,10,54.6
951.0,42.0,66.6,395.0,13.1,0.39,3,100.0
710.0,81.0,6.9,1450.0,38.1,0.38,8,100.0
1137.0,161.0,35.2,1359.0,7.8,0.72,3,71.0
1181.0,36.0,40.1,1052.0,17.7,0.16,7,96.0
1169.0,163.0,68.7,381.0,1.1,0.48,2,68.6
418.0,269.0,61.9,1792.0,11.3,0.8,5,21.4
801.0,96.0,56.5,1341.0,20.1,0.55,5,96.9
26.0,201.0,8.0,1946.0,13.8,0.21,1,14.7
393.0,119.0,60.5,2304.0,46.7,0.58,12,39.8
514.0,221.0,17.4,624.0,15.4,0.23,11,47.9
1184.0,128.0,41.4,1704.0,38.8,0.29,8,65.2
770.0,14.0,5.5,800.0,18.7,0.74,4,100.0
256.0,98.0,12.5,1467.0,47.8,0.42,2,95.3
820.0,274.0,6.1,2095.0,34.2,0.11,5,83.7
320.0,18.0,36.5,2457.0,14.6,0.1,9,55.0
182.0,200.0,34.9,1766.0,9.4,0.53,11,6.4
14.0,176.0,49.4,420.0,17.9,0.51,9,37.8
690.0,252.0,22.0,1855.0,38.7,0.42,8,41.4
564.0,242.0,44.2,1137.0,39.0,0.21,6,57.3
1087.0,33.0,41.2,1935.0,40.5,0.4,11,67.3
933.0,223.0,5.9,2338.0,9.2,0.18,6,72.5
729.0,14.0,49.1,693.0,26.7,0.31,4,100.0
1070.0,130.0,42.9,481.0,3.6,0.37,6,72.7
665.0,266.0,52.2,547.0,40.6,0.7,3,63.9
879.0,57.0,52.7,929.0,8.9,0.72,7,57.4
609.0,165.0,58.6,1000.0,27.4,0.77,6,65.2
447.0,282.0,35.4,1454.0,42.8,0.76,10,33.3
148.0,269.0,67.0,858.0,42.3,0.49,11,20.3
601.0,32.0,10.2,279.0,4.1,0.13,10,100.0
1180.0,260.0,34.3,1419.0,31.0,0.25,5,74.1
1128.0,193.0,61.4,1141.0,15.1,0.55,7,57.3
116.0,71.0,62.2,628.0,3.0,0.48,1,36.0
1174.0,186.0,10.0,1051.0,33.3,0.27,8,100.0
8.0,88.0,20.1,2406.0,13.7,0.17,1,41.2
518.0,207.0,7.9,1310.0,0.7,0.38,10,37.1
604.0,85.0,59.9,2121.0,45.3,0.31,3,70.1
740.0,212.0,8.6,2198.0,1.6,0.17,4,50.9
308.0,267.0,39.7,1671.0,25.0,0.78,3,41.4
26.0,206.0,58.0,1419.0,44.4,0.26,7,27.4
373.0,53.0,59.2,1917.0,47.0,0.6,12,52.5
848.0,17.0,24.0,2264.0,39.6,0.17,9,90.7
1167.0,258.0,9.7,2299.0,42.9,0.38,5,82.0
634.0,166.0,29.0,1278.0,27.5,0.33,7,71.3
255.0,183.0,16.8,1221.0,48.3,0.66,7,63.9
1065.0,251.0,63.3,523.0,27.7,0.4,12,66.2
370.0,291.0,44.8,2090.0,22.2,0.71,8,20.1
799.0,67.0,12.5,2092.0,23.8,0.55,9,71.6
624.0,295.0,61.6,1801.0,23.8,0.71,8,22.0
163.0,238.0,37.7,2096.0,23.8,0.79,8,10.0
241.0,245.0,17.8,2340.0,4.3,0.15,3,32.0
107.0,183.0,15.6,1207.0,9.1,0.23,1,30.3
1182.0,87.0,39.8,550.0,30.6,0.36,3,100.0
642.0,108.0,40.4,2418.0,21.3,0.36,1,52.6
135.0,78.0,41.1,2350.0,39.1,0.7,4,32.3
707.0,218.0,13.4,1339.0,45.1,0.74,3,84.6
234.0,94.0,17.6,1810.0,26.8,0.46,5,72.3
501.0,66.0,36.8,2099.0,18.7,0.44,2,50.6
673.0,61.0,5.5,214.0,26.2,0.49,10,100.0
1180.0,126.0,35.5,2239.0,24.1,0.6,7,67.9
884.0,293.0,52.3,1952.0,40.9,0.1,10,50.4
361.0,229.0,19.2,753.0,14.4,0.19,3,67.2
961.0,141.0,69.5,623.0,22.8,0.45,7,86.3
623.0,211.0,10.3,679.0,33.0,0.2,11,77.4
952.0,43.0,34.5,2060.0,7.8,0.63,10,69.1
671.0,295.0,66.0,2046.0,2.4,0.13,2,16.4
788.0,134.0,65.5,216.0,16.2,0.59,12,60.8
219.0,62.0,38.4,1685.0,12.9,0.27,6,41.5
738.0,56.0,51.0,1373.0,34.1,0.53,1,66.4
848.0,287.0,25.8,1461.0,35.5,0.33,12,67.5
545.0,224.0,21.0,802.0,35.0,0.48,9,42.2
1070.0,263.0,58.1,2086.0,33.0,0.4,2,51.5
139.0,253.0,65.7,1844.0,7.2,0.26,5,12.6
444.0,175.0,12.5,1204.0,45.9,0.51,8,75.0
299.0,103.0,56.5,1709.0,5.5,0.46,4,40.0
906.0,213.0,33.8,2487.0,44.3,0.75,1,55.2
401.0,84.0,56.5,1226.0,23.0,0.37,8,68.2
668.0,68.0,6.4,949.0,24.8,0.25,4,100.0
510.0,268.0,58.1,2353.0,41.6,0.31,6,42.9
15.0,169.0,17.2,1280.0,11.2,0.57,5,35.7
853.0,26.0,70.0,303.0,24.6,0.67,8,100.0
492.0,101.0,46.1,711.0,1.0,0.22,6,47.4
1169.0,92.0,14.5,1676.0,45.6,0.76,11,81.5
854.0,43.0,13.2,1811.0,49.5,0.32,10,100.0
261.0,28.0,26.4,2074.0,38.4,0.35,6,69.0
686.0,170.0,8.5,1699.0,39.1,0.27,4,85.4
1168.0,222.0,66.2,616.0,41.4,0.57,4,76.7
169.0,32.0,22.2,1125.0,14.2,0.6,11,43.7
683.0,103.0,42.8,2485.0,33.2,0.72,5,56.4
56.0,203.0,54.1,212.0,1.2,0.62,12,18.2
273.0,35.0,44.9,1208.0,44.1,0.21,12,84.1
645.0,114.0,49.9,1186.0,18.3,0.4,10,46.2
1122.0,120.0,60.3,1996.0,43.2,0.28,2,63.9
514.0,224.0,19.9,1802.0,11.8,0.58,10,11.4
256.0,227.0,53.7,2432.0,7.2,0.43,4,18.7
214.0,97.0,57.6,634.0,25.0,0.45,10,58.5
16.0,96.0,39.3,2417.0,29.7,0.11,8,49.3
87.0,160.0,38.3,1381.0,45.4,0.5,8,45.1
751.0,29.0,62.7,1615.0,34.1,0.66,5,74.3
959.0,60.0,32.8,1212.0,43.7,0.16,3,100.0
203.0,129.0,45.9,1217.0,14.0,0.21,3,47.4
357.0,232.0,38.7,2064.0,2.2,0.19,2,12.6
85.0,297.0,68.3,1835.0,5.4,0.7,11,0.0
1106.0,204.0,22.7,1617.0,42.9,0.64,10,40.0
335.0,227.0,43.3,1241.0,3.5,0.79,4,13.9
521.0,244.0,65.6,2363.0,50.0,0.25,9,17.5
401.0,69.0,17.4,2178.0,1.0,0.3,9,18.2
1161.0,178.0,64.5,1100.0,14.8,0.31,4,65.7
422.0,102.0,47.1,1917.0,45.7,0.43,9,30.8
726.0,18.0,69.3,1192.0,49.0,0.21,4,100.0
111.0,142.0,22.7,817.0,44.4,0.56,5,49.3
19.0,259.0,69.7,2193.0,48.1,0.76,9,0.0
1037.0,112.0,34.6,1621.0,35.4,0.5,7,72.3
55.0,178.0,60.1,2036.0,34.6,0.62,2,22.9
978.0,221.0,35.4,540.0,30.5,0.47,4,92.2
362.0,134.0,38.6,1047.0,46.0,0.4,9,60.2
314.0,77.0,31.0,322.0,10.6,0.39,7,76.5
567.0,267.0,67.4,1634.0,31.4,0.53,7,29.0
866.0,61.0,30.7,2186.0,48.7,0.73,1,76.9
347.0,266.0,42.2,346.0,37.3,0.75,9,50.7
586.0,145.0,47.0,417.0,8.6,0.61,11,48.0
375.0,87.0,69.6,2426.0,20.7,0.56,1,39.6
1173.0,292.0,10.9,2121.0,30.6,0.11,12,86.6
778.0,255.0,53.6,879.0,18.2,0.65,8,34.2
32.0,213.0,64.8,1989.0,4.0,0.65,9,0.0
428.0,96.0,7.4,1858.0,2.6,0.36,8,42.5
1021.0,203.0,63.9,775.0,3.3,0.58,5,50.3
581.0,82.0,10.0,1981.0,7.7,0.79,1,73.0
1173.0,66.0,66.7,1118.0,7.7,0.48,5,84.8
337.0,68.0,55.5,272.0,22.6,0.63,4,89.0
385.0,70.0,14.9,2211.0,19.9,0.55,2,55.9
302.0,156.0,17.9,570.0,8.6,0.52,8,59.0
683.0,112.0,52.7,886.0,46.3,0.28,12,60.2
524.0,43.0,35.4,930.0,5.1,0.28,10,69.0
495.0,119.0,49.5,653.0,34.0,0.4,1,58.7
1023.0,148.0,63.5,1083.0,41.3,0.47,7,81.8
949.0,47.0,51.8,692.0,4.8,0.52,5,95.9
47.0,124.0,34.4,2407.0,1.5,0.68,5,9.7
53.0,174.0,15.6,2005.0,23.3,0.31,6,39.1
141.0,34.0,53.5,1066.0,9.7,0.66,8,50.9
490.0,222.0,20.2,225.0,6.4,0.7,12,53.2
460.0,164.0,37.0,1565.0,46.1,0.63,6,52.6
1046.0,125.0,57.8,2351.0,29.2,0.53,12,59.9
965.0,133.0,61.5,682.0,17.3,0.15,7,76.6
860.0,252.0,31.6,671.0,5.6,0.67,7,56.0
1008.0,223.0,64.4,2365.0,12.0,0.7,9,14.0
1097.0,263.0,49.8,1307.0,37.7,0.55,5,59.5
1113.0,212.0,5.3,1032.0,15.6,0.39,9,64.6
94.0,251.0,13.8,841.0,23.5,0.46,2,44.6
1043.0,246.0,27.0,2130.0,8.2,0.17,12,56.7
404.0,20.0,21.6,583.0,9.5,0.55,10,68.6
378.0,28.0,36.1,1847.0,19.0,0.77,8,49.2
554.0,120.0,48.5,2311.0,11.6,0.25,9,24.3
180.0,270.0,31.0,1961.0,32.5,0.79,12,16.8
402.0,139.0,43.4,651.0,1.8,0.52,8,32.0
359.0,179.0,38.4,506.0,27.0,0.53,11,58.7
111.0,153.0,22.6,2322.0,33.2,0.76,6,30.2
512.0,241.0,25.4,2237.0,39.9,0.52,6,38.0
775.0,217.0,33.1,553.0,37.4,0.67,9,55.2
297.0,111.0,42.3,1862.0,14.6,0.22,1,25.0
1056.0,65.0,30.0,2058.0,20.9,0.44,9,63.5
290.0,90.0,69.9,884.0,4.5,0.48,5,43.1
700.0,258.0,32.4,1034.0,9.3,0.5,8,46.4
615.0,35.0,38.9,1904.0,14.9,0.12,12,76.0
1190.0,218.0,63.0,1383.0,48.0,0.55,6,52.6
1074.0,64.0,22.8,601.0,11.9,0.44,9,74.1
417.0,176.0,39.3,1799.0,44.3,0.3,3,65.1
45.0,129.0,69.9,248.0,32.3,0.11,7,64.0
1159.0,156.0,18.1,927.0,40.2,0.75,2,79.7
108.0,79.0,18.4,605.0,1.3,0.11,5,65.4
749.0,17.0,26.3,1194.0,34.4,0.4,6,100.0
334.0,110.0,26.6,1146.0,41.5,0.79,2,52.4
438.0,270.0,41.2,1065.0,12.2,0.23,6,25.3
1094.0,244.0,28.6,2272.0,23.8,0.7,8,46.2
412.0,179.0,35.6,2060.0,43.8,0.67,9,32.1
1044.0,205.0,18.0,872.0,47.1,0.15,2,84.7
908.0,238.0,29.2,2000.0,18.7,0.52,7,36.5
217.0,289.0,62.2,222.0,26.1,0.36,3,64.6
858.0,63.0,25.8,547.0,25.1,0.12,11,100.0
427.0,109.0,20.7,241.0,1.6,0.53,10,49.5
1191.0,164.0,23.9,2310.0,34.1,0.46,6,68.6
1093.0,246.0,49.6,427.0,26.1,0.12,3,92.5
853.0,247.0,60.9,1492.0,4.0,0.11,3,53.0
372.0,78.0,39.6,1077.0,34.4,0.33,4,78.5
967.0,107.0,49.6,1193.0,27.1,0.64,10,61.7
1113.0,134.0,28.2,402.0,31.8,0.78,3,100.0
872.0,192.0,49.4,1233.0,45.6,0.51,5,72.7
544.0,236.0,26.3,721.0,41.6,0.42,8,65.4
850.0,51.0,5.1,2274.0,3.7,0.56,3,79.5
171.0,104.0,62.3,1198.0,23.8,0.66,1,29.2
161.0,284.0,7.7,2432.0,21.7,0.71,10,26.7
136.0,175.0,17.2,1082.0,22.9,0.25,8,42.8
568.0,78.0,57.4,633.0,14.0,0.15,5,84.8
185.0,40.0,14.6,263.0,2.6,0.7,12,82.3
875.0,192.0,15.2,1268.0,30.9,0.73,9,72.3
633.0,18.0,5.3,2212.0,29.1,0.19,4,100.0
489.0,16.0,36.2,244.0,30.9,0.41,10,92.7
1054.0,110.0,8.1,1912.0,3.0,0.59,11,49.0
598.0,246.0,68.8,1418.0,22.2,0.56,12,46.7
439.0,28.0,23.5,1939.0,32.4,0.61,7,74.2
627.0,168.0,24.8,2444.0,43.2,0.68,1,52.8
644.0,138.0,46.1,1154.0,44.0,0.3,5,79.0
1095.0,164.0,29.9,2129.0,46.2,0.65,3,72.2
925.0,292.0,50.8,243.0,13.5,0.22,12,70.5
1171.0,117.0,63.3,906.0,46.5,0.53,1,70.1
1140.0,146.0,68.9,1439.0,28.7,0.56,8,65.9
491.0,30.0,58.6,2340.0,0.6,0.31,8,44.1
1115.0,261.0,68.8,1076.0,44.6,0.44,12,58.0
426.0,280.0,44.9,2326.0,14.5,0.67,4,19.2
746.0,292.0,26.0,1218.0,13.0,0.55,3,46.2
353.0,155.0,45.1,989.0,38.1,0.78,4,62.8
289.0,100.0,8.0,1074.0,12.8,0.1,11,71.4
132.0,193.0,55.8,2427.0,39.4,0.14,9,21.5
880.0,202.0,45.2,521.0,10.2,0.25,1,48.6
314.0,45.0,20.1,1330.0,4.4,0.66,10,49.9
717.0,34.0,12.8,567.0,16.8,0.8,7,100.0
673.0,210.0,9.5,1560.0,30.5,0.78,9,45.4
296.0,228.0,19.3,1218.0,14.4,0.42,10,18.4
935.0,283.0,10.9,1716.0,22.6,0.46,1,73.0
1064.0,37.0,56.7,2413.0,5.5,0.7,12,70.5
22.0,121.0,29.8,1062.0,30.2,0.56,6,52.0
237.0,165.0,32.8,385.0,37.5,0.11,10,82.6
587.0,134.0,34.1,999.0,33.7,0.26,12,76.7
399.0,104.0,58.9,1798.0,31.5,0.39,1,37.1
916.0,189.0,31.3,772.0,7.8,0.67,11,61.0
973.0,55.0,44.6,1692.0,21.9,0.5,6,64.1
974.0,65.0,10.3,906.0,34.3,0.39,4,100.0
385.0,145.0,15.4,355.0,9.0,0.53,5,75.4
1195.0,52.0,21.4,2463.0,41.2,0.51,8,74.3
819.0,62.0,16.4,356.0,8.9,0.57,5,100.0
239.0,179.0,39.3,1393.0,16.8,0.32,2,56.7
1175.0,274.0,41.0,377.0,16.6,0.74,9,53.2
12.0,233.0,9.6,2325.0,5.1,0.35,8,15.1
259.0,178.0,61.5,1180.0,25.3,0.34,2,59.6
464.0,226.0,64.4,1819.0,5.7,0.62,2,1.5
703.0,82.0,46.9,310.0,46.5,0.64,4,95.9
2.0,77.0,17.9,1007.0,12.4,0.12,2,55.2
740.0,244.0,53.3,660.0,12.0,0.1,3,66.2
457.0,257.0,61.9,2068.0,31.1,0.43,4,41.4
878.0,258.0,22.3,2020.0,43.1,0.58,12,56.0
1009.0,292.0,68.0,1077.0,32.1,0.5,9,46.1
275.0,72.0,67.9,2111.0,32.9,0.13,8,60.9
976.0,14.0,8.2,1844.0,31.0,0.56,5,100.0
282.0,205.0,62.8,751.0,2.2,0.65,2,16.9
579.0,216.0,37.5,2285.0,3.7,0.6,6,17.2
430.0,13.0,31.7,2429.0,21.0,0.54,8,68.2
422.0,56.0,36.7,1170.0,44.0,0.59,7,69.1
20.0,154.0,5.1,432.0,32.1,0.46,7,80.4
1001.0,92.0,25.9,2478.0,44.9,0.37,7,81.9
882.0,168.0,42.8,2398.0,2.2,0.64,10,15.8
227.0,44.0,20.2,2382.0,28.6,0.24,2,70.8
251.0,44.0,15.9,2198.0,48.0,0.68,11,56.0
192.0,128.0,6.8,1520.0,6.9,0.11,3,59.6
705.0,279.0,11.9,1977.0,40.9,0.73,11,50.6
124.0,273.0,5.5,702.0,10.0,0.27,7,51.9
409.0,183.0,18.8,2452.0,16.4,0.75,2,34.3
692.0,116.0,6.9,1898.0,30.2,0.52,12,70.6
296.0,77.0,26.1,2383.0,3.2,0.65,11,12.9
323.0,24.0,22.0,1116.0,41.8,0.22,11,82.5
669.0,87.0,40.3,2397.0,7.8,0.6,3,57.7
669.0,37.0,19.5,1085.0,6.5,0.37,10,74.1
252.0,126.0,55.7,1869.0,0.7,0.44,4,26.3
329.0,243.0,10.3,697.0,32.1,0.1,3,91.0
9.0,120.0,60.7,2144.0,22.1,0.57,3,35.8
1136.0,272.0,33.6,236.0,27.7,0.37,5,100.0
190.0,290.0,38.1,500.0,22.4,0.36,3,61.6
385.0,245.0,35.1,731.0,5.3,0.12,12,62.1
978.0,176.0,64.7,515.0,6.2,0.14,6,82.7
1110.0,15.0,31.2,971.0,18.8,0.77,11,80.5
37.0,211.0,52.9,369.0,48.2,0.17,4,58.5
682.0,116.0,54.4,1521.0,20.0,0.69,4,42.9
1021.0,191.0,17.4,1802.0,19.1,0.42,8,52.4
902.0,153.0,69.0,1276.0,45.8,0.62,8,71.6
757.0,100.0,12.9,1853.0,45.8,0.4,3,87.4
155.0,28.0,49.4,1844.0,20.4,0.58,4,52.4
149.0,155.0,51.1,2423.0,46.3,0.25,6,32.3
1198.0,260.0,40.0,423.0,10.5,0.47,4,87.9
79.0,163.0,19.1,650.0,49.9,0.32,9,51.8
219.0,236.0,67.1,950.0,24.4,0.77,12,28.2
24.0,237.0,65.2,1971.0,25.5,0.45,3,15.7
975.0,154.0,36.6,1385.0,48.6,0.63,9,76.3
339.0,26.0,26.6,313.0,27.4,0.26,11,95.9
887.0,248.0,41.0,1257.0,39.4,0.34,8,66.6
469.0,201.0,14.2,770.0,15.7,0.57,7,47.1
1120.0,260.0,17.0,1182.0,8.8,0.75,4,60.0
799.0,15.0,7.7,957.0,20.7,0.72,3,100.0
339.0,173.0,51.2,2287.0,37.3,0.47,6,36.0
551.0,140.0,11.7,284.0,44.2,0.62,3,100.0
925.0,33.0,58.1,1511.0,21.2,0.7,9,74.7
633.0,163.0,62.9,1125.0,30.1,0.23,9,58.2
238.0,172.0,50.3,1397.0,10.0,0.74,6,42.8
63.0,57.0,35.4,458.0,6.8,0.42,5,82.8
170.0,237.0,18.2,1215.0,9.6,0.28,7,19.1
809.0,50.0,30.7,1897.0,3.9,0.5,1,59.8
150.0,282.0,24.0,330.0,18.2,0.11,10,41.2
534.0,237.0,60.2,883.0,5.0,0.17,7,49.1
279.0,291.0,47.0,280.0,43.2,0.26,10,51.2
576.0,187.0,59.7,1651.0,16.4,0.12,3,53.3
198.0,172.0,43.5,965.0,1.0,0.16,3,38.7
216.0,130.0,39.0,597.0,16.1,0.45,3,65.5
734.0,75.0,64.8,637.0,6.5,0.21,2,76.7
318.0,261.0,27.3,1820.0,22.3,0.42,7,38.0
477.0,111.0,55.5,296.0,35.7,0.11,5,91.8
1008.0,57.0,66.6,1779.0,46.5,0.46,5,75.4
114.0,131.0,12.7,2377.0,19.6,0.11,2,40.5
996.0,256.0,24.7,912.0,14.8,0.51,9,39.5
1052.0,47.0,44.6,1193.0,5.3,0.16,10,77.7
191.0,125.0,65.6,467.0,47.0,0.18,1,64.8
191.0,152.0,45.6,1671.0,0.9,0.58,7,0.0
626.0,48.0,13.7,1035.0,28.3,0.67,6,100.0
323.0,241.0,19.8,2256.0,2.9,0.45,12,4.1
802.0,53.0,51.5,2327.0,48.0,0.14,9,62.7
914.0,231.0,15.6,726.0,41.4,0.21,4,88.8
460.0,289.0,14.7,1342.0,45.4,0.3,6,70.0
286.0,16.0,64.5,1052.0,47.4,0.74,12,74.8
339.0,180.0,54.0,2398.0,48.7,0.79,9,21.3
563.0,263.0,68.2,2019.0,23.1,0.31,11,26.5
642.0,224.0,27.4,1307.0,4.0,0.54,8,23.4
983.0,59.0,64.6,711.0,2.6,0.54,11,53.1
1013.0,99.0,69.0,2137.0,34.4,0.45,9,57.0
112.0,37.0,46.5,2052.0,6.1,0.48,9,25.5
559.0,187.0,32.5,1443.0,16.4,0.49,9,57.2
877.0,258.0,32.2,1548.0,47.4,0.58,4,58.8
743.0,14.0,52.0,791.0,16.7,0.3,10,76.0
955.0,200.0,53.6,303.0,42.3,0.73,10,87.5
1075.0,20.0,48.7,751.0,26.2,0.16,11,100.0
928.0,227.0,40.9,2500.0,7.0,0.72,2,23.1
1037.0,217.0,36.0,2106.0,27.5,0.69,12,43.9
651.0,160.0,5.4,1140.0,9.5,0.7,8,74.4
477.0,100.0,56.9,1581.0,24.1,0.75,2,30.2
1115.0,97.0,70.0,911.0,30.7,0.56,8,86.2
1090.0,234.0,33.6,2005.0,46.7,0.38,12,48.2
811.0,162.0,17.4,635.0,39.9,0.38,2,95.3
77.0,199.0,17.5,2138.0,35.9,0.62,7,26.6
615.0,225.0,17.0,2111.0,26.2,0.52,10,33.6
687.0,48.0,10.2,1354.0,28.4,0.66,7,100.0
178.0,37.0,14.4,2323.0,28.7,0.46,6,79.2
853.0,225.0,29.1,203.0,11.7,0.7,5,82.2
513.0,88.0,32.3,1275.0,18.9,0.16,8,80.0
338.0,205.0,46.3,1185.0,17.2,0.36,6,27.8
224.0,289.0,55.2,2281.0,9.2,0.17,2,22.0
284.0,132.0,8.4,2021.0,43.3,0.42,5,70.2
733.0,44.0,10.9,1878.0,21.7,0.23,3,100.0
610.0,62.0,18.3,2252.0,21.5,0.24,10,63.8
171.0,246.0,41.6,1476.0,7.7,0.2,5,22.1
1091.0,141.0,6.6,959.0,33.7,0.34,2,99.7
612.0,249.0,23.8,750.0,36.2,0.62,12,69.7
269.0,42.0,52.3,961.0,37.5,0.63,9,62.6
589.0,250.0,56.2,2299.0,40.8,0.68,9,13.0
306.0,193.0,40.6,1265.0,35.4,0.28,7,59.4
679.0,216.0,11.9,1991.0,9.7,0.27,7,40.7
877.0,216.0,9.8,2320.0,26.3,0.1,6,85.8
710.0,236.0,36.7,2379.0,19.3,0.29,5,47.4
1077.0,170.0,9.7,2419.0,1.6,0.3,2,54.3
753.0,208.0,9.1,1804.0,35.3,0.75,4,57.7
843.0,204.0,66.6,1026.0,17.6,0.55,4,46.2
305.0,23.0,23.1,459.0,43.9,0.79,10,96.6
493.0,238.0,66.1,1930.0,34.1,0.28,7,21.1
983.0,129.0,6.8,435.0,40.6,0.65,1,100.0
441.0,202.0,58.3,1770.0,14.3,0.28,9,5.4
501.0,11.0,50.3,891.0,5.2,0.32,2,71.5
931.0,118.0,44.2,412.0,34.4,0.62,3,99.8
363.0,222.0,35.0,2469.0,41.3,0.75,11,19.4
393.0,25.0,66.2,1676.0,9.8,0.33,11,39.2
886.0,113.0,31.8,1040.0,47.0,0.46,7,78.7
710.0,233.0,52.1,1901.0,48.8,0.36,1,37.0
976.0,64.0,68.3,1855.0,14.0,0.6,12,55.2
31.0,264.0,8.4,845.0,17.2,0.29,6,37.0
1060.0,241.0,15.8,1184.0,9.6,0.71,3,58.0
784.0,39.0,61.7,290.0,14.6,0.51,3,100.0
292.0,82.0,51.5,2047.0,12.8,0.38,11,27.5
722.0,280.0,61.9,754.0,0.7,0.76,12,24.4
816.0,282.0,69.9,706.0,38.6,0.74,4,81.1
693.0,63.0,31.1,495.0,15.6,0.19,6,100.0
117.0,291.0,63.9,1811.0,33.6,0.32,10,0.0
227.0,26.0,62.6,227.0,34.7,0.72,5,100.0
1190.0,84.0,9.7,2361.0,17.6,0.44,1,82.7
138.0,137.0,41.5,521.0,36.6,0.43,4,61.0
704.0,291.0,39.4,1242.0,44.5,0.21,10,46.6
136.0,86.0,54.1,1861.0,8.2,0.77,1,15.8
410.0,203.0,53.2,606.0,38.7,0.77,11,28.8
767.0,259.0,36.9,2172.0,20.0,0.47,8,26.1
293.0,288.0,49.4,724.0,16.5,0.64,3,34.5
424.0,278.0,9.7,402.0,10.5,0.49,10,67.1
447.0,104.0,54.4,2035.0,13.1,0.62,5,35.4
831.0,280.0,56.4,1891.0,41.7,0.26,9,28.4
385.0,48.0,41.3,221.0,0.7,0.69,8,77.5
803.0,178.0,19.8,2069.0,5.4,0.27,2,50.9
949.0,170.0,14.0,643.0,4.2,0.78,12,75.4
121.0,253.0,15.4,2062.0,8.5,0.33,8,3.7
554.0,224.0,16.9,1584.0,26.3,0.59,3,50.9
516.0,182.0,45.7,1758.0,39.3,0.59,12,39.3
1118.0,90.0,20.3,1129.0,44.6,0.72,3,98.9
383.0,129.0,27.5,1182.0,19.8,0.21,6,57.5
129.0,54.0,49.0,1685.0,3.4,0.27,6,8.3
957.0,84.0,55.3,246.0,49.6,0.12,11,100.0
192.0,252.0,16.6,2466.0,34.2,0.7,3,18.8
130.0,173.0,41.5,1800.0,2.4,0.16,5,12.3
295.0,202.0,69.7,2010.0,29.4,0.63,9,7.0
514.0,38.0,62.5,2360.0,47.8,0.77,2,76.1
1162.0,173.0,43.4,1662.0,16.1,0.27,2,48.9
386.0,46.0,33.9,2214.0,34.7,0.47,1,67.8
286.0,14.0,29.5,1594.0,11.3,0.4,11,53.4
860.0,75.0,10.0,858.0,6.6,0.37,8,95.6
613.0,76.0,44.1,1765.0,11.2,0.39,7,49.9
589.0,125.0,49.2,1316.0,24.6,0.66,5,74.5
705.0,60.0,59.7,1979.0,16.0,0.39,7,51.1
1195.0,80.0,66.8,2479.0,24.6,0.46,11,53.4
398.0,185.0,63.7,1224.0,26.5,0.49,5,72.7
167.0,56.0,57.7,2167.0,3.7,0.62,5,14.1
970.0,158.0,35.2,862.0,13.1,0.42,3,80.7
232.0,94.0,35.1,1960.0,34.9,0.16,10,60.3
145.0,135.0,59.0,868.0,15.9,0.22,8,31.9
1060.0,82.0,51.9,608.0,2.6,0.68,11,53.6
460.0,192.0,63.5,1622.0,40.7,0.48,10,32.9
377.0,182.0,42.1,1780.0,33.8,0.32,7,43.1
319.0,262.0,31.8,2006.0,36.0,0.75,4,32.6
65.0,120.0,43.6,276.0,14.2,0.35,8,37.9
630.0,247.0,65.4,2380.0,26.7,0.44,12,30.4
1082.0,17.0,45.7,785.0,44.0,0.38,1,100.0
650.0,96.0,41.2,595.0,1.2,0.78,10,48.2
1193.0,45.0,23.1,1161.0,12.7,0.14,3,100.0
1181.0,234.0,17.0,2493.0,29.5,0.44,6,54.7
626.0,88.0,37.9,683.0,23.3,0.22,6,97.7
279.0,269.0,11.9,2108.0,28.8,0.74,2,46.7
534.0,221.0,52.5,1618.0,40.9,0.25,3,50.7
395.0,45.0,56.6,619.0,34.6,0.66,12,91.3
34.0,81.0,29.2,293.0,13.0,0.55,9,56.6
722.0,176.0,24.8,880.0,17.5,0.56,10,51.7
1133.0,175.0,45.9,740.0,3.9,0.3,11,47.6
466.0,41.0,57.1,1907.0,35.4,0.59,7,53.2
748.0,240.0,9.3,994.0,19.1,0.36,4,64.1
31.0,257.0,60.0,323.0,4.8,0.14,6,28.5
1044.0,56.0,21.9,1107.0,26.9,0.11,12,100.0
461.0,69.0,60.9,903.0,37.7,0.49,10,50.7
1148.0,75.0,29.5,1267.0,25.8,0.6,8,91.8
696.0,14.0,42.3,1316.0,36.4,0.35,11,85.4
453.0,238.0,8.5,2179.0,11.1,0.14,2,44.4
704.0,153.0,23.8,1593.0,7.3,0.59,10,36.7
185.0,194.0,62.6,1595.0,2.1,0.76,6,0.0
908.0,108.0,55.1,259.0,14.3,0.4,5,86.2
433.0,33.0,22.2,473.0,4.6,0.19,11,83.0
1036.0,164.0,37.0,2337.0,34.9,0.61,5,67.0
299.0,80.0,44.1,1815.0,16.3,0.31,6,38.0
68.0,114.0,25.7,1201.0,41.5,0.57,7,51.1
1121.0,17.0,33.7,1992.0,20.6,0.49,8,88.7
19.0,237.0,29.2,1336.0,42.4,0.55,11,17.5
149.0,184.0,15.2,1342.0,0.5,0.16,4,50.1
271.0,26.0,53.7,880.0,33.5,0.33,11,69.9
661.0,55.0,26.8,2335.0,28.4,0.19,12,86.3
855.0,138.0,8.6,421.0,8.2,0.11,11,100.0
10.0,127.0,52.2,1658.0,36.2,0.23,1,29.3
1094.0,237.0,16.6,1886.0,33.2,0.31,6,51.0
163.0,237.0,44.3,291.0,6.7,0.45,3,44.1
1178.0,23.0,19.5,966.0,48.4,0.31,8,100.0
129.0,181.0,7.3,2126.0,19.0,0.65,4,33.4
1138.0,191.0,48.1,789.0,24.8,0.55,5,90.3
93.0,203.0,53.0,2032.0,40.9,0.4,4,21.7
536.0,231.0,10.8,1584.0,17.6,0.61,11,34.5
239.0,157.0,64.0,1158.0,27.2,0.64,7,54.0
1077.0,16.0,38.2,1935.0,5.2,0.67,4,84.9
665.0,224.0,14.9,2496.0,45.2,0.13,11,63.1
761.0,101.0,39.8,2008.0,2.9,0.14,7,42.4
893.0,300.0,34.7,909.0,6.2,0.63,11,37.9
683.0,19.0,10.8,1687.0,42.4,0.48,9,83.7
1008.0,74.0,19.3,614.0,20.7,0.66,11,83.2
370.0,89.0,35.6,1508.0,17.1,0.54,9,27.0
1008.0,242.0,26.3,446.0,43.8,0.39,3,95.3
316.0,271.0,26.0,1398.0,47.1,0.59,12,39.3
153.0,200.0,25.7,2114.0,38.9,0.74,6,28.6
982.0,118.0,46.6,1859.0,28.9,0.26,6,56.7
870.0,44.0,29.8,432.0,29.4,0.18,10,100.0
402.0,55.0,28.1,523.0,38.9,0.32,1,80.9
1116.0,66.0,11.7,334.0,21.7,0.23,9,100.0
118.0,96.0,26.9,2365.0,49.1,0.26,5,53.7
353.0,174.0,57.4,2011.0,5.0,0.24,1,29.9
201.0,70.0,64.0,555.0,34.1,0.66,10,54.0
897.0,190.0,15.8,2368.0,31.3,0.41,7,77.8
526.0,221.0,28.9,1019.0,36.9,0.18,12,64.5
960.0,177.0,31.9,614.0,11.1,0.32,8,73.6
362.0,73.0,7.1,2400.0,39.9,0.21,10,61.1
499.0,204.0,8.6,858.0,37.7,0.13,10,61.3
802.0,244.0,14.2,1183.0,39.5,0.79,8,74.3
552.0,133.0,69.1,316.0,1.5,0.31,6,67.7
557.0,43.0,29.9,2320.0,37.8,0.21,4,100.0
490.0,198.0,51.1,2003.0,4.6,0.4,3,32.1
1117.0,56.0,19.1,2092.0,27.3,0.47,12,78.6
620.0,209.0,68.4,651.0,22.8,0.28,7,56.2
808.0,67.0,27.6,877.0,46.0,0.52,3,100.0
830.0,199.0,19.3,744.0,18.5,0.33,10,63.7
183.0,193.0,16.9,1358.0,45.4,0.63,4,57.0
3.0,103.0,20.9,1565.0,9.4,0.21,11,8.7
708.0,195.0,8.2,1321.0,4.7,0.24,10,53.4
857.0,67.0,47.7,653.0,28.5,0.6,4,100.0
350.0,298.0,43.0,402.0,39.4,0.49,8,65.2
413.0,267.0,59.8,1855.0,15.9,0.58,8,8.5
695.0,106.0,41.7,819.0,25.6,0.57,1,64.9
16.0,209.0,18.9,2348.0,48.3,0.42,12,17.5
374.0,186.0,47.0,2132.0,15.7,0.52,12,15.0
272.0,205.0,58.5,407.0,38.5,0.58,10,42.6
142.0,40.0,52.9,838.0,37.7,0.36,6,72.5
983.0,254.0,58.4,2411.0,24.8,0.73,12,42.1
1063.0,54.0,16.0,207.0,35.3,0.39,12,100.0
1002.0,201.0,27.7,1453.0,10.5,0.44,3,62.6
878.0,249.0,68.6,1534.0,38.5,0.74,7,45.1
824.0,92.0,10.7,494.0,41.3,0.18,11,100.0
339.0,229.0,12.6,979.0,19.4,0.48,12,57.6
521.0,96.0,35.2,1825.0,9.9,0.52,3,64.8
1150.0,296.0,8.4,1730.0,20.7,0.49,6,72.2
894.0,15.0,33.2,1825.0,34.6,0.28,10,79.5
269.0,198.0,35.2,802.0,38.1,0.55,11,43.2
261.0,206.0,59.9,1084.0,3.6,0.17,8,31.6
626.0,50.0,20.3,1899.0,15.5,0.12,3,78.2
806.0,94.0,33.0,1125.0,7.6,0.39,12,77.9
946.0,74.0,47.7,1448.0,20.0,0.26,7,62.7
228.0,178.0,57.0,1990.0,13.8,0.61,4,33.5
469.0,46.0,48.3,680.0,34.8,0.76,1,83.6
871.0,56.0,14.6,2062.0,27.4,0.22,5,100.0
68.0,65.0,29.8,1079.0,4.8,0.71,9,22.7
1070.0,132.0,40.8,1771.0,30.8,0.31,8,61.2
748.0,161.0,60.2,542.0,36.0,0.29,5,87.8
251.0,180.0,7.5,1572.0,15.2,0.68,5,53.7
783.0,277.0,49.3,2337.0,34.0,0.44,8,32.1
474.0,224.0,44.4,1579.0,5.8,0.63,1,7.5
618.0,14.0,49.8,996.0,22.3,0.6,6,83.2
33.0,179.0,11.9,1965.0,46.2,0.2,12,47.7
383.0,290.0,39.3,1927.0,21.8,0.68,11,14.7
631.0,207.0,9.4,1261.0,45.4,0.14,5,87.0
1094.0,51.0,56.3,1830.0,29.3,0.28,11,57.0
253.0,82.0,22.1,696.0,8.9,0.63,10,62.8
1092.0,239.0,10.0,1988.0,36.6,0.18,5,94.7
299.0,165.0,20.9,936.0,4.4,0.33,9,23.8
499.0,292.0,30.3,1521.0,11.2,0.62,6,7.3
454.0,23.0,61.5,2409.0,24.8,0.73,8,52.6
1188.0,53.0,23.9,1995.0,49.5,0.26,3,97.5
715.0,28.0,30.1,1718.0,40.5,0.76,2,86.1
897.0,223.0,28.1,1107.0,47.3,0.21,8,64.2
1161.0,211.0,47.0,244.0,39.1,0.7,11,65.8
1109.0,146.0,42.4,2136.0,25.5,0.17,7,75.9
833.0,154.0,56.6,1842.0,32.5,0.67,1,48.3
180.0,106.0,67.5,2139.0,1.5,0.47,7,0.0
121.0,298.0,29.4,338.0,10.2,0.37,6,35.9
196.0,202.0,36.2,2071.0,12.8,0.2,7,10.8
84.0,163.0,53.1,1180.0,10.8,0.11,9,27.4
397.0,120.0,56.7,2352.0,36.0,0.26,12,42.2
705.0,297.0,43.3,711.0,19.3,0.68,3,45.2
770.0,170.0,6.5,2170.0,4.0,0.17,8,56.5
641.0,45.0,21.6,1323.0,45.3,0.69,2,88.4
685.0,179.0,55.9,2322.0,33.1,0.71,6,49.4
334.0,76.0,62.1,1143.0,21.9,0.54,5,68.8
416.0,56.0,60.0,1935.0,33.0,0.76,9,38.8
557.0,23.0,34.0,1315.0,10.0,0.73,3,91.1
665.0,50.0,19.4,1498.0,24.7,0.19,10,77.5
263.0,89.0,15.7,915.0,11.7,0.78,2,54.9
697.0,72.0,68.0,1387.0,15.0,0.29,5,71.6
1011.0,248.0,61.0,1155.0,22.2,0.67,11,40.8
623.0,260.0,50.1,451.0,42.8,0.73,1,64.8
808.0,44.0,44.3,2139.0,39.5,0.61,12,72.6
299.0,131.0,27.6,2347.0,25.1,0.16,10,55.7
936.0,158.0,64.1,1848.0,20.9,0.26,5,74.0
408.0,151.0,36.7,1584.0,21.8,0.77,6,47.6
823.0,178.0,20.3,1544.0,22.2,0.21,8,68.8
601.0,269.0,49.3,2256.0,5.8,0.63,5,24.2
339.0,260.0,57.5,1915.0,31.2,0.13,8,40.7
812.0,187.0,61.0,504.0,45.5,0.21,9,82.9
98.0,256.0,35.5,2037.0,5.8,0.41,2,5.5
290.0,240.0,6.6,444.0,6.8,0.55,7,70.2
196.0,224.0,59.8,940.0,13.5,0.46,7,9.1
1040.0,68.0,43.1,1580.0,29.1,0.47,10,53.0
329.0,211.0,68.5,1803.0,35.7,0.18,1,42.5
287.0,202.0,32.4,1430.0,44.1,0.65,10,38.6
55.0,300.0,53.6,1608.0,22.9,0.73,12,9.9
211.0,178.0,32.0,406.0,14.5,0.65,7,57.9
671.0,187.0,19.5,1741.0,0.9,0.38,2,29.5
928.0,134.0,6.5,1685.0,27.5,0.18,6,87.9
443.0,102.0,37.6,1582.0,45.9,0.48,10,34.7
888.0,178.0,14.3,872.0,43.7,0.63,7,100.0
347.0,83.0,36.4,1371.0,34.1,0.62,3,85.1
71.0,177.0,69.4,1623.0,15.5,0.15,4,24.8
1055.0,112.0,23.5,772.0,7.8,0.26,7,82.8
492.0,164.0,64.7,883.0,40.1,0.48,5,71.2
928.0,278.0,49.3,286.0,19.7,0.45,12,62.6
74.0,19.0,30.4,1253.0,25.2,0.7,3,80.2
640.0,26.0,10.2,384.0,33.6,0.11,3,100.0
647.0,137.0,5.6,882.0,32.1,0.39,10,72.5
281.0,134.0,45.6,908.0,24.0,0.59,8,53.1
730.0,94.0,53.2,445.0,6.2,0.69,8,80.2
1163.0,277.0,36.9,389.0,37.3,0.39,1,96.1
601.0,31.0,28.4,1654.0,9.6,0.14,5,86.4
267.0,81.0,65.5,1665.0,10.1,0.47,11,29.4
395.0,161.0,65.2,2480.0,36.5,0.19,8,44.8
974.0,150.0,18.0,2195.0,1.5,0.33,2,46.0
291.0,197.0,41.7,1914.0,35.4,0.42,8,46.0
113.0,238.0,45.4,1375.0,17.7,0.33,6,7.9
899.0,248.0,11.6,2464.0,38.3,0.11,12,76.2
88.0,290.0,55.2,1180.0,6.8,0.49,2,13.6
301.0,218.0,37.0,2201.0,9.4,0.11,7,32.9
1001.0,30.0,27.4,314.0,37.5,0.59,8,100.0
210.0,265.0,9.7,1454.0,30.9,0.25,2,67.9
618.0,259.0,21.9,744.0,17.1,0.58,2,54.2
979.0,226.0,28.8,436.0,10.6,0.14,3,97.4
247.0,100.0,52.9,1792.0,2.8,0.52,10,3.8
217.0,209.0,43.1,423.0,35.3,0.54,9,45.2
343.0,37.0,18.2,1787.0,29.3,0.21,12,80.7
436.0,219.0,45.2,489.0,42.2,0.64,7,50.9
116.0,182.0,7.4,631.0,44.8,0.8,5,87.4
410.0,53.0,55.9,356.0,13.0,0.43,12,69.9
544.0,130.0,20.0,1487.0,36.2,0.32,9,57.2
375.0,254.0,57.7,1791.0,35.4,0.72,8,12.5
1187.0,267.0,31.4,716.0,25.7,0.47,8,86.3
991.0,292.0,45.6,242.0,3.4,0.66,1,42.7
675.0,27.0,24.8,1143.0,9.1,0.68,6,76.2
1120.0,78.0,12.7,2266.0,10.2,0.28,5,96.4
554.0,288.0,43.7,2177.0,27.6,0.44,2,35.8
757.0,206.0,64.4,639.0,26.4,0.18,7,66.7
707.0,42.0,62.0,1681.0,14.5,0.77,12,48.6
1133.0,289.0,68.1,257.0,34.7,0.22,1,75.2
1132.0,280.0,32.6,2412.0,12.4,0.42,10,27.0
846.0,257.0,58.7,1318.0,36.1,0.7,3,67.7
584.0,128.0,58.0,864.0,38.7,0.11,3,89.5
1070.0,108.0,59.1,491.0,1.0,0.62,11,48.2
667.0,186.0,38.4,445.0,40.8,0.62,12,95.7
150.0,245.0,67.8,2433.0,29.5,0.71,10,0.0
416.0,276.0,12.9,2006.0,29.2,0.24,6,50.1
1184.0,262.0,34.4,2217.0,8.3,0.61,2,36.4
100.0,100.0,46.9,1907.0,23.5,0.49,2,24.7
786.0,275.0,18.2,1387.0,1.6,0.68,4,39.4
208.0,50.0,42.0,1052.0,46.0,0.71,12,58.3
484.0,160.0,21.0,2446.0,47.1,0.28,1,53.6
726.0,58.0,56.5,600.0,8.6,0.12,3,84.0
748.0,215.0,8.6,1531.0,49.4,0.77,10,42.3
19.0,18.0,54.4,205.0,27.7,0.73,5,93.9
993.0,196.0,37.4,2304.0,49.3,0.55,8,57.3
556.0,75.0,45.0,438.0,26.0,0.77,3,97.3
109.0,249.0,58.5,2454.0,44.5,0.18,1,17.0
1075.0,124.0,54.1,668.0,43.9,0.16,6,99.0
793.0,249.0,54.4,1472.0,8.1,0.8,2,25.0
437.0,138.0,15.7,1300.0,22.0,0.46,2,58.8
1079.0,24.0,17.1,766.0,28.3,0.54,6,100.0
522.0,294.0,53.7,2387.0,35.8,0.72,6,27.9
535.0,240.0,10.3,1572.0,25.3,0.13,8,67.9
846.0,124.0,25.0,453.0,45.0,0.37,4,100.0
597.0,26.0,19.6,428.0,34.3,0.41,11,100.0
1175.0,53.0,23.6,418.0,47.6,0.5,9,100.0
706.0,285.0,7.6,1087.0,32.0,0.49,9,65.2
46.0,227.0,40.0,2118.0,34.7,0.56,10,2.5
158.0,119.0,60.7,1158.0,41.9,0.47,7,45.5
504.0,94.0,20.7,770.0,10.1,0.61,5,90.5
889.0,115.0,33.9,1061.0,27.7,0.64,4,82.0
666.0,23.0,45.5,1828.0,0.6,0.21,7,54.2
369.0,159.0,31.7,2223.0,31.1,0.29,12,54.6
233.0,258.0,34.4,1587.0,28.9,0.5,3,49.7
745.0,164.0,5.9,1219.0,21.8,0.18,4,100.0
1196.0,286.0,53.2,1783.0,22.3,0.77,7,43.6
556.0,102.0,37.7,1976.0,44.2,0.18,6,67.7
752.0,135.0,5.9,2388.0,23.6,0.8,12,75.0
209.0,92.0,61.8,1097.0,46.2,0.36,8,58.8
754.0,108.0,17.6,257.0,27.3,0.59,12,89.3
88.0,71.0,67.5,589.0,41.3,0.74,2,60.5
667.0,157.0,42.7,1775.0,44.0,0.64,4,56.1
531.0,210.0,6.5,1579.0,27.7,0.64,5,72.5
1022.0,150.0,36.1,1781.0,26.3,0.23,5,85.8
430.0,150.0,37.3,1262.0,23.0,0.12,3,86.3
670.0,270.0,54.4,211.0,43.5,0.65,9,56.7
104.0,200.0,14.8,587.0,40.1,0.46,5,90.4
505.0,116.0,22.3,1311.0,39.0,0.16,7,85.5
793.0,287.0,60.4,2354.0,28.6,0.37,7,38.4
269.0,256.0,27.5,1557.0,18.9,0.63,11,11.1
134.0,224.0,29.2,246.0,20.1,0.24,7,56.4
349.0,143.0,22.2,1695.0,16.1,0.79,9,18.9
73.0,283.0,39.5,269.0,7.9,0.16,4,63.4
593.0,196.0,36.4,1354.0,24.9,0.28,4,88.1
1076.0,296.0,57.8,1311.0,47.5,0.22,1,66.7
974.0,86.0,8.6,267.0,32.4,0.7,3,100.0
480.0,29.0,9.4,1986.0,34.6,0.39,12,87.4
449.0,100.0,60.2,2085.0,3.1,0.26,4,25.1
730.0,278.0,15.6,456.0,16.8,0.64,2,67.2
543.0,57.0,43.7,1391.0,3.0,0.63,1,44.8
954.0,215.0,9.3,2407.0,1.7,0.24,4,47.2
855.0,89.0,15.0,1295.0,5.6,0.41,8,77.2
693.0,192.0,33.1,1168.0,24.8,0.69,3,77.2
473.0,203.0,7.2,1886.0,6.0,0.71,8,34.7
882.0,21.0,41.5,248.0,22.1,0.2,4,100.0
1195.0,109.0,62.0,1482.0,48.0,0.23,2,82.2
231.0,11.0,50.0,1535.0,1.4,0.21,3,46.3
1036.0,249.0,39.7,656.0,36.3,0.62,1,70.8
1172.0,256.0,19.2,467.0,11.8,0.52,9,54.4
1068.0,69.0,15.1,613.0,1.8,0.29,5,85.2
1106.0,56.0,28.7,2455.0,43.3,0.2,3,89.9
569.0,167.0,15.2,517.0,40.7,0.78,8,73.8
501.0,40.0,12.5,1463.0,18.9,0.42,11,82.3
358.0,25.0,47.9,1236.0,8.3,0.16,9,59.7
58.0,148.0,68.2,1031.0,4.6,0.55,7,7.7
262.0,274.0,27.9,1179.0,48.3,0.39,11,33.2
603.0,69.0,18.5,896.0,35.5,0.22,4,94.0
835.0,127.0,54.4,893.0,10.1,0.18,1,74.9
791.0,274.0,69.9,2459.0,35.5,0.77,2,23.5
831.0,21.0,50.7,2392.0,45.8,0.12,5,97.2
184.0,17.0,39.9,915.0,28.4,0.31,8,69.4
622.0,35.0,54.6,1344.0,41.0,0.67,11,75.3
123.0,45.0,14.9,1899.0,6.3,0.63,12,61.3
1116.0,81.0,47.6,1999.0,23.7,0.63,7,61.2
405.0,138.0,17.3,1455.0,46.0,0.55,4,68.8
509.0,264.0,47.8,733.0,39.9,0.35,12,59.0
734.0,287.0,10.0,896.0,42.0,0.11,3,100.0
942.0,186.0,47.0,2111.0,32.0,0.39,4,66.6
1188.0,108.0,47.8,681.0,10.1,0.34,10,65.1
1192.0,20.0,22.6,1969.0,13.6,0.61,10,58.5
238.0,281.0,51.9,710.0,4.3,0.68,11,10.8
980.0,115.0,36.9,537.0,15.6,0.26,9,66.0
365.0,122.0,24.5,393.0,27.0,0.22,5,98.0
820.0,111.0,10.2,1376.0,7.0,0.74,5,97.7
219.0,187.0,66.3,1385.0,34.5,0.48,5,66.8
626.0,80.0,57.2,2360.0,20.1,0.63,11,48.2
685.0,187.0,29.2,1262.0,11.1,0.14,3,81.0
933.0,224.0,53.2,846.0,20.7,0.41,10,54.4
254.0,242.0,33.6,2349.0,12.9,0.27,11,2.3
440.0,91.0,62.3,2265.0,28.7,0.5,4,63.0
326.0,71.0,32.1,2029.0,9.5,0.62,8,43.2
283.0,242.0,16.1,2072.0,46.5,0.12,7,44.2
331.0,273.0,64.3,2384.0,33.1,0.5,11,22.7
879.0,85.0,59.1,1496.0,27.4,0.43,6,79.9
901.0,60.0,36.8,636.0,10.2,0.33,8,85.8
471.0,118.0,55.7,306.0,15.8,0.74,7,57.4
355.0,40.0,27.8,847.0,34.1,0.57,2,85.1
606.0,231.0,30.6,1600.0,44.5,0.65,12,35.0
699.0,132.0,63.2,1026.0,2.7,0.6,5,50.7
30.0,155.0,61.9,1766.0,38.6,0.17,3,47.6
474.0,51.0,54.6,1033.0,43.1,0.46,2,57.9
606.0,91.0,44.2,2160.0,46.7,0.6,12,58.1
166.0,27.0,9.2,2470.0,32.0,0.68,9,59.8
106.0,46.0,17.2,2465.0,39.7,0.22,3,69.7
1034.0,230.0,22.7,903.0,3.9,0.52,1,44.1
315.0,222.0,38.1,691.0,47.4,0.46,8,64.4
348.0,213.0,12.7,769.0,8.8,0.23,7,64.6
392.0,151.0,10.6,2298.0,11.4,0.63,6,50.1
714.0,248.0,21.6,516.0,39.7,0.22,5,81.3
423.0,157.0,6.3,1730.0,26.4,0.66,12,63.1
1053.0,49.0,25.4,1136.0,11.6,0.57,9,77.1
17.0,235.0,5.4,2318.0,33.1,0.29,10,30.1
830.0,83.0,32.1,2004.0,27.2,0.12,11,83.3
886.0,83.0,38.2,1992.0,47.3,0.46,11,69.2
175.0,238.0,5.7,2123.0,6.4,0.2,9,10.5
237.0,225.0,53.6,918.0,49.2,0.15,9,38.4
457.0,196.0,65.8,1874.0,35.6,0.11,1,46.0
575.0,49.0,48.8,1807.0,40.6,0.68,11,62.2
477.0,14.0,34.5,502.0,47.7,0.29,3,100.0
207.0,245.0,38.9,857.0,37.4,0.77,9,30.9
270.0,54.0,49.4,1168.0,36.4,0.36,4,79.0
