soil_type,soil_ph,avg_temperature,rainfall_7day,humidity,month,elevation,state,best_crop
1,7.9,11.9,29.0,43.3,11,36.0,2,1
3,4.8,34.2,35.1,90.5,6,1017.0,4,9
3,7.8,27.6,98.4,71.9,10,1348.0,2,10
3,4.9,19.8,27.7,44.8,3,1414.0,1,1
1,8.1,31.3,195.8,46.5,8,1490.0,9,0
3,5.9,31.7,132.7,50.8,9,139.0,9,0
3,5.3,34.9,141.4,80.0,10,444.0,2,4
3,5.1,19.7,183.5,89.2,6,598.0,0,8
2,6.7,38.1,186.5,35.1,1,537.0,7,4
3,8.4,30.9,192.2,23.3,11,615.0,1,4
2,7.8,26.6,101.5,29.2,4,903.0,7,3
1,5.5,20.2,134.8,67.3,1,473.0,1,4
2,4.9,11.1,123.5,60.3,3,1266.0,5,1
3,7.7,21.9,161.9,40.2,6,903.0,8,0
3,7.9,32.4,49.1,84.5,1,1141.0,7,2
0,8.2,11.1,179.5,91.8,1,1414.0,5,11
3,8.2,31.9,16.2,25.6,7,243.0,4,5
3,5.2,25.7,10.9,57.7,2,1275.0,3,2
2,6.6,22.1,133.7,94.2,10,260.0,8,4
3,6.9,13.0,4.8,31.7,2,397.0,5,1
2,7.2,39.8,57.9,54.7,2,80.0,8,4
3,8.0,16.1,87.5,58.5,5,1226.0,0,3
0,8.0,36.9,199.3,27.9,9,413.0,2,12
2,6.5,27.5,67.5,87.6,6,1418.0,2,0
3,6.6,19.0,24.1,88.7,10,1450.0,0,10
1,8.4,40.5,18.3,92.9,8,948.0,9,1
3,7.6,35.9,83.6,88.6,9,706.0,8,4
3,7.1,16.2,154.0,29.9,10,415.0,1,4
1,8.3,11.1,2.0,74.8,1,676.0,0,1
3,4.6,35.0,106.5,74.9,12,655.0,2,0
3,7.4,13.3,72.7,24.0,12,472.0,2,1
0,5.3,23.9,127.6,64.2,3,772.0,6,12
2,7.5,15.3,192.7,55.2,1,201.0,0,4
0,7.9,10.1,197.3,94.6,8,1286.0,2,11
0,7.3,29.2,7.1,85.7,3,36.0,4,13
3,6.3,36.7,12.5,31.4,5,487.0,6,14
2,8.4,41.8,168.8,53.2,9,485.0,3,0
3,6.8,10.3,111.9,51.5,3,231.0,0,12
0,6.6,14.1,130.7,62.4,4,1235.0,0,8
1,6.1,12.4,54.9,73.8,2,1218.0,9,1
0,6.2,13.7,43.2,63.9,9,103.0,1,8
3,6.4,35.8,50.7,32.1,10,647.0,3,4
2,6.6,35.4,101.0,27.8,11,572.0,3,0
0,6.9,39.6,133.7,55.8,5,79.0,1,13
3,7.4,23.1,115.2,35.7,11,785.0,9,11
3,6.5,18.5,113.9,25.2,3,1127.0,8,12
2,6.1,19.9,31.7,28.1,3,135.0,5,1
2,5.3,20.0,0.4,34.1,1,875.0,1,1
1,6.8,28.5,5.1,41.6,7,808.0,8,2
2,7.8,26.2,3.9,40.1,10,273.0,9,10
1,7.5,12.6,72.9,60.4,12,502.0,0,11
3,6.2,39.1,149.1,22.8,7,754.0,0,12
0,7.8,21.2,75.9,75.2,9,561.0,0,14
2,7.2,39.8,5.3,69.2,6,384.0,8,13
2,8.1,20.5,111.5,88.0,10,1220.0,9,1
0,5.7,28.1,176.6,26.1,4,51.0,9,12
0,6.4,41.8,99.5,67.9,12,282.0,1,4
0,4.7,12.4,147.7,77.5,11,723.0,3,11
2,4.8,14.3,147.1,37.2,11,1140.0,6,1
0,7.5,33.0,51.6,83.8,4,224.0,0,3
1,7.2,41.8,183.6,46.3,2,1154.0,4,12
3,7.3,29.5,178.7,32.6,10,1294.0,9,4
1,5.7,28.9,123.0,95.0,9,485.0,9,4
2,6.1,24.1,93.7,90.4,3,1378.0,5,3
1,7.2,24.6,18.2,92.0,1,1437.0,2,1
0,8.3,13.8,186.8,21.2,9,1138.0,8,11
0,6.3,16.6,90.2,51.2,11,852.0,0,10
1,7.8,10.1,148.5,43.6,12,356.0,2,11
3,6.6,21.0,54.0,64.3,1,1335.0,0,7
0,8.0,21.0,84.8,93.1,4,1413.0,4,3
1,6.5,37.7,138.1,80.2,1,466.0,9,4
0,6.6,41.9,74.4,55.2,3,1117.0,5,12
0,6.8,39.3,50.1,51.4,4,150.0,5,13
0,6.8,40.1,124.2,56.8,9,420.0,9,12
1,5.0,29.5,182.0,63.6,2,1183.0,7,4
0,4.8,21.6,44.2,75.0,7,1048.0,8,5
0,5.1,32.1,48.7,28.6,9,1314.0,4,14
3,4.5,11.9,73.7,87.8,7,1223.0,6,1
0,5.5,41.7,28.4,79.9,8,631.0,3,13
3,4.5,18.2,112.6,73.1,7,492.0,8,7
1,5.0,33.6,46.6,57.2,9,47.0,6,14
1,7.6,23.5,180.0,84.3,8,498.0,3,0
2,7.5,33.5,195.5,32.0,7,905.0,8,0
2,6.0,12.9,13.7,52.9,5,98.0,0,1
3,5.6,14.2,80.1,34.6,3,39.0,7,12
1,6.6,14.7,137.6,91.9,5,1258.0,0,8
2,5.6,12.1,54.9,88.4,9,528.0,1,1
1,4.8,12.5,141.2,52.6,8,14.0,6,12
2,6.3,15.9,184.9,51.6,2,1346.0,7,4
0,5.1,27.3,103.7,82.9,11,561.0,6,5
0,6.5,16.6,194.1,49.3,2,1483.0,2,10
0,5.5,11.8,118.5,82.2,5,1027.0,6,11
2,6.1,25.5,72.6,88.0,8,568.0,3,0
1,4.9,22.2,183.4,34.1,5,1337.0,2,0
3,7.1,19.2,55.7,90.1,11,89.0,1,1
0,7.0,32.4,94.9,80.8,8,223.0,5,12
1,5.1,19.8,70.9,44.8,9,1178.0,6,14
2,8.2,35.8,19.6,34.1,2,265.0,2,4
3,6.6,24.4,118.3,77.5,3,438.0,5,12
1,6.4,25.3,105.7,64.1,7,1071.0,0,7
2,5.7,27.9,78.9,33.5,5,1261.0,5,9
3,7.2,37.0,114.6,58.3,12,1177.0,2,4
1,5.6,37.2,162.5,58.6,11,38.0,6,4
1,5.4,11.7,60.3,37.3,5,1016.0,2,11
1,5.1,29.4,81.1,50.4,5,1287.0,3,9
2,4.9,23.0,89.1,22.2,1,440.0,5,4
0,7.6,26.4,176.1,52.5,5,1044.0,6,3
1,7.5,34.5,193.3,32.8,1,924.0,0,4
0,6.4,10.7,122.9,45.8,1,603.0,0,11
0,5.6,12.7,77.2,33.0,9,885.0,1,1
2,6.4,36.0,155.2,75.9,3,644.0,0,12
2,6.2,21.1,198.7,22.1,10,1267.0,5,4
1,7.1,36.8,190.9,44.8,1,1454.0,4,4
0,4.6,14.1,1.1,54.9,11,629.0,1,11
3,4.8,13.2,181.0,78.1,9,563.0,2,1
3,5.5,32.9,172.8,35.9,11,420.0,0,0
0,5.5,30.1,197.7,83.3,12,15.0,6,0
3,6.0,22.0,1.6,42.5,1,1202.0,7,8
3,7.4,41.2,35.8,60.1,7,1085.0,8,5
3,4.8,34.5,5.2,66.1,8,64.0,1,13
1,7.9,14.4,177.1,85.5,1,369.0,8,4
1,5.0,32.7,23.9,70.3,6,1412.0,8,13
1,4.8,10.4,79.8,53.5,10,368.0,5,1
1,7.3,30.5,112.5,92.6,11,969.0,0,5
0,5.8,23.5,22.1,91.3,6,419.0,8,5
2,5.5,18.4,186.4,83.9,7,513.0,6,0
3,6.9,31.1,96.5,25.0,7,613.0,5,12
1,5.2,25.5,114.4,26.4,6,1351.0,7,0
1,8.1,16.2,175.0,56.6,7,173.0,6,12
0,5.3,30.0,44.1,80.4,1,905.0,3,7
1,8.2,41.5,66.7,43.6,10,1491.0,4,4
2,8.4,28.8,160.5,66.4,10,928.0,3,4
0,7.2,25.8,131.9,73.0,2,617.0,0,12
1,5.4,19.5,25.7,49.2,5,1357.0,8,14
3,6.9,39.6,24.8,71.1,9,298.0,1,14
1,4.7,31.6,170.4,24.4,10,43.0,0,4
1,4.8,20.9,125.8,35.1,12,1031.0,4,4
2,5.9,17.5,86.5,65.3,5,800.0,8,9
0,8.3,16.1,63.4,35.0,2,1187.0,8,10
1,8.4,12.9,105.7,39.6,3,1306.0,1,1
2,8.4,39.3,11.2,38.2,3,1047.0,1,12
3,4.7,39.2,16.3,25.0,11,1243.0,0,11
3,5.3,16.4,108.9,63.9,12,831.0,5,1
0,7.5,24.8,37.2,94.8,10,444.0,8,5
2,6.8,23.2,7.2,78.3,8,1275.0,1,6
3,8.3,34.4,3.4,50.5,8,329.0,4,12
2,6.1,19.4,172.4,34.5,12,1066.0,1,1
0,7.8,15.3,108.9,93.3,11,816.0,3,10
3,7.6,36.8,6.6,56.9,1,110.0,5,4
3,7.0,23.2,113.8,32.8,9,1005.0,8,7
0,8.3,35.6,179.9,22.0,10,1182.0,2,4
1,5.2,23.2,121.1,69.6,5,1071.0,1,9
3,4.6,36.4,6.8,26.3,7,248.0,6,0
1,4.6,24.4,160.1,84.7,11,206.0,7,5
0,5.9,23.9,45.2,45.4,4,828.0,6,9
1,6.3,24.2,142.8,93.2,1,994.0,5,4
2,7.4,35.9,102.9,45.9,4,195.0,7,12
1,7.0,21.4,185.2,64.7,12,1240.0,2,8
2,5.6,39.9,70.3,92.9,11,555.0,2,0
3,7.7,30.8,198.8,61.7,1,833.0,2,4
2,6.5,22.5,90.5,39.1,9,403.0,1,4
3,6.8,15.9,53.6,46.1,1,874.0,3,1
0,5.7,36.3,37.8,72.9,7,438.0,6,13
1,5.2,37.3,94.2,24.1,9,1014.0,3,4
3,6.1,39.6,60.0,71.0,2,707.0,3,4
3,4.6,19.5,136.4,41.0,6,1348.0,9,5
0,8.5,18.4,16.2,44.6,8,1424.0,8,10
2,6.7,40.3,56.6,65.7,8,67.0,7,0
2,6.0,16.7,69.3,37.1,12,1061.0,7,1
1,5.3,30.8,67.6,50.9,6,1458.0,2,2
3,7.0,20.6,137.9,47.7,11,518.0,2,11
0,7.9,33.9,59.9,70.6,11,362.0,9,10
2,7.9,37.5,101.0,51.5,11,1332.0,2,4
0,5.4,35.7,53.3,44.2,6,932.0,3,13
3,7.9,18.0,127.2,85.6,5,255.0,2,0
2,4.8,28.5,23.4,68.3,2,1015.0,9,12
3,7.2,37.6,177.4,28.6,2,157.0,7,4
2,5.3,28.7,134.2,49.6,11,1183.0,0,4
2,6.8,26.8,30.2,87.9,7,415.0,0,6
1,6.4,39.4,81.9,50.5,3,315.0,9,12
3,6.6,38.1,10.4,41.8,4,1035.0,1,13
3,7.1,41.9,15.5,69.2,2,883.0,1,12
3,7.9,36.1,61.0,82.2,12,326.0,4,4
2,6.1,14.6,200.0,81.6,4,491.0,0,3
1,8.1,41.1,184.9,45.6,10,679.0,1,4
1,5.6,16.8,53.1,79.6,12,774.0,1,8
2,6.3,13.2,127.0,76.6,12,613.0,5,1
0,5.9,23.3,17.7,44.6,11,1151.0,9,11
0,8.0,29.6,121.7,64.9,5,1444.0,6,3
2,5.3,11.9,157.7,23.0,3,604.0,9,1
3,5.8,15.4,42.0,44.6,7,549.0,3,5
3,6.3,40.3,175.3,64.1,1,1245.0,7,4
3,8.2,38.8,77.6,87.1,11,1021.0,1,1
0,6.0,13.8,82.8,86.0,12,249.0,0,8
1,6.7,12.8,116.8,90.1,12,528.0,0,1
1,8.4,37.8,157.4,29.2,5,1133.0,1,12
2,7.9,28.5,103.3,81.3,8,473.0,2,0
3,5.9,29.7,191.3,31.9,10,1350.0,5,4
2,7.0,17.7,26.0,79.2,8,1135.0,1,1
1,4.5,26.1,80.6,36.3,11,325.0,8,4
3,7.7,35.1,190.1,86.7,2,598.0,7,12
0,4.8,28.1,48.9,65.3,8,695.0,3,5
2,7.4,40.8,87.4,29.3,3,786.0,9,12
2,7.1,39.6,3.0,53.7,1,553.0,9,4
1,5.4,25.4,52.0,81.8,11,359.0,1,5
0,7.7,25.5,102.8,67.9,4,391.0,0,3
3,8.1,26.6,6.8,82.0,11,1356.0,2,5
1,5.9,18.3,69.3,85.5,4,662.0,0,5
2,5.8,15.1,125.7,30.0,3,876.0,8,0
2,7.9,16.9,125.4,47.7,2,528.0,4,4
2,7.9,13.0,171.7,33.4,3,1378.0,3,1
2,5.3,36.8,160.2,25.1,3,430.0,9,12
2,5.4,28.2,74.5,68.1,12,1307.0,4,10
2,8.1,21.6,79.9,69.0,6,1402.0,9,0
3,6.2,29.9,111.2,94.4,10,178.0,6,4
0,7.1,39.9,197.0,23.6,3,414.0,3,12
0,5.1,12.8,52.2,58.4,9,362.0,3,11
2,5.0,19.0,77.1,52.2,12,1492.0,1,5
0,6.3,37.0,3.2,81.4,8,437.0,7,13
1,4.7,39.7,193.3,74.6,6,1182.0,5,13
2,6.7,41.5,71.7,32.5,7,894.0,4,0
2,7.9,29.7,131.3,43.9,12,842.0,6,4
3,6.5,25.6,123.4,29.3,4,1398.0,4,12
0,6.8,40.3,139.8,79.3,5,972.0,0,13
2,6.0,11.3,185.6,30.1,8,634.0,8,1
0,8.4,29.1,80.9,44.3,12,459.0,4,4
3,7.5,35.6,32.1,35.1,11,1289.0,7,1
2,6.7,22.2,154.1,84.7,9,601.0,3,4
2,8.4,33.8,66.2,35.4,2,498.0,5,4
3,6.0,28.5,86.9,49.0,2,412.0,7,12
3,8.3,14.5,149.7,73.2,8,944.0,9,1
1,6.1,36.7,119.9,70.5,3,206.0,4,12
0,7.3,15.4,194.0,92.0,7,204.0,5,0
2,5.8,31.3,63.7,30.0,1,419.0,2,0
3,6.7,36.5,13.5,64.5,1,516.0,5,2
2,6.6,22.5,98.9,33.0,10,1244.0,7,4
3,4.6,25.3,193.0,66.7,11,564.0,7,10
1,5.7,16.4,183.5,58.7,10,699.0,1,1
2,7.7,31.2,115.5,36.0,12,1030.0,3,3
0,7.3,33.7,58.8,41.8,2,560.0,1,12
0,7.7,18.9,36.3,32.8,12,981.0,9,10
1,7.4,20.2,171.8,72.1,12,1143.0,4,4
3,5.5,17.4,23.2,91.6,1,628.0,6,1
0,6.0,21.8,173.7,69.2,7,1330.0,3,0
3,6.5,14.6,181.3,54.5,7,318.0,8,0
2,8.0,41.8,64.9,25.9,6,926.0,2,3
3,5.9,37.6,156.0,37.6,8,56.0,0,0
3,6.7,33.8,141.2,76.0,9,871.0,5,0
1,5.5,25.1,20.5,37.7,9,788.0,5,5
1,5.7,12.5,75.1,46.0,9,1347.0,0,1
3,6.3,13.0,29.6,72.7,10,21.0,9,1
1,7.5,28.2,121.8,44.1,4,868.0,4,3
3,7.9,32.5,13.9,73.2,5,546.0,4,14
0,8.5,27.3,79.9,30.8,8,373.0,5,13
1,7.8,39.5,79.2,33.2,10,1006.0,8,1
0,6.3,12.0,64.2,77.1,12,1118.0,4,11
3,7.0,35.6,18.7,22.8,4,774.0,3,12
2,8.4,10.1,160.5,77.8,10,83.0,8,1
3,7.3,33.6,29.1,50.3,3,1386.0,5,12
0,8.4,32.6,4.3,50.2,5,1357.0,7,13
3,5.5,36.2,91.1,49.3,3,808.0,5,12
3,6.2,29.5,102.1,94.8,8,1329.0,9,0
2,7.5,32.5,80.8,45.2,7,1276.0,8,0
0,5.3,20.3,55.6,68.4,5,740.0,5,8
0,7.2,29.4,132.9,24.1,12,888.0,1,10
0,6.1,35.2,11.3,68.8,6,1194.0,3,13
1,7.2,37.1,23.7,61.1,3,1276.0,8,4
1,5.4,14.1,72.1,56.4,2,18.0,3,11
2,5.3,39.5,133.8,68.1,12,1196.0,9,0
0,6.1,30.1,70.2,81.3,9,631.0,2,14
1,6.0,21.8,21.6,78.4,9,238.0,7,14
1,7.6,31.9,91.7,35.2,10,666.0,1,4
2,6.7,33.4,63.0,74.8,10,583.0,9,4
2,6.6,13.4,0.1,46.5,12,135.0,9,1
3,7.7,36.0,151.1,80.1,2,1282.0,5,4
1,7.1,39.5,130.8,41.6,8,696.0,3,12
1,7.2,33.4,161.8,72.0,8,1220.0,7,12
2,8.0,11.7,116.2,45.0,11,1370.0,9,1
0,6.8,27.9,34.8,52.5,9,874.0,7,7
3,6.5,29.5,129.4,57.8,4,1133.0,5,12
3,6.7,30.5,148.3,94.7,3,1331.0,9,12
1,4.7,13.1,95.9,49.5,10,953.0,9,1
2,7.9,20.2,29.9,37.6,6,1494.0,3,6
3,5.0,34.0,76.8,67.0,7,884.0,6,0
0,7.5,19.8,41.9,38.7,12,949.0,0,11
1,8.4,34.4,76.4,47.4,7,358.0,8,12
3,5.1,10.7,52.6,28.8,5,955.0,9,1
2,5.9,23.1,34.1,70.1,10,666.0,0,1
3,7.4,33.4,154.4,58.9,12,572.0,4,4
0,5.9,23.8,105.7,63.1,6,1329.0,6,7
3,4.6,17.4,99.4,49.1,2,465.0,6,4
2,5.6,38.0,194.1,50.7,6,156.0,5,0
3,4.8,12.5,77.9,43.7,3,1242.0,3,1
3,6.7,38.9,176.2,89.9,4,331.0,2,12
2,7.3,19.2,58.1,27.7,8,1456.0,3,1
0,5.9,15.0,9.5,59.8,2,708.0,6,10
3,4.6,12.8,38.8,47.0,7,430.0,8,5
2,5.1,27.2,13.3,77.4,11,1402.0,2,10
2,6.1,35.9,66.9,34.9,2,352.0,7,12
0,4.5,29.9,51.1,85.8,11,514.0,0,10
3,5.8,40.2,72.2,47.1,3,1298.0,6,0
1,6.2,40.5,33.3,35.6,3,775.0,9,1
2,7.7,30.1,102.6,95.0,10,1198.0,5,4
1,6.3,37.8,68.6,89.8,11,917.0,0,4
1,5.6,19.2,124.8,38.3,12,357.0,4,5
1,6.2,26.1,152.2,89.9,2,313.0,3,4
3,5.6,37.0,116.9,78.2,7,485.0,5,0
3,7.3,15.4,170.1,68.7,4,109.0,3,0
1,5.2,17.3,95.5,46.7,8,673.0,6,7
2,5.0,29.0,41.9,79.2,9,600.0,1,14
0,6.0,26.5,26.6,87.5,1,1122.0,0,2
3,7.6,30.3,48.1,62.3,10,664.0,5,5
0,7.7,24.5,44.1,79.4,8,1288.0,1,10
3,5.8,36.1,86.9,23.8,10,1128.0,8,4
1,7.9,35.0,81.9,55.0,12,798.0,0,3
2,5.2,29.1,114.5,75.4,7,423.0,0,0
2,5.1,41.9,42.7,69.3,8,232.0,9,0
2,5.5,41.1,93.6,69.0,8,137.0,6,0
1,6.3,38.0,93.4,29.7,9,914.0,9,4
2,6.6,17.2,43.5,81.1,5,779.0,3,1
0,7.5,41.3,98.3,28.3,8,1437.0,7,13
1,5.9,24.6,101.4,87.7,2,1427.0,0,12
1,4.9,35.7,186.4,40.8,2,1159.0,5,4
3,4.9,39.5,24.6,43.6,3,933.0,7,13
2,7.4,30.2,77.8,39.0,1,318.0,9,4
1,6.0,41.6,27.0,59.2,10,495.0,7,4
3,7.0,34.4,40.3,66.2,4,1304.0,1,3
3,5.5,26.2,51.9,24.6,3,922.0,5,5
2,4.7,35.3,114.8,88.7,1,487.0,2,4
2,5.4,14.0,73.3,50.8,4,312.0,9,3
2,7.6,15.7,110.6,93.0,3,122.0,2,12
3,4.9,11.9,99.2,34.9,10,1499.0,0,1
2,6.8,19.2,49.8,21.9,12,1227.0,9,1
2,6.5,27.0,168.5,35.9,9,77.0,2,4
1,6.3,16.7,134.5,33.4,8,1183.0,7,11
0,7.1,20.3,18.8,68.2,11,1218.0,7,10
3,6.0,23.0,160.2,21.8,11,339.0,6,0
0,7.0,39.4,132.1,35.2,1,802.0,4,2
3,8.4,27.9,60.4,84.1,1,412.0,9,4
3,7.4,34.8,129.6,31.5,6,149.0,0,0
1,8.4,24.2,100.7,82.1,12,765.0,7,7
1,5.6,12.9,68.3,67.7,7,43.0,7,5
2,7.0,21.6,164.7,41.5,11,971.0,8,1
0,6.1,25.6,35.3,51.7,10,721.0,6,10
1,8.3,17.4,31.9,64.2,8,925.0,4,1
3,4.6,34.7,67.7,36.4,5,1278.0,9,9
2,7.9,30.0,73.4,85.7,2,936.0,1,4
2,4.9,17.5,170.9,53.3,4,327.0,2,0
3,4.7,31.4,27.5,26.7,11,708.0,4,5
2,6.7,13.3,76.7,27.3,12,1299.0,9,1
1,4.9,36.5,93.4,20.0,2,437.0,0,12
0,6.3,13.9,23.0,37.6,3,993.0,6,1
3,4.6,18.8,139.5,31.5,6,1040.0,8,5
0,8.5,13.8,22.2,36.3,4,1353.0,6,8
2,6.4,40.7,98.3,42.0,4,359.0,5,0
3,6.0,36.2,32.6,74.9,5,389.0,8,12
2,5.9,27.1,142.9,53.2,12,811.0,2,0
3,7.4,12.8,76.5,65.8,10,1475.0,7,11
2,4.7,34.7,40.2,28.3,7,786.0,0,0
0,6.9,12.9,143.3,34.5,3,3.0,8,11
2,7.4,39.6,84.2,57.1,5,1163.0,6,3
1,5.7,19.9,2.2,55.1,10,118.0,2,5
2,6.7,14.3,176.1,24.7,11,686.0,4,1
3,4.9,30.6,36.0,29.5,9,1013.0,9,14
0,5.5,25.9,127.9,32.4,6,611.0,3,13
1,8.2,26.5,15.1,54.4,7,1322.0,2,5
2,6.7,37.1,145.9,21.6,11,1193.0,6,4
2,5.8,22.5,20.8,27.5,9,635.0,8,1
0,5.9,27.5,127.5,84.1,12,41.0,9,8
2,5.2,19.5,150.2,22.7,11,484.0,3,5
3,5.2,39.2,59.8,21.0,2,1342.0,0,12
3,8.4,19.9,180.5,87.4,7,1203.0,2,0
0,5.7,40.9,147.6,65.5,10,906.0,9,4
3,8.1,23.4,96.7,30.5,8,1064.0,2,0
0,8.4,29.2,177.5,22.2,7,1353.0,0,13
0,8.0,22.1,124.4,61.9,6,972.0,6,12
2,6.1,11.3,98.6,58.6,11,699.0,6,1
3,7.4,12.0,2.8,70.2,8,752.0,1,1
2,5.3,22.7,51.7,67.2,10,424.0,7,4
0,5.0,29.3,0.4,66.4,7,1297.0,4,13
1,6.7,28.3,169.2,61.2,3,828.0,3,12
1,7.1,27.3,148.5,22.7,3,935.0,0,12
3,8.4,41.8,64.9,25.6,3,145.0,5,12
3,7.2,35.2,199.0,66.0,10,1040.0,6,4
3,4.8,41.5,99.3,61.9,10,741.0,1,4
1,8.2,15.8,127.6,86.1,8,1455.0,1,10
2,5.3,13.8,54.2,68.5,2,458.0,7,1
3,5.7,23.2,186.2,72.1,10,1380.0,2,4
1,4.9,37.1,12.7,31.8,11,1147.0,3,5
1,5.3,27.0,94.0,29.9,6,1005.0,9,7
0,5.1,10.6,82.5,83.3,1,1391.0,8,7
2,6.2,16.1,134.7,28.4,6,439.0,4,0
0,6.5,32.9,163.4,29.7,5,77.0,6,14
0,5.0,20.7,53.4,33.5,8,904.0,6,14
2,7.9,32.9,8.5,67.3,9,773.0,8,14
1,8.2,17.5,9.6,86.0,10,77.0,0,1
0,4.6,31.8,184.7,41.7,5,1414.0,1,13
3,5.0,40.0,149.1,37.4,6,39.0,1,0
3,7.6,22.9,75.6,64.5,11,148.0,6,1
1,6.8,29.9,82.8,49.2,10,193.0,5,7
2,7.6,20.9,134.0,23.5,7,932.0,0,0
2,8.1,10.5,137.5,57.0,5,490.0,1,0
1,6.5,20.6,175.5,54.3,10,614.0,7,4
3,8.3,36.8,38.7,64.5,2,1093.0,6,4
3,7.1,10.9,2.8,65.9,11,172.0,4,11
1,5.4,32.3,88.1,86.5,6,849.0,7,12
0,8.0,25.1,38.9,80.1,11,939.0,0,10
2,5.9,11.7,35.2,67.9,9,598.0,8,1
1,4.9,38.6,74.1,21.9,4,1205.0,1,13
3,6.3,23.9,61.8,79.0,3,1.0,0,12
3,7.2,40.0,58.3,56.6,3,854.0,8,12
3,6.0,11.0,47.5,64.0,4,1486.0,3,1
2,7.8,15.3,164.1,27.1,7,455.0,3,0
2,5.5,10.7,99.9,66.1,11,180.0,5,1
2,6.5,40.7,111.8,80.1,2,691.0,2,4
1,6.7,41.6,124.1,83.4,2,300.0,0,4
2,7.8,35.0,155.7,27.6,1,885.0,5,4
2,6.4,25.9,136.1,56.1,6,472.0,3,0
3,5.1,17.4,105.1,66.8,2,442.0,8,4
2,6.0,28.3,89.7,48.9,5,111.0,8,0
1,7.3,33.6,114.4,73.7,1,91.0,3,4
2,6.2,24.3,183.3,40.2,5,888.0,3,0
3,4.8,29.7,118.1,64.1,1,1360.0,5,7
1,6.7,19.1,72.1,72.1,3,733.0,4,11
3,5.3,14.0,147.5,68.4,7,681.0,8,8
1,7.7,18.5,126.3,79.8,8,229.0,1,5
3,6.9,29.2,89.2,70.8,8,6.0,4,0
0,8.2,20.8,163.0,93.6,4,139.0,2,0
2,7.5,16.2,88.1,39.1,11,666.0,3,1
1,8.4,11.3,77.7,63.3,9,399.0,3,1
1,5.0,26.8,43.5,41.0,9,972.0,7,14
0,5.5,39.9,8.0,92.1,2,1436.0,3,13
2,4.9,32.1,20.3,44.4,12,629.0,3,13
1,7.5,14.9,134.4,91.0,12,1404.0,6,1
2,5.7,32.6,120.7,36.6,6,133.0,5,0
2,7.4,25.2,3.7,20.4,12,370.0,6,4
2,4.7,40.8,35.0,27.1,1,1042.0,2,4
3,6.7,35.1,120.1,74.8,5,818.0,0,0
0,5.4,25.5,101.0,48.4,10,11.0,5,7
1,7.3,32.3,17.7,22.6,4,706.0,3,3
0,4.9,19.2,60.7,82.9,4,289.0,2,14
0,8.4,31.1,162.7,24.1,10,973.0,8,5
3,8.5,19.7,101.9,56.9,6,893.0,8,7
2,6.3,29.9,160.6,85.3,10,1262.0,8,4
2,5.9,27.6,21.6,41.5,4,640.0,0,3
2,5.0,17.7,151.2,69.0,5,1192.0,3,0
3,5.9,15.6,187.8,20.3,1,1192.0,5,4
0,5.7,29.5,181.4,29.5,3,1453.0,9,12
0,7.5,33.1,37.3,85.9,2,24.0,3,2
2,6.5,19.7,199.0,38.4,4,294.0,6,12
1,4.6,10.6,52.4,92.9,9,336.0,4,1
3,6.0,24.6,138.7,82.2,9,683.0,9,7
1,5.7,34.1,6.7,34.3,2,1134.0,7,2
2,5.1,27.3,112.0,49.5,3,1138.0,2,12
1,7.3,29.3,190.6,63.3,6,964.0,7,0
2,5.8,26.5,33.1,68.3,8,1008.0,9,5
2,5.8,17.0,6.1,54.4,3,769.0,0,10
2,7.2,31.6,22.8,84.2,11,204.0,4,5
2,6.5,14.2,21.6,44.0,2,135.0,1,1
2,6.5,40.4,41.9,52.6,4,181.0,5,3
1,6.8,29.3,188.9,70.0,8,1301.0,3,12
1,4.6,34.3,42.9,21.5,7,821.0,2,2
2,6.3,25.7,30.6,54.4,5,1065.0,8,9
0,6.7,32.1,85.1,80.3,5,371.0,2,9
0,7.9,36.3,132.7,91.7,7,307.0,6,12
2,5.0,35.5,50.9,37.1,1,700.0,1,4
1,8.3,32.1,59.9,45.2,4,1079.0,7,3
1,6.7,39.3,29.6,78.4,5,288.0,9,13
1,4.9,32.5,12.8,53.4,5,1134.0,9,9
0,6.9,29.2,60.3,85.7,7,135.0,5,2
0,6.8,35.7,45.9,74.0,11,160.0,7,5
0,5.3,32.2,120.5,24.4,6,1288.0,7,2
1,6.3,14.8,176.4,75.1,4,552.0,3,11
2,7.0,27.3,96.7,55.7,7,205.0,8,0
1,5.1,33.0,10.2,40.1,12,1375.0,3,2
3,4.9,11.2,175.3,79.8,7,659.0,2,0
3,7.3,22.5,89.9,55.5,1,332.0,1,4
0,6.0,33.3,118.0,32.2,5,100.0,8,9
1,5.0,35.7,92.5,38.8,12,586.0,6,0
3,7.5,26.4,105.0,37.6,1,1414.0,6,4
3,5.5,19.8,90.7,74.7,11,858.0,3,5
2,6.6,26.1,159.1,53.8,2,772.0,6,12
2,4.5,34.6,100.7,69.5,3,11.0,6,12
1,5.6,30.4,45.0,94.2,2,42.0,4,4
0,8.4,20.7,33.3,68.7,8,1429.0,1,5
2,7.8,20.9,83.9,84.6,6,735.0,5,0
1,4.8,15.4,130.8,58.5,3,1198.0,8,11
2,5.8,29.2,107.0,23.9,11,1258.0,4,0
1,5.1,41.8,82.2,26.1,7,1212.0,6,12
3,5.2,19.6,46.0,91.4,12,1382.0,6,8
2,7.4,25.1,110.4,24.1,8,663.0,8,0
0,7.3,33.6,79.2,43.0,5,1360.0,1,13
1,4.9,15.8,80.0,86.5,3,51.0,5,0
3,6.9,17.7,150.1,79.8,3,315.0,6,12
1,5.5,18.4,14.1,86.4,5,877.0,8,5
3,7.7,41.6,121.9,24.7,5,80.0,5,0
0,7.0,11.4,69.1,68.4,4,475.0,0,11
2,4.9,24.1,144.4,44.6,6,1098.0,7,0
3,6.2,11.7,164.5,48.5,4,259.0,5,12
2,4.9,40.0,23.7,42.6,11,319.0,0,13
3,6.6,32.8,166.4,79.3,2,8.0,7,12
1,6.7,10.6,186.6,28.5,4,1292.0,4,11
0,4.6,24.2,85.7,34.7,7,1428.0,7,5
1,7.9,17.8,182.8,78.0,6,50.0,5,12
2,7.1,27.7,162.7,87.9,1,755.0,8,4
1,5.8,19.6,51.1,78.1,12,167.0,6,5
1,6.6,19.4,143.7,70.4,10,630.0,2,1
3,7.0,39.5,131.0,77.5,7,1420.0,9,12
3,8.1,38.8,182.7,30.6,5,484.0,3,12
0,7.4,31.5,155.1,51.6,8,202.0,1,12
2,7.2,37.5,6.3,42.0,7,751.0,1,12
3,4.7,17.1,10.6,59.3,3,88.0,1,8
0,5.6,41.3,67.6,29.0,3,1458.0,4,13
2,4.5,25.2,25.7,62.6,10,490.0,6,10
3,5.2,28.6,110.3,84.1,6,129.0,7,0
0,5.2,25.8,152.7,34.9,11,346.0,2,5
0,6.0,37.3,42.0,67.8,9,597.0,8,14
3,6.5,31.6,65.5,35.2,6,1091.0,5,14
0,8.3,37.0,45.9,47.5,2,612.0,0,2
3,6.1,30.6,183.0,21.1,11,365.0,4,4
3,6.9,25.0,41.8,60.4,3,292.0,4,12
3,7.5,23.5,84.8,35.2,2,194.0,3,4
0,7.0,40.5,45.2,35.6,5,1039.0,5,2
1,4.8,27.1,108.4,26.3,5,76.0,0,9
0,7.0,15.2,163.4,36.2,8,492.0,2,11
2,7.2,13.5,190.8,93.4,9,115.0,0,1
2,7.1,21.7,80.5,29.1,2,1287.0,3,4
2,8.4,17.0,152.7,27.6,4,1311.0,7,3
0,7.9,30.9,116.4,86.9,11,1388.0,5,10
2,5.0,33.7,75.1,37.9,6,730.0,6,0
1,8.1,20.9,175.5,53.4,2,581.0,8,4
2,6.1,17.9,20.7,60.0,11,607.0,1,1
2,8.1,21.6,153.9,65.6,6,1168.0,5,0
1,8.4,23.8,21.8,58.6,8,441.0,7,5
1,8.1,25.6,40.4,44.1,9,278.0,3,7
3,5.5,30.2,2.5,22.6,8,1088.0,2,13
3,4.8,25.6,86.6,75.7,1,17.0,2,0
2,6.7,22.8,122.4,38.5,2,1216.0,9,12
0,7.0,40.5,41.1,94.2,1,240.0,3,2
1,7.5,12.5,88.1,24.1,10,19.0,5,1
0,7.8,15.4,45.5,70.5,5,932.0,4,10
2,8.2,14.1,179.9,73.6,6,651.0,9,0
2,7.4,19.5,70.4,51.1,5,521.0,4,9
0,4.6,35.3,130.2,85.3,8,974.0,6,13
2,7.4,24.2,113.8,34.9,3,952.0,0,12
2,5.4,21.8,92.5,52.6,11,1450.0,3,1
2,5.6,13.4,74.8,24.7,3,227.0,2,12
1,5.0,12.0,102.7,52.3,7,89.0,3,12
1,6.9,38.9,33.8,46.0,10,1103.0,2,11
1,4.8,25.6,35.5,56.9,9,1423.0,8,5
2,5.8,26.4,23.6,22.4,2,606.0,5,0
3,8.2,27.0,153.7,53.2,12,678.0,2,4
2,6.9,40.8,45.1,81.8,7,106.0,6,0
1,6.8,33.9,59.0,53.9,11,721.0,8,14
3,5.2,37.5,114.4,54.3,10,1079.0,8,4
3,5.0,32.1,157.2,39.4,1,741.0,6,4
1,4.9,20.3,112.7,42.7,3,804.0,8,4
0,5.9,32.2,177.3,38.3,1,362.0,2,4
2,4.7,11.9,88.9,84.8,8,1430.0,7,0
2,6.8,19.1,166.9,28.0,11,1123.0,2,11
2,8.4,40.0,58.3,51.8,11,1310.0,1,1
2,7.7,17.7,9.7,80.8,1,299.0,5,1
3,5.9,12.5,131.0,82.4,8,1319.0,6,1
3,5.5,28.8,126.3,69.0,8,1256.0,9,0
1,5.5,40.7,47.8,51.9,7,1022.0,9,13
2,7.5,27.2,70.2,91.9,6,859.0,2,0
1,7.9,38.9,103.3,21.8,12,1018.0,9,3
2,5.3,18.0,124.4,70.7,4,697.0,2,3
1,5.6,32.5,56.4,34.1,6,620.0,0,9
2,5.8,36.8,1.6,37.4,10,958.0,1,5
0,5.0,36.4,38.3,39.2,10,951.0,5,13
2,6.8,38.6,87.3,80.6,2,782.0,5,12
0,7.7,26.6,14.4,52.9,8,874.0,6,2
2,5.4,34.6,28.2,64.1,12,756.0,9,4
3,7.4,34.5,44.5,73.3,12,966.0,4,9
1,6.9,32.4,155.5,66.2,5,725.0,7,12
0,7.4,18.5,26.2,50.8,9,912.0,3,10
3,7.4,25.0,41.8,22.1,4,1350.0,1,3
2,6.2,12.7,186.4,64.3,6,161.0,9,0
2,5.6,36.9,21.5,68.6,10,114.0,7,4
3,5.8,18.3,118.3,23.1,2,586.0,9,7
1,5.4,26.7,66.9,87.7,5,473.0,4,14
1,7.6,16.0,93.1,66.1,1,1170.0,3,10
3,8.4,39.7,52.2,51.0,4,283.0,8,3
1,5.5,20.5,109.8,77.9,5,686.0,2,9
0,6.1,16.7,57.6,52.4,12,1217.0,7,8
2,6.9,14.3,46.8,73.8,11,858.0,3,1
1,7.4,37.5,53.3,92.5,10,261.0,6,4
2,4.8,16.4,89.3,29.1,12,586.0,2,1
0,4.9,20.0,101.6,85.8,7,437.0,8,0
1,5.1,13.9,196.7,48.8,11,465.0,4,1
1,6.6,41.8,161.0,80.8,12,377.0,6,4
3,7.3,23.9,167.9,26.4,1,446.0,3,4
2,4.6,32.1,20.3,56.1,11,846.0,1,5
2,7.7,27.1,83.6,83.4,4,225.0,1,3
1,7.0,20.7,160.6,28.3,6,556.0,9,0
3,7.4,14.4,74.1,79.9,3,922.0,2,1
0,6.1,34.8,116.3,75.4,1,1376.0,7,2
0,4.7,35.8,133.4,37.7,8,366.0,5,0
1,7.5,28.0,9.0,23.8,4,1049.0,3,3
2,5.7,25.4,75.7,90.1,9,984.0,7,0
0,5.7,11.1,2.8,90.2,10,1043.0,3,11
0,5.6,11.5,125.6,83.2,7,1369.0,6,11
2,6.4,22.1,32.0,24.5,6,1486.0,2,3
1,6.3,15.2,161.1,62.8,10,281.0,3,8
3,6.2,23.9,131.5,44.4,6,925.0,2,0
2,6.6,23.0,106.5,66.5,11,97.0,2,4
0,5.9,20.5,77.7,91.1,3,642.0,9,10
2,6.8,33.6,65.7,89.5,4,503.0,6,3
2,8.0,31.8,136.9,89.2,7,219.0,8,0
0,8.2,13.7,137.3,67.9,6,915.0,7,11
1,7.0,14.2,181.2,33.0,11,606.0,8,1
0,8.2,28.2,4.7,41.3,10,948.0,7,10
3,6.3,31.5,125.6,59.1,8,1415.0,3,0
1,6.7,28.7,197.6,86.9,10,220.0,5,4
3,5.9,19.5,56.0,41.5,7,406.0,4,5
1,7.6,13.8,132.5,33.1,7,1226.0,7,11
1,5.8,21.1,175.4,86.6,11,238.0,2,5
0,7.5,12.1,52.4,52.5,4,663.0,6,11
2,7.4,15.5,181.9,29.1,10,1161.0,9,1
1,5.7,26.6,89.9,32.0,7,1409.0,4,0
2,5.7,38.1,53.9,44.8,12,738.0,0,0
2,5.1,41.7,88.4,93.1,10,381.0,5,4
0,7.8,39.6,89.9,48.3,2,397.0,9,12
1,7.1,20.1,160.6,85.9,10,1480.0,0,4
0,8.0,19.0,118.4,28.0,7,654.0,8,7
2,7.2,32.2,82.0,24.4,12,7.0,4,0
1,5.1,39.7,183.8,44.4,10,379.0,4,4
1,5.3,40.1,103.2,61.1,4,1104.0,4,3
0,5.6,22.1,46.1,73.2,7,1032.0,3,13
2,7.6,28.3,194.7,75.3,1,1450.0,6,4
2,5.8,36.6,154.1,30.5,5,1479.0,0,0
3,6.0,11.6,74.5,22.2,2,1249.0,1,1
1,7.4,11.1,16.8,82.9,5,77.0,8,1
1,5.8,41.3,188.9,47.7,9,493.0,3,0
2,6.4,13.2,112.5,32.6,7,169.0,5,0
1,5.4,30.8,119.1,26.4,9,733.0,2,14
1,8.4,38.8,5.4,88.3,6,447.0,1,13
2,6.3,28.0,179.0,33.0,3,1378.0,0,12
2,6.2,36.7,133.4,86.7,4,295.0,1,0
0,6.8,10.2,130.7,50.7,9,89.0,4,11
3,5.9,18.3,69.2,45.4,12,525.0,9,5
2,8.4,16.3,58.0,79.0,3,486.0,0,1
2,7.0,22.7,41.4,45.8,5,813.0,5,9
3,7.0,35.3,23.8,28.1,2,32.0,5,4
1,4.8,38.1,12.8,59.5,12,1361.0,9,13
3,7.6,20.2,11.0,85.8,9,119.0,9,14
1,5.6,22.2,35.1,93.4,1,1329.0,8,7
0,6.1,29.9,55.8,77.0,3,100.0,0,2
2,5.6,17.2,179.1,79.6,9,519.0,3,0
2,4.7,24.0,174.9,76.9,7,895.0,4,0
1,7.0,35.9,132.6,63.2,11,1391.0,2,4
3,8.2,29.7,134.3,37.5,4,447.0,4,12
1,5.0,34.3,32.9,55.6,11,35.0,5,5
0,5.9,36.9,126.7,74.9,5,1436.0,6,13
1,5.2,27.4,73.2,30.0,1,897.0,3,4
0,6.7,36.5,19.8,38.4,12,363.0,6,13
1,5.7,19.2,110.6,88.4,4,1106.0,4,3
3,4.7,19.4,81.7,75.5,11,378.0,2,5
2,4.6,11.9,158.3,82.9,3,1117.0,4,0
3,5.5,18.9,169.8,57.9,12,387.0,7,0
3,5.0,37.7,16.4,54.8,10,696.0,8,13
0,8.2,30.6,42.0,84.4,1,934.0,9,2
0,8.4,16.2,91.6,27.9,12,1306.0,0,8
0,6.4,29.4,168.7,34.5,7,1296.0,8,13
3,6.2,34.9,74.2,81.4,10,637.0,5,14
0,6.5,11.8,27.0,85.8,11,1415.0,0,11
0,7.3,29.8,96.1,31.1,12,1168.0,7,5
3,7.6,23.3,119.6,37.3,8,612.0,6,12
1,5.2,40.5,56.2,27.0,3,559.0,0,12
0,4.6,35.3,75.2,81.7,3,305.0,5,13
1,5.5,11.2,139.2,70.9,8,1230.0,1,1
3,5.8,36.3,155.1,89.5,6,989.0,5,0
2,5.2,32.0,137.5,71.3,5,853.0,1,0
0,4.7,12.5,22.7,57.4,4,1412.0,9,11
3,7.0,30.7,199.9,34.3,4,101.0,2,12
2,6.6,16.8,8.1,42.7,1,764.0,5,1
3,6.9,39.6,9.2,24.9,11,625.0,6,1
1,7.2,22.9,170.8,57.0,6,1249.0,4,0
1,8.4,10.3,170.4,25.3,1,907.0,3,4
1,8.4,21.6,78.1,52.3,10,1161.0,8,1
2,4.7,34.8,145.5,56.4,8,1369.0,2,0
1,7.0,30.4,139.7,68.0,9,1226.0,1,4
3,8.4,14.2,19.6,82.8,9,156.0,1,11
2,6.8,36.9,188.5,86.2,2,1282.0,7,12
3,7.7,24.6,109.4,26.7,12,533.0,2,4
2,7.2,34.8,65.8,45.6,9,173.0,0,0
3,4.8,35.7,116.2,48.1,9,1192.0,1,0
1,7.2,34.4,148.1,60.5,1,829.0,7,4
3,4.6,32.8,26.4,89.7,9,912.0,3,14
2,6.3,23.9,8.6,28.5,9,1228.0,8,14
3,7.4,26.6,191.8,40.1,5,1045.0,2,0
2,4.9,26.1,187.6,21.6,10,298.0,3,4
0,4.7,27.0,144.9,89.4,10,150.0,0,5
3,8.3,41.3,187.9,72.0,5,245.0,4,12
2,5.0,33.7,43.5,94.3,7,502.0,6,0
1,6.7,26.3,81.3,92.6,12,829.0,6,4
1,8.2,31.1,69.3,26.0,4,950.0,2,3
3,5.2,21.5,164.4,86.2,11,217.0,8,5
2,7.2,40.0,33.6,69.8,11,607.0,4,1
3,6.5,40.2,80.0,20.6,7,1034.0,2,12
1,5.6,25.8,55.6,83.1,6,467.0,3,5
3,6.1,38.8,55.2,43.5,9,213.0,5,14
2,6.4,25.6,36.3,72.4,11,454.0,3,10
1,8.1,40.2,22.0,80.5,7,272.0,0,13
3,6.2,24.5,194.2,59.6,7,1289.0,7,0
1,8.2,25.1,195.0,50.6,5,371.0,5,12
1,5.9,14.3,142.5,88.9,2,835.0,9,11
1,6.8,22.5,54.7,20.8,7,1185.0,2,7
3,7.8,34.6,178.4,25.8,12,623.0,4,0
1,5.5,40.0,4.2,83.2,10,22.0,6,13
0,6.2,19.6,91.5,20.9,8,646.0,4,7
0,5.1,27.3,129.2,81.9,7,985.0,9,2
1,5.4,19.3,86.4,33.2,5,857.0,4,7
0,5.2,28.1,186.2,35.8,6,1358.0,8,14
0,5.9,20.6,30.6,53.3,1,271.0,8,7
0,7.1,36.8,24.7,66.9,10,107.0,5,5
1,6.7,33.9,36.8,77.0,12,1247.0,2,2
0,7.1,21.8,139.9,83.1,4,908.0,6,11
2,4.9,16.8,7.2,61.6,6,564.0,9,8
0,4.8,10.5,159.6,45.7,11,567.0,1,11
3,5.8,41.7,136.8,70.6,12,1146.0,4,0
3,8.4,40.2,21.4,55.9,6,92.0,0,0
3,7.7,22.2,193.5,59.8,5,297.0,2,0
2,5.9,29.0,75.2,69.6,12,804.0,3,0
3,5.9,35.5,76.0,93.9,12,370.0,7,4
1,4.8,19.9,32.9,88.5,3,46.0,2,5
0,5.6,32.1,35.1,43.1,8,1384.0,4,13
2,7.6,34.6,112.6,24.1,1,495.0,0,4
1,5.9,14.6,112.4,49.1,3,644.0,1,12
0,5.7,22.4,129.0,74.9,8,806.0,6,0
1,5.0,41.1,64.4,57.1,10,400.0,1,4
1,8.4,18.7,148.0,22.2,8,83.0,6,12
0,8.0,16.3,89.4,39.2,5,1323.0,2,3
2,7.7,20.5,170.0,76.7,10,399.0,4,4
0,4.7,20.3,43.7,20.0,7,1215.0,5,5
2,6.1,24.5,0.1,27.8,7,541.0,3,5
3,6.6,41.1,39.5,82.6,10,1278.0,9,1
3,5.3,19.3,121.2,79.7,7,1226.0,3,0
2,7.3,34.6,136.1,34.7,9,944.0,3,4
2,5.4,37.7,190.6,26.2,3,844.0,0,12
0,7.1,19.8,82.7,91.8,3,1449.0,3,11
0,6.9,17.5,40.6,52.2,6,1139.0,6,8
2,5.2,32.7,112.5,27.3,7,1334.0,2,12
2,5.1,11.7,172.0,69.3,8,480.0,8,12
1,7.3,18.8,196.6,58.4,8,1077.0,5,5
0,5.7,30.4,173.2,66.2,6,719.0,5,13
1,5.4,25.0,128.6,41.3,12,1221.0,7,1
2,5.2,19.6,165.5,33.9,8,717.0,7,1
2,5.9,30.8,98.7,41.1,2,84.0,1,4
1,6.9,21.2,10.3,76.1,11,436.0,2,5
1,5.7,32.3,86.9,87.0,9,909.0,5,7
2,7.9,24.2,8.1,87.2,9,990.0,3,1
1,6.3,31.0,156.9,26.3,8,915.0,6,12
1,4.5,36.4,179.7,94.1,6,67.0,0,0
0,5.4,35.8,125.0,40.3,2,542.0,3,12
1,5.8,39.8,22.7,65.4,6,220.0,8,13
3,7.7,25.6,189.8,66.8,5,210.0,2,0
2,6.7,21.9,47.8,93.6,8,1147.0,3,5
0,8.5,41.7,80.7,76.9,6,26.0,0,12
3,6.1,11.8,44.7,57.5,11,580.0,0,1
0,7.6,28.0,63.6,80.2,5,805.0,9,14
0,7.5,22.9,130.7,30.4,6,605.0,9,0
3,7.3,16.5,49.5,92.7,2,326.0,4,11
3,6.2,39.4,68.9,83.8,1,474.0,9,2
2,5.7,41.4,154.0,83.3,4,349.0,8,0
0,8.2,26.4,158.6,37.3,12,867.0,9,10
0,8.4,18.0,140.8,60.2,9,649.0,4,14
2,6.4,15.4,74.9,80.7,12,1428.0,0,1
1,7.5,22.4,190.1,81.7,12,579.0,1,1
0,5.4,18.8,102.9,28.7,6,1344.0,5,7
2,6.0,30.4,97.2,69.8,10,574.0,6,4
0,4.9,26.5,72.4,63.5,5,1261.0,8,13
1,6.8,20.2,160.9,69.0,8,1300.0,2,0
0,5.4,27.3,66.2,70.7,10,214.0,5,8
2,8.0,22.3,41.8,38.4,5,159.0,6,3
1,6.5,22.9,173.8,71.7,3,41.0,7,12
2,5.9,16.4,103.6,27.3,9,674.0,7,0
2,7.6,28.7,50.9,35.5,9,1444.0,2,14
2,6.6,27.7,103.3,35.0,10,693.0,0,4
1,8.1,37.3,82.6,67.5,11,646.0,8,12
0,6.2,37.2,58.6,65.9,3,443.0,3,12
1,5.3,34.5,83.8,29.0,7,1026.0,9,12
0,8.0,26.1,175.6,75.4,8,320.0,2,0
2,5.2,11.3,32.1,46.0,3,688.0,6,1
2,7.7,24.3,32.1,46.1,1,1250.0,3,3
0,8.2,19.1,32.1,33.7,9,769.0,7,10
0,6.2,21.7,47.5,48.6,6,443.0,0,14
2,5.7,26.6,62.3,47.1,9,458.0,7,0
0,5.9,11.6,106.0,33.7,1,247.0,1,7
2,8.2,30.2,17.7,33.6,1,430.0,8,4
1,7.4,20.9,15.2,60.5,7,75.0,6,5
3,6.1,17.4,7.0,94.5,1,1030.0,4,8
2,7.1,25.5,123.0,32.5,2,689.0,7,4
1,5.8,16.7,75.0,81.8,11,1474.0,1,1
1,5.5,18.8,148.3,56.4,5,1156.0,7,5
0,5.5,38.3,136.9,21.0,1,803.0,2,13
3,6.0,28.8,104.3,81.3,11,453.0,3,4
1,7.9,32.2,14.5,53.3,5,468.0,4,14
0,7.3,12.5,36.1,64.5,5,1437.0,6,11
0,7.0,10.7,65.5,64.3,12,1303.0,0,11
3,5.9,25.7,78.7,24.8,3,474.0,8,12
3,5.6,23.2,154.2,53.0,6,473.0,7,0
0,5.8,26.9,110.9,47.0,8,1264.0,5,13
1,6.7,40.0,44.9,77.7,11,164.0,9,11
1,5.0,25.6,117.3,34.9,5,1475.0,8,9
2,7.6,14.0,55.4,28.5,9,1079.0,7,1
2,5.3,12.5,3.4,79.2,9,89.0,0,1
3,6.8,31.8,2.3,58.9,5,111.0,5,14
2,8.2,35.3,153.6,93.8,3,1416.0,3,12
1,8.4,20.6,136.0,73.9,4,1062.0,7,1
1,7.4,32.0,44.2,29.7,12,1179.0,3,5
0,7.6,16.7,123.0,81.0,12,243.0,5,8
3,7.3,33.1,40.2,67.7,2,386.0,7,12
3,8.3,17.1,90.8,23.5,11,621.0,5,1
1,6.0,41.4,122.1,65.1,7,494.0,1,12
1,4.8,28.5,14.3,52.0,1,858.0,5,2
2,5.1,26.8,126.5,92.2,12,1.0,4,4
1,5.3,31.6,86.3,37.3,2,1111.0,1,12
3,4.7,28.0,82.0,74.5,9,962.0,5,7
2,5.1,17.1,104.8,41.2,12,806.0,5,1
3,6.7,21.8,158.8,69.9,6,1405.0,4,0
0,6.4,13.2,72.3,41.2,7,1155.0,6,8
3,7.2,27.3,11.2,59.6,8,353.0,4,5
1,4.7,29.4,138.5,59.4,9,842.0,5,4
0,5.7,39.8,145.5,50.4,4,120.0,2,13
2,7.6,35.4,78.4,39.6,2,650.0,9,12
3,5.7,23.0,107.3,94.5,2,654.0,9,12
2,6.9,21.8,136.5,26.6,8,1470.0,5,0
1,5.6,36.5,146.3,31.0,3,1162.0,1,12
2,8.1,11.3,110.7,22.9,11,1257.0,0,1
1,4.9,24.8,18.7,32.1,4,251.0,4,14
3,7.0,12.3,131.3,32.1,2,94.0,5,4
0,5.7,25.7,44.8,74.1,3,1326.0,5,13
0,5.7,38.4,109.6,86.1,6,1282.0,8,13
0,6.0,38.3,70.4,33.4,1,505.0,8,2
0,6.9,16.5,70.2,49.7,11,1175.0,3,11
1,4.7,36.8,105.1,26.8,2,1435.0,0,12
2,6.8,33.6,179.5,26.0,8,1293.0,9,0
0,6.8,19.4,142.5,42.3,7,415.0,3,7
0,8.3,33.1,26.8,23.0,8,1143.0,8,13
3,8.5,15.4,105.8,68.7,4,434.0,9,3
0,8.4,19.7,165.8,43.1,7,489.0,4,5
2,6.0,25.4,98.4,42.1,8,434.0,4,0
1,5.7,39.1,184.2,54.7,8,1079.0,7,13
2,7.6,25.6,70.7,72.4,4,236.0,4,3
0,7.2,25.1,153.3,28.7,6,631.0,7,13
3,4.9,33.3,33.9,88.3,7,1354.0,8,0
2,6.5,33.5,166.9,41.8,6,1293.0,0,0
3,7.8,23.2,8.1,86.5,4,658.0,5,3
2,5.8,19.1,126.1,22.2,11,1100.0,1,5
0,8.2,30.0,191.0,84.8,1,690.0,6,4
1,5.4,38.7,84.0,23.5,3,1072.0,5,12
0,5.7,15.1,43.5,83.1,11,282.0,9,8
2,5.8,31.4,35.3,87.6,10,1417.0,8,5
0,5.6,39.2,119.5,74.8,6,25.0,3,13
2,7.9,17.0,182.7,52.9,4,1107.0,8,3
2,5.3,36.2,154.5,46.9,10,26.0,5,4
0,5.3,36.5,79.5,78.9,2,408.0,4,12
3,6.8,30.6,48.9,74.1,9,1172.0,5,14
0,5.9,12.2,169.8,41.3,2,1068.0,6,12
2,6.6,39.0,109.0,57.6,4,1269.0,9,3
3,8.3,25.0,71.5,36.1,7,412.0,2,0
3,4.8,31.0,173.0,30.2,5,1189.0,6,0
2,6.1,19.1,159.5,47.6,3,1134.0,3,12
0,8.2,31.2,152.4,24.9,10,1267.0,2,5
1,8.1,18.4,60.9,83.8,7,674.0,1,5
3,6.8,10.3,120.6,67.0,3,581.0,2,12
1,5.1,28.6,160.2,76.6,2,1113.0,7,12
3,5.0,11.1,172.2,87.1,2,503.0,0,1
1,6.0,13.7,98.8,65.2,3,1002.0,8,1
0,7.7,26.1,131.4,46.2,8,1310.0,9,2
3,4.9,36.8,113.4,50.3,8,1258.0,0,0
2,8.2,40.9,36.1,22.7,9,1151.0,9,11
1,5.4,24.0,72.9,30.5,8,567.0,5,12
2,5.5,38.0,79.1,87.1,2,685.0,3,12
3,6.7,28.9,29.6,36.4,8,473.0,6,14
2,7.4,20.7,191.1,76.6,11,1217.0,1,1
2,6.7,31.7,1.8,60.8,5,838.0,3,14
3,7.2,32.3,93.1,71.2,9,1363.0,5,9
3,5.1,41.5,117.9,62.2,1,321.0,3,4
3,5.0,41.7,65.0,89.7,4,1039.0,2,12
2,5.1,27.1,82.2,39.8,12,666.0,6,0
2,8.0,36.0,34.6,74.8,1,139.0,0,4
0,6.9,30.6,71.5,33.1,1,936.0,3,2
1,6.7,14.7,142.9,20.1,7,614.0,8,1
0,4.9,11.4,64.8,68.2,7,1056.0,2,13
1,7.0,27.1,165.3,77.8,11,545.0,7,8
1,7.5,12.9,109.6,85.6,1,405.0,2,1
1,6.9,16.8,34.9,47.5,2,1220.0,2,1
3,5.7,40.8,180.3,82.1,5,938.0,5,0
3,4.8,23.7,76.6,53.5,1,1092.0,9,7
0,7.5,38.5,194.2,71.4,1,1078.0,5,13
1,5.4,10.8,85.8,44.9,11,827.0,7,11
0,8.4,30.5,31.8,49.7,1,477.0,9,2
3,6.6,17.7,143.0,80.1,11,1178.0,3,1
0,6.7,22.1,162.9,20.6,11,168.0,4,8
1,8.1,12.9,83.5,80.5,5,1390.0,6,3
3,8.2,27.4,187.2,61.3,12,8.0,6,4
1,5.2,30.5,13.3,84.9,11,1337.0,2,5
0,8.1,40.9,153.2,47.2,9,1145.0,1,4
0,8.0,16.4,60.5,21.4,6,668.0,0,10
1,5.3,31.3,146.3,31.6,4,1066.0,4,12
0,5.1,40.0,1.0,50.3,3,478.0,8,13
3,6.5,17.7,84.9,37.5,1,1076.0,7,4
0,5.9,31.4,47.2,80.3,6,1476.0,2,13
3,5.4,30.4,121.8,80.6,4,940.0,7,12
3,4.8,33.6,182.2,51.2,12,978.0,7,0
0,6.7,30.5,74.9,81.3,7,683.0,3,13
1,8.0,40.5,50.4,78.4,2,628.0,5,4
1,6.9,38.9,149.2,79.0,7,13.0,5,12
3,7.7,38.1,24.1,46.0,3,502.0,5,13
2,7.5,16.5,85.9,88.2,11,222.0,6,1
2,4.9,38.1,41.6,63.0,7,5.0,7,13
1,7.1,21.1,100.7,86.3,12,941.0,4,7
0,8.4,40.6,101.7,31.8,8,731.0,1,13
0,5.3,26.9,176.4,40.3,9,1448.0,5,10
0,5.1,32.5,89.8,51.4,8,1229.0,2,2
0,8.2,22.1,97.6,25.0,3,221.0,2,12
0,6.1,21.2,131.1,45.3,10,993.0,5,10
2,7.0,11.4,175.6,64.1,4,943.0,7,1
0,5.0,37.9,114.1,78.9,10,111.0,7,4
0,7.1,11.9,142.0,21.4,4,362.0,0,11
3,8.4,33.3,150.4,35.9,5,76.0,1,12
2,8.4,23.6,3.5,55.6,3,1157.0,5,1
2,7.1,32.3,101.4,60.0,8,1460.0,9,0
0,8.0,15.5,137.5,38.9,5,589.0,6,10
1,7.3,40.7,102.5,77.9,11,937.0,0,1
2,8.5,28.5,69.0,29.9,1,1180.0,6,4
0,7.2,17.1,63.9,78.6,11,1101.0,8,10
3,5.6,20.8,154.7,68.9,7,1341.0,1,0
0,7.2,35.7,129.6,26.5,8,1340.0,0,12
0,7.7,24.1,147.8,36.2,10,902.0,3,10
3,5.2,31.2,67.9,83.9,3,474.0,2,12
0,4.6,39.5,66.0,23.4,7,1167.0,3,13
1,4.6,23.1,60.8,53.1,2,508.0,2,12
1,7.8,29.4,197.6,43.2,5,1201.0,8,3
2,5.2,12.7,46.8,25.0,11,400.0,3,1
0,5.4,41.4,67.4,33.2,10,116.0,3,14
0,5.2,28.0,48.3,50.4,1,429.0,2,2
0,7.4,28.7,89.0,39.0,9,116.0,8,7
0,6.2,21.7,121.6,68.5,9,227.0,6,14
3,5.7,22.3,88.5,77.4,3,1166.0,6,12
2,6.2,24.8,153.9,26.7,3,465.0,9,12
3,6.4,25.5,144.2,80.5,8,600.0,7,0
3,5.4,38.0,55.1,32.1,9,781.0,4,4
1,4.7,29.7,43.8,79.3,12,152.0,8,5
2,4.7,10.6,164.4,93.0,12,117.0,4,1
0,6.6,41.5,15.7,76.0,4,1189.0,4,13
2,8.4,36.4,62.2,52.6,2,1182.0,9,4
2,6.7,34.0,89.4,75.2,3,7.0,8,12
2,8.2,33.4,112.1,21.8,3,1082.0,1,12
1,5.3,11.3,177.6,56.3,1,726.0,1,11
0,7.0,37.7,198.5,28.3,3,454.0,9,12
1,6.9,38.0,122.5,61.2,8,1158.0,6,12
1,6.8,13.0,148.3,39.8,4,649.0,4,11
0,4.8,16.9,153.0,34.6,3,287.0,5,8
3,7.7,24.0,6.2,53.2,2,1173.0,4,10
1,7.8,13.4,142.6,57.5,10,552.0,9,11
2,7.2,24.8,135.0,92.6,9,1090.0,1,4
2,5.2,31.6,26.4,71.2,7,1088.0,0,5
2,7.9,23.8,60.5,30.9,12,204.0,6,4
1,5.9,39.0,163.2,41.8,3,15.0,5,12
0,5.8,31.1,160.7,64.8,9,1339.0,5,5
0,5.7,25.2,35.1,53.9,9,517.0,1,7
1,7.5,31.7,54.0,69.8,1,571.0,5,4
0,8.0,17.3,49.9,88.3,5,3.0,0,10
1,8.4,15.0,73.3,47.8,2,998.0,0,11
3,7.7,39.3,4.9,26.8,12,296.0,0,13
2,7.6,11.8,4.4,72.3,2,1472.0,1,1
0,6.2,15.2,86.2,46.3,9,994.0,9,7
1,5.3,11.1,186.4,27.7,12,314.0,3,11
1,6.6,30.5,92.6,61.5,6,818.0,6,9
3,8.0,17.0,36.7,31.6,2,355.0,6,10
2,7.9,20.9,179.9,27.4,8,1188.0,5,0
2,6.1,27.9,35.0,22.6,6,116.0,9,3
1,8.4,11.1,10.0,49.9,12,647.0,8,1
3,6.3,23.7,88.3,32.4,11,1280.0,0,1
3,6.3,38.5,41.7,75.7,5,1334.0,9,14
1,8.1,22.5,53.6,21.5,9,1107.0,6,7
2,8.1,39.4,126.0,88.4,7,74.0,2,0
2,4.8,36.6,146.0,27.6,2,1007.0,6,12
0,6.9,25.2,106.9,94.5,10,631.0,4,7
3,7.5,21.5,154.2,90.7,11,943.0,9,10
0,5.1,38.0,21.5,81.3,2,721.0,5,13
3,6.1,40.1,78.8,34.7,10,67.0,5,4
3,5.5,38.8,134.7,78.6,5,314.0,5,0
3,8.0,34.2,144.8,93.8,10,824.0,8,4
0,5.2,20.3,1.7,62.8,5,631.0,7,14
1,7.3,27.3,175.5,65.7,5,1044.0,8,12
1,6.8,14.9,159.0,67.8,9,18.0,7,7
3,7.3,10.1,111.8,28.6,5,47.0,6,0
3,8.3,17.0,9.4,26.7,9,166.0,5,1
2,6.4,32.7,151.0,50.2,1,152.0,7,4
0,4.7,33.5,79.3,61.3,12,1092.0,6,13
2,8.4,14.6,41.1,37.2,7,260.0,4,5
2,4.9,22.0,160.8,24.1,5,1274.0,7,0
1,6.3,10.5,146.0,88.5,11,688.0,2,1
0,7.7,16.0,68.2,81.6,6,481.0,8,8
3,6.0,17.5,129.0,52.3,10,144.0,5,1
3,8.3,25.1,20.1,61.5,4,131.0,1,3
3,8.4,36.8,111.6,87.7,7,1217.0,5,0
2,6.8,24.9,7.3,44.2,1,1436.0,7,1
3,7.9,22.1,105.0,51.2,8,1000.0,1,12
0,8.1,40.8,73.4,64.6,11,1149.0,3,11
0,4.7,38.5,23.2,39.1,9,507.0,9,13
2,7.1,27.6,85.0,29.5,1,1012.0,7,4
3,5.9,10.8,74.4,39.9,10,322.0,5,1
0,6.6,35.7,27.7,70.7,4,705.0,7,13
0,6.6,19.5,198.2,28.9,9,1038.0,4,14
1,7.1,29.6,52.1,48.4,2,333.0,1,12
1,7.7,24.4,32.5,67.8,10,792.0,2,10
3,8.3,21.6,139.5,86.1,5,1148.0,1,0
0,6.2,19.4,67.6,29.7,4,345.0,0,14
3,5.7,17.5,184.5,84.2,7,749.0,1,0
2,6.6,24.1,71.8,61.0,3,938.0,6,3
2,8.1,20.8,0.1,68.4,3,1374.0,3,1
1,6.7,37.0,15.8,56.8,5,437.0,2,14
3,5.7,32.6,153.1,54.6,2,76.0,6,12
2,7.0,14.9,59.6,83.5,1,568.0,6,1
3,8.1,20.1,26.5,83.3,3,1112.0,5,1
3,7.8,27.4,3.2,41.9,6,380.0,5,5
1,7.0,14.3,78.9,34.7,8,761.0,2,11
2,4.8,29.0,11.5,66.7,6,363.0,8,5
3,4.8,20.2,13.7,44.8,10,1076.0,2,1
1,7.4,17.7,14.5,33.5,2,67.0,7,1
0,5.6,37.5,102.1,72.5,2,1097.0,6,4
2,7.5,22.6,31.5,70.7,4,1384.0,2,3
1,5.2,14.4,157.6,90.6,12,842.0,5,8
0,5.1,10.9,180.5,86.2,3,863.0,9,1
1,7.3,37.7,81.4,65.9,12,850.0,5,4
3,4.7,28.4,73.1,87.1,7,949.0,6,0
3,4.5,16.0,193.1,66.4,1,860.0,9,4
0,6.0,25.0,13.7,24.2,4,73.0,1,2
1,4.5,32.8,3.7,49.1,2,1268.0,1,2
3,5.9,20.7,18.3,82.7,8,137.0,7,5
1,7.5,31.7,11.3,53.6,12,1365.0,1,5
0,5.5,35.1,194.2,43.9,10,1126.0,5,4
0,5.9,35.6,147.5,44.6,11,330.0,5,13
1,8.2,41.2,58.1,33.9,1,474.0,4,4
3,7.5,22.9,135.6,41.1,8,402.0,8,0
2,8.4,37.9,130.1,31.3,12,383.0,1,4
1,4.6,18.1,74.1,38.2,7,203.0,6,5
1,4.8,37.5,161.8,33.5,6,196.0,2,12
3,5.0,12.3,30.4,50.3,8,327.0,6,11
3,5.3,37.6,183.9,65.9,6,571.0,9,12
1,5.9,25.1,164.6,65.2,6,940.0,2,0
0,8.1,18.7,125.4,28.7,2,1037.0,6,12
3,7.0,20.6,109.7,60.3,9,723.0,3,4
3,8.2,41.7,106.7,79.4,2,448.0,3,12
2,5.1,35.0,146.2,24.4,4,906.0,8,0
2,6.6,25.8,53.8,67.1,6,851.0,7,9
2,5.0,37.1,59.0,94.2,6,1207.0,0,12
2,8.1,15.1,142.6,86.5,2,322.0,8,4
1,4.7,41.2,177.8,21.2,3,1313.0,2,12
3,6.5,35.5,86.1,82.0,7,357.0,6,0
2,5.4,35.4,49.6,73.6,5,1238.0,7,0
1,8.0,31.8,140.6,52.6,6,11.0,3,12
2,8.3,28.6,196.7,91.7,9,878.0,4,12
1,8.3,37.0,108.5,64.8,9,468.0,4,4
1,4.8,18.8,93.2,31.6,9,1150.0,5,7
2,5.6,24.1,17.6,55.1,3,301.0,0,12
0,8.4,36.5,16.1,33.8,2,331.0,2,13
1,8.1,14.5,67.5,46.7,3,24.0,0,12
2,6.5,32.1,74.5,57.9,7,398.0,2,0
3,4.7,38.0,3.8,84.0,10,412.0,2,4
1,6.2,38.8,39.7,35.7,5,1191.0,3,13
2,5.7,36.4,115.4,56.4,8,812.0,5,0
1,5.2,29.3,106.1,35.2,1,20.0,0,4
3,7.4,17.3,96.5,64.6,12,1339.0,1,1
2,6.9,12.6,148.1,25.0,7,938.0,2,1
0,7.3,39.9,165.4,40.5,5,557.0,1,13
3,5.1,12.4,6.2,52.1,9,301.0,5,1
1,6.3,25.8,122.5,37.0,11,848.0,3,4
1,5.9,36.9,7.4,49.5,11,301.0,8,13
2,7.7,40.5,142.2,33.9,6,106.0,7,0
1,6.5,38.2,11.9,62.3,3,749.0,5,13
2,7.9,26.3,80.0,31.1,4,56.0,8,3
2,6.4,16.8,174.3,48.6,3,33.0,9,0
3,8.0,35.2,109.2,79.5,2,660.0,2,12
3,8.3,37.5,131.8,92.8,5,437.0,2,4
1,5.1,28.5,166.2,71.0,3,236.0,4,12
3,5.1,19.2,163.7,24.8,7,1252.0,3,12
0,7.9,38.0,86.9,61.2,3,349.0,1,12
1,6.4,18.4,102.4,25.1,11,1248.0,2,1
1,7.2,11.4,45.7,73.8,10,1389.0,4,11
2,6.8,31.3,2.6,53.9,6,509.0,3,6
3,8.0,37.9,186.0,57.0,7,663.0,1,12
2,5.2,29.2,156.4,62.2,6,1084.0,3,0
1,6.4,33.6,96.6,35.5,1,183.0,4,4
1,6.7,37.7,17.2,69.2,12,305.0,5,4
1,7.2,40.7,190.0,41.0,2,1033.0,7,4
3,4.5,28.0,119.5,42.8,11,1283.0,9,5
2,5.1,41.6,197.3,75.7,4,1139.0,5,12
2,7.8,40.0,5.4,74.2,2,3.0,1,4
0,5.6,27.0,57.3,88.3,10,543.0,2,5
1,8.5,33.4,69.5,87.0,3,447.0,8,12
2,4.6,15.6,5.1,78.3,9,1478.0,7,1
2,4.8,21.3,90.3,84.9,11,1017.0,1,1
3,6.4,20.3,53.8,94.2,10,744.0,3,1
0,8.4,30.1,70.3,89.9,7,981.0,6,13
3,8.2,25.0,150.3,21.7,1,523.0,8,4
2,5.7,36.9,36.4,26.4,2,784.0,2,0
3,7.9,37.8,93.2,36.0,1,1487.0,1,4
0,6.0,36.5,146.6,81.4,4,86.0,6,12
3,5.3,38.7,68.5,44.1,5,139.0,1,9
1,7.3,26.9,66.0,54.2,2,373.0,8,12
0,4.5,12.9,34.9,32.6,4,888.0,0,11
1,7.3,17.3,61.9,43.4,7,613.0,4,1
2,5.7,21.6,158.6,65.3,5,761.0,6,0
2,8.2,17.6,23.5,21.8,8,1348.0,7,10
0,8.0,40.7,19.6,39.6,7,1380.0,4,13
2,5.2,21.9,33.2,75.3,1,1409.0,6,7
1,7.7,34.8,88.2,60.4,8,1401.0,1,12
3,6.2,37.4,106.0,74.2,4,1313.0,0,12
3,5.6,39.2,111.7,79.9,5,175.0,9,0
1,5.3,13.4,107.1,85.9,10,215.0,1,1
0,6.2,11.3,74.6,46.3,8,813.0,8,11
0,4.7,28.8,108.5,58.3,1,667.0,7,7
3,7.7,30.1,86.9,25.4,11,12.0,7,3
1,8.2,41.2,17.2,75.9,2,479.0,4,4
1,4.8,28.1,55.5,65.0,5,55.0,9,9
2,8.1,18.2,120.7,80.6,4,280.0,9,12
0,7.5,38.6,77.5,70.8,10,1375.0,0,13
0,6.9,22.9,117.0,60.3,12,353.0,0,8
0,4.7,11.3,177.2,36.0,3,1481.0,6,11
0,5.7,39.1,135.4,27.7,6,893.0,3,13
3,8.2,31.7,3.2,67.2,7,1326.0,2,5
2,4.8,11.5,113.8,94.4,11,493.0,5,11
3,8.0,34.5,121.6,57.1,5,606.0,5,3
3,7.2,34.6,189.0,92.2,4,1355.0,7,0
2,5.9,13.5,92.8,75.3,10,28.0,8,1
1,5.2,33.1,24.9,30.4,5,939.0,4,14
3,7.1,12.5,13.7,24.3,2,19.0,2,1
3,7.3,20.7,172.0,61.5,3,521.0,5,4
0,8.0,35.3,179.4,31.2,9,692.0,6,4
0,8.2,25.6,53.7,47.3,3,847.0,6,12
0,7.2,34.1,34.0,44.6,9,1411.0,6,14
0,8.3,38.0,189.6,66.8,8,1490.0,0,13
3,6.3,26.2,141.8,90.2,3,534.0,1,12
3,5.5,20.4,66.7,81.1,5,56.0,3,9
2,5.1,11.6,150.2,38.6,6,415.0,8,0
2,8.0,12.0,115.5,46.2,10,278.0,6,11
2,6.5,22.9,161.3,41.8,7,24.0,3,0
1,7.9,16.5,146.0,67.6,6,189.0,4,8
2,6.3,40.8,90.6,56.0,9,69.0,8,12
0,7.8,33.3,128.2,88.2,3,135.0,2,12
2,6.8,17.4,86.7,30.2,3,1132.0,3,12
0,8.2,37.0,166.4,46.7,5,911.0,8,13
2,4.5,32.4,194.5,27.2,11,937.0,2,0
0,7.5,29.7,131.2,72.9,9,354.0,7,4
1,7.4,29.1,16.1,28.5,1,266.0,2,2
3,6.6,21.9,11.2,70.6,7,712.0,6,5
1,6.9,39.9,154.9,88.7,10,894.0,3,4
0,6.9,27.0,14.3,84.6,3,103.0,6,2
0,4.7,28.9,156.2,59.4,4,1440.0,9,12
2,6.7,31.5,163.5,61.1,4,727.0,5,12
1,4.5,19.9,98.3,74.1,9,233.0,1,7
2,7.8,38.6,175.2,24.4,12,483.0,8,4
2,6.3,36.4,121.1,85.5,6,925.0,1,0
0,4.6,30.2,131.6,69.7,8,448.0,6,0
0,7.2,11.0,56.0,26.7,5,977.0,4,11
1,5.2,10.4,118.5,41.9,11,1425.0,6,1
3,7.3,37.6,38.9,49.4,1,453.0,2,4
3,7.0,25.8,119.1,48.4,10,1113.0,3,7
2,5.4,25.4,7.4,72.6,11,1397.0,9,10
0,4.7,29.1,141.1,48.3,5,1289.0,0,13
1,6.6,17.9,19.1,93.3,7,945.0,8,1
0,6.9,41.7,98.8,20.7,7,264.0,8,12
1,7.6,19.6,66.7,23.4,7,1111.0,8,5
3,8.4,40.4,126.2,76.4,12,829.0,0,4
0,5.6,34.9,16.8,85.3,3,136.0,4,2
0,6.6,37.1,106.7,65.5,9,758.0,8,12
0,8.2,11.3,151.4,28.0,12,1059.0,2,1
3,8.3,24.8,41.6,58.6,1,204.0,9,4
0,5.1,34.1,49.7,29.5,8,785.0,3,2
3,8.0,11.3,65.4,26.6,7,462.0,8,11
1,7.7,34.0,30.9,88.8,12,209.0,3,3
1,5.3,37.3,4.1,50.0,7,700.0,1,13
1,4.8,39.3,167.7,51.4,9,14.0,5,4
0,6.5,33.7,52.8,23.4,2,1438.0,2,2
3,7.1,15.2,45.3,69.9,12,765.0,2,8
0,7.2,39.4,63.5,68.2,9,759.0,3,13
2,8.5,35.2,96.7,44.5,8,361.0,2,0
3,6.0,38.8,64.5,30.0,6,826.0,0,0
1,7.1,37.3,187.1,51.4,5,1445.0,0,12
1,5.7,38.6,56.7,70.4,6,790.0,6,13
1,8.2,29.1,18.8,43.5,1,545.0,1,2
3,8.4,22.6,16.2,72.6,1,1298.0,9,1
3,4.8,17.3,132.5,49.0,4,952.0,1,0
1,6.7,18.1,101.8,93.7,12,895.0,6,8
2,8.4,12.5,54.9,75.6,2,1481.0,0,1
1,8.5,33.4,95.9,75.9,3,1370.0,4,3
3,5.9,22.6,94.3,22.9,2,910.0,2,4
2,4.8,29.6,17.9,87.0,9,733.0,2,5
2,5.3,29.6,7.6,87.2,9,120.0,9,14
3,7.3,21.1,16.1,34.8,10,854.0,5,11
3,7.9,24.4,75.2,80.9,5,59.0,2,3
1,7.8,36.7,177.1,38.2,6,1393.0,3,12
3,4.6,19.0,65.1,80.8,7,54.0,6,5
2,6.8,11.7,162.4,40.1,8,307.0,2,12
2,4.5,27.8,3.4,53.5,7,1316.0,4,6
3,5.8,41.3,87.2,72.4,2,576.0,6,12
2,6.2,38.5,140.3,86.2,12,1472.0,5,4
3,6.2,31.7,172.4,41.2,1,1405.0,1,4
1,7.8,29.9,37.7,84.2,11,540.0,4,10
3,7.8,38.9,108.1,35.6,3,1045.0,6,12
1,7.4,32.0,165.2,94.1,6,111.0,0,12
2,7.5,31.2,22.9,85.7,12,793.0,2,5
2,8.2,38.3,185.3,74.1,7,777.0,7,0
0,7.7,25.6,72.4,27.5,1,1464.0,3,2
3,7.7,14.2,39.6,22.8,5,366.0,3,8
1,6.6,36.8,104.9,64.3,3,1014.0,2,12
1,5.9,18.6,52.6,54.4,2,1159.0,2,1
1,4.8,21.9,178.1,32.1,4,1239.0,1,9
2,7.8,26.6,146.3,90.4,8,1408.0,0,0
0,6.9,10.8,59.1,71.7,10,1116.0,0,11
0,8.1,27.3,60.0,90.7,4,780.0,4,3
0,5.7,11.9,50.4,84.5,3,37.0,4,11
2,8.0,27.5,195.3,62.7,8,751.0,7,0
0,8.0,23.6,75.7,28.8,1,505.0,6,10
1,5.1,26.2,92.6,31.5,6,1355.0,2,7
2,8.1,26.7,71.0,91.0,8,923.0,4,0
3,8.4,14.6,152.7,54.3,5,1007.0,8,1
1,7.2,21.0,146.5,66.9,11,783.0,0,11
0,6.5,34.4,159.4,88.7,3,1238.0,0,12
2,5.0,27.6,98.3,73.7,3,136.0,0,0
0,5.7,35.2,139.7,70.7,10,474.0,1,4
3,6.5,30.5,38.8,36.7,7,1178.0,9,6
3,6.9,32.8,106.3,88.5,9,809.0,0,4
0,5.3,32.1,163.1,85.6,6,1327.0,4,2
0,8.1,13.4,41.3,27.5,11,197.0,4,1
3,5.9,31.0,72.7,40.9,3,720.0,4,12
2,5.5,32.2,139.9,22.0,4,803.0,2,0
3,5.4,30.0,68.8,57.6,4,1382.0,9,3
3,5.1,26.9,39.5,22.9,6,241.0,7,8
2,6.3,36.9,112.4,39.9,12,416.0,6,4
0,7.2,32.5,183.7,52.6,6,524.0,6,12
3,8.2,20.6,175.4,89.6,5,1474.0,1,0
1,6.6,22.2,190.8,27.5,5,1476.0,4,9
0,7.3,34.4,17.2,20.8,4,950.0,9,13
2,8.1,36.4,6.4,63.6,7,390.0,5,0
3,5.7,28.5,15.5,43.4,3,880.0,9,2
0,4.9,26.1,18.6,45.8,11,787.0,0,8
0,5.3,33.8,192.0,85.4,7,748.0,7,13
2,7.8,21.7,34.8,87.0,9,1470.0,8,10
1,7.3,17.3,24.7,77.4,1,1234.0,7,1
3,8.1,33.1,33.8,35.4,6,763.0,0,9
1,4.8,30.1,142.4,91.9,1,647.0,7,4
3,7.3,26.7,59.1,39.0,10,156.0,5,4
0,5.2,29.5,138.2,31.4,1,457.0,0,7
3,5.7,10.7,191.2,64.4,1,1381.0,6,1
2,5.7,21.6,105.4,44.2,10,796.0,2,4
3,6.5,14.8,147.2,65.3,10,797.0,3,1
1,5.6,20.7,100.3,78.3,5,718.0,9,9
1,7.4,17.0,91.1,81.5,4,573.0,5,3
2,8.4,23.0,66.6,68.2,9,499.0,3,4
2,4.7,14.5,70.4,87.6,12,1439.0,2,1
1,6.9,37.5,72.7,44.6,5,200.0,1,12
0,5.5,19.0,140.2,89.8,6,941.0,8,5
3,5.4,37.1,119.0,86.5,7,899.0,3,12
2,6.8,36.8,122.4,63.0,4,512.0,2,12
0,7.4,13.0,12.8,32.9,3,1104.0,2,11
3,7.7,16.6,87.4,33.5,7,794.0,9,7
1,5.2,33.9,27.1,86.4,3,546.0,0,12
3,5.2,30.7,125.4,84.9,7,1194.0,2,0
3,8.2,40.6,98.8,22.0,7,399.0,5,0
2,6.5,12.8,2.8,83.7,8,1325.0,2,1
1,5.3,41.9,94.0,71.9,10,1111.0,9,4
3,7.0,38.9,8.5,55.2,12,333.0,3,8
1,7.6,16.2,106.1,66.4,8,28.0,7,10
2,7.0,32.9,36.3,64.4,8,1338.0,3,14
2,7.9,20.5,135.6,74.4,4,836.0,3,0
1,5.5,15.8,94.7,70.8,11,151.0,1,11
2,6.5,19.2,108.5,28.2,4,969.0,2,3
0,6.7,12.7,131.3,42.1,8,951.0,7,11
3,7.7,18.9,20.3,25.5,8,1194.0,8,1
2,5.5,21.0,5.7,63.1,2,37.0,4,4
2,7.1,17.1,10.5,90.1,12,1137.0,7,1
1,4.7,24.3,144.8,78.1,7,1318.0,5,0
1,6.4,15.9,32.6,28.7,2,330.0,0,1
2,6.5,33.4,60.3,69.8,9,1402.0,3,14
1,4.9,15.5,5.4,21.8,1,652.0,1,1
3,5.3,41.4,44.0,92.4,11,1353.0,0,1
0,6.0,22.8,45.2,33.2,5,1480.0,8,14
3,5.3,16.4,41.3,59.9,1,741.0,8,1
0,8.2,34.9,127.5,26.8,6,893.0,5,13
1,8.2,10.0,176.2,84.9,7,145.0,8,0
0,5.9,38.2,39.9,92.6,6,350.0,0,13
0,6.6,40.2,191.3,87.9,7,288.0,9,0
0,7.1,37.2,38.1,79.8,6,373.0,9,13
2,5.1,23.3,141.1,74.6,11,1352.0,1,1
1,4.8,11.4,129.3,88.3,10,105.0,9,11
0,6.5,42.0,91.4,92.1,2,826.0,0,12
2,7.1,27.9,2.4,62.1,8,375.0,3,0
3,6.1,17.9,188.6,57.8,12,1409.0,4,8
2,7.6,26.4,79.8,49.9,3,1136.0,3,3
1,5.1,41.4,8.4,46.0,7,1374.0,4,13
1,7.1,38.8,5.2,80.1,9,366.0,7,13
2,7.6,36.9,31.0,67.4,8,1134.0,3,3
3,5.8,14.1,45.4,87.5,9,1177.0,5,8
0,5.9,29.4,12.1,50.3,6,130.0,5,13
3,5.1,19.8,35.8,46.1,5,1081.0,3,14
0,8.1,35.5,26.9,68.5,12,921.0,2,13
1,6.0,23.0,64.2,46.0,5,1220.0,2,14
1,6.8,30.0,180.1,30.7,10,1316.0,3,4
1,4.5,22.4,193.6,53.5,2,101.0,5,12
0,4.5,39.6,66.6,88.8,4,828.0,1,13
1,6.8,38.6,53.9,94.7,12,78.0,8,4
0,6.5,34.1,54.5,92.0,2,133.0,9,2
1,5.5,21.4,192.3,92.6,10,195.0,7,4
3,5.9,38.5,80.7,55.2,2,197.0,0,4
2,4.8,30.6,131.7,48.4,11,1256.0,6,0
2,6.5,18.7,56.8,60.8,4,98.0,4,3
2,6.3,22.4,156.7,92.0,8,429.0,9,0
2,7.9,24.4,114.1,57.5,12,1150.0,3,0
1,5.1,13.4,80.3,40.7,4,1129.0,2,3
1,6.7,35.0,22.6,68.8,9,159.0,4,14
3,6.7,40.9,107.0,42.4,7,1344.0,7,0
1,6.3,38.0,56.4,25.3,3,850.0,1,12
1,5.9,16.1,134.3,45.4,12,432.0,6,8
1,4.9,12.1,13.4,87.5,10,1226.0,2,11
0,5.7,34.5,54.0,71.8,3,782.0,0,12
2,6.1,31.9,94.2,71.3,2,15.0,6,4
2,6.7,12.2,33.6,53.3,9,1154.0,6,1
2,6.1,30.1,176.8,50.2,12,825.0,0,0
0,8.1,30.4,121.7,86.4,4,369.0,7,12
0,7.0,29.5,69.4,67.5,2,539.0,5,2
1,6.2,19.4,25.9,68.2,12,57.0,6,1
3,7.0,19.9,38.0,44.6,8,1139.0,8,7
0,4.7,29.3,165.7,91.9,4,1374.0,4,13
2,4.5,34.3,87.7,69.9,3,1093.0,7,12
0,4.9,27.0,20.7,54.1,7,482.0,5,13
2,6.1,28.8,26.8,25.1,5,129.0,4,14
3,7.4,30.8,91.3,64.3,10,390.0,2,4
2,6.3,33.0,54.4,57.9,7,490.0,5,0
1,8.2,11.0,192.4,54.9,11,93.0,3,1
1,7.4,24.0,184.8,48.0,12,1126.0,0,4
3,8.3,23.8,30.0,30.3,6,1104.0,2,0
2,7.3,21.1,33.9,75.0,6,860.0,7,3
2,4.8,28.5,59.8,85.6,11,186.0,7,0
1,8.3,22.5,33.1,61.6,12,52.0,3,1
1,7.7,21.8,184.9,52.0,9,492.0,1,7
3,7.3,30.6,192.1,49.3,2,1268.0,4,4
2,4.7,34.5,139.1,57.4,3,1437.0,8,12
1,7.7,41.5,18.0,80.6,10,1229.0,4,10
0,4.8,23.9,129.7,87.8,7,1175.0,6,0
1,5.0,29.7,14.3,70.3,12,427.0,5,5
0,4.8,16.7,68.5,54.6,3,1140.0,5,1
2,6.8,18.9,43.3,78.4,6,94.0,0,5
1,5.3,35.8,113.3,68.7,9,227.0,9,4
0,7.3,27.0,69.4,75.3,12,163.0,6,8
0,6.8,38.7,142.9,65.3,5,772.0,8,13
2,7.1,22.6,69.7,32.3,10,1163.0,9,1
1,4.7,40.5,56.3,89.4,12,1119.0,8,0
1,5.1,25.9,151.3,73.4,1,219.0,3,4
2,8.4,22.3,199.9,42.9,7,909.0,3,0
1,4.9,41.9,74.8,44.3,2,1126.0,0,12
0,7.0,20.2,5.7,60.5,6,1491.0,4,5
0,4.5,35.8,137.0,89.7,10,207.0,1,4
3,6.1,26.1,145.7,37.3,12,1167.0,0,4
1,6.0,24.4,39.9,43.8,10,1484.0,9,1
0,6.0,15.2,71.3,33.1,10,803.0,6,11
2,7.4,17.0,13.2,56.6,6,1334.0,0,1
0,8.0,24.1,118.3,50.9,2,1389.0,6,12
0,4.8,25.4,197.4,31.2,1,819.0,7,2
2,6.6,21.9,74.3,57.3,1,466.0,6,4
0,6.4,27.4,123.9,29.2,3,624.0,6,12
3,5.3,15.5,34.0,72.8,6,1175.0,7,8
2,8.4,39.3,14.6,40.2,7,491.0,3,13
0,5.3,41.7,54.3,57.1,5,353.0,6,13
0,6.1,17.3,35.6,84.6,1,198.0,5,8
0,5.9,23.1,28.8,27.3,3,1355.0,6,5
1,6.0,39.9,149.7,92.4,5,1264.0,3,3
1,4.8,15.8,161.3,63.2,2,1116.0,2,4
0,7.3,29.2,91.1,24.7,11,1141.0,8,10
0,7.4,20.4,180.1,31.7,12,1252.0,9,10
0,7.9,37.7,81.0,35.7,3,651.0,8,12
0,5.5,18.4,85.2,39.2,3,1237.0,7,7
2,4.6,32.8,40.0,37.1,3,247.0,9,3
2,8.1,11.1,73.9,27.2,2,634.0,2,1
1,5.9,41.5,171.3,78.9,11,1092.0,6,1
0,8.2,28.1,156.0,49.2,8,1081.0,2,13
3,5.8,10.0,99.2,52.2,8,406.0,9,0
3,5.7,33.8,170.4,75.5,5,1300.0,8,0
2,8.0,19.7,151.9,28.9,12,460.0,1,10
3,6.9,19.7,153.0,77.1,12,854.0,5,8
0,8.3,33.4,86.5,38.7,1,443.0,6,4
3,7.1,21.8,59.3,77.4,2,514.0,6,4
2,5.7,21.6,66.2,52.5,8,1243.0,7,0
1,5.2,37.7,103.2,80.6,6,1184.0,1,12
0,6.9,17.1,190.5,44.1,12,1275.0,7,8
0,6.0,20.3,26.7,73.2,6,1315.0,9,8
0,7.5,39.4,196.5,63.4,1,1435.0,6,12
0,7.9,10.6,17.3,49.9,6,807.0,4,11
2,5.2,22.7,110.6,78.1,5,855.0,2,3
1,5.4,14.1,143.9,50.4,1,466.0,0,4
1,4.5,21.0,178.6,48.2,10,215.0,7,4
2,7.3,35.0,3.8,89.6,10,1391.0,9,14
3,6.8,30.8,15.3,56.4,9,476.0,3,14
0,6.0,30.2,192.4,39.6,12,765.0,3,2
2,5.3,12.6,156.9,34.4,12,523.0,2,1
1,6.8,12.7,109.3,73.0,5,1115.0,7,1
0,7.4,39.6,169.8,43.7,1,905.0,8,4
1,8.5,21.6,74.0,45.1,6,824.0,3,3
0,6.1,12.4,161.6,32.5,9,974.0,1,1
1,4.6,17.5,87.3,73.3,2,214.0,4,12
0,5.1,13.9,19.2,68.5,11,62.0,5,8
2,5.0,28.2,76.4,91.1,7,962.0,1,0
1,6.7,12.0,33.6,70.6,5,1095.0,7,11
2,7.5,36.7,37.5,67.1,11,465.0,9,4
0,6.2,22.3,145.2,36.7,5,372.0,0,12
1,5.0,35.9,182.3,63.8,2,1043.0,1,4
2,7.2,25.5,94.1,76.9,3,968.0,6,12
2,7.1,41.8,12.7,36.8,12,825.0,8,1
3,4.6,21.0,163.4,57.3,2,1240.0,1,4
0,6.1,37.3,75.9,85.6,9,1283.0,6,13
1,6.3,13.2,71.7,40.7,11,1382.0,4,1
1,6.0,24.8,60.4,61.1,11,134.0,2,5
1,4.8,39.4,149.2,77.4,12,1369.0,3,4
1,6.9,27.5,54.5,68.1,10,438.0,1,4
2,5.2,24.2,20.4,57.2,9,373.0,3,10
0,6.7,37.2,157.2,85.1,8,487.0,6,12
3,7.1,24.1,177.3,46.8,6,367.0,4,0
3,7.9,14.3,152.5,49.5,2,680.0,6,1
1,6.2,21.1,184.7,89.0,4,351.0,4,12
3,6.5,16.5,148.0,41.5,2,762.0,3,4
2,6.7,19.7,184.8,24.2,2,261.0,3,4
3,7.6,16.4,11.1,88.2,6,1177.0,8,8
1,7.2,41.3,10.5,35.5,3,53.0,3,12
0,6.4,15.7,2.2,44.8,4,748.0,4,11
3,5.5,33.0,33.0,55.4,11,18.0,0,5
0,8.0,11.8,111.4,38.1,4,498.0,8,3
3,7.7,10.9,57.8,68.1,3,82.0,4,1
3,4.8,14.7,198.7,63.5,2,271.0,6,12
1,5.4,23.9,117.7,79.7,11,1231.0,9,5
0,8.4,33.8,182.3,23.5,8,1087.0,4,13
3,7.2,41.2,172.6,41.3,1,518.0,4,4
0,7.9,24.4,133.6,75.2,5,2.0,7,12
2,7.5,29.2,135.3,29.1,6,958.0,1,0
3,4.6,12.3,178.0,29.1,12,1104.0,0,1
1,7.1,37.8,68.2,29.4,2,563.0,2,12
1,8.0,19.1,146.3,74.8,3,1127.0,4,12
3,7.3,13.8,85.1,72.0,10,1426.0,0,11
3,7.2,20.7,122.6,28.6,7,523.0,0,0
1,5.5,28.5,34.7,88.9,2,843.0,1,2
2,5.3,30.3,26.2,74.5,9,877.0,2,14
1,5.8,13.8,72.2,36.3,8,1358.0,1,1
1,7.8,29.1,193.8,75.3,10,514.0,8,4
1,8.3,34.9,110.2,77.3,11,1487.0,4,4
1,8.2,33.2,177.1,79.5,12,172.0,9,4
1,7.0,20.4,175.5,34.4,1,880.0,1,4
1,5.1,39.6,96.6,28.7,9,930.0,6,14
1,7.3,37.1,199.7,89.2,5,475.0,7,12
0,6.8,39.7,39.1,53.3,10,654.0,7,13
3,5.0,34.6,132.2,40.7,5,516.0,4,0
3,4.5,17.3,59.4,76.1,1,1491.0,7,11
3,6.3,22.8,139.5,59.3,7,421.0,4,0
2,7.9,11.2,144.4,88.2,7,1355.0,7,1
2,8.4,19.7,57.5,87.2,1,1234.0,7,1
2,6.0,39.5,128.4,44.8,8,1326.0,8,0
3,6.0,11.8,160.5,56.8,12,577.0,9,11
0,7.5,19.1,162.7,22.5,8,1305.0,8,5
3,5.7,10.3,55.8,34.8,3,612.0,3,1
0,6.3,40.8,134.6,23.2,7,11.0,9,0
1,8.3,23.8,129.3,61.4,6,300.0,5,0
2,7.7,34.2,56.5,67.3,1,1401.0,9,4
2,4.6,22.5,155.1,89.1,2,166.0,7,12
2,8.0,25.3,80.1,89.4,3,618.0,1,3
0,6.8,38.3,41.5,31.4,4,1454.0,3,13
1,8.0,17.5,183.3,77.8,6,1396.0,8,12
2,8.4,35.5,71.7,93.8,5,369.0,6,0
2,6.5,25.8,24.4,64.0,1,256.0,9,4
1,8.2,10.2,189.4,69.2,4,1414.0,0,1
1,8.4,30.6,75.6,82.7,6,892.0,4,5
0,6.6,35.5,159.7,70.8,1,904.0,7,4
2,5.3,29.1,99.9,91.5,1,971.0,9,4
2,6.0,11.1,123.6,65.6,5,1169.0,4,1
3,7.1,24.5,26.8,93.7,8,281.0,1,12
2,7.1,10.8,195.5,77.6,7,1119.0,1,0
1,8.1,28.0,167.0,34.4,12,1282.0,2,10
1,6.3,30.4,93.3,34.4,1,589.0,7,4
3,6.0,24.7,50.2,28.8,9,1212.0,0,7
1,7.9,26.4,144.1,70.5,4,657.0,0,3
0,7.6,24.0,158.4,59.8,4,606.0,6,3
3,6.6,28.6,134.4,58.9,6,1141.0,4,0
1,7.6,22.8,156.8,23.8,3,1188.0,3,12
1,6.5,40.8,130.1,46.0,5,195.0,5,12
3,6.2,24.1,142.7,25.4,9,1375.0,0,4
0,6.6,21.0,143.8,84.7,3,1314.0,6,4
0,6.0,17.4,91.1,57.7,6,180.0,9,8
2,8.1,29.0,72.3,79.7,6,548.0,5,0
1,6.3,31.1,106.1,52.4,1,486.0,7,4
3,4.7,18.6,68.5,86.8,6,402.0,5,5
3,8.3,40.2,122.0,86.0,8,444.0,7,12
1,5.9,10.8,109.2,77.3,12,1063.0,1,11
2,6.1,33.1,28.4,24.4,2,646.0,8,2
3,8.2,25.8,32.3,33.8,12,1465.0,4,10
2,4.9,24.7,172.2,85.5,3,1163.0,1,12
0,8.4,20.7,90.4,87.8,3,710.0,7,12
3,6.9,26.1,154.8,30.8,9,389.0,6,4
2,6.8,14.3,44.0,43.7,6,1144.0,2,8
3,5.7,14.1,89.0,74.5,12,270.0,7,8
0,6.4,36.1,62.4,57.6,6,1200.0,4,13
1,6.7,25.2,96.2,25.4,7,380.0,6,12
3,7.1,41.9,104.8,94.0,10,1119.0,2,4
3,7.2,28.9,24.6,58.4,12,113.0,0,5
0,8.4,39.2,147.7,58.4,5,692.0,5,13
0,5.3,20.5,144.4,29.8,5,583.0,6,14
2,4.8,16.5,37.6,82.2,1,1432.0,2,11
3,8.3,36.7,12.0,32.4,12,863.0,8,13
0,7.1,40.2,46.6,20.7,7,563.0,3,13
1,7.1,39.9,97.6,20.4,7,20.0,1,0
1,5.2,32.1,63.1,53.4,1,1111.0,9,2
0,7.6,37.8,85.8,36.0,6,695.0,0,12
0,5.5,23.5,163.2,30.3,1,698.0,4,7
1,8.0,32.9,77.3,50.5,3,284.0,5,12
2,5.0,21.1,199.3,85.2,9,52.0,7,0
2,7.8,40.0,143.5,52.1,5,844.0,8,0
3,7.1,13.9,40.2,64.4,3,548.0,9,1
1,5.5,16.6,70.0,22.0,9,712.0,1,11
1,4.7,18.5,44.6,52.4,5,487.0,8,5
0,4.6,26.8,39.2,87.4,10,771.0,4,5
1,7.6,40.3,189.3,81.0,2,1273.0,8,4
2,7.2,16.7,167.0,49.8,11,1191.0,5,1
1,5.4,15.3,6.7,53.6,12,1262.0,4,1
2,8.2,11.6,192.1,88.8,11,85.0,6,1
3,4.5,32.2,71.5,78.2,2,535.0,3,12
2,4.8,30.6,0.3,75.7,1,469.0,0,4
1,7.1,41.8,33.7,63.9,3,1180.0,6,12
2,5.1,28.0,27.6,53.7,7,72.0,9,0
0,6.1,26.4,67.7,52.3,9,676.0,3,7
2,4.8,21.6,49.6,91.2,1,827.0,9,9
3,6.3,22.1,162.5,42.7,8,962.0,0,0
1,6.5,28.8,24.6,65.1,2,1205.0,5,2
2,6.9,14.1,61.0,65.0,4,992.0,8,1
0,8.4,35.1,52.2,20.4,12,814.0,6,4
0,5.7,19.7,6.9,66.8,3,576.0,1,5
0,7.2,37.3,139.7,40.0,1,1062.0,8,12
0,4.8,25.7,13.0,89.6,12,540.0,9,8
3,6.0,16.1,115.6,88.2,1,285.0,1,4
3,6.2,35.2,114.3,26.8,10,1218.0,6,4
2,4.8,35.0,22.1,70.4,4,429.0,4,3
1,6.2,16.8,127.0,62.2,1,1099.0,3,4
0,6.1,25.2,3.0,43.8,5,571.0,0,13
2,6.4,20.5,133.5,21.5,3,1138.0,8,12
3,4.9,10.1,71.8,26.9,4,88.0,6,1
2,6.4,15.9,76.6,35.3,9,563.0,7,1
0,4.7,11.9,118.9,78.8,11,435.0,0,11
3,8.2,34.2,74.6,47.5,1,1294.0,4,4
3,6.9,11.5,86.5,57.8,8,441.0,2,0
0,5.8,20.8,80.7,83.0,4,750.0,6,9
0,8.1,31.0,179.4,54.9,2,580.0,8,2
1,6.1,36.0,114.5,40.8,8,975.0,1,12
3,5.5,41.8,196.7,68.0,2,858.0,3,4
0,6.6,35.3,16.8,75.3,3,934.0,2,13
2,8.2,21.4,103.1,65.7,1,280.0,9,4
3,8.1,40.0,138.7,37.9,7,695.0,9,0
2,4.9,39.5,123.6,43.9,6,243.0,2,0
2,7.7,29.7,15.3,66.5,5,840.0,0,3
3,7.6,35.9,34.7,83.5,10,1300.0,3,4
0,6.6,36.4,187.8,79.1,10,779.0,7,4
3,6.1,15.9,80.3,63.5,7,22.0,1,0
0,6.7,22.7,100.7,56.4,4,778.0,2,3
0,5.6,18.4,117.9,55.7,11,680.0,4,11
3,8.3,34.7,28.8,56.7,11,1143.0,9,10
1,5.3,20.4,20.2,39.9,8,1409.0,2,5
0,5.9,39.0,82.3,61.4,2,103.0,6,13
3,7.3,34.6,139.0,57.9,11,95.0,6,4
0,6.7,39.0,100.8,62.6,5,1157.0,2,13
3,4.8,13.5,110.6,91.8,12,1137.0,9,8
2,7.4,38.0,10.7,42.0,7,1284.0,5,13
1,6.0,20.1,157.8,78.8,2,418.0,7,4
0,4.8,22.3,172.3,90.3,4,1455.0,0,14
0,7.2,22.2,76.6,94.6,5,579.0,3,9
1,6.1,39.6,154.7,67.9,3,928.0,0,12
0,7.6,40.6,184.6,65.0,12,761.0,8,10
3,4.7,13.8,188.4,77.5,2,523.0,8,11
1,5.7,29.6,23.7,47.7,4,907.0,3,5
2,4.5,32.1,52.1,21.5,7,148.0,3,0
3,5.2,25.9,28.7,47.5,1,1249.0,6,2
3,6.9,29.5,141.3,55.8,10,1180.0,3,4
1,6.6,26.6,74.1,48.0,1,55.0,4,4
2,7.0,29.5,37.2,47.6,1,506.0,0,7
2,5.0,40.7,149.6,40.3,8,220.0,6,0
2,5.9,37.3,44.6,28.9,4,1153.0,6,3
3,5.2,15.4,79.3,94.0,3,797.0,2,1
2,4.9,26.2,27.5,34.7,8,1234.0,5,5
2,8.3,39.9,170.1,28.4,4,1197.0,9,12
2,8.5,32.2,176.4,65.3,4,828.0,5,3
1,7.6,40.6,199.0,44.2,1,1173.0,3,4
2,5.6,37.3,66.3,64.3,6,475.0,8,13
3,6.3,27.0,19.2,89.9,9,1021.0,9,14
2,7.2,28.0,114.9,76.0,4,1041.0,3,3
3,4.6,27.3,49.7,35.5,3,730.0,5,5
2,8.0,10.5,168.5,65.6,2,975.0,4,1
1,4.6,22.0,85.6,59.4,6,816.0,2,0
0,8.2,17.7,56.7,92.1,7,1096.0,7,11
0,7.0,28.1,55.2,43.3,3,1373.0,5,2
2,7.2,34.4,59.1,94.0,8,1235.0,4,0
2,8.2,39.0,185.4,81.5,1,737.0,5,4
3,5.4,19.4,173.3,74.3,6,1141.0,1,0
1,6.3,33.6,28.8,28.2,5,1320.0,1,14
3,5.1,41.4,168.0,28.4,4,2.0,5,12
3,7.6,28.6,35.9,26.2,3,1141.0,7,3
1,7.9,35.4,156.6,83.0,9,489.0,0,4
3,6.8,33.8,158.0,71.0,12,322.0,8,4
2,7.3,27.6,87.8,29.8,4,990.0,5,3
0,5.0,22.0,195.3,56.5,11,937.0,0,5
1,7.5,40.3,80.8,75.3,3,1033.0,5,12
0,6.0,14.7,125.4,83.9,10,1370.0,4,1
2,4.5,23.9,137.6,84.8,6,1444.0,0,0
1,5.1,33.3,158.4,68.6,10,1311.0,1,4
2,7.9,29.3,188.2,32.2,1,785.0,0,4
1,7.6,10.6,56.7,67.2,9,819.0,6,11
2,5.3,16.6,127.1,77.9,6,478.0,6,0
0,6.0,16.7,179.1,82.8,4,1351.0,5,10
3,6.8,41.4,75.2,65.7,1,36.0,5,4
0,6.1,27.6,1.2,43.2,6,619.0,3,2
3,6.8,11.6,78.0,71.2,6,1013.0,0,11
0,6.4,14.2,160.6,91.0,11,479.0,7,11
2,8.0,16.0,20.5,92.5,8,1472.0,0,10
3,5.2,15.4,33.8,76.7,9,906.0,8,1
2,5.3,32.1,145.4,72.6,10,233.0,1,4
0,6.1,26.5,108.9,37.7,9,214.0,9,7
0,8.1,16.7,126.5,33.1,1,1288.0,4,11
2,6.8,14.4,47.1,24.8,5,978.0,8,1
0,8.4,27.1,25.1,90.4,5,834.0,1,10
0,6.1,14.7,143.7,70.2,5,1189.0,2,8
2,6.1,20.3,12.7,30.3,1,1069.0,3,4
1,6.7,35.3,175.2,45.6,8,1377.0,6,12
3,6.0,38.8,100.5,86.5,5,1199.0,1,9
3,6.0,39.8,37.3,80.0,5,791.0,5,9
0,6.7,40.7,87.5,36.6,3,1057.0,7,12
3,7.6,32.9,150.2,52.5,4,1282.0,9,12
3,7.5,27.2,96.5,39.4,12,1373.0,2,0
1,8.2,15.7,24.9,43.9,12,59.0,7,11
0,7.2,11.8,59.4,42.3,3,1134.0,3,11
2,8.1,15.5,155.2,26.8,11,920.0,1,1
1,5.1,21.9,179.7,44.0,4,354.0,6,4
1,5.0,15.4,180.2,28.7,2,636.0,6,4
0,5.8,21.5,173.5,84.2,4,1163.0,5,5
3,6.8,15.8,56.3,72.1,2,288.0,8,4
2,7.3,30.3,182.5,38.4,5,307.0,4,12
1,6.8,20.6,112.5,90.9,8,1245.0,9,7
1,6.3,23.6,89.8,59.8,2,142.0,6,4
3,7.2,23.6,88.9,47.0,8,1497.0,4,0
3,5.0,30.6,151.8,47.4,9,972.0,2,0
0,4.5,42.0,30.1,48.3,11,170.0,4,8
0,5.9,13.4,166.4,24.9,11,902.0,9,11
1,5.2,27.5,15.4,87.3,5,1203.0,3,14
1,7.2,12.6,196.3,42.4,8,1012.0,9,1
3,8.4,31.8,70.9,90.4,11,1496.0,2,5
2,5.5,32.2,111.4,36.7,9,1443.0,1,0
1,7.0,41.8,129.8,85.9,11,1425.0,6,1
1,7.4,17.8,195.2,74.2,12,1499.0,0,1
2,6.0,27.0,49.6,76.3,2,129.0,6,12
2,5.2,33.1,120.7,35.6,10,1391.0,0,4
1,5.5,36.9,94.4,82.1,9,641.0,9,0
2,5.2,12.6,188.4,47.8,7,1080.0,2,0
1,4.6,37.0,92.9,36.3,3,1474.0,0,12
2,4.7,28.4,196.0,78.2,10,8.0,7,4
1,8.3,12.0,51.2,83.9,1,405.0,7,11
2,7.2,39.3,149.1,34.7,9,1390.0,2,4
0,7.0,17.0,130.5,54.6,10,697.0,0,11
1,6.5,35.6,74.9,79.3,2,1339.0,7,12
0,6.8,34.2,196.1,94.5,10,676.0,0,4
3,5.7,21.1,180.8,57.6,1,524.0,4,4
1,5.8,30.9,144.2,55.8,2,819.0,3,12
0,8.2,20.6,176.2,70.6,9,185.0,4,11
3,5.0,23.6,52.3,79.9,7,1325.0,3,0
2,5.1,24.2,167.7,27.3,8,975.0,4,0
2,8.3,24.3,179.6,86.1,1,633.0,7,4
3,6.6,29.2,53.0,39.9,12,192.0,7,8
2,8.4,33.3,191.0,75.5,8,857.0,4,0
0,8.3,28.3,5.4,57.6,10,651.0,6,10
0,6.1,20.5,127.6,24.5,2,994.0,5,4
2,6.0,12.3,197.0,59.9,1,880.0,5,4
0,7.0,35.8,45.8,64.3,10,1237.0,1,10
3,6.1,34.7,20.3,41.8,11,165.0,6,14
2,7.9,28.9,185.6,94.6,2,139.0,4,12
3,7.8,35.5,168.3,42.9,1,394.0,5,4
1,5.2,18.3,180.3,46.4,10,566.0,9,1
3,7.9,35.4,108.6,53.8,7,14.0,2,0
1,5.2,37.1,175.0,67.6,2,849.0,6,4
2,5.5,12.8,152.6,37.1,9,158.0,9,1
0,4.6,30.4,93.2,31.9,12,138.0,8,13
3,4.9,35.3,198.6,29.9,1,791.0,7,4
3,7.5,40.4,61.8,71.1,3,1098.0,1,12
3,5.5,11.2,9.7,60.3,7,505.0,9,1
1,8.1,36.1,160.7,80.6,7,71.0,8,12
2,6.0,28.9,69.5,37.0,11,912.0,8,10
1,6.3,14.5,65.5,50.1,1,528.0,1,1
2,5.0,22.3,140.0,63.4,10,282.0,4,4
0,8.0,18.7,106.5,75.3,1,1499.0,6,10
0,8.1,30.6,46.5,40.5,5,104.0,0,5
1,7.3,31.7,55.0,83.3,1,262.0,8,4
1,8.3,30.5,63.4,68.2,4,618.0,9,3
2,6.5,39.9,109.0,57.6,10,19.0,0,4
2,5.4,22.5,154.3,53.2,9,1151.0,6,4
0,6.9,17.9,138.7,37.8,7,1493.0,9,8
0,6.7,10.7,147.1,38.8,8,1334.0,8,11
0,7.2,29.0,99.4,89.4,4,292.0,5,3
0,8.0,12.4,75.9,34.1,5,50.0,3,10
2,5.1,31.6,73.6,47.9,8,36.0,5,0
1,8.1,32.1,73.6,43.8,4,886.0,4,3
3,5.4,30.4,118.2,57.3,10,476.0,1,4
2,5.5,35.6,19.0,71.2,2,585.0,7,13
0,7.9,13.5,58.4,47.0,2,96.0,9,8
2,6.7,37.4,7.8,51.2,1,1304.0,6,4
2,6.3,20.2,80.9,73.4,7,424.0,8,0
1,5.6,12.1,3.0,91.3,1,639.0,6,1
1,8.4,37.2,147.7,88.1,6,59.0,1,12
1,6.9,12.6,80.7,21.3,5,249.0,8,3
1,6.7,20.9,87.0,59.4,11,128.0,2,4
1,8.4,28.6,58.0,23.4,12,140.0,7,4
3,7.3,39.1,169.9,77.8,10,565.0,6,4
0,6.8,23.6,128.7,67.8,5,327.0,0,14
0,4.8,11.3,150.1,82.4,4,1468.0,7,11
0,7.2,34.5,125.3,36.7,5,325.0,7,12
0,8.4,21.5,152.4,52.6,7,1229.0,7,5
3,6.5,38.1,42.1,90.4,6,262.0,8,13
1,6.6,38.3,153.2,78.3,6,908.0,0,13
0,5.2,35.5,147.8,67.9,11,307.0,8,12
0,8.4,41.7,182.5,73.1,8,1173.0,0,12
1,7.1,39.5,118.5,54.2,3,479.0,5,12
3,6.2,35.3,77.5,38.1,5,584.0,3,0
0,8.1,10.7,92.1,54.2,12,608.0,1,11
2,7.4,36.6,94.9,83.8,8,702.0,8,0
1,8.4,16.1,143.0,93.8,4,34.0,2,11
0,7.7,10.3,25.0,33.4,2,1100.0,5,11
3,6.7,28.2,73.3,72.2,12,1069.0,0,8
2,7.9,15.9,6.9,71.6,4,542.0,1,1
3,5.6,32.4,86.7,63.7,10,679.0,5,4
3,4.7,35.4,37.2,74.7,7,1411.0,1,13
1,5.9,12.6,25.1,30.8,10,713.0,1,1
2,8.4,39.3,62.2,83.2,5,695.0,9,3
1,8.2,28.7,171.9,84.3,4,191.0,8,12
0,6.6,21.7,9.1,25.6,9,631.0,7,8
1,7.9,10.2,64.4,28.1,4,1093.0,1,3
3,7.9,35.6,134.6,62.5,7,80.0,0,0
1,6.5,11.2,76.5,35.4,6,705.0,8,1
0,7.4,14.9,1.0,60.7,11,1322.0,0,1
2,6.5,38.1,24.9,37.9,5,779.0,3,13
1,6.7,13.5,133.4,28.9,7,468.0,0,12
1,6.2,19.5,162.4,50.6,5,386.0,1,14
3,7.0,18.1,76.8,48.5,10,14.0,2,11
0,4.7,35.7,134.9,75.5,7,1094.0,0,0
2,6.4,19.5,75.3,20.2,2,627.0,7,1
1,6.1,16.0,82.5,78.2,12,1098.0,9,8
2,7.5,27.9,93.9,23.1,4,422.0,4,12
1,4.5,25.7,68.7,50.5,8,1138.0,5,2
2,7.3,26.5,181.1,21.7,4,132.0,1,0
3,5.9,29.9,184.3,90.4,9,592.0,3,4
1,4.9,18.0,78.6,54.0,6,42.0,7,5
1,6.7,31.4,187.3,70.9,9,1102.0,0,14
3,7.9,40.8,88.2,65.9,10,271.0,9,4
0,8.0,28.2,8.9,56.1,3,135.0,3,10
3,6.0,15.9,88.6,62.8,12,335.0,3,8
3,7.7,22.5,156.9,39.1,6,1396.0,0,12
0,7.2,25.7,15.8,68.1,1,434.0,1,2
2,6.6,17.2,49.0,25.1,5,622.0,0,1
3,8.1,10.4,167.4,49.4,4,737.0,3,1
3,7.2,28.5,157.7,73.9,2,365.0,3,12
2,5.3,29.0,83.1,31.4,5,1112.0,8,9
2,6.4,40.5,144.6,46.7,12,1329.0,2,4
0,8.2,13.4,24.9,41.9,3,861.0,2,11
3,6.2,17.4,58.3,38.9,10,357.0,7,8
2,7.7,31.1,126.5,36.2,8,643.0,0,0
0,4.8,22.9,59.8,59.5,5,1051.0,2,8
2,7.7,30.4,112.1,71.0,4,4.0,9,3
0,4.9,20.7,33.1,29.1,6,596.0,4,14
2,6.7,24.9,55.8,45.0,11,775.0,1,1
3,6.4,17.6,96.9,69.8,9,619.0,4,10
1,6.6,35.0,29.4,44.9,9,462.0,0,14
1,6.4,19.9,61.9,22.0,10,1469.0,3,1
0,5.7,18.0,68.5,29.3,3,795.0,8,10
3,6.1,14.9,30.8,36.0,5,412.0,2,8
0,5.9,20.3,133.3,60.3,6,334.0,6,0
1,5.6,21.8,98.4,25.1,5,330.0,7,9
1,5.9,18.1,21.9,76.4,7,131.0,7,5
0,7.0,10.7,50.8,57.2,8,958.0,3,11
0,4.9,27.3,57.9,87.9,12,306.0,6,2
0,5.9,41.1,148.5,27.8,12,1437.0,9,8
0,6.4,18.6,72.9,27.7,5,817.0,1,14
3,6.1,37.6,13.6,89.5,12,1065.0,2,13
3,6.0,12.2,168.0,65.5,5,983.0,9,11
1,6.2,17.8,17.6,52.7,6,226.0,1,8
0,8.3,10.5,154.9,71.5,7,531.0,1,11
2,8.2,29.1,152.9,77.1,7,747.0,0,0
1,7.2,40.9,49.7,25.1,10,709.0,9,1
2,8.4,10.8,187.4,81.8,1,21.0,9,4
3,8.3,29.0,29.7,33.0,4,862.0,0,10
2,8.0,26.4,64.7,57.5,4,774.0,3,3
2,5.4,15.7,167.7,82.7,3,192.0,9,4
2,5.7,30.2,103.9,34.0,2,1051.0,0,0
1,7.2,29.4,162.1,20.5,7,1148.0,9,12
1,5.5,17.3,48.6,30.3,5,886.0,0,9
0,8.1,18.0,95.9,43.3,9,754.0,3,10
2,5.5,37.0,99.4,56.1,8,269.0,1,0
0,8.1,28.1,13.9,72.0,9,200.0,8,10
0,8.2,30.6,113.0,23.2,9,504.0,9,4
2,8.0,22.3,199.2,59.7,3,550.0,1,12
1,6.2,19.9,13.9,62.0,11,951.0,8,1
0,8.1,12.4,130.3,34.0,9,467.0,8,11
3,4.7,13.6,7.8,65.1,8,1098.0,3,11
0,5.6,40.8,100.0,92.8,7,584.0,3,13
3,4.5,10.1,28.1,41.4,2,425.0,8,1
1,4.6,27.4,137.1,59.1,11,927.0,5,5
0,4.8,39.2,127.3,46.5,6,267.0,3,13
1,5.7,18.3,185.8,61.1,6,580.0,0,5
3,8.3,30.8,176.2,71.3,2,751.0,9,12
2,8.1,24.7,76.7,47.0,7,373.0,0,0
1,5.4,38.9,28.3,54.6,6,662.0,8,13
2,7.9,10.3,169.3,27.5,2,685.0,1,12
1,5.1,22.5,148.8,45.6,8,1401.0,5,12
2,6.7,26.4,84.7,39.3,4,1130.0,1,3
3,7.3,28.9,9.9,30.5,4,0.0,4,3
3,7.7,14.7,147.7,62.6,2,1125.0,2,12
2,6.0,34.2,101.6,89.9,2,1077.0,2,12
2,5.2,33.9,121.2,42.4,10,387.0,4,4
1,7.6,24.5,85.1,71.0,3,515.0,0,12
1,8.4,40.0,158.9,37.5,6,1144.0,2,12
2,7.3,11.3,133.1,28.4,7,1468.0,2,0
3,6.7,38.5,35.1,89.2,10,316.0,9,14
1,7.1,33.0,78.1,87.4,5,495.0,2,3
3,5.3,19.1,198.2,43.4,9,1244.0,3,1
3,6.3,25.4,116.1,31.5,4,564.0,2,12
3,6.3,10.6,138.8,92.0,10,1213.0,9,1
0,6.1,24.3,46.5,63.5,9,262.0,7,7
1,7.5,39.0,139.8,85.5,6,1221.0,0,13
0,6.1,28.5,87.6,26.0,2,727.0,6,7
0,6.5,26.6,50.7,42.8,1,303.0,9,2
3,8.0,28.6,3.7,74.7,11,990.0,1,10
1,4.9,31.2,194.4,44.7,3,455.0,4,12
2,4.6,38.8,37.7,80.6,10,1127.0,6,14
3,7.6,36.9,186.7,28.9,4,1080.0,8,12
1,7.8,30.2,75.6,59.4,8,1070.0,0,12
2,4.7,27.9,114.9,89.8,8,544.0,5,0
0,8.4,34.8,166.8,43.6,11,531.0,5,13
1,6.8,20.7,175.5,21.0,6,715.0,0,7
1,5.9,10.2,163.2,24.8,11,576.0,1,1
2,7.5,31.5,160.2,27.4,6,1338.0,6,0
2,5.3,22.4,21.0,20.3,8,159.0,6,0
1,8.5,28.6,53.4,79.6,7,1098.0,0,2
2,7.3,38.2,193.4,65.6,2,1414.0,4,4
2,4.9,36.5,126.4,93.9,6,197.0,8,0
3,6.8,14.9,173.6,65.5,10,391.0,5,11
1,8.0,26.3,52.2,31.5,10,1248.0,1,10
3,7.7,24.5,88.0,71.0,9,771.0,3,7
3,8.2,23.4,99.9,32.3,12,598.0,1,1
0,7.7,14.4,171.8,80.5,7,1089.0,6,8
2,6.9,15.3,198.5,69.0,1,514.0,7,4
0,6.7,10.4,103.6,58.8,10,164.0,1,11
2,8.1,12.9,113.8,74.1,9,404.0,5,1
1,6.2,26.4,156.0,68.3,7,1480.0,4,12
2,7.2,17.4,61.3,77.0,4,47.0,9,1
0,5.2,15.7,176.5,36.7,12,1143.0,2,8
1,4.6,24.7,109.2,54.3,11,1376.0,8,5
0,6.6,26.0,101.4,31.2,8,497.0,6,7
1,8.2,22.4,29.5,22.8,11,258.0,5,1
0,4.7,14.6,159.5,68.7,5,613.0,8,8
2,5.5,17.4,59.8,88.1,1,809.0,5,1
3,7.5,34.7,15.8,64.9,4,830.0,1,3
3,8.3,27.4,80.5,82.1,9,1050.0,6,7
1,8.4,17.4,142.0,57.6,6,668.0,1,12
0,5.2,15.9,84.5,54.5,7,1072.0,9,8
1,5.6,18.1,139.6,48.3,2,393.0,6,12
3,6.2,17.6,159.5,95.0,10,1205.0,5,1
3,5.0,19.4,66.1,34.9,3,61.0,2,12
1,7.8,31.0,128.8,55.8,10,990.0,9,4
3,5.4,32.5,124.5,57.1,10,523.0,1,4
3,5.2,17.4,153.5,45.6,11,268.0,3,1
3,8.0,12.6,103.3,42.7,5,846.0,2,3
3,5.8,17.3,181.1,79.6,12,565.0,8,8
3,6.4,20.5,73.5,22.1,4,796.0,7,11
2,6.6,17.1,69.8,48.7,5,1297.0,2,0
3,6.6,21.5,87.2,51.3,5,1086.0,4,3
0,7.5,13.7,14.7,39.6,10,1232.0,5,11
3,6.3,36.7,12.0,20.9,3,742.0,9,12
2,7.2,38.4,149.2,93.2,5,1003.0,0,0
1,5.4,27.6,112.0,33.6,6,1357.0,2,7
1,8.3,26.4,58.7,50.5,6,938.0,6,5
3,7.4,35.5,120.0,57.9,1,867.0,6,4
1,5.9,13.1,7.4,93.4,9,471.0,4,1
2,5.8,17.5,74.3,42.8,10,241.0,4,1
0,5.6,32.6,160.9,57.1,11,817.0,9,10
2,5.4,31.2,109.8,24.9,5,591.0,5,9
0,6.3,13.1,179.2,37.9,8,756.0,1,11
1,5.7,13.0,2.9,28.1,2,1211.0,7,1
3,5.6,26.7,174.8,71.1,12,956.0,8,0
0,6.4,18.9,65.1,66.6,7,1256.0,1,5
1,5.9,23.4,152.6,72.3,2,751.0,6,12
2,8.1,41.9,135.6,60.6,3,1497.0,2,12
1,4.7,40.0,14.9,56.7,7,156.0,6,13
0,6.5,19.8,61.4,27.9,5,932.0,1,14
0,7.2,42.0,36.1,58.3,10,1006.0,5,5
0,6.8,37.8,58.5,67.7,11,1180.0,1,13
0,6.2,28.3,5.7,34.2,4,541.0,7,14
3,7.6,14.8,141.3,30.1,3,197.0,3,12
0,8.3,24.6,26.8,49.1,4,111.0,5,3
3,6.7,38.3,62.7,69.1,1,1340.0,5,2
1,4.7,10.3,143.7,43.3,8,199.0,6,0
0,5.9,12.0,30.9,43.2,2,551.0,6,11
1,8.3,10.4,125.8,38.8,5,1052.0,8,1
2,8.0,15.1,14.2,91.7,4,796.0,0,10
3,8.2,16.4,109.1,55.7,6,1392.0,4,0
3,5.4,24.0,52.9,53.5,5,56.0,5,0
0,8.3,41.9,81.7,54.7,9,1149.0,9,7
3,6.8,23.9,107.0,58.9,7,1185.0,2,7
0,8.3,39.1,97.4,81.7,3,295.0,6,12
2,5.2,13.5,86.2,64.5,11,351.0,0,1
0,6.1,35.9,75.1,82.8,2,1140.0,2,12
1,7.6,32.5,108.3,45.7,6,644.0,6,3
2,5.0,13.7,164.8,27.4,5,918.0,4,0
0,6.1,39.7,89.9,34.8,6,896.0,6,13
3,5.2,24.1,51.3,30.6,10,1317.0,8,1
3,4.5,36.0,169.3,45.7,9,263.0,0,4
1,5.4,40.7,124.6,85.4,4,269.0,8,12
2,7.4,38.1,27.0,32.8,3,15.0,8,12
2,5.5,17.1,72.7,88.7,2,120.0,4,4
3,4.8,36.1,133.0,67.8,10,319.0,9,4
2,5.1,15.4,41.5,57.0,12,502.0,9,8
2,7.0,16.8,64.9,52.8,5,381.0,5,3
3,7.3,28.3,118.5,80.1,4,349.0,9,3
2,6.8,34.0,87.3,28.3,3,345.0,5,12
0,6.6,28.0,43.3,45.1,7,591.0,7,2
0,4.7,32.3,28.1,50.8,8,384.0,0,2
1,7.1,13.4,117.5,90.2,5,275.0,0,1
2,5.2,27.4,86.2,75.4,12,63.0,4,4
2,7.9,20.0,98.0,45.5,3,1449.0,7,4
2,4.6,13.3,27.3,82.8,3,748.0,9,1
1,7.9,12.3,154.0,89.3,5,970.0,8,1
2,6.8,29.2,14.0,33.3,7,1241.0,6,6
3,5.9,35.6,43.0,68.0,4,962.0,6,9
3,5.4,27.5,165.6,60.7,10,854.0,3,4
1,8.2,31.8,109.3,49.8,11,984.0,6,5
0,4.9,25.3,174.4,21.4,1,687.0,6,7
0,5.2,41.4,150.6,94.5,6,634.0,6,12
1,7.5,13.3,154.9,88.4,2,1320.0,6,1
1,7.7,39.3,185.4,57.0,7,753.0,4,13
1,4.7,32.4,141.2,45.1,7,46.0,4,0
1,7.0,17.8,97.4,31.8,6,1110.0,5,3
2,7.9,27.4,150.5,76.1,5,1368.0,4,3
2,7.6,14.2,2.3,27.4,7,944.0,7,1
1,5.1,28.6,31.5,67.4,3,1457.0,7,3
0,5.3,24.3,16.7,27.5,4,292.0,7,14
2,5.3,11.0,3.3,32.0,2,1385.0,7,1
3,7.1,25.5,106.2,44.2,8,491.0,7,12
1,8.4,29.1,60.1,48.2,8,251.0,2,12
0,8.5,40.8,120.4,45.3,10,1256.0,0,10
0,8.2,17.1,155.7,71.2,2,288.0,5,12
0,7.2,18.5,58.0,62.2,10,488.0,9,10
1,7.0,35.9,124.5,42.9,10,1027.0,7,4
2,7.7,32.0,3.8,46.6,5,381.0,9,3
1,6.7,20.1,35.8,68.2,3,1071.0,7,1
1,6.0,27.5,109.8,79.5,4,193.0,9,3
2,6.1,27.5,14.5,21.3,12,1060.0,4,8
2,6.7,19.0,169.8,93.2,7,559.0,6,0
2,4.9,27.7,178.1,80.3,8,125.0,2,0
1,7.8,13.8,171.1,32.5,8,1446.0,1,1
0,5.2,21.7,17.7,81.5,9,976.0,4,11
0,8.4,20.5,112.2,71.1,4,594.0,6,9
2,5.5,41.8,2.2,87.7,3,898.0,4,12
2,6.7,36.4,131.5,43.3,5,1499.0,9,0
0,7.0,13.7,47.9,57.0,5,1465.0,9,8
2,4.8,37.4,197.5,63.9,2,348.0,0,12
1,6.4,19.1,116.1,86.1,7,469.0,7,7
2,5.3,33.4,61.5,82.9,1,376.0,9,4
2,5.5,28.4,153.8,74.5,10,535.0,1,0
2,5.2,11.4,131.3,94.8,7,968.0,8,1
2,5.8,29.4,113.1,89.3,10,1073.0,0,4
3,7.9,17.3,30.1,43.0,4,162.0,4,3
0,4.5,41.0,179.9,56.4,4,840.0,4,12
0,8.4,16.6,20.1,21.5,9,484.0,1,10
0,5.4,40.5,140.8,90.3,2,249.0,2,12
2,4.6,35.8,28.8,42.1,10,1285.0,4,5
0,5.5,26.5,63.4,54.1,6,1463.0,5,2
2,5.6,19.8,90.4,87.1,1,151.0,3,4
3,6.9,35.2,198.3,59.2,12,1112.0,3,4
2,6.0,40.4,122.4,34.6,9,284.0,8,4
1,5.4,11.3,130.4,79.5,6,43.0,8,12
1,6.6,21.1,157.2,70.7,12,1080.0,9,8
0,8.1,13.1,137.7,32.2,11,953.0,9,11
0,4.6,16.1,132.9,30.4,12,714.0,8,8
2,6.4,33.8,104.3,22.1,12,875.0,5,3
2,6.5,33.7,195.6,56.6,5,1122.0,2,12
2,6.5,31.7,176.4,53.8,7,1355.0,4,0
0,5.9,10.4,131.8,93.1,6,899.0,2,13
2,5.8,28.6,105.4,56.3,5,1265.0,6,9
3,5.1,30.5,13.5,44.6,10,415.0,5,14
3,8.3,14.5,194.3,64.3,6,74.0,4,0
2,5.3,26.5,76.3,83.0,10,540.0,0,10
3,6.4,37.4,61.5,67.4,11,1434.0,3,1
2,4.5,39.9,188.6,22.4,4,1293.0,0,12
1,6.7,13.3,122.2,68.1,8,1443.0,3,11
3,5.5,13.7,116.9,46.9,1,791.0,3,7
3,6.1,40.1,19.4,68.3,6,1398.0,5,14
2,5.1,20.0,189.7,51.4,12,886.0,0,0
0,7.3,35.5,77.7,31.1,5,1034.0,2,13
1,5.1,18.1,70.2,35.3,10,210.0,0,5
3,6.9,27.2,72.3,60.7,2,1170.0,1,4
3,8.0,28.6,14.2,28.8,9,527.0,6,10
1,5.8,37.7,155.7,78.2,12,1490.0,8,4
0,7.7,26.8,18.6,44.6,1,651.0,1,2
3,7.0,39.8,22.5,58.1,6,967.0,9,13
1,5.1,33.2,153.2,36.2,3,788.0,4,12
0,4.9,22.4,67.0,83.4,1,1477.0,8,7
3,5.7,41.0,39.1,71.5,8,368.0,6,5
2,6.1,11.9,58.9,57.7,7,655.0,3,0
2,7.2,31.5,129.2,36.6,2,159.0,6,4
1,4.7,33.3,62.4,28.9,2,506.0,7,4
3,6.2,38.8,199.8,81.7,3,811.0,1,12
1,8.2,22.3,177.0,70.6,9,216.0,4,4
3,8.3,35.6,31.5,22.1,12,940.0,8,4
0,5.7,11.7,131.7,66.4,1,453.0,1,4
1,5.8,30.0,55.1,38.2,3,904.0,5,12
0,6.8,30.0,153.2,78.0,4,688.0,2,12
0,7.2,15.8,180.0,74.1,1,469.0,8,4
1,5.4,15.0,193.3,46.7,11,1180.0,2,11
3,5.4,41.8,45.3,32.3,1,1109.0,1,7
0,4.6,15.5,188.8,78.0,12,191.0,1,8
1,7.2,24.8,119.1,64.8,3,925.0,5,12
0,6.8,15.6,124.8,35.0,11,563.0,4,10
1,5.0,39.6,84.6,41.8,12,882.0,3,9
0,5.3,26.5,16.5,33.6,7,1385.0,6,2
2,8.1,24.8,136.6,26.4,1,606.0,9,4
0,4.9,40.7,75.4,55.8,3,489.0,2,13
3,5.0,31.4,141.3,71.9,6,599.0,7,0
2,6.6,16.1,108.8,47.3,2,138.0,5,4
1,7.0,32.1,130.5,58.6,10,590.0,7,4
3,7.7,36.0,26.5,86.9,3,820.0,6,12
1,7.9,33.8,111.2,22.7,11,1248.0,7,4
3,5.3,36.0,12.9,42.6,3,129.0,6,12
0,5.3,34.3,42.8,21.0,8,1107.0,1,2
0,6.9,38.8,125.0,80.2,8,1431.0,0,13
0,4.7,32.5,164.8,95.0,10,391.0,9,4
3,4.7,20.3,36.9,88.4,5,1253.0,8,9
2,6.1,14.7,6.2,63.6,6,1287.0,9,8
3,6.7,15.5,153.6,31.5,12,1312.0,1,1
3,7.9,41.1,76.3,87.6,3,1043.0,2,12
2,5.1,18.2,127.5,35.0,2,1308.0,3,12
3,6.0,34.7,63.7,77.6,4,160.0,6,3
2,5.6,24.2,60.9,40.0,9,48.0,9,0
3,6.8,39.6,95.7,72.2,12,736.0,7,4
0,5.7,25.3,127.9,70.5,10,1254.0,2,5
3,7.9,38.7,59.6,65.6,6,1023.0,8,13
0,7.4,31.7,184.4,93.6,9,360.0,2,4
1,6.9,18.6,135.0,31.7,10,216.0,9,1
2,4.7,40.0,8.8,21.2,3,963.0,8,12
0,7.6,33.0,9.6,46.2,1,826.0,9,2
3,5.0,31.8,81.6,39.8,4,250.0,6,12
2,8.4,11.3,106.6,55.1,10,434.0,8,1
0,6.5,11.2,23.8,44.3,4,861.0,2,11
1,5.1,20.2,148.5,33.5,11,1059.0,9,10
0,5.4,21.2,82.2,84.1,6,115.0,9,0
3,4.7,26.7,10.2,51.3,8,278.0,7,5
3,8.0,20.7,151.4,53.4,9,1013.0,7,10
1,8.4,35.9,178.0,22.2,3,1000.0,4,12
3,6.7,35.8,63.8,38.0,6,133.0,4,0
3,6.5,25.1,148.7,51.5,2,242.0,2,12
2,7.0,18.1,105.6,39.5,9,374.0,8,4
3,8.5,37.7,34.0,49.4,1,17.0,5,4
0,5.2,20.4,186.9,90.0,12,408.0,4,8
2,6.6,40.4,58.4,20.6,3,850.0,8,12
2,6.0,25.6,66.1,21.9,1,583.0,2,4
2,6.9,38.5,4.9,38.6,7,703.0,8,13
2,8.3,11.9,76.4,58.2,9,226.0,5,1
2,5.3,34.4,176.0,30.4,2,1083.0,3,4
0,7.8,17.2,125.5,55.8,11,783.0,7,10
1,5.4,34.5,18.8,75.0,2,119.0,3,2
1,6.8,19.9,107.2,23.0,3,714.0,0,12
3,6.8,10.2,22.5,59.4,1,944.0,4,1
0,6.0,17.1,127.5,38.5,4,1377.0,6,10
2,6.3,33.9,124.7,49.9,8,299.0,4,0
3,7.5,31.5,75.7,31.2,3,351.0,1,12
1,7.2,35.3,84.6,66.8,5,514.0,1,0
0,6.8,20.8,131.0,30.4,8,255.0,9,7
1,4.7,21.6,145.3,92.2,9,516.0,5,0
0,6.2,11.9,189.5,94.3,9,1208.0,6,1
0,5.1,14.8,24.7,81.1,7,69.0,1,8
3,7.3,35.6,95.3,66.2,7,604.0,0,0
0,5.1,12.5,62.5,63.2,2,211.0,5,2
0,8.3,34.1,67.9,85.1,1,1307.0,4,2
3,4.5,28.2,82.2,68.5,6,119.0,8,0
3,7.8,15.7,193.7,51.4,8,619.0,2,10
1,4.9,39.6,113.6,90.6,6,154.0,6,13
1,5.2,22.1,168.4,94.4,5,1499.0,9,3
3,7.3,18.0,44.0,47.8,3,12.0,6,11
3,6.9,34.0,5.8,32.9,5,1178.0,6,14
0,8.4,13.9,137.7,68.7,11,1426.0,7,11
3,7.7,12.4,193.6,86.6,10,1326.0,1,11
1,4.9,25.9,156.1,69.1,12,226.0,3,4
0,6.5,39.3,134.2,41.7,12,1161.0,8,13
2,5.1,41.4,4.6,85.5,2,1003.0,7,4
2,5.1,28.3,26.5,79.6,1,1108.0,5,4
3,8.5,27.1,69.5,50.8,4,288.0,2,12
3,8.3,14.1,87.3,86.1,7,1477.0,7,5
3,8.3,24.1,151.8,54.0,6,448.0,0,0
3,4.5,36.5,11.6,90.7,10,402.0,5,4
3,6.4,32.4,100.8,39.1,6,1232.0,5,9
2,7.9,41.1,16.9,91.5,5,1141.0,5,3
2,6.2,27.4,124.6,90.2,1,841.0,6,4
1,5.2,36.8,6.9,51.3,9,492.0,0,14
1,7.6,10.1,191.2,37.1,2,882.0,9,12
2,6.3,33.1,167.0,56.5,2,691.0,8,12
0,8.3,22.9,175.8,21.1,10,515.0,0,11
0,7.1,20.1,118.1,66.8,8,1071.0,9,5
1,4.8,13.1,40.6,34.9,3,466.0,6,11
2,4.7,27.4,143.8,44.6,4,1460.0,1,3
0,4.7,16.1,101.9,94.6,1,622.0,6,7
3,5.3,23.9,26.8,93.3,6,642.0,2,5
3,4.8,14.7,158.9,75.1,9,652.0,5,11
3,6.9,33.7,194.9,47.7,12,1010.0,5,4
2,7.5,12.7,196.1,40.0,9,1203.0,1,1
1,6.1,12.2,105.9,51.3,10,1377.0,1,1
3,7.5,24.1,152.8,34.3,1,1337.0,7,4
1,6.5,33.0,172.2,37.1,10,1174.0,8,4
3,5.3,38.3,178.0,91.9,6,221.0,7,0
2,7.9,31.6,107.7,43.1,10,408.0,0,4
3,7.0,19.6,159.2,77.8,1,290.0,4,4
0,6.1,37.9,14.2,63.4,7,80.0,3,13
1,5.6,16.1,74.7,53.9,2,579.0,3,1
0,7.0,21.9,92.2,35.8,7,1132.0,9,7
3,7.8,40.4,99.9,61.7,2,12.0,4,12
1,7.3,11.5,64.8,37.7,2,1210.0,2,1
3,5.5,17.0,25.4,72.2,7,1423.0,8,5
1,6.0,20.8,86.9,55.7,11,1118.0,7,7
1,8.3,14.1,53.9,82.3,9,402.0,9,11
3,5.2,20.2,133.0,35.0,7,168.0,0,0
1,7.3,29.1,191.4,20.1,5,666.0,4,12
3,6.5,13.7,139.6,22.7,4,1329.0,3,1
1,8.3,10.0,123.7,86.3,11,551.0,0,11
2,6.0,38.6,139.2,82.9,3,1219.0,6,12
0,4.9,34.8,0.2,54.1,7,932.0,5,13
0,6.7,37.7,114.1,82.0,10,244.0,5,4
0,6.6,13.7,32.3,35.9,5,715.0,4,11
3,5.0,11.8,179.6,73.0,1,1053.0,8,1
3,7.7,15.9,127.5,28.8,9,209.0,2,10
0,5.6,40.5,170.6,41.9,11,855.0,3,5
1,7.1,30.8,104.3,36.2,7,724.0,6,12
1,7.9,10.6,157.3,62.1,9,612.0,5,1
1,5.2,22.8,19.9,27.4,10,1039.0,6,1
0,5.0,34.7,13.4,92.4,6,990.0,2,13
2,5.2,38.9,138.0,38.4,11,909.0,1,4
3,7.2,26.6,135.8,67.6,3,447.0,1,12
0,4.7,12.9,169.4,58.4,10,661.0,4,11
1,5.0,37.3,196.6,21.8,12,853.0,4,4
1,7.1,17.2,35.8,68.4,8,1130.0,6,1
0,4.5,10.6,50.7,56.9,11,495.0,7,11
3,6.6,19.9,157.8,37.2,2,656.0,9,12
1,6.0,11.2,17.9,52.5,6,533.0,2,1
3,7.9,16.8,168.6,30.4,5,491.0,6,0
2,7.0,18.5,78.3,24.4,12,809.0,0,8
0,4.5,35.0,156.2,55.8,11,1348.0,5,4
2,7.4,40.9,23.7,77.3,7,707.0,8,13
3,7.7,17.3,151.9,28.0,8,1261.0,6,10
1,7.6,35.7,180.8,73.7,3,82.0,6,12
2,6.1,21.8,46.7,73.8,10,649.0,2,11
1,6.4,41.8,57.2,44.4,12,1102.0,7,8
0,7.6,23.5,159.6,52.8,6,1078.0,3,8
0,6.1,29.7,117.2,57.0,8,910.0,3,7
1,4.9,38.7,128.3,30.6,5,5.0,0,13
3,6.5,14.5,28.3,90.4,5,1045.0,9,11
0,5.9,13.6,16.3,68.4,10,5.0,5,8
2,7.7,21.2,52.3,84.5,12,1052.0,0,1
0,5.3,22.4,169.8,32.6,5,1052.0,0,14
1,5.1,22.1,77.9,69.8,5,879.0,7,9
0,6.8,22.3,32.7,47.8,6,342.0,7,7
0,5.7,10.6,195.8,59.2,10,864.0,6,11
0,8.4,35.7,5.8,80.8,3,1213.0,8,13
2,7.7,38.3,187.2,23.8,8,1309.0,9,0
3,8.1,29.7,96.3,26.3,8,403.0,2,12
3,5.7,11.9,93.7,58.5,9,738.0,6,1
2,6.0,36.8,194.3,77.2,3,1355.0,8,12
1,7.6,19.8,192.2,44.2,11,395.0,8,5
2,5.5,40.2,46.5,27.2,6,1452.0,4,13
3,4.7,38.8,10.2,63.7,6,1253.0,9,13
3,6.7,21.9,7.4,32.2,8,1268.0,8,14
0,5.8,12.3,103.3,37.4,12,738.0,5,11
1,6.8,18.9,44.8,22.5,1,822.0,7,7
1,5.4,15.9,51.1,72.5,4,807.0,8,1
3,6.1,37.5,5.4,79.7,10,1027.0,2,4
2,5.1,12.6,100.9,84.3,9,81.0,7,4
2,6.8,24.1,198.2,68.0,3,1310.0,5,12
1,8.4,11.1,191.3,60.9,6,569.0,3,11
1,5.3,39.5,91.8,64.2,10,1090.0,9,4
3,6.7,14.0,32.1,55.1,9,265.0,0,1
3,8.3,26.7,183.4,47.8,2,272.0,3,4
1,5.0,38.9,193.3,61.0,2,619.0,1,4
0,6.5,28.8,94.7,43.2,5,912.0,5,14
1,6.2,34.5,173.3,82.9,12,59.0,0,4
2,5.3,41.2,99.4,75.9,4,1297.0,2,3
1,5.1,34.0,155.0,79.8,9,1479.0,0,4
1,7.5,25.0,33.6,80.9,2,1145.0,0,1
0,8.4,39.2,139.5,44.3,2,1451.0,1,12
3,6.8,38.0,136.1,89.2,9,855.0,6,4
0,4.9,11.2,47.5,39.6,6,279.0,5,13
3,4.6,38.8,4.9,93.8,4,898.0,5,13
1,7.8,12.5,142.1,30.5,1,319.0,8,4
0,6.0,22.9,145.3,70.9,3,360.0,8,12
3,5.1,41.1,113.2,46.4,10,199.0,1,4
2,7.3,22.4,28.8,49.2,8,31.0,6,0
3,7.1,25.0,100.2,38.0,4,1270.0,6,3
3,6.0,37.4,104.7,81.4,2,717.0,5,4
0,7.6,41.0,140.4,39.5,6,1220.0,5,12
2,4.9,36.0,148.0,48.1,3,955.0,6,12
2,5.2,23.9,30.6,38.1,10,554.0,5,10
0,7.8,10.5,164.0,72.3,6,1481.0,4,11
3,6.0,39.5,45.1,66.0,1,27.0,5,2
0,5.6,22.0,108.9,59.3,11,179.0,8,5
2,7.4,16.5,26.0,20.5,6,168.0,5,8
3,8.1,22.7,104.6,42.3,2,348.0,8,12
3,7.7,29.5,54.0,36.5,8,657.0,2,0
0,5.5,14.6,128.5,88.0,3,502.0,3,11
0,6.0,40.4,182.2,37.6,1,5.0,8,4
0,5.0,39.2,85.0,89.1,3,724.0,2,13
0,6.6,10.9,57.1,87.3,6,1203.0,7,11
0,7.2,29.8,123.1,78.1,12,949.0,4,8
3,5.3,13.5,197.1,56.7,4,915.0,6,1
0,5.5,36.8,170.3,52.0,11,492.0,2,0
2,5.1,13.1,101.4,63.7,7,343.0,6,0
0,6.7,26.4,179.9,94.8,8,847.0,5,2
3,6.1,41.5,128.7,33.3,9,851.0,6,4
3,5.4,14.2,132.2,40.2,5,297.0,3,0
3,4.7,30.7,145.7,39.2,12,904.0,6,0
0,8.5,12.1,174.4,92.1,1,26.0,9,11
3,5.1,27.7,12.1,31.5,9,617.0,7,14
1,7.2,38.0,13.1,90.0,7,1423.0,6,13
2,7.6,41.8,97.1,27.5,3,794.0,3,12
2,7.9,34.8,154.7,66.3,8,615.0,3,0
2,6.2,39.2,144.0,47.3,5,689.0,7,0
1,7.8,11.1,8.7,71.9,1,381.0,3,1
2,5.8,21.0,135.5,48.0,9,435.0,7,0
2,5.6,11.3,105.2,87.1,4,312.0,5,3
0,8.5,28.9,51.4,68.3,3,867.0,7,2
1,4.7,25.7,25.4,93.6,8,1439.0,5,13
3,7.8,28.7,188.8,37.4,1,1127.0,1,4
0,6.4,20.0,185.2,44.7,4,856.0,9,10
0,7.5,23.5,54.1,66.0,9,756.0,5,11
2,6.7,22.4,199.1,79.0,4,1041.0,5,3
2,6.0,35.5,41.1,42.2,1,2.0,0,4
1,7.5,32.3,80.7,92.4,10,824.0,8,4
2,4.9,21.4,71.6,66.9,2,359.0,1,0
3,7.5,19.6,52.7,71.3,6,358.0,4,5
2,5.9,22.0,15.3,62.7,4,1260.0,5,3
3,8.2,40.5,58.4,36.6,3,173.0,4,12
3,7.7,23.7,143.0,22.6,7,1044.0,8,0
2,8.1,32.8,67.2,88.4,3,1302.0,4,12
1,8.4,31.6,57.0,73.7,11,113.0,6,5
3,7.7,16.5,1.0,58.0,6,508.0,2,8
3,8.1,39.3,126.3,90.5,8,1000.0,8,0
2,7.1,14.8,75.7,70.0,7,886.0,5,5
1,5.4,41.1,90.2,20.3,7,1112.0,7,12
0,8.2,28.7,97.3,22.3,5,1147.0,2,3
2,7.2,40.9,53.5,83.4,4,1339.0,3,12
0,6.9,38.7,66.1,69.3,12,1329.0,9,13
0,5.9,27.6,96.7,26.6,6,1140.0,2,5
3,5.6,16.1,50.7,38.1,12,866.0,5,1
0,7.8,25.7,140.5,76.5,10,854.0,5,10
2,8.0,30.4,186.9,77.6,5,129.0,0,0
1,5.2,27.7,15.7,78.6,3,1486.0,8,12
1,5.6,18.2,99.7,72.5,9,1364.0,1,7
1,5.6,15.9,66.8,43.5,12,312.0,4,8
3,7.3,36.4,11.0,80.7,9,135.0,9,4
2,8.2,14.1,89.7,65.1,11,763.0,3,11
2,7.9,36.3,131.6,27.5,7,458.0,2,0
1,7.3,35.2,48.1,84.2,6,735.0,2,13
2,6.5,30.0,180.1,42.0,4,1395.0,3,3
2,7.1,40.5,96.9,90.2,4,1122.0,5,3
1,8.1,25.7,116.2,63.6,8,51.0,0,12
3,7.9,17.1,53.7,26.2,10,386.0,3,10
0,5.9,31.2,198.9,41.6,1,640.0,9,13
2,5.5,37.1,178.6,84.4,9,20.0,5,4
0,7.9,14.2,123.7,25.4,7,531.0,1,8
0,4.6,33.6,107.0,60.3,3,71.0,3,12
1,8.4,31.3,78.0,76.6,4,677.0,8,3
3,8.2,23.2,26.4,55.8,12,393.0,9,8
0,6.1,31.7,26.8,55.8,7,1468.0,3,13
2,8.2,12.1,29.7,74.2,3,204.0,2,1
2,4.6,34.2,30.9,70.3,4,376.0,0,3
3,5.5,16.5,75.5,67.5,2,1346.0,8,1
2,4.9,29.2,94.6,61.8,7,383.0,7,0
2,8.2,15.1,109.3,30.2,7,608.0,8,0
1,6.5,33.1,139.3,31.1,12,227.0,8,4
3,5.4,34.1,65.5,87.7,12,1115.0,1,2
0,6.6,26.5,94.0,94.6,1,694.0,4,7
3,6.0,37.1,21.7,86.4,12,377.0,7,4
1,7.6,29.9,18.6,53.9,3,1461.0,3,2
3,6.8,16.4,16.5,93.2,6,1118.0,2,8
1,8.4,38.5,167.6,21.6,5,729.0,2,0
3,7.8,20.1,105.5,37.6,4,201.0,7,0
2,7.2,10.3,45.1,77.0,11,645.0,8,11
1,4.7,32.3,28.9,79.1,11,1184.0,9,5
3,5.1,41.6,116.6,68.8,9,1230.0,4,0
1,8.3,14.9,142.4,28.0,7,179.0,8,0
0,5.8,26.9,75.5,20.5,5,1081.0,2,13
0,5.7,35.6,71.9,50.9,9,1216.0,6,13
3,5.9,16.7,14.0,87.1,1,375.0,8,8
2,4.8,16.6,138.7,83.3,7,763.0,2,0
2,7.0,25.3,196.6,87.3,2,1410.0,9,4
2,6.8,25.6,178.8,69.7,12,396.0,2,0
0,5.2,35.8,142.0,85.0,11,7.0,2,4
2,5.7,22.7,58.5,77.8,10,1156.0,6,1
2,7.3,34.0,191.4,47.4,8,1269.0,8,12
1,8.5,10.3,155.1,54.2,5,946.0,3,1
0,6.6,10.2,168.0,76.6,6,1226.0,2,8
0,7.6,30.0,180.1,62.2,1,978.0,3,7
1,7.7,17.9,41.6,45.3,6,135.0,4,8
0,5.2,16.7,67.2,23.5,3,854.0,8,10
3,5.7,34.5,45.3,80.6,4,1307.0,7,9
3,5.6,36.7,102.8,87.7,2,285.0,9,12
3,4.8,36.1,94.3,77.0,2,109.0,7,12
3,6.0,33.2,43.8,84.8,8,832.0,5,0
2,8.0,15.9,18.1,82.3,3,328.0,0,10
2,6.6,24.0,94.6,27.8,4,309.0,7,3
1,7.1,41.2,33.5,27.5,8,573.0,8,5
2,5.4,38.4,8.8,68.5,5,827.0,4,14
2,4.8,36.8,7.0,23.3,9,1484.0,3,0
1,5.6,26.2,63.4,68.5,1,1246.0,6,2
3,6.0,23.4,155.0,37.9,7,868.0,0,0
3,6.5,33.5,176.9,24.3,9,1234.0,1,4
2,6.4,32.7,32.0,32.2,3,557.0,7,3
3,7.6,36.1,158.6,57.4,11,41.0,1,4
3,5.0,29.1,45.7,63.3,9,69.0,0,14
2,5.8,25.6,24.5,21.0,9,370.0,0,14
1,6.7,20.2,40.0,64.2,1,308.0,1,7
2,5.5,31.0,43.7,35.0,7,477.0,8,0
0,4.9,39.1,24.5,61.3,4,288.0,4,13
1,7.3,17.6,37.1,36.3,6,1024.0,5,8
2,8.3,22.4,131.7,74.7,1,845.0,5,4
0,5.8,15.0,79.9,92.5,8,1428.0,6,5
1,5.4,21.6,83.7,48.2,10,957.0,6,4
1,7.1,36.6,46.1,45.6,6,571.0,8,13
0,7.2,13.9,30.1,76.1,7,1304.0,6,11
3,7.8,22.2,157.6,61.9,6,1499.0,5,0
2,5.4,31.7,49.2,33.7,10,383.0,4,5
3,7.6,33.6,150.4,55.5,10,955.0,0,4
1,6.4,13.1,49.7,33.7,8,783.0,0,1
2,7.5,29.8,42.9,88.6,3,49.0,4,12
2,7.6,33.1,58.1,50.3,6,988.0,4,3
1,5.4,23.5,15.5,93.6,8,1214.0,5,14
3,8.4,10.3,105.9,20.9,12,182.0,1,1
1,8.1,23.2,132.2,76.0,4,1041.0,8,12
3,7.6,40.3,88.5,57.8,4,480.0,3,12
3,5.8,18.2,101.2,33.0,8,51.0,5,0
3,4.9,12.2,176.3,81.6,6,1078.0,5,0
2,6.1,17.0,119.3,23.4,2,870.0,8,4
2,6.2,38.2,38.3,41.3,3,1018.0,5,12
1,6.6,25.4,50.9,94.1,2,531.0,4,4
3,7.3,20.3,187.6,44.3,5,877.0,3,0
3,7.1,41.2,61.6,54.5,9,1497.0,4,1
1,7.3,30.4,28.0,20.3,5,443.0,0,14
1,5.1,15.5,25.1,48.6,8,1281.0,6,1
1,7.2,30.5,72.7,34.7,9,155.0,3,4
2,8.3,38.7,124.2,91.9,12,1397.0,9,0
1,6.6,28.5,64.1,42.9,12,119.0,2,8
3,7.2,37.1,114.0,61.1,4,621.0,1,4
1,8.3,15.3,59.8,53.8,7,988.0,1,1
1,5.6,17.3,60.2,81.6,9,934.0,4,11
1,5.0,37.5,153.2,31.0,3,118.0,8,12
3,8.3,40.4,169.0,69.2,11,1131.0,3,4
2,6.1,34.2,126.9,27.3,2,377.0,4,4
1,7.1,36.6,12.2,90.8,4,1445.0,4,13
1,6.6,24.2,11.2,20.6,1,728.0,1,7
3,7.4,13.0,155.9,72.1,9,1479.0,0,1
1,7.1,12.0,191.2,89.4,5,133.0,5,12
1,8.2,38.2,128.7,89.2,2,204.0,3,12
2,5.4,35.1,32.8,68.5,5,635.0,4,3
2,6.2,21.0,79.8,61.4,7,738.0,9,0
0,6.5,12.4,126.3,73.2,8,622.0,0,11
1,4.6,33.9,61.6,46.8,11,1040.0,5,5
3,7.8,16.6,113.5,37.8,8,708.0,2,10
1,7.5,34.6,142.4,68.2,3,299.0,1,12
2,8.2,27.7,168.6,92.5,8,72.0,4,0
2,6.9,39.7,61.6,50.7,8,1305.0,6,0
3,7.4,21.7,55.3,63.4,9,1009.0,2,5
3,8.3,33.5,167.0,86.4,3,176.0,3,12
0,6.3,19.7,164.3,80.5,4,1232.0,6,14
3,5.5,38.7,197.0,61.4,8,697.0,0,0
1,5.3,12.4,148.8,44.7,4,333.0,6,1
2,8.4,33.8,75.2,50.8,4,718.0,9,3
1,7.2,39.0,142.9,93.0,12,1278.0,2,4
1,7.0,34.7,25.5,54.6,1,810.0,3,2
2,7.6,29.9,158.3,32.2,10,898.0,6,4
1,6.9,22.3,63.2,37.6,10,250.0,0,7
3,5.4,31.5,86.7,77.0,2,1418.0,9,12
2,6.3,31.2,87.5,21.6,12,305.0,1,4
2,5.6,18.0,107.1,73.9,9,894.0,2,7
1,5.3,37.4,50.5,76.1,5,536.0,2,13
0,5.2,15.4,112.8,70.5,3,1380.0,5,11
1,5.9,31.1,42.5,74.4,8,493.0,1,5
1,4.7,35.9,27.6,91.1,4,569.0,3,13
3,5.4,22.9,45.0,21.8,5,68.0,0,9
0,6.1,26.7,92.9,65.8,6,485.0,5,12
1,8.0,11.8,113.9,38.9,4,1366.0,9,3
3,6.4,32.3,49.1,69.3,5,712.0,7,14
1,8.3,31.3,151.8,30.5,1,1029.0,8,4
1,5.4,28.4,154.6,54.5,6,649.0,0,0
1,4.7,39.8,145.5,31.5,11,824.0,5,0
0,6.2,34.9,31.9,63.7,10,338.0,9,14
1,4.7,34.1,14.0,29.6,6,874.0,1,13
1,5.6,19.8,34.8,65.6,11,1366.0,2,5
1,6.4,31.5,162.0,82.5,2,681.0,0,12
2,7.4,11.5,45.8,64.5,12,1066.0,1,1
1,7.1,33.3,10.4,45.7,4,357.0,9,12
0,6.7,21.6,30.1,77.3,1,468.0,1,7
3,5.5,25.8,114.1,71.6,3,298.0,7,12
2,8.5,20.7,70.8,75.7,12,29.0,2,8
2,5.3,35.6,196.9,33.6,11,1455.0,9,4
2,6.0,16.2,39.3,75.1,1,831.0,8,1
3,5.5,36.7,11.2,38.0,6,168.0,6,0
3,8.0,19.9,129.8,50.9,4,978.0,9,10
2,7.2,34.1,165.7,30.8,3,451.0,9,12
0,6.9,20.6,143.0,38.5,8,1313.0,6,5
3,5.5,22.2,30.4,62.5,6,952.0,2,5
2,6.3,29.5,114.1,88.8,8,1221.0,2,0
0,6.0,17.1,6.6,71.5,7,128.0,5,5
0,8.3,30.0,195.0,43.6,9,207.0,7,14
2,4.8,20.6,40.1,91.1,7,630.0,7,0
2,5.1,10.4,47.4,25.6,5,495.0,4,1
1,5.7,27.8,188.7,56.8,11,1226.0,9,5
0,7.5,33.1,113.7,62.9,7,1477.0,0,13
3,4.8,10.2,128.5,71.1,8,817.0,2,0
2,7.9,31.5,163.6,43.8,4,122.0,3,3
2,4.5,17.6,43.1,92.5,9,145.0,3,1
3,7.8,20.1,185.7,56.9,12,429.0,9,4
1,7.7,19.0,31.7,60.0,7,19.0,3,5
2,6.6,19.1,128.8,59.2,5,1184.0,8,14
2,8.0,28.8,171.6,58.1,1,1274.0,0,4
3,5.7,33.4,99.5,82.2,8,1271.0,1,0
3,6.8,12.5,148.8,77.7,9,212.0,9,11
1,8.0,13.7,192.3,92.6,11,1346.0,2,1
2,6.4,34.7,74.8,62.5,4,868.0,8,3
3,7.8,16.6,143.8,65.9,11,426.0,4,10
2,7.5,11.8,164.2,79.2,11,1412.0,4,1
3,7.8,37.4,161.5,52.1,11,1027.0,9,4
1,7.6,17.0,185.7,41.7,6,566.0,0,0
3,4.6,36.7,191.1,94.4,1,49.0,8,4
1,5.1,22.8,94.2,73.0,5,774.0,3,9
0,6.9,35.2,167.9,29.7,12,1084.0,4,4
2,5.3,12.4,189.3,44.0,6,774.0,9,0
1,5.0,31.1,67.1,69.3,12,317.0,0,5
1,5.9,15.9,39.7,22.5,8,444.0,0,5
0,5.6,28.4,75.6,94.5,7,941.0,5,2
2,5.7,36.6,3.0,91.1,4,1105.0,6,0
2,7.1,31.8,113.2,51.6,10,798.0,6,4
3,5.6,20.3,173.9,32.8,5,621.0,9,0
1,7.6,23.6,193.2,46.7,7,318.0,1,12
2,7.6,19.4,126.7,40.0,11,1363.0,6,1
3,7.0,19.1,7.1,24.3,6,1394.0,5,5
1,4.8,35.3,138.9,91.2,2,874.0,3,4
3,8.1,28.3,112.2,79.4,5,331.0,9,0
3,4.6,38.8,18.5,21.5,6,935.0,1,13
1,8.2,16.1,34.5,58.8,1,715.0,6,1
2,8.0,20.7,125.5,64.9,5,1007.0,0,0
3,5.0,32.0,166.3,64.1,10,1466.0,8,5
2,5.0,12.5,134.7,91.9,11,219.0,9,1
2,7.8,36.5,14.0,41.3,8,1209.0,1,0
2,5.1,38.8,38.8,33.7,11,763.0,0,1
3,8.1,33.1,5.9,42.2,10,541.0,9,14
2,7.6,28.1,86.5,37.0,10,999.0,3,4
1,5.7,29.5,157.3,52.2,11,112.0,8,5
3,6.9,28.5,99.4,20.8,6,986.0,6,12
2,5.4,23.4,130.8,36.3,3,665.0,3,12
0,5.2,12.6,94.9,59.2,1,297.0,7,7
0,5.2,16.7,0.8,61.4,1,605.0,1,8
3,5.3,36.8,75.1,28.8,11,734.0,3,4
2,7.4,19.2,5.6,62.7,12,899.0,1,1
2,8.1,22.6,32.7,30.1,11,1105.0,7,1
3,5.6,20.2,47.2,71.8,10,1500.0,9,1
2,8.0,18.6,95.1,75.6,12,403.0,2,10
2,6.3,29.2,185.6,93.7,12,1037.0,4,0
1,6.5,20.8,139.9,46.4,9,930.0,3,7
3,8.2,33.1,175.1,34.6,5,669.0,5,0
1,6.4,36.4,166.0,85.1,11,450.0,5,4
0,6.5,16.0,79.1,36.0,11,847.0,5,11
1,7.1,16.2,36.5,89.7,8,1410.0,4,1
0,7.1,41.8,139.8,55.7,5,1121.0,2,0
2,6.8,32.1,123.0,25.6,9,961.0,9,0
3,8.2,37.0,30.2,85.8,4,1401.0,6,12
1,7.1,22.0,177.9,79.6,10,1252.0,0,4
1,7.1,19.8,72.9,66.3,7,873.0,3,5
3,5.4,35.7,126.1,52.8,5,1177.0,1,12
2,5.7,34.3,28.2,45.8,8,56.0,1,0
0,8.1,23.3,72.1,30.9,6,882.0,1,5
2,5.7,34.2,146.7,82.7,6,554.0,5,0
1,7.4,25.2,100.3,25.4,10,621.0,4,4
1,5.1,26.2,34.3,92.3,2,475.0,3,2
2,7.5,24.1,112.2,72.4,5,680.0,9,3
2,8.0,41.5,180.6,76.2,4,1114.0,0,3
0,7.2,29.4,149.3,80.1,6,587.0,2,13
1,4.5,14.6,82.4,75.0,5,1293.0,1,7
2,5.3,38.9,153.3,42.6,11,1478.0,2,0
0,4.6,19.2,112.6,27.9,10,1276.0,4,7
0,8.1,33.6,63.7,55.6,3,502.0,8,12
0,7.2,23.4,116.2,77.3,12,995.0,6,11
3,7.9,23.3,87.1,86.4,8,942.0,7,0
1,5.2,17.3,140.0,73.1,9,1371.0,2,1
2,6.6,35.4,134.8,92.9,4,1298.0,9,12
3,5.0,17.2,147.6,83.3,10,155.0,4,4
1,5.0,34.2,63.3,67.5,11,1016.0,4,5
1,7.9,14.3,40.5,28.7,12,1453.0,8,1
2,5.9,20.4,130.8,81.9,10,19.0,0,0
0,6.0,15.6,88.1,76.8,7,695.0,5,7
3,4.5,35.2,136.6,54.2,9,142.0,0,4
3,7.2,16.4,55.1,51.2,2,1486.0,2,1
1,8.1,11.7,191.0,80.0,1,1226.0,6,1
1,8.3,36.2,67.4,84.5,8,169.0,0,0
1,5.7,21.1,99.0,84.6,1,1208.0,3,4
2,7.2,11.5,142.6,43.7,7,1255.0,0,0
1,6.2,38.6,106.6,82.2,1,725.0,6,4
2,6.3,15.5,43.3,55.0,1,297.0,3,4
1,8.4,15.7,79.1,89.6,3,568.0,8,11
3,4.6,40.1,69.5,85.9,2,910.0,9,4
3,7.0,21.7,46.8,37.1,2,1319.0,5,7
3,6.8,41.5,23.6,57.2,7,119.0,0,0
2,7.9,26.7,178.2,39.0,5,968.0,1,3
2,8.5,13.1,45.3,90.6,7,173.0,4,5
2,6.4,12.1,160.2,68.3,2,1151.0,8,1
1,5.9,16.9,25.6,80.2,2,900.0,3,1
3,5.8,34.4,158.6,49.0,2,1014.0,1,12
1,8.2,37.5,135.1,71.8,8,24.0,5,12
3,4.9,13.9,142.0,71.6,3,93.0,4,12
1,7.3,39.0,107.7,77.2,8,240.0,7,12
3,5.7,37.1,184.1,86.9,9,1317.0,7,4
0,5.2,35.0,113.9,86.8,8,514.0,6,12
0,7.0,18.4,173.0,47.0,3,361.0,4,12
2,5.0,32.6,77.0,57.4,5,1383.0,9,9
2,7.9,20.5,120.1,73.3,8,1062.0,2,0
0,8.4,19.3,12.8,75.3,4,953.0,4,11
3,8.4,28.4,15.7,39.9,7,1213.0,1,13
1,6.5,40.3,115.7,72.4,11,279.0,9,4
3,8.1,30.9,8.6,76.9,8,250.0,1,5
2,5.6,12.7,74.2,84.1,5,215.0,6,0
2,6.9,26.5,78.1,37.1,3,16.0,2,12
1,7.1,34.3,15.4,33.0,11,875.0,3,10
3,6.9,37.8,22.3,20.2,3,520.0,5,4
3,5.8,28.4,7.5,54.6,8,775.0,8,5
3,8.1,12.6,186.8,68.2,8,1236.0,4,1
3,8.1,37.8,161.9,51.8,4,618.0,8,12
3,4.8,41.6,161.3,62.6,3,454.0,1,12
0,5.8,18.0,138.2,62.6,4,627.0,0,5
3,7.2,25.0,120.4,37.7,4,759.0,7,12
2,6.4,31.6,71.8,26.9,11,505.0,9,5
1,5.5,14.5,167.7,74.0,6,1004.0,6,0
2,5.5,10.9,130.6,22.4,8,613.0,5,0
3,5.0,28.9,141.1,63.4,2,837.0,9,12
0,4.8,10.2,147.7,88.9,6,1292.0,7,8
1,7.7,31.0,192.4,32.1,2,1452.0,8,12
0,6.3,20.3,7.7,44.4,1,12.0,8,8
2,4.5,16.6,78.5,20.7,7,998.0,3,0
2,4.7,13.1,188.7,52.6,4,1143.0,6,1
0,6.8,15.0,103.3,91.1,4,1033.0,1,10
3,6.3,19.3,17.0,48.1,1,1324.0,1,8
2,7.3,13.3,32.1,22.7,10,507.0,2,11
3,5.1,32.1,70.6,67.0,9,223.0,5,14
3,8.1,25.6,174.3,45.0,6,543.0,4,0
1,5.2,24.0,169.6,87.3,3,766.0,8,12
1,4.8,18.9,159.5,32.6,1,348.0,0,7
1,7.6,12.4,158.9,86.0,8,810.0,8,11
3,6.4,38.4,153.1,70.7,7,1294.0,3,0
3,8.3,25.3,87.6,35.4,12,984.0,6,0
3,7.5,16.4,113.7,85.8,12,134.0,7,8
2,4.7,35.2,131.7,42.4,1,193.0,1,4
0,6.1,32.8,97.9,73.5,2,22.0,0,2
0,4.8,26.4,37.5,64.0,8,531.0,9,13
1,5.7,34.6,177.9,51.9,7,1176.0,3,0
1,5.2,39.7,14.7,38.9,12,1347.0,5,13
0,5.1,16.8,144.7,74.4,7,185.0,6,8
1,5.5,37.4,92.7,78.0,7,236.0,9,12
2,8.0,33.7,99.9,43.8,7,1044.0,6,3
2,4.6,21.7,194.4,78.9,8,320.0,4,0
3,8.2,33.5,6.1,92.8,9,652.0,8,14
0,6.7,17.2,126.4,90.3,2,807.0,0,2
3,7.9,29.4,2.6,59.6,10,785.0,8,10
2,6.3,29.1,62.7,32.5,2,169.0,8,4
0,6.2,27.7,18.7,54.9,11,6.0,3,10
3,6.7,19.6,184.9,60.4,11,698.0,2,1
0,6.2,31.7,120.4,40.7,1,813.0,5,2
2,5.9,33.8,69.6,65.1,11,736.0,2,0
1,4.6,13.6,27.8,63.4,5,887.0,1,1
2,7.2,14.7,11.5,64.9,10,871.0,3,1
2,6.0,24.0,154.0,61.6,4,491.0,3,0
1,5.0,38.2,120.0,54.9,4,1004.0,9,12
3,7.6,30.1,78.0,41.5,2,37.0,5,12
1,8.2,40.2,10.7,84.2,4,1468.0,0,1
0,6.2,13.9,141.6,21.6,5,729.0,3,8
0,4.9,20.3,149.9,91.2,8,192.0,8,0
3,6.3,20.5,178.0,85.2,5,938.0,4,0
3,7.7,30.8,100.3,84.1,10,1037.0,6,4
2,4.6,22.5,9.7,20.3,7,452.0,5,0
1,5.6,28.0,116.7,53.4,12,295.0,0,0
0,7.2,41.9,176.8,84.2,6,552.0,5,0
1,8.5,25.6,142.0,76.3,10,916.0,1,4
2,7.9,32.6,125.9,56.0,9,364.0,9,4
0,6.1,12.6,64.8,22.7,5,364.0,0,11
2,6.4,14.1,124.2,94.9,8,1261.0,3,1
1,5.8,41.3,35.8,56.3,6,1261.0,3,13
3,6.4,23.3,114.6,73.7,12,183.0,1,4
2,7.2,13.6,18.7,60.3,5,255.0,0,1
2,5.3,24.6,88.8,75.4,5,1154.0,8,3
1,5.6,20.8,117.7,53.7,12,296.0,7,4
1,5.2,33.2,42.4,63.8,8,1454.0,2,13
1,6.4,25.1,174.9,69.5,11,754.0,9,8
2,5.9,18.5,125.7,48.6,8,217.0,6,0
0,6.6,20.1,14.0,44.5,1,816.0,5,10
0,7.8,26.8,82.6,67.9,7,1483.0,0,7
2,4.8,10.2,11.5,49.0,1,537.0,7,1
3,5.4,38.4,46.5,64.1,12,232.0,0,2
0,7.1,34.8,146.1,93.5,11,379.0,1,4
0,5.3,21.0,17.3,24.1,1,476.0,1,8
3,6.6,37.9,49.3,48.3,7,1205.0,0,13
1,7.4,11.4,56.1,85.6,1,1236.0,0,11
1,4.6,23.6,86.5,76.9,9,888.0,4,7
3,6.9,13.1,89.9,52.4,4,916.0,8,1
1,6.9,18.7,164.2,29.5,6,1103.0,1,5
1,6.4,27.4,65.2,48.4,3,848.0,6,12
3,6.7,40.3,114.6,63.7,11,1305.0,6,11
1,6.6,35.7,116.9,38.7,12,827.0,9,4
1,5.6,12.7,141.9,93.6,10,1123.0,9,1
0,8.4,27.0,161.5,64.0,5,139.0,8,0
2,8.0,30.7,93.5,89.5,5,430.0,9,3
2,4.7,25.2,16.3,84.2,6,284.0,7,0
0,6.1,19.5,44.0,55.3,9,329.0,7,7
2,7.0,37.4,161.8,43.4,8,1485.0,2,12
0,6.0,34.2,59.3,61.4,3,79.0,1,12
0,5.8,15.8,192.8,87.3,5,128.0,7,8
1,7.1,21.5,47.7,91.1,1,815.0,5,7
0,8.0,36.5,36.7,48.3,4,1366.0,4,13
3,7.9,27.1,168.3,66.5,10,329.0,3,4
1,7.7,31.4,24.8,83.0,4,1382.0,5,3
1,5.5,39.1,102.8,91.3,5,97.0,9,9
1,6.3,37.3,133.0,71.6,9,1125.0,6,4
1,7.9,26.1,160.3,37.9,10,582.0,0,4
1,5.0,30.8,166.3,82.9,11,1157.0,3,5
0,7.7,23.7,35.5,72.5,7,881.0,2,10
1,6.4,28.7,1.0,76.6,1,1105.0,1,2
3,4.9,34.3,49.0,70.4,12,851.0,2,9
1,4.9,18.0,153.7,26.2,4,433.0,8,5
3,6.7,37.0,152.2,70.2,9,916.0,8,4
2,5.9,25.0,158.3,37.6,9,39.0,2,0
0,6.8,27.2,56.8,33.1,5,199.0,4,13
0,4.5,36.1,148.8,32.7,8,485.0,8,12
3,6.9,23.1,148.3,27.5,2,345.0,5,12
3,8.5,15.3,30.6,67.0,1,1051.0,5,10
0,5.1,25.6,55.8,65.8,9,312.0,6,7
2,5.5,16.1,47.6,55.4,11,557.0,3,1
0,5.0,35.0,96.9,31.1,12,237.0,9,13
3,5.2,14.2,164.1,66.2,6,136.0,2,8
2,5.8,35.0,103.3,60.7,11,976.0,6,0
0,4.6,28.5,124.9,23.7,7,229.0,6,12
2,8.0,19.1,76.9,54.2,10,894.0,9,10
2,4.8,16.5,138.0,30.3,2,1326.0,8,0
3,7.9,23.7,90.8,37.1,3,43.0,7,12
1,4.5,11.4,40.1,60.9,9,6.0,6,11
3,5.3,40.0,59.5,44.2,6,901.0,1,13
0,4.8,21.1,54.4,43.0,2,650.0,1,11
2,7.0,17.2,166.6,23.9,9,1041.0,1,1
1,5.5,24.7,148.5,93.0,7,1208.0,9,0
1,8.1,20.0,135.6,51.8,4,1192.0,6,4
2,5.3,32.4,99.3,57.2,12,174.0,6,4
2,7.5,38.0,154.5,70.9,11,610.0,3,4
3,7.3,40.2,178.0,59.4,6,1076.0,0,0
2,6.0,36.8,192.5,46.9,4,1088.0,5,12
2,8.3,12.7,93.9,86.6,8,630.0,9,1
2,4.6,28.6,101.3,69.2,11,298.0,8,0
2,6.7,41.1,112.7,78.2,3,318.0,8,12
3,5.8,40.3,71.4,21.8,5,1006.0,4,0
0,6.4,30.3,42.2,78.3,7,560.0,8,2
2,5.8,11.2,60.4,74.1,3,1332.0,3,1
1,6.0,12.0,196.2,35.1,4,1212.0,2,11
3,4.6,25.2,81.0,89.6,3,911.0,7,12
1,6.0,16.8,111.0,77.8,2,669.0,1,4
3,5.6,16.2,177.3,31.2,3,759.0,1,1
3,5.2,29.8,186.8,84.6,12,877.0,8,4
1,8.4,24.3,46.3,63.2,9,852.0,2,1
0,7.9,13.5,21.2,31.2,1,1259.0,5,8
3,7.5,41.3,78.6,43.7,12,597.0,2,0
0,6.4,39.5,97.1,46.8,8,959.0,3,13
2,6.2,34.3,193.3,24.0,5,456.0,0,0
2,7.9,37.7,164.4,26.6,4,1394.0,6,12
1,8.0,19.0,69.5,64.1,5,1253.0,6,5
2,7.5,22.1,194.1,35.5,7,805.0,8,0
2,7.9,27.5,9.4,28.2,5,387.0,5,3
0,5.4,31.5,154.7,58.9,8,847.0,8,2
0,5.1,32.9,15.4,85.7,3,43.0,5,2
3,7.9,35.2,45.2,88.7,12,371.0,6,0
1,6.9,25.8,131.2,94.2,7,396.0,2,12
3,4.8,29.5,34.8,94.1,3,1231.0,0,12
0,6.9,16.7,165.6,48.8,3,1301.0,6,10
2,5.2,35.8,25.6,93.5,12,697.0,1,4
0,6.7,36.7,178.0,30.9,8,622.0,1,13
2,6.3,14.7,47.7,81.1,4,785.0,7,1
3,8.0,34.3,12.1,92.7,3,551.0,3,12
3,6.5,10.7,84.4,23.3,2,1077.0,8,1
3,5.2,24.0,9.9,48.1,12,586.0,1,8
2,7.4,25.1,39.0,43.2,8,155.0,4,0
0,6.0,33.0,98.1,78.3,3,429.0,2,12
0,5.0,28.9,182.3,28.0,5,68.0,4,0
1,6.2,24.2,110.6,80.4,11,1169.0,0,1
1,4.6,35.9,181.7,39.1,1,725.0,2,4
3,7.2,27.2,158.4,64.2,8,198.0,8,12
1,6.0,39.6,2.4,71.4,7,51.0,5,13
2,8.2,28.5,131.6,28.7,4,291.0,7,12
3,6.2,10.3,16.4,63.6,5,165.0,6,1
2,4.8,25.2,81.2,74.3,3,1021.0,9,12
1,7.8,41.9,94.9,43.7,5,380.0,9,12
1,4.9,17.8,31.3,26.5,6,1278.0,5,5
1,8.1,31.2,100.7,26.1,6,1372.0,8,3
1,8.0,16.5,159.3,44.1,9,817.0,1,11
2,5.2,28.4,91.3,54.2,10,317.0,3,4
1,7.8,22.4,176.5,24.7,11,491.0,4,5
3,8.4,17.5,38.7,79.9,7,1275.0,3,1
2,5.8,36.0,126.2,48.7,10,160.0,6,4
1,8.4,21.5,169.4,51.9,12,816.0,8,4
1,7.9,29.8,19.1,80.8,6,591.0,2,8
0,5.8,32.0,157.6,70.1,2,325.0,2,12
2,7.5,33.9,157.2,36.4,12,1102.0,9,4
2,6.1,24.5,50.1,58.3,6,0.0,3,12
0,7.0,20.9,197.9,87.3,7,950.0,2,0
1,7.0,36.4,77.7,26.8,6,276.0,6,12
3,7.4,36.5,36.9,31.4,4,1253.0,0,3
2,8.3,41.1,168.2,56.9,7,1104.0,1,0
3,6.1,21.5,93.3,87.8,9,357.0,5,7
1,6.4,14.9,158.1,20.6,12,423.0,0,8
1,6.0,18.6,23.6,54.6,4,558.0,7,11
2,6.1,25.7,141.9,46.0,3,830.0,2,12
1,7.3,40.9,53.7,33.4,9,495.0,4,4
0,6.7,40.2,57.2,94.4,3,905.0,5,2
3,5.5,21.6,47.5,41.3,5,376.0,2,9
2,6.4,26.1,59.9,55.1,11,122.0,6,4
1,6.5,22.1,8.1,65.4,3,1177.0,4,11
3,8.3,19.2,108.2,61.2,5,118.0,1,0
2,8.0,15.0,178.8,23.6,7,525.0,1,0
3,5.9,35.4,78.5,49.9,12,456.0,2,0
2,6.6,22.6,71.8,83.0,9,1124.0,9,10
2,6.6,26.1,128.2,45.7,11,7.0,8,4
1,6.6,36.4,18.6,59.5,9,149.0,5,4
1,5.2,13.2,7.1,38.9,2,367.0,9,11
1,7.9,29.5,18.9,91.3,2,303.0,0,2
2,6.0,34.2,36.9,58.4,9,25.0,4,14
3,4.6,12.8,33.7,88.7,4,1136.0,1,1
0,6.3,21.8,72.5,41.7,8,1336.0,3,7
3,7.2,28.4,3.3,84.1,1,1242.0,5,2
1,6.8,11.0,132.6,91.7,11,953.0,0,11
2,6.9,13.8,176.1,54.5,1,831.0,4,11
2,5.7,33.8,112.2,50.9,2,619.0,6,12
3,4.7,27.3,31.7,38.3,8,1051.0,1,13
0,5.3,41.0,127.7,49.3,2,740.0,2,4
3,4.8,12.0,63.9,26.7,2,475.0,7,4
2,7.2,13.9,143.9,51.6,4,309.0,3,12
3,4.8,27.0,88.3,81.0,1,945.0,1,7
0,7.3,35.3,181.0,20.2,6,1008.0,4,13
0,6.9,26.7,64.2,26.6,5,1467.0,8,2
0,6.8,40.4,11.8,67.4,7,429.0,4,13
0,7.0,14.1,81.5,30.9,5,439.0,2,8
1,4.9,27.5,113.6,77.6,8,49.0,2,0
3,8.2,24.2,58.4,88.1,5,1302.0,9,9
2,5.0,24.9,128.9,54.4,12,1481.0,3,0
3,6.4,23.5,107.7,51.1,4,368.0,9,3
2,7.1,17.0,27.7,29.3,5,1365.0,4,10
1,7.2,31.7,171.8,65.9,2,820.0,5,4
1,7.3,40.7,74.6,75.0,8,303.0,7,12
0,5.4,16.8,151.1,77.7,5,514.0,0,8
1,4.5,38.3,150.0,39.9,4,855.0,2,12
1,6.7,31.5,11.6,66.2,1,1109.0,2,2
3,5.1,29.8,159.9,20.1,12,843.0,0,4
2,5.0,36.8,73.0,86.3,2,656.0,0,12
1,7.1,26.7,158.6,64.9,11,387.0,7,4
3,7.7,10.7,192.7,57.6,6,1042.0,5,12
0,8.2,37.9,2.8,73.0,1,675.0,8,13
2,5.9,22.8,127.3,90.5,11,1249.0,9,1
0,5.1,26.8,148.8,53.3,10,1447.0,5,10
2,7.6,14.5,161.2,49.3,5,494.0,9,0
0,8.1,37.5,2.5,52.8,11,172.0,6,13
2,5.0,14.7,87.7,81.6,6,217.0,7,0
0,4.5,28.6,131.1,32.7,9,980.0,4,8
1,7.2,38.5,111.6,77.6,8,625.0,5,13
0,7.4,15.1,19.5,22.4,6,239.0,7,8
2,5.4,15.7,183.1,87.6,12,1138.0,7,11
1,8.3,20.9,64.3,75.9,11,157.0,7,1
2,5.4,33.1,51.2,63.1,10,418.0,8,4
1,5.9,24.1,103.4,78.6,11,1385.0,6,1
0,5.1,24.3,44.6,80.0,9,1381.0,8,7
1,5.3,27.4,93.5,75.9,8,168.0,6,7
1,6.5,10.6,110.7,80.5,1,1131.0,5,1
0,7.5,26.5,159.1,75.5,3,286.0,7,12
2,8.1,24.2,73.5,86.6,6,406.0,3,0
2,7.5,32.1,73.0,78.6,2,1492.0,3,4
2,5.4,30.9,176.7,30.9,11,466.0,7,4
0,7.6,35.7,92.8,29.0,1,393.0,0,4
1,5.5,32.9,115.7,29.8,3,1463.0,4,12
1,7.0,16.1,27.7,89.1,9,822.0,6,11
2,7.3,16.2,158.1,82.4,3,664.0,1,12
2,6.4,11.4,10.5,23.5,8,305.0,7,1
3,5.7,26.6,15.1,29.8,3,763.0,5,5
2,6.4,32.9,64.8,89.3,4,1202.0,3,3
3,6.2,26.8,23.1,74.4,12,250.0,5,8
0,7.2,23.1,169.8,39.3,5,594.0,7,12
3,4.9,41.0,114.1,30.6,4,45.0,4,0
2,5.1,16.6,12.1,84.0,8,544.0,9,1
1,8.0,17.8,10.4,58.6,6,881.0,1,10
1,5.7,30.3,4.3,89.3,7,1098.0,9,5
0,6.6,32.3,10.2,62.6,5,1481.0,9,14
2,7.3,31.9,198.6,74.8,8,345.0,7,0
3,7.9,38.6,18.4,45.1,10,483.0,3,14
0,8.2,25.3,164.1,45.4,12,1335.0,3,8
3,8.3,38.8,175.6,50.2,5,312.0,1,0
0,5.2,16.4,145.0,57.0,8,933.0,8,10
2,7.3,24.6,148.2,61.0,2,1281.0,0,12
2,7.9,26.1,75.7,31.9,9,272.0,7,0
0,8.2,22.0,186.5,40.3,12,1231.0,6,11
1,6.4,16.4,144.8,44.6,10,1431.0,9,1
3,8.3,22.4,69.3,43.3,12,1464.0,0,1
2,8.0,21.9,197.1,61.5,1,1158.0,1,4
2,6.7,13.4,44.3,47.2,9,1448.0,0,1
2,5.7,11.2,106.0,31.8,5,1391.0,2,9
0,4.5,16.0,126.0,59.7,11,1371.0,3,10
0,6.9,26.8,127.7,29.6,11,778.0,2,8
2,6.6,33.3,140.8,83.2,7,853.0,7,0
0,8.4,11.7,29.7,71.9,8,1434.0,4,11
2,4.8,36.5,83.8,20.8,2,105.0,1,4
3,5.0,38.0,158.1,53.0,6,1111.0,3,12
1,6.3,21.4,79.7,83.3,7,1328.0,0,7
0,7.1,24.6,93.7,23.8,6,542.0,6,7
3,6.5,10.5,94.0,40.0,2,1280.0,9,1
0,6.5,28.3,47.2,77.2,9,300.0,9,7
2,8.0,26.6,178.3,65.1,9,1318.0,4,4
1,7.5,22.4,199.5,71.5,1,83.0,2,4
0,7.9,24.5,15.6,62.9,10,179.0,5,10
1,7.1,26.3,37.5,86.9,5,232.0,6,3
1,7.6,25.4,81.1,46.0,8,501.0,9,7
2,5.9,35.3,77.3,61.5,3,990.0,8,12
2,5.6,32.0,154.5,69.1,9,615.0,1,4
1,8.2,13.9,69.1,71.1,7,5.0,9,5
2,7.8,23.6,175.2,54.4,8,98.0,8,0
1,5.2,33.1,51.3,79.5,5,1138.0,8,3
3,8.3,17.9,37.2,33.9,5,272.0,2,1
2,8.0,41.6,89.6,43.9,11,987.0,5,0
0,6.0,39.2,35.6,31.0,8,1005.0,8,13
2,6.3,16.4,24.1,90.6,8,289.0,2,1
2,6.8,13.2,54.6,88.8,9,121.0,9,1
0,5.2,27.5,94.1,94.6,11,484.0,7,5
3,8.2,30.4,67.4,59.9,8,1465.0,0,0
3,6.3,33.8,88.8,64.1,8,1018.0,6,12
0,5.5,30.5,185.7,34.1,10,165.0,2,4
1,7.8,11.8,160.2,21.3,4,838.0,5,1
0,8.2,40.5,0.6,61.3,2,1230.0,8,13
1,5.3,24.5,108.7,57.8,5,782.0,2,3
1,4.9,31.1,138.2,58.1,2,1484.0,0,12
0,5.9,35.9,162.6,93.5,2,596.0,7,13
1,7.4,34.1,175.1,35.3,11,888.0,2,4
0,7.0,34.9,155.9,34.1,11,1468.0,2,13
0,5.6,15.8,5.6,33.5,5,1495.0,9,8
0,6.9,32.2,52.4,84.9,5,1362.0,6,14
3,6.0,27.7,72.1,41.8,5,213.0,3,14
2,8.4,14.2,194.9,38.0,9,423.0,7,1
2,5.0,21.8,139.5,81.2,7,16.0,4,0
0,5.9,33.3,48.4,78.9,9,402.0,2,14
3,5.2,40.8,190.8,37.1,10,589.0,1,4
1,5.5,32.4,98.3,70.2,6,859.0,0,0
3,6.7,16.9,43.4,29.6,1,1106.0,9,11
1,8.3,25.3,13.7,76.3,5,111.0,7,14
2,6.4,12.0,58.9,91.5,9,1170.0,2,1
2,7.9,20.3,78.4,92.6,11,1001.0,8,1
1,7.5,30.8,176.5,29.4,3,1304.0,0,12
2,6.6,26.9,23.2,75.6,2,543.0,1,12
3,8.4,34.9,72.3,55.1,11,1151.0,8,1
3,4.5,32.0,127.5,31.4,8,1069.0,4,12
1,7.2,37.9,88.3,72.5,1,149.0,6,4
3,6.2,26.4,48.3,64.2,1,390.0,2,7
0,6.0,23.7,150.4,54.0,2,1326.0,7,4
1,7.4,28.0,29.2,94.8,5,1131.0,0,5
0,5.1,33.0,27.4,38.1,2,1034.0,1,2
3,7.1,25.6,56.4,26.3,1,997.0,6,4
0,4.8,35.6,185.0,20.7,3,530.0,7,13
1,8.3,15.7,156.7,55.5,7,467.0,0,0
2,7.7,40.5,185.1,65.0,12,908.0,6,4
0,5.4,33.6,93.7,44.2,9,899.0,1,7
0,7.3,32.6,7.2,76.2,9,1254.0,6,14
1,6.0,19.8,171.2,64.3,11,1158.0,1,1
1,4.5,40.2,143.8,22.1,12,401.0,1,4
1,7.1,29.6,170.9,70.5,3,1276.0,0,12
1,7.7,26.6,163.2,68.7,11,10.0,8,10
1,6.7,41.1,11.7,61.8,1,1405.0,6,2
1,4.7,13.2,96.3,82.9,2,336.0,5,12
3,7.9,30.7,123.7,59.2,5,480.0,6,0
0,7.2,27.0,14.3,23.1,11,1227.0,5,5
3,7.1,15.9,67.7,73.0,6,419.0,9,0
0,4.6,30.4,57.1,20.3,7,1258.0,5,13
3,6.5,33.4,188.8,47.4,2,1318.0,6,4
0,8.5,15.2,34.8,94.4,3,1392.0,8,10
3,4.7,26.5,83.1,91.4,2,672.0,9,12
0,4.6,31.7,193.3,83.9,3,507.0,1,12
3,5.7,23.5,0.6,43.4,7,1148.0,6,5
2,5.0,10.3,82.5,31.6,4,1009.0,4,3
2,6.8,16.9,193.2,54.5,8,1490.0,1,0
3,5.8,33.7,88.7,67.5,7,972.0,3,0
1,4.6,16.8,6.2,58.8,1,161.0,0,8
2,5.0,16.4,33.2,45.0,10,662.0,2,1
0,8.3,39.7,70.2,46.3,10,1017.0,4,13
3,4.6,33.4,66.0,64.9,9,1189.0,5,4
2,6.0,11.1,3.2,64.1,1,1136.0,2,1
1,4.8,10.3,147.9,83.3,8,1335.0,3,11
0,8.2,34.8,158.0,68.6,2,1021.0,7,2
0,4.5,34.0,87.7,37.2,12,358.0,9,2
2,6.6,20.7,59.1,82.0,11,318.0,8,1
2,8.3,20.0,61.7,29.9,7,941.0,0,0
3,6.6,40.9,112.2,68.8,8,1339.0,0,12
0,8.3,41.0,96.2,34.1,2,892.0,8,12
0,6.9,26.2,26.4,86.6,11,1455.0,4,10
2,5.6,33.8,77.6,24.4,5,1495.0,3,9
1,6.2,16.7,144.5,75.6,7,1475.0,3,0
2,5.5,27.1,61.7,38.6,12,200.0,1,0
3,7.4,12.8,158.1,41.5,10,232.0,8,1
2,6.9,39.2,11.7,56.0,2,209.0,8,12
0,7.3,31.1,191.8,70.5,11,466.0,1,4
1,5.9,12.5,43.2,68.2,6,682.0,6,5
0,5.5,20.5,43.6,30.6,11,725.0,7,8
0,6.1,18.6,92.4,34.1,3,1393.0,0,7
2,6.1,32.1,36.4,37.9,11,1266.0,9,3
3,7.0,36.3,48.7,56.4,3,538.0,3,12
0,6.0,31.9,81.4,82.9,7,1193.0,7,2
1,4.9,10.6,16.8,34.5,9,1308.0,8,1
0,4.7,33.2,63.7,68.1,4,593.0,2,13
1,5.8,14.4,19.2,79.8,10,68.0,9,1
2,8.1,29.2,172.2,20.8,12,642.0,1,4
2,5.6,26.9,88.9,54.0,9,760.0,4,0
2,5.9,23.5,75.1,29.1,2,142.0,2,4
2,5.3,19.5,137.5,58.3,7,1387.0,1,0
3,7.0,39.8,160.5,43.6,4,189.0,6,0
1,7.8,30.6,149.2,94.7,3,1295.0,7,12
1,5.9,29.1,1.6,80.9,11,627.0,8,5
0,7.5,24.4,143.3,87.5,4,407.0,7,12
1,4.9,13.7,189.3,90.0,4,1321.0,1,1
0,6.4,20.7,193.6,71.6,6,45.0,9,8
0,8.1,37.3,150.6,38.9,7,65.0,0,13
3,8.1,24.1,169.8,88.0,9,1004.0,1,1
3,8.0,27.4,4.1,60.6,10,182.0,7,10
0,8.2,26.7,104.8,91.9,11,1344.0,9,10
3,7.9,11.6,86.0,42.9,5,693.0,2,9
0,6.5,10.6,174.8,82.8,10,1211.0,3,11
3,7.7,30.6,199.7,26.4,10,1419.0,0,4
2,5.0,31.4,90.8,48.2,1,499.0,8,4
0,6.9,18.0,38.5,64.9,4,1467.0,0,11
2,7.0,29.6,76.3,66.3,2,911.0,1,12
1,6.6,38.2,42.0,88.8,9,938.0,4,14
1,7.3,12.8,63.9,93.9,7,665.0,5,1
0,7.6,38.1,123.8,48.1,8,83.0,6,13
3,7.0,10.7,190.7,70.6,3,1421.0,1,12
0,5.6,34.3,130.4,81.5,7,555.0,7,13
1,7.5,12.0,34.7,54.8,2,1136.0,7,1
3,5.6,17.0,79.7,67.4,5,966.0,1,8
1,8.3,21.4,95.6,24.6,2,1249.0,5,4
2,8.1,42.0,52.3,48.6,3,70.0,9,12
1,7.7,31.3,157.6,79.7,11,870.0,0,5
1,6.5,16.5,84.8,83.6,3,1243.0,7,1
2,7.5,41.7,172.2,30.8,5,201.0,6,0
2,5.8,14.7,49.7,72.2,5,151.0,7,8
0,5.3,26.8,106.7,72.5,10,429.0,4,4
2,5.7,41.4,31.2,20.6,12,733.0,6,9
1,6.8,28.3,189.2,91.7,6,1439.0,4,12
2,5.7,20.3,22.2,31.4,7,651.0,4,0
0,5.5,37.4,55.8,90.9,8,244.0,3,13
2,5.0,14.3,7.4,85.2,11,179.0,1,11
2,6.6,38.1,32.4,89.9,6,436.0,4,3
0,7.0,28.4,12.6,20.1,2,1421.0,0,2
1,8.4,25.0,112.2,92.7,4,861.0,3,3
1,6.0,14.3,71.0,36.0,4,845.0,3,11
1,5.8,15.9,125.9,35.6,9,857.0,2,1
2,6.3,27.0,65.6,25.4,10,32.0,0,4
3,7.7,39.3,193.4,84.0,2,77.0,5,12
2,4.6,27.2,171.2,46.3,6,1106.0,3,0
1,6.7,22.7,96.8,48.7,2,828.0,1,4
0,7.0,37.7,96.3,66.3,4,547.0,9,12
0,5.4,10.8,60.7,27.0,8,100.0,8,11
0,8.2,26.8,77.1,70.2,9,144.0,2,10
3,6.6,15.8,39.0,94.2,6,312.0,6,8
3,7.2,17.5,125.0,85.9,1,923.0,0,4
1,8.4,25.3,138.2,71.7,5,653.0,8,12
3,7.6,24.9,123.7,48.2,3,609.0,6,12
0,7.0,26.5,148.6,47.8,6,845.0,3,8
3,6.4,28.2,88.6,85.2,5,873.0,2,9
0,4.6,16.6,78.6,85.9,9,137.0,9,8
0,5.7,18.6,141.6,65.5,1,293.0,8,7
2,8.0,24.7,73.1,78.5,12,131.0,8,4
3,4.5,34.0,121.3,89.4,1,831.0,8,4
2,5.0,17.4,68.4,62.5,4,359.0,4,3
1,7.0,16.6,70.4,20.9,12,223.0,4,1
1,5.5,39.9,171.7,54.8,11,1208.0,7,0
0,5.8,34.7,180.5,77.2,3,810.0,1,12
1,7.8,28.2,189.2,50.1,3,670.0,9,12
2,8.1,11.7,127.4,93.7,1,1487.0,8,1
1,4.9,39.5,160.5,42.3,5,569.0,8,9
1,5.7,23.2,178.8,26.0,4,696.0,1,9
3,5.0,35.9,125.2,52.0,3,266.0,0,0
0,5.8,24.5,101.5,71.5,4,643.0,5,3
0,5.1,23.7,88.0,85.7,8,530.0,3,7
0,4.6,29.0,156.1,63.4,10,337.0,3,4
1,8.3,35.9,4.5,89.1,9,1494.0,1,4
3,5.4,26.0,0.2,79.6,8,298.0,8,14
1,7.1,40.5,165.6,65.5,5,157.0,5,0
2,6.2,15.5,119.0,84.1,4,1151.0,1,3
0,5.4,14.9,147.4,28.0,9,117.0,3,11
2,4.6,15.6,35.0,58.4,1,104.0,4,8
1,8.3,39.7,166.4,66.8,10,996.0,5,4
0,6.9,29.4,106.9,22.4,9,1131.0,4,7
2,8.0,33.1,58.4,85.9,9,369.0,6,3
0,6.5,29.2,85.3,78.4,1,787.0,6,2
1,6.0,32.3,15.5,38.3,1,169.0,8,2
1,6.3,36.6,114.4,46.9,3,1204.0,8,12
0,8.0,23.3,171.5,46.6,6,1125.0,2,3
1,4.7,11.4,78.0,41.2,5,888.0,8,11
0,6.1,35.9,175.5,67.1,9,1496.0,3,4
3,6.3,25.9,115.8,42.0,7,705.0,1,0
0,6.0,28.0,67.4,74.9,2,663.0,0,2
2,8.1,10.7,194.6,71.2,8,961.0,1,1
2,5.2,29.7,45.0,94.5,9,1027.0,1,10
1,7.9,23.6,16.5,46.0,6,1244.0,9,5
2,7.1,39.6,127.9,49.1,12,1228.0,9,4
0,6.5,31.0,41.8,20.4,8,179.0,5,13
1,7.9,12.8,56.6,93.2,10,1028.0,1,1
1,5.1,28.6,183.8,76.5,11,527.0,9,10
3,5.6,12.2,126.8,47.5,3,607.0,5,1
1,8.0,24.5,71.3,41.2,1,730.0,6,4
1,8.0,31.9,35.8,44.0,12,92.0,2,5
3,7.1,36.6,13.1,59.5,3,537.0,7,12
2,5.2,26.0,155.2,38.9,8,758.0,6,0
3,5.7,22.9,102.4,37.0,5,729.0,7,9
1,6.3,11.2,72.7,87.9,1,508.0,1,1
2,7.3,21.0,45.3,93.4,1,1067.0,7,1
3,6.0,15.6,124.6,42.5,8,136.0,6,0
0,5.3,18.0,171.4,49.4,11,1415.0,8,10
3,7.1,18.8,45.1,20.5,5,268.0,4,5
2,8.4,15.9,82.6,89.1,8,1105.0,9,0
0,7.1,40.6,196.6,84.9,12,455.0,1,4
3,5.5,37.9,52.6,70.3,7,1481.0,7,13
3,4.7,12.9,28.9,93.1,11,1290.0,6,1
1,7.4,19.6,126.3,63.4,9,52.0,3,1
2,6.9,31.8,49.6,71.8,6,690.0,3,9
0,8.0,12.3,80.2,47.0,1,396.0,9,4
2,5.9,11.4,85.3,83.5,7,839.0,2,0
0,5.1,41.1,152.9,80.5,5,1449.0,5,0
1,8.1,12.4,62.4,91.6,7,1365.0,2,1
0,5.2,36.5,117.6,24.7,1,819.0,8,4
3,4.6,28.1,29.7,49.5,1,1402.0,7,2
1,4.6,31.4,38.6,21.7,7,325.0,3,5
1,7.4,41.8,113.3,72.8,8,994.0,6,0
1,7.4,37.1,130.8,49.6,6,257.0,0,12
0,4.8,23.7,150.0,75.4,3,231.0,3,12
1,5.0,24.5,134.8,52.6,9,916.0,5,5
0,7.2,20.4,56.1,78.7,12,1182.0,2,8
3,4.8,22.9,162.6,64.7,9,95.0,7,0
1,6.5,23.0,144.8,74.2,2,1141.0,6,4
0,7.1,10.4,122.1,67.5,1,774.0,3,11
1,7.4,26.0,3.8,35.1,1,171.0,0,4
2,5.1,19.4,19.2,81.0,6,983.0,0,5
1,5.9,13.4,54.7,30.1,1,1290.0,5,1
2,8.0,36.4,76.2,83.2,8,245.0,6,0
0,8.1,19.7,36.7,86.3,12,1299.0,4,10
0,7.8,21.2,92.8,20.9,8,1361.0,6,7
2,6.9,39.7,76.7,84.3,3,582.0,8,12
1,4.9,41.0,145.1,38.3,2,1333.0,4,12
3,6.1,40.6,70.0,53.4,6,1106.0,6,0
3,7.5,29.1,44.5,92.8,2,834.0,6,12
0,4.5,32.3,39.8,33.8,4,534.0,5,3
0,6.1,33.1,173.2,53.1,1,1490.0,8,2
3,7.4,12.0,94.7,45.1,3,1404.0,1,1
1,5.6,17.4,50.0,94.4,12,835.0,1,8
3,6.4,32.4,41.9,94.4,1,631.0,7,2
1,4.7,20.4,88.0,21.3,1,185.0,7,4
2,5.0,13.6,63.4,83.1,5,1096.0,3,9
1,4.6,41.0,39.4,24.5,6,1435.0,9,13
3,7.6,39.4,78.8,93.1,2,634.0,1,12
0,4.7,10.2,11.7,59.6,5,1016.0,3,1
0,8.3,32.2,73.0,45.7,11,849.0,5,11
1,4.8,10.2,67.1,67.0,11,324.0,2,1
0,7.2,32.3,162.6,82.6,10,532.0,4,4
2,5.2,35.7,38.3,91.3,7,547.0,8,0
3,5.7,20.6,84.0,29.9,2,987.0,7,0
3,6.3,40.6,38.3,81.9,10,655.0,1,11
0,6.3,24.7,43.7,67.4,11,1277.0,4,10
3,4.6,14.4,152.0,53.3,7,502.0,5,0
3,5.1,33.3,154.8,89.4,12,1417.0,4,4
0,6.1,26.5,167.0,75.7,7,815.0,9,5
1,8.0,17.9,124.7,61.3,11,1014.0,1,10
3,6.8,38.0,137.2,43.9,10,554.0,1,4
3,8.4,13.5,98.8,55.3,11,1381.0,6,11
2,6.7,17.8,100.0,29.6,8,799.0,5,1
1,4.6,31.2,12.4,64.5,5,879.0,6,5
3,7.7,41.6,99.9,75.5,2,1292.0,4,12
0,7.5,34.4,6.7,78.3,2,1110.0,8,2
2,7.4,31.0,59.6,20.1,10,163.0,6,4
0,8.2,38.8,98.9,80.5,2,1203.0,6,13
2,6.2,22.1,72.8,74.8,6,137.0,0,0
1,4.6,33.7,13.8,31.5,8,11.0,5,13
0,7.4,29.3,80.2,87.0,12,641.0,4,10
0,5.8,31.2,2.3,92.4,11,21.0,2,5
0,5.9,12.7,77.2,33.3,8,298.0,2,11
0,7.3,17.9,111.6,56.1,5,232.0,0,3
1,6.1,40.4,109.4,89.5,2,115.0,3,12
2,6.5,19.3,33.3,81.9,6,115.0,2,5
2,8.2,20.7,23.1,74.3,4,1385.0,3,11
1,4.7,39.4,71.4,63.1,3,1253.0,7,13
1,5.0,21.0,68.2,29.2,6,1487.0,6,5
2,8.2,11.3,10.9,43.3,6,708.0,0,11
2,6.4,35.4,185.5,37.9,1,119.0,5,4
3,4.7,28.7,153.4,51.3,12,850.0,6,4
2,7.6,37.4,6.3,75.5,7,818.0,6,13
3,6.2,16.8,152.7,91.3,3,867.0,7,1
1,7.4,31.1,86.6,32.4,10,882.0,6,4
1,6.5,38.3,24.7,80.6,8,522.0,3,13
0,7.5,28.8,131.8,35.2,10,915.0,4,10
2,6.8,39.1,79.9,36.6,8,288.0,9,0
0,5.5,28.4,158.1,61.5,5,560.0,2,13
0,5.0,26.3,161.1,74.7,12,189.0,4,5
2,6.7,11.2,59.6,91.0,11,771.0,9,1
0,7.7,24.2,187.9,53.2,3,1390.0,7,12
2,7.3,39.2,174.1,69.4,3,1008.0,1,12
3,8.0,35.7,172.3,57.5,5,342.0,0,0
1,7.7,36.3,46.5,47.0,10,867.0,2,10
3,4.7,12.1,21.6,53.1,11,478.0,8,11
3,8.4,29.0,183.4,62.8,5,95.0,9,0
2,8.3,21.2,124.7,61.1,4,1483.0,6,3
3,7.0,16.8,108.8,30.1,3,378.0,8,4
1,4.5,35.2,17.2,73.8,9,1270.0,4,5
0,5.9,38.8,6.8,36.2,9,207.0,8,13
0,6.4,22.3,21.0,56.5,8,256.0,8,5
1,5.9,18.1,80.6,62.5,6,565.0,5,5
1,7.8,11.7,177.5,62.9,8,1424.0,6,1
0,5.5,39.4,146.4,35.4,5,935.0,5,13
3,5.0,11.9,180.4,73.4,5,20.0,9,0
1,7.6,15.5,38.7,69.0,7,100.0,4,5
2,5.0,19.0,131.3,28.3,5,682.0,1,0
2,4.6,13.3,130.9,86.1,6,1026.0,8,0
0,7.8,33.9,3.3,65.7,1,822.0,4,2
1,7.8,18.8,175.4,73.8,3,1472.0,6,10
0,7.1,40.0,36.4,75.3,7,426.0,6,13
2,6.9,18.2,83.7,30.2,12,952.0,0,11
1,7.9,28.4,138.3,29.3,10,686.0,8,4
0,5.1,22.5,122.6,71.6,8,261.0,6,12
0,5.5,12.8,47.9,68.4,7,1269.0,4,13
1,6.2,17.2,181.4,68.0,9,5.0,7,1
0,5.8,34.7,20.2,55.4,5,1462.0,5,13
3,7.3,20.0,82.7,92.9,2,790.0,9,4
0,5.8,38.0,166.5,81.3,12,380.0,2,4
2,5.9,30.8,196.8,85.6,10,395.0,5,4
3,5.5,11.5,120.7,71.1,5,1481.0,9,1
1,8.0,24.9,119.4,86.4,2,858.0,7,4
2,6.7,32.4,132.9,82.9,10,311.0,6,4
2,5.7,12.6,136.4,51.4,6,156.0,9,0
2,6.5,40.0,36.8,83.1,11,600.0,2,1
1,7.5,10.8,58.7,86.0,5,418.0,7,1
3,8.4,40.3,89.8,37.3,1,96.0,7,4
2,8.5,16.4,136.3,36.1,4,1237.0,4,3
0,7.0,41.2,132.0,20.4,5,129.0,0,12
1,4.8,16.3,188.5,74.9,9,161.0,7,4
0,6.1,29.7,79.1,56.4,2,1488.0,4,2
0,6.2,24.9,172.9,54.2,7,305.0,2,12
3,7.4,22.5,119.7,27.0,10,514.0,4,11
0,8.3,16.5,41.7,74.1,12,1095.0,3,11
0,7.5,36.0,57.5,28.0,3,1239.0,9,12
3,5.9,29.3,78.2,51.9,8,565.0,0,5
0,6.8,35.5,114.7,52.7,6,293.0,5,0
0,5.2,40.3,150.2,32.1,11,1414.0,4,10
1,6.5,35.0,5.7,24.5,5,476.0,2,14
0,6.7,12.8,102.7,91.7,3,1164.0,4,11
2,7.4,16.1,78.4,46.5,8,267.0,2,1
1,7.4,23.3,96.3,76.5,11,424.0,4,4
3,5.4,29.9,125.1,34.8,5,226.0,3,12
0,5.0,29.8,2.5,35.2,5,844.0,2,13
0,4.5,33.7,3.6,81.2,5,1208.0,3,14
3,7.9,10.9,91.4,54.5,1,543.0,6,1
2,6.6,21.8,78.4,46.0,5,1214.0,2,9
0,7.5,29.0,154.1,64.5,7,69.0,0,12
1,7.0,39.8,194.1,49.9,9,622.0,5,14
2,7.9,38.6,115.1,82.4,2,974.0,3,3
0,6.2,29.7,107.0,37.3,4,414.0,3,12
0,7.9,30.1,66.0,27.8,2,271.0,0,2
0,7.7,32.5,80.1,62.3,1,515.0,6,2
0,7.3,30.0,122.8,92.8,5,296.0,6,0
2,6.4,19.6,149.0,42.8,8,670.0,3,0
1,8.4,24.9,118.1,28.6,12,510.0,0,7
3,6.8,13.9,131.8,90.7,12,362.0,3,8
0,5.5,26.8,9.3,35.1,3,1452.0,5,13
2,5.5,35.4,193.6,48.3,8,56.0,4,0
3,5.8,34.7,14.7,23.4,10,1119.0,8,14
3,7.5,36.0,166.9,36.5,2,569.0,6,4
3,8.1,26.5,158.3,35.7,8,933.0,9,0
1,5.8,32.3,113.6,75.6,11,370.0,5,4
0,7.3,30.3,54.7,93.3,3,981.0,2,12
1,6.9,39.3,108.3,85.5,11,1244.0,2,11
3,7.2,31.9,149.8,70.1,6,55.0,1,0
0,4.9,10.9,102.7,59.0,9,142.0,8,11
0,7.9,38.3,30.3,32.6,4,579.0,0,13
0,4.8,38.9,102.1,88.7,1,500.0,4,13
2,5.6,16.9,1.0,25.0,9,134.0,5,8
0,6.2,33.4,142.6,35.9,3,394.0,2,12
3,5.0,15.3,122.3,69.2,2,265.0,1,4
2,5.0,28.1,46.8,87.2,3,3.0,7,9
0,7.3,30.9,132.3,31.8,2,44.0,0,12
1,6.8,22.9,114.7,25.4,7,397.0,1,12
2,7.3,32.0,66.1,90.7,5,913.0,4,9
2,6.9,13.1,30.0,92.4,8,729.0,8,1
0,8.4,27.7,128.0,21.8,1,885.0,5,4
3,6.2,31.9,39.5,77.2,7,477.0,1,6
3,5.0,28.0,147.0,40.3,10,1170.0,1,4
2,8.3,41.0,38.7,90.6,3,279.0,9,12
3,5.0,29.1,138.6,88.8,2,1312.0,9,4
2,8.3,17.7,58.4,71.7,5,124.0,7,9
0,4.7,23.1,185.2,86.0,8,219.0,3,0
1,5.4,23.7,43.8,21.0,8,713.0,5,7
3,7.6,29.4,177.6,93.9,5,465.0,4,0
2,7.3,15.0,104.1,57.4,1,1495.0,7,1
2,7.7,19.7,121.0,25.1,11,1363.0,0,10
3,5.4,23.3,51.7,77.5,2,1232.0,7,4
3,4.6,12.1,151.0,31.4,1,692.0,8,4
1,7.4,13.1,29.9,87.1,10,1234.0,6,1
0,5.0,38.3,153.0,32.1,10,277.0,5,4
3,7.2,31.7,172.4,45.8,10,450.0,9,4
2,6.6,38.4,145.0,20.2,2,1405.0,7,12
3,7.2,25.1,150.5,21.5,2,1488.0,2,4
0,6.5,41.0,94.3,58.2,4,1322.0,7,3
1,7.6,28.4,55.3,56.5,4,221.0,8,3
0,8.2,35.9,145.9,65.4,5,753.0,5,13
0,5.7,11.5,10.7,89.2,1,224.0,6,11
0,5.2,27.1,111.3,41.1,3,1124.0,7,12
3,5.7,41.4,59.6,89.7,7,743.0,1,0
1,7.1,19.4,157.4,67.2,11,28.0,5,5
3,8.4,21.0,36.3,70.0,7,1292.0,7,5
0,6.5,23.5,199.1,45.9,6,336.0,6,12
1,6.7,33.3,167.8,69.0,7,1287.0,6,0
3,6.7,22.0,158.9,61.6,6,632.0,6,0
0,5.5,14.7,98.6,78.2,9,1028.0,7,8
1,6.2,27.0,161.2,60.2,10,340.0,5,4
3,5.2,41.5,76.7,30.7,12,155.0,9,4
0,7.7,26.7,125.3,94.4,6,1093.0,6,13
0,6.8,24.3,22.5,74.5,4,88.0,0,14
0,7.3,28.3,9.9,23.6,1,473.0,6,2
0,5.1,40.4,159.3,23.9,12,1355.0,7,11
3,5.4,36.8,198.2,91.2,6,737.0,0,0
1,6.3,11.8,194.3,89.3,6,366.0,4,12
3,8.2,29.4,54.3,34.2,1,763.0,7,4
1,5.3,37.0,17.6,69.9,8,1343.0,6,13
0,6.4,27.5,84.7,67.7,6,804.0,9,7
1,5.8,12.3,123.8,23.9,4,349.0,7,1
1,5.4,36.3,171.3,27.1,1,562.0,9,4
1,7.7,25.2,103.8,44.3,5,376.0,6,3
0,8.0,34.7,13.8,33.8,3,532.0,3,2
0,8.0,31.4,166.2,60.5,12,1363.0,1,10
2,6.1,12.1,179.1,89.6,3,656.0,1,12
0,6.5,38.4,132.3,62.1,8,1267.0,2,13
3,6.9,18.2,18.4,22.7,5,660.0,2,14
3,5.5,23.4,14.7,32.9,2,1049.0,8,1
2,7.4,26.1,34.3,51.1,1,1252.0,3,3
3,6.2,30.3,47.3,49.5,1,709.0,8,2
2,4.6,26.5,164.7,45.4,12,1426.0,5,4
0,6.5,25.6,94.3,44.5,10,1442.0,7,7
2,5.7,12.7,160.7,66.4,5,163.0,3,0
0,8.0,13.4,149.8,46.1,10,214.0,7,11
1,6.9,34.5,126.3,62.1,9,120.0,9,4
3,7.9,23.0,94.9,61.8,9,1043.0,7,7
2,5.4,41.6,20.3,56.9,3,1200.0,4,12
0,7.8,21.3,197.2,55.5,5,664.0,7,14
1,7.0,14.6,30.9,71.6,8,1332.0,3,1
1,8.0,26.4,39.9,39.8,6,555.0,7,3
2,8.1,21.1,89.4,37.5,5,1005.0,0,9
3,6.9,11.1,133.0,79.7,9,400.0,9,1
2,6.2,26.8,66.3,44.1,4,1414.0,9,3
2,7.7,31.3,43.2,31.3,7,479.0,0,3
1,4.7,27.2,129.8,85.2,7,741.0,2,0
3,6.4,30.3,96.2,71.5,10,874.0,2,4
1,7.8,32.3,58.1,50.0,4,883.0,2,3
0,7.5,33.0,92.7,65.7,12,569.0,6,4
2,7.3,27.5,145.8,92.5,12,267.0,6,4
3,5.0,24.4,64.4,71.8,12,417.0,4,8
3,6.9,22.3,19.5,88.3,6,645.0,2,14
0,7.1,26.8,15.1,40.7,1,869.0,7,2
3,6.8,21.6,44.1,24.8,7,112.0,8,7
3,7.7,17.6,135.5,70.5,2,835.0,2,4
3,6.3,10.1,70.2,94.5,1,962.0,7,11
0,8.1,30.2,51.4,63.0,3,827.0,9,2
1,8.2,37.0,35.8,90.7,1,407.0,8,4
0,7.5,24.6,91.5,24.7,3,503.0,8,12
0,8.1,24.0,107.9,89.6,11,841.0,3,10
2,4.6,13.0,111.4,60.9,8,594.0,6,0
1,4.9,18.7,53.7,50.2,5,427.0,5,5
2,5.9,25.4,88.8,42.9,3,759.0,4,12
3,5.8,36.3,122.7,39.1,9,117.0,3,0
1,5.1,20.7,114.5,66.5,9,1090.0,1,7
2,7.2,33.3,58.6,64.7,5,398.0,4,3
0,7.4,36.0,136.7,75.3,2,816.0,7,12
2,8.4,19.5,164.2,31.0,9,1295.0,5,1
0,6.8,22.6,74.8,30.5,10,229.0,2,10
2,6.1,38.5,110.6,82.2,5,875.0,1,9
1,6.8,22.1,135.8,32.9,2,191.0,0,12
0,6.2,30.6,156.3,54.8,7,979.0,5,2
2,6.8,17.3,11.9,73.2,1,1069.0,2,1
0,4.5,21.4,10.8,54.0,1,1009.0,7,8
0,8.2,28.6,2.8,51.5,12,295.0,2,8
1,5.7,15.3,157.4,83.6,12,180.0,6,8
0,4.8,41.7,56.9,82.5,4,952.0,8,13
3,7.2,13.1,165.5,58.3,7,1497.0,1,0
3,7.9,38.1,17.7,86.3,12,735.0,0,13
1,7.3,14.1,97.8,47.4,10,322.0,9,11
2,4.6,13.8,104.8,83.0,7,856.0,4,0
3,8.4,18.4,98.6,77.4,9,913.0,2,1
1,5.8,12.0,47.4,20.5,6,115.0,7,8
2,6.2,19.5,185.4,33.9,4,760.0,2,12
1,7.3,41.3,59.2,29.3,5,1310.0,3,0
1,5.2,35.0,78.5,90.3,11,216.0,6,4
3,5.8,27.0,141.3,52.7,7,476.0,0,0
1,5.9,10.2,80.8,22.4,11,581.0,1,1
0,7.5,39.0,52.9,80.7,7,766.0,3,13
1,7.3,10.2,151.7,23.3,11,1375.0,7,1
3,6.7,31.9,177.2,27.2,2,200.0,3,4
2,8.1,41.3,27.6,92.0,10,475.0,2,4
3,6.0,29.1,63.8,89.2,7,1261.0,6,5
2,5.8,14.6,125.8,50.1,3,805.0,7,1
2,5.8,19.2,183.7,59.1,2,1395.0,7,0
3,5.8,33.6,12.8,35.0,10,894.0,3,14
1,6.6,28.8,135.2,32.3,11,826.0,0,8
2,7.1,16.2,173.9,31.9,12,600.0,5,1
2,6.6,10.5,127.6,73.9,3,675.0,6,1
3,8.4,29.6,4.7,71.6,2,1217.0,2,4
1,6.5,16.3,70.3,38.7,8,400.0,1,0
1,6.3,39.2,60.9,73.1,10,143.0,9,4
0,6.2,35.1,43.6,69.8,6,92.0,9,13
3,5.2,22.6,59.9,20.5,11,580.0,5,11
0,6.3,29.2,167.3,26.2,4,277.0,5,12
2,5.1,12.0,30.6,28.0,7,1421.0,6,1
2,6.2,15.4,167.6,71.9,5,1262.0,9,9
2,4.6,31.7,105.5,45.3,9,121.0,4,0
2,5.6,17.9,17.8,83.2,5,278.0,4,0
3,6.1,25.8,140.6,79.8,12,348.0,1,0
0,7.6,14.6,62.9,75.4,1,1496.0,6,8
1,6.8,10.3,116.7,24.7,1,1009.0,6,7
2,7.0,10.6,55.8,68.1,10,1215.0,2,1
3,6.3,30.7,143.6,71.5,3,563.0,1,12
1,6.9,14.6,150.4,52.3,10,269.0,7,1
1,6.9,29.3,54.3,38.9,1,466.0,4,4
0,7.9,20.4,78.9,65.7,6,515.0,7,8
0,5.9,17.0,62.0,24.0,3,739.0,2,11
3,6.8,35.8,132.7,93.5,3,1039.0,4,12
1,7.8,34.8,138.5,86.1,12,1329.0,3,4
2,8.0,13.0,23.7,50.0,5,1139.0,5,1
0,4.8,34.3,140.6,65.1,9,657.0,3,13
3,6.1,10.1,193.6,76.5,6,1128.0,1,0
3,7.9,10.4,89.5,81.2,6,391.0,8,0
2,5.6,31.9,146.7,65.2,3,218.0,8,12
2,5.9,15.7,49.8,24.7,2,313.0,4,4
0,6.7,26.7,42.9,29.8,6,353.0,7,8
2,6.9,33.0,93.9,77.1,7,164.0,8,0
3,5.7,41.5,179.4,88.4,1,889.0,2,4
3,5.3,34.0,46.9,71.9,11,471.0,7,14
3,5.6,26.9,97.2,58.0,10,368.0,0,4
0,6.4,10.2,140.7,60.2,3,437.0,0,12
2,8.5,23.1,76.8,90.6,1,1283.0,9,4
0,7.5,23.5,121.6,24.4,8,1490.0,3,10
0,7.6,13.8,187.0,85.6,2,74.0,8,12
0,6.9,12.8,132.1,42.0,1,554.0,8,11
0,6.3,31.8,42.2,40.2,6,1030.0,0,14
2,7.2,27.0,79.0,87.2,6,127.0,0,0
3,7.1,38.7,9.0,20.1,3,312.0,8,12
1,6.8,10.1,71.0,68.1,11,33.0,5,11
0,5.2,12.3,130.2,50.9,7,90.0,5,12
1,8.4,14.3,70.2,89.7,3,80.0,0,1
0,8.3,21.8,2.8,91.6,9,727.0,0,10
3,8.5,26.5,14.5,94.4,4,1108.0,7,14
2,8.3,11.9,85.1,94.6,2,810.0,6,4
1,5.7,38.4,93.1,87.1,5,177.0,7,9
3,7.2,36.0,156.2,75.6,2,1187.0,7,4
1,7.0,18.7,2.0,66.0,12,255.0,0,8
3,6.9,41.6,100.1,26.6,3,579.0,4,12
1,5.6,36.9,121.6,68.1,2,1492.0,8,12
3,7.6,37.1,182.6,65.2,11,264.0,2,4
3,7.8,20.7,18.3,88.9,9,1325.0,5,1
3,5.8,29.7,175.6,63.0,5,525.0,9,0
1,5.6,35.2,43.3,27.9,9,597.0,1,5
1,7.8,31.7,42.3,46.8,11,236.0,1,5
2,7.9,41.9,44.9,41.1,3,255.0,8,12
1,7.1,12.8,71.1,83.0,1,1136.0,6,1
0,5.2,11.7,46.8,64.9,3,22.0,2,11
2,8.0,36.3,41.2,63.9,1,498.0,9,4
1,5.7,12.4,84.9,71.3,6,780.0,2,0
1,4.8,29.8,131.7,29.3,5,1454.0,3,0
1,6.7,21.1,70.1,70.7,5,918.0,3,14
0,8.1,36.9,28.1,66.2,5,1304.0,9,13
0,6.3,40.4,122.2,55.9,11,1437.0,6,11
2,6.2,18.5,133.1,93.7,5,1486.0,7,0
2,8.3,29.6,116.6,33.7,8,1439.0,4,0
2,7.4,36.6,173.3,49.8,8,1490.0,9,0
1,5.2,35.6,31.8,79.6,10,1003.0,1,11
3,7.4,39.8,175.1,66.6,12,975.0,6,4
0,5.5,22.0,154.1,46.3,7,1484.0,6,12
0,6.3,25.4,157.4,32.2,3,1142.0,1,2
3,7.9,38.8,92.3,21.4,3,583.0,9,12
3,6.4,39.8,7.4,78.3,2,147.0,5,4
0,5.0,20.3,32.4,52.6,12,28.0,6,8
0,7.3,38.1,157.4,31.2,1,1323.0,8,13
2,6.7,23.8,188.8,36.5,9,415.0,9,4
3,5.2,20.8,131.5,60.9,10,1106.0,1,4
1,4.9,33.7,83.5,75.7,10,1415.0,5,9
2,6.6,26.0,191.1,94.8,5,205.0,3,0
2,5.5,38.9,188.2,85.2,2,1204.0,8,4
0,5.8,13.4,27.0,29.2,8,1452.0,5,11
2,6.4,38.4,118.8,28.4,7,109.0,4,0
1,4.6,36.0,119.9,47.7,3,954.0,0,12
2,7.6,41.1,17.3,64.6,2,723.0,2,4
1,8.3,31.4,59.0,92.3,9,854.0,7,14
0,4.8,19.4,81.8,40.6,6,1417.0,1,7
3,5.2,37.5,171.5,77.8,2,61.0,1,4
0,8.3,34.1,3.6,63.9,6,121.0,1,13
2,4.7,29.0,131.4,84.9,1,82.0,9,4
2,7.1,21.3,109.5,51.0,4,1409.0,7,3
2,5.9,32.0,122.1,81.6,7,733.0,0,0
3,4.5,22.1,183.7,76.5,6,46.0,1,12
0,8.3,27.1,11.6,31.5,5,1091.0,7,13
3,4.7,24.4,88.0,32.0,7,673.0,5,0
0,8.3,25.8,134.4,52.3,11,212.0,0,5
0,5.0,26.4,4.8,28.4,10,851.0,0,5
3,4.9,16.0,22.4,53.0,2,355.0,1,1
2,7.2,24.3,76.4,84.8,6,572.0,5,3
3,7.1,30.7,147.4,73.0,9,1362.0,3,4
1,5.2,14.9,31.9,52.7,12,961.0,1,1
0,6.0,37.1,150.4,89.8,5,1388.0,2,13
0,7.5,38.2,107.8,86.3,10,1156.0,5,13
2,8.3,32.8,197.5,43.8,10,25.0,1,4
1,4.9,14.3,148.5,80.8,12,1391.0,1,1
2,7.8,41.6,90.1,76.8,2,431.0,4,12
1,7.7,37.3,14.1,37.1,7,771.0,1,13
0,6.3,39.0,29.0,66.7,1,1167.0,5,2
0,8.0,19.2,153.9,26.8,3,1060.0,1,10
1,5.3,13.9,127.8,79.0,12,464.0,8,8
3,6.1,35.6,83.2,39.8,5,1295.0,3,0
0,6.6,26.1,124.6,69.9,12,520.0,4,10
0,7.2,15.9,170.3,28.7,11,1127.0,4,11
1,5.9,26.3,24.7,20.5,2,107.0,4,2
1,8.2,18.8,79.7,39.5,3,922.0,7,1
3,5.9,19.0,170.1,57.4,6,1037.0,1,5
2,4.5,11.9,195.6,46.7,8,951.0,8,0
1,8.3,33.3,118.0,87.5,8,686.0,7,12
2,7.7,12.2,187.3,25.2,6,130.0,3,0
1,7.5,14.3,70.8,35.2,2,1235.0,0,1
1,5.0,36.6,163.2,81.7,6,462.0,0,0
0,4.6,20.2,140.4,21.6,7,350.0,2,0
0,6.7,26.6,160.6,46.1,11,1420.0,6,5
3,7.9,17.4,114.2,33.7,7,1282.0,5,0
2,6.1,38.4,82.9,50.4,1,23.0,3,4
1,8.0,23.5,191.2,48.6,12,719.0,8,10
1,4.9,22.8,101.7,88.8,8,207.0,5,0
0,8.0,22.5,44.1,37.0,2,710.0,3,10
1,6.2,10.2,5.3,53.4,7,981.0,9,1
1,6.6,35.6,52.3,29.0,2,870.0,0,4
3,5.0,21.2,46.5,80.0,7,1221.0,3,5
2,4.7,39.0,138.6,51.3,9,656.0,2,0
1,6.1,25.2,191.4,87.5,1,1110.0,9,4
3,6.8,38.3,93.1,68.0,5,1219.0,8,9
1,7.5,38.3,83.0,69.0,6,952.0,8,3
2,8.0,15.5,76.4,74.2,12,1043.0,7,10
0,7.6,35.6,77.6,33.9,9,106.0,6,13
1,7.8,37.8,62.4,43.4,10,1351.0,6,4
1,5.5,18.1,20.9,59.9,1,1023.0,5,5
0,5.0,38.7,40.4,69.4,12,17.0,5,13
0,7.1,22.5,146.7,75.9,5,583.0,0,12
3,4.8,36.5,96.8,42.6,12,1011.0,9,0
3,5.3,15.2,155.2,54.6,3,177.0,6,4
3,6.5,13.8,121.1,59.3,10,1207.0,7,1
1,7.8,23.0,112.0,66.7,6,524.0,2,3
2,5.7,31.5,76.8,74.9,6,573.0,2,0
1,8.2,16.1,172.9,77.9,6,275.0,5,0
2,8.2,38.0,46.3,55.7,9,951.0,7,4
2,6.6,22.2,137.5,29.2,11,186.0,9,4
2,8.3,10.6,101.2,24.5,6,1000.0,4,0
1,6.1,36.0,13.0,87.5,5,284.0,6,12
1,8.5,21.8,76.2,53.4,11,305.0,3,1
0,4.6,26.1,127.7,51.4,5,223.0,0,0
1,4.7,21.8,14.1,77.2,4,1228.0,3,5
1,4.6,27.4,41.2,33.7,4,726.0,3,3
3,7.7,18.8,138.1,56.3,5,799.0,6,14
2,6.7,18.7,54.9,32.6,11,1212.0,2,1
2,4.6,12.3,8.9,21.1,9,1451.0,2,11
0,7.3,34.4,42.6,79.6,1,1102.0,6,2
1,6.3,20.1,26.1,76.6,12,1335.0,9,1
2,5.1,29.0,25.6,28.4,10,832.0,8,10
1,7.6,25.2,184.9,84.6,8,646.0,4,12
0,7.5,18.9,86.0,59.8,4,490.0,5,3
3,6.5,19.7,26.7,59.9,3,1448.0,2,11
0,4.8,18.4,154.2,68.5,1,1253.0,2,7
0,7.7,18.2,80.2,29.3,5,171.0,3,7
1,6.9,20.3,115.3,44.6,8,396.0,3,0
0,6.7,26.2,198.7,47.8,11,39.0,9,5
1,4.8,26.4,4.5,38.1,7,62.0,6,5
2,6.8,34.0,175.6,35.3,12,267.0,8,4
1,8.4,29.5,146.9,59.6,8,1108.0,0,12
1,6.6,40.6,78.2,54.9,8,278.0,0,12
0,7.0,17.3,188.2,58.1,9,895.0,2,10
3,4.9,14.4,128.2,42.3,4,1008.0,7,1
2,5.7,31.3,152.4,75.1,1,546.0,4,0
1,5.0,14.1,85.8,34.4,5,1486.0,6,9
0,4.8,30.9,185.5,49.6,2,626.0,4,2
2,5.2,19.8,130.3,81.7,5,309.0,2,0
2,6.9,22.5,44.4,64.5,9,1286.0,8,1
1,7.5,23.4,63.4,91.5,1,660.0,2,4
1,6.9,21.2,169.6,94.5,11,1440.0,9,1
2,5.3,19.4,61.8,43.4,5,1015.0,4,14
0,7.2,25.1,159.8,48.1,6,294.0,1,13
2,6.5,24.9,157.5,77.8,2,117.0,9,4
0,4.7,18.3,167.2,24.1,10,1442.0,5,11
1,7.7,27.4,142.1,51.2,8,1117.0,0,12
3,8.5,17.6,19.3,79.9,8,1197.0,4,10
0,8.2,25.7,183.4,65.9,5,418.0,5,12
3,7.4,26.5,128.4,54.6,12,1069.0,2,4
3,5.7,12.7,22.5,40.0,1,1214.0,7,1
2,6.7,23.5,61.6,29.0,6,457.0,7,12
3,5.9,25.5,134.4,66.1,8,955.0,3,0
1,7.5,22.1,160.1,26.9,4,1279.0,1,3
1,7.1,29.5,154.6,75.7,3,234.0,6,12
3,8.2,39.4,126.4,57.1,9,368.0,8,4
3,6.6,28.9,63.6,29.0,10,146.0,8,4
3,4.6,18.5,124.3,91.7,1,1355.0,9,7
1,6.0,36.4,129.4,64.8,2,1250.0,9,12
1,6.5,16.2,55.1,73.8,8,560.0,9,1
3,7.7,27.5,136.1,76.9,10,469.0,2,4
0,5.5,30.1,151.0,22.9,7,656.0,8,13
0,6.4,28.2,77.4,38.3,4,86.0,9,12
0,8.0,29.3,18.7,65.3,11,931.0,9,10
2,5.7,32.5,11.4,39.9,1,1003.0,2,0
1,4.7,30.7,55.1,76.6,7,493.0,3,5
1,5.3,33.5,25.3,37.3,6,1349.0,8,14
3,5.5,22.7,15.9,70.2,6,630.0,5,5
0,6.1,37.0,59.5,74.3,8,460.0,9,13
3,6.6,25.6,150.6,70.8,8,1017.0,5,0
0,7.3,37.3,28.4,57.9,12,1127.0,1,13
2,7.6,30.9,16.4,51.2,10,1367.0,6,10
2,6.8,31.0,98.7,52.9,3,1237.0,5,12
2,7.2,25.9,194.9,86.9,1,886.0,6,4
0,6.8,31.6,105.7,79.6,12,1120.0,2,2
0,7.4,13.5,81.2,88.9,12,39.0,4,11
1,5.2,23.4,76.5,87.1,7,1140.0,5,12
2,5.2,16.4,78.6,25.8,1,284.0,2,4
3,8.4,15.4,109.7,53.6,7,971.0,3,0
0,7.8,40.4,185.1,84.0,7,934.0,1,13
3,4.9,28.3,186.0,60.6,4,690.0,8,0
2,6.5,11.0,81.0,56.5,12,537.0,2,1
1,7.0,11.6,48.4,32.1,3,1159.0,0,1
1,8.1,25.4,44.6,55.5,1,688.0,7,2
0,5.9,36.7,65.4,84.7,7,735.0,1,13
1,6.6,25.2,75.8,70.0,10,1147.0,0,10
3,7.7,24.0,39.1,61.0,5,34.0,0,3
3,8.2,17.4,50.0,33.6,9,510.0,1,1
2,5.8,10.1,120.1,44.7,1,811.0,2,4
0,7.3,15.3,54.0,91.4,6,1273.0,2,8
0,4.7,23.0,180.1,50.9,3,96.0,1,12
3,5.7,12.3,94.7,44.0,2,828.0,5,1
2,7.6,26.0,45.4,84.7,11,1484.0,5,10
2,8.5,32.7,167.6,57.6,10,236.0,6,4
1,5.0,13.9,143.1,62.6,5,252.0,9,5
1,5.8,41.9,47.4,36.9,11,132.0,0,5
2,6.6,28.1,45.7,63.0,7,1016.0,9,6
3,6.7,27.6,104.3,76.8,9,1112.0,1,7
3,6.5,21.6,127.4,23.9,9,267.0,2,4
1,6.9,37.9,93.9,81.2,12,229.0,4,4
1,5.6,32.5,143.6,69.8,8,896.0,8,0
0,8.0,22.8,135.4,83.5,10,511.0,5,11
1,7.6,17.3,122.9,33.2,7,762.0,3,12
3,4.5,13.4,88.1,74.5,3,167.0,7,1
1,6.6,19.1,68.1,73.9,12,682.0,2,1
0,5.9,26.0,82.1,22.5,2,14.0,1,2
0,6.0,40.5,26.6,40.9,8,1352.0,1,13
3,6.9,17.1,163.9,25.0,6,1299.0,2,8
3,7.7,15.8,105.6,32.7,2,373.0,6,4
2,6.8,17.6,23.4,94.2,7,905.0,1,1
2,4.7,16.9,173.6,22.4,7,742.0,0,0
3,4.7,25.4,101.8,51.1,1,718.0,3,7
2,6.4,28.4,132.0,39.5,7,856.0,7,0
3,6.9,29.1,68.7,43.4,4,1417.0,6,3
2,7.6,26.8,101.6,21.6,10,513.0,1,4
2,8.3,12.9,59.5,37.7,2,562.0,3,1
3,7.1,32.3,163.8,81.0,8,226.0,8,12
0,8.2,39.5,60.7,66.4,9,1477.0,6,13
0,6.2,16.1,120.7,57.6,5,1332.0,9,8
2,5.9,22.6,131.9,63.1,10,328.0,9,4
2,7.2,25.5,73.6,63.3,3,477.0,8,12
2,5.1,18.5,3.9,80.4,11,570.0,5,1
2,4.7,34.0,122.8,81.9,5,944.0,5,0
3,5.2,25.7,190.0,64.5,9,1194.0,2,14
0,5.2,26.8,111.6,63.6,7,938.0,1,2
0,7.9,38.3,173.2,30.0,10,425.0,4,4
3,6.1,32.6,142.5,70.6,11,1397.0,0,0
2,5.4,17.5,107.0,53.0,9,1171.0,1,1
1,5.3,23.4,12.1,59.6,3,655.0,8,1
0,8.0,19.1,167.2,42.3,7,725.0,0,5
2,8.4,42.0,82.1,74.7,9,413.0,5,4
0,6.7,38.9,109.1,47.0,7,535.0,3,13
0,8.4,33.1,41.6,37.4,10,597.0,4,10
3,5.2,19.1,91.5,89.8,1,1114.0,8,7
3,6.9,41.0,97.1,49.6,12,1089.0,4,4
3,7.6,28.7,80.7,26.4,2,157.0,7,4
1,8.2,20.2,156.1,82.4,7,589.0,6,0
3,8.2,35.1,26.4,57.2,12,1328.0,6,4
0,6.2,15.5,92.4,60.9,1,119.0,8,8
3,6.5,20.6,139.5,66.5,2,665.0,7,4
0,7.3,32.1,80.1,59.8,2,1020.0,4,12
3,8.3,26.3,136.6,36.8,3,1497.0,9,12
3,5.7,22.5,119.9,21.5,10,1126.0,3,1
3,5.1,24.1,162.4,28.4,5,872.0,8,12
1,4.6,13.7,164.0,83.9,6,899.0,3,5
0,6.5,41.2,56.9,94.3,4,744.0,6,13
2,7.2,12.3,154.1,90.4,1,463.0,0,12
3,5.5,33.9,94.1,25.9,5,815.0,7,9
0,7.0,31.4,39.4,34.4,8,1025.0,1,13
1,6.4,29.4,89.9,31.7,7,436.0,7,12
1,5.4,29.5,51.1,51.0,12,43.0,9,8
3,7.0,31.6,159.3,64.4,11,1116.0,7,4
3,5.3,34.6,157.8,72.3,9,1178.0,3,4
3,7.3,20.9,71.8,50.8,1,1416.0,7,4
2,4.7,30.8,48.3,43.7,9,1021.0,2,14
1,8.0,31.9,77.1,88.6,9,128.0,0,5
2,7.4,37.0,54.7,91.8,4,1177.0,2,12
1,6.9,26.8,52.9,26.6,6,664.0,1,5
3,6.1,12.7,134.7,53.9,1,1096.0,2,4
1,6.7,13.0,121.0,26.0,5,731.0,0,8
3,6.7,36.5,187.9,43.1,10,251.0,9,4
0,6.6,16.0,153.8,58.0,8,906.0,2,11
1,8.0,26.9,78.5,81.3,11,800.0,8,10
3,5.8,28.5,16.0,27.0,10,1289.0,4,10
3,5.0,27.6,8.1,46.8,10,661.0,0,5
2,6.8,38.1,106.8,78.1,5,164.0,1,0
2,5.6,29.3,48.4,77.9,6,575.0,7,3
0,5.5,40.1,26.3,20.4,1,473.0,3,2
2,4.7,33.4,6.8,39.8,11,557.0,7,10
2,7.1,33.0,80.2,46.1,8,1183.0,9,12
1,8.2,38.5,155.9,64.0,4,1415.0,8,12
3,7.3,26.5,181.1,89.1,3,230.0,1,12
3,5.7,40.0,79.1,40.3,6,503.0,0,13
3,7.8,12.3,146.1,54.8,6,625.0,2,1
1,5.1,30.4,122.1,22.9,9,1002.0,4,4
0,6.9,11.2,153.9,37.1,11,1235.0,1,1
1,8.4,15.6,163.8,77.5,1,1102.0,2,4
1,7.7,19.6,29.1,20.6,4,1397.0,1,14
3,7.8,24.7,132.3,60.1,1,3.0,0,4
1,7.7,25.7,78.7,79.0,2,1086.0,5,12
2,6.9,34.3,54.3,84.6,7,106.0,4,0
1,6.8,30.4,145.9,88.4,7,466.0,1,12
3,7.4,17.0,73.8,55.8,5,521.0,1,1
0,5.3,33.4,111.0,70.9,5,1020.0,3,9
3,7.2,10.8,139.2,69.5,1,746.0,5,1
3,8.2,16.8,147.0,22.8,4,718.0,3,11
1,6.4,18.0,191.8,39.9,2,429.0,5,12
2,7.6,27.8,44.7,59.5,7,634.0,8,6
3,6.9,26.0,63.6,21.1,11,688.0,3,10
0,7.3,16.5,13.7,64.8,3,15.0,0,11
1,6.1,15.8,83.2,78.4,11,909.0,6,1
1,4.7,35.2,110.5,28.2,2,664.0,1,12
2,7.3,34.1,108.4,65.2,8,710.0,8,0
3,8.1,33.4,158.2,33.1,8,124.0,5,12
2,7.1,16.6,52.3,48.5,7,1344.0,0,0
0,6.7,19.5,147.3,37.2,9,1470.0,0,11
0,6.4,39.5,196.3,48.8,1,1084.0,0,13
0,8.0,20.9,49.7,89.9,12,596.0,5,10
2,5.1,21.3,105.8,51.9,8,980.0,2,0
0,7.2,31.8,151.4,71.4,6,63.0,6,12
1,5.8,19.0,120.2,49.4,5,868.0,7,5
1,6.8,21.4,159.3,47.1,12,2.0,5,4
0,5.0,37.5,17.8,95.0,8,208.0,1,13
3,4.9,22.0,157.9,87.6,4,80.0,5,0
1,7.2,24.8,44.3,48.2,7,820.0,0,5
1,7.4,13.3,158.6,84.4,5,955.0,9,1
0,4.5,15.4,117.4,25.0,4,6.0,9,10
3,8.3,18.5,137.8,58.3,2,1017.0,2,12
2,6.9,28.1,6.3,60.3,1,699.0,2,6
3,8.4,24.1,181.3,94.7,9,1334.0,0,4
0,7.5,21.8,19.5,45.3,12,226.0,8,11
0,7.5,13.1,104.3,31.9,11,860.0,0,11
1,6.6,21.9,58.7,86.8,3,1033.0,7,1
0,8.4,31.2,144.9,93.8,4,885.0,0,3
0,5.9,12.5,41.9,72.4,2,947.0,2,11
1,6.4,30.4,37.0,87.1,2,557.0,2,2
2,5.4,25.6,90.7,49.4,1,451.0,7,4
2,5.6,35.8,55.8,21.9,8,1247.0,4,0
2,6.0,37.2,104.3,32.4,10,345.0,3,4
1,5.4,37.6,170.7,88.7,10,1330.0,4,4
3,6.5,34.3,192.1,54.3,7,1207.0,7,0
0,5.9,14.0,98.9,62.1,1,701.0,3,7
0,5.5,21.7,123.1,69.1,10,1428.0,0,11
2,8.0,29.7,81.8,93.7,3,452.0,5,12
3,7.9,19.3,141.2,26.1,6,952.0,3,8
0,7.0,14.6,109.3,45.8,5,23.0,6,14
3,8.1,32.1,54.2,75.8,6,293.0,4,0
0,6.6,38.3,161.0,93.7,3,1357.0,6,13
3,5.5,13.0,151.1,21.7,2,37.0,9,12
3,6.7,16.1,92.9,34.8,7,1332.0,9,0
0,8.4,20.2,73.7,51.2,3,1152.0,1,5
2,6.6,13.4,172.6,55.2,6,1055.0,8,0
3,6.3,27.2,166.6,38.4,10,1230.0,7,4
0,6.4,31.1,181.8,44.6,12,9.0,0,12
3,8.3,23.4,116.1,40.6,6,1372.0,9,0
0,6.3,10.3,114.7,32.7,11,499.0,8,1
3,7.0,41.2,72.9,69.1,7,689.0,0,0
0,6.2,18.1,13.9,93.2,11,271.0,3,10
1,7.1,32.6,127.3,20.4,10,485.0,3,4
3,6.8,33.2,198.0,36.6,7,1462.0,7,0
3,6.6,37.3,30.1,39.7,9,15.0,2,14
1,6.7,28.3,192.7,31.3,5,362.0,0,12
1,8.3,14.1,92.3,31.4,5,398.0,1,3
3,8.3,41.1,164.1,58.4,9,315.0,8,4
1,5.7,24.8,167.7,38.3,2,753.0,3,4
0,6.4,39.8,15.7,75.2,11,738.0,7,13
1,5.2,28.5,60.8,93.9,10,61.0,2,4
0,6.4,39.0,102.5,20.7,8,183.0,4,13
2,6.6,30.1,10.6,93.9,2,817.0,5,4
0,7.7,37.5,80.5,38.2,8,306.0,0,12
0,8.1,35.7,130.3,56.8,4,390.0,5,12
3,6.7,24.9,29.9,49.0,12,1411.0,4,1
1,5.5,17.5,142.0,21.8,9,1222.0,8,1
3,4.6,10.4,130.6,63.0,11,481.0,2,11
3,6.7,26.9,22.0,89.8,9,696.0,8,10
3,6.8,38.3,161.0,91.1,2,909.0,4,4
2,8.0,20.0,104.3,62.5,4,1241.0,6,3
3,5.6,21.0,100.4,66.2,10,755.0,6,4
0,5.7,27.7,15.2,62.0,2,1154.0,1,2
1,4.7,35.8,128.5,69.4,7,963.0,2,0
2,8.4,35.9,133.6,73.1,8,871.0,9,0
1,7.9,19.5,158.9,84.3,3,1424.0,7,12
3,6.7,41.0,177.4,62.9,5,729.0,9,12
3,8.5,40.8,154.1,20.5,2,357.0,0,4
0,7.1,14.5,72.1,37.8,7,422.0,7,5
2,7.4,30.5,154.8,37.5,7,954.0,8,0
3,7.8,16.1,160.3,93.9,5,300.0,1,3
2,7.9,38.7,193.4,86.2,5,1277.0,2,3
2,5.9,26.0,7.8,65.7,7,301.0,6,0
2,8.1,21.2,92.0,78.2,7,1000.0,3,0
3,5.1,15.3,160.5,46.9,6,336.0,3,0
0,7.3,35.5,136.5,51.6,10,568.0,4,4
0,8.1,13.3,33.8,30.5,11,916.0,7,11
0,7.6,21.8,84.2,77.0,3,421.0,4,3
1,4.9,23.2,87.0,93.8,6,946.0,0,9
3,4.7,24.7,77.5,24.1,6,975.0,5,0
1,5.1,34.2,26.1,92.7,12,1177.0,6,2
2,5.5,35.2,118.9,82.6,8,1200.0,8,0
3,6.1,41.2,9.3,86.7,1,796.0,3,2
2,6.7,25.6,136.2,71.2,3,574.0,7,12
1,6.2,30.1,45.9,37.0,8,1069.0,0,6
1,5.0,19.4,30.9,87.7,6,220.0,8,5
3,7.9,38.1,102.6,74.3,4,86.0,0,3
2,5.8,21.0,82.4,41.2,4,728.0,1,9
2,6.3,39.8,128.6,35.6,3,988.0,4,12
2,6.9,22.8,146.5,29.3,1,269.0,5,4
2,6.3,33.5,180.3,75.3,1,11.0,3,4
3,5.2,18.1,187.0,40.6,6,1041.0,0,5
0,6.0,22.7,144.5,44.2,2,2.0,7,4
0,5.6,14.8,33.4,65.1,11,949.0,5,8
3,8.4,40.3,114.3,63.7,3,861.0,0,12
0,4.6,29.3,60.3,81.5,8,1233.0,9,13
1,7.8,41.8,76.9,88.2,11,1024.0,9,10
2,4.9,11.8,176.3,90.0,12,1395.0,8,1
0,4.6,32.1,143.5,49.7,11,18.0,2,4
3,8.3,28.5,184.4,46.2,1,1386.0,2,4
3,5.8,27.1,163.4,77.4,2,152.0,0,12
0,5.7,31.5,73.6,92.1,5,836.0,9,13
2,6.2,34.0,27.8,26.5,4,1146.0,1,14
2,8.3,40.3,174.4,25.9,10,93.0,4,4
3,7.3,15.0,69.8,23.6,5,688.0,7,11
1,5.1,12.3,26.6,48.2,11,935.0,5,1
1,7.3,16.5,18.6,90.1,3,533.0,3,10
3,8.0,11.4,122.4,46.1,3,741.0,2,1
3,4.9,19.3,56.2,62.9,1,978.0,3,7
2,5.0,40.7,164.1,84.3,5,350.0,6,0
1,5.3,26.4,82.8,72.9,4,980.0,5,3
0,5.1,28.8,23.2,90.9,7,807.0,4,2
1,8.1,19.1,7.4,53.8,6,142.0,2,5
1,5.5,26.6,159.8,86.5,7,1026.0,6,0
2,7.9,22.1,20.9,26.8,12,23.0,0,1
3,7.2,33.3,96.9,29.6,11,974.0,4,0
2,8.3,10.5,171.3,37.8,10,1235.0,4,1
1,7.0,31.8,14.3,65.6,5,1303.0,4,14
2,5.8,39.6,10.3,80.5,11,607.0,7,13
3,6.5,29.0,93.7,45.4,10,817.0,3,4
2,8.3,15.8,112.1,66.1,5,139.0,4,9
0,6.3,12.4,136.3,81.1,7,668.0,3,11
3,6.3,11.4,195.7,38.6,12,694.0,2,1
0,4.6,13.6,104.2,75.0,11,1088.0,6,11
1,5.1,37.3,34.1,86.5,2,672.0,0,12
3,5.4,30.4,92.0,64.8,4,465.0,6,3
0,5.4,34.3,4.9,92.3,11,235.0,5,14
2,6.1,16.9,112.3,84.6,5,1108.0,3,9
3,5.9,30.9,188.4,71.1,9,54.0,0,0
3,5.3,27.0,150.3,39.2,11,1312.0,8,4
2,5.0,13.7,13.4,43.0,5,332.0,0,14
0,5.3,21.7,7.3,52.4,5,1416.0,0,14
2,4.6,28.3,123.8,39.3,11,410.0,6,0
1,5.4,26.3,197.1,60.7,1,1317.0,3,4
0,5.6,17.1,132.9,91.0,8,1004.0,0,8
3,6.9,27.9,118.5,35.1,12,937.0,6,7
1,8.0,14.5,12.2,35.9,7,159.0,0,1
0,5.9,19.8,21.2,87.0,10,885.0,4,11
0,7.0,15.6,127.8,21.1,6,1412.0,6,8
2,8.0,27.4,12.5,94.2,4,193.0,4,3
1,7.8,34.6,77.7,89.5,6,581.0,7,3
2,4.5,16.6,90.2,60.0,11,512.0,2,11
1,7.2,22.8,89.1,86.5,4,249.0,4,3
1,7.1,30.9,37.8,77.8,8,1055.0,3,5
0,7.9,37.7,195.3,22.1,11,261.0,3,4
1,7.9,27.9,108.3,55.7,7,81.0,2,12
0,7.8,16.1,137.8,35.0,2,892.0,8,10
2,5.9,14.3,14.2,40.1,8,1475.0,4,1
3,7.3,34.3,129.2,57.8,3,803.0,0,12
0,7.7,38.1,102.5,37.5,11,767.0,1,10
3,8.3,39.3,103.0,55.6,7,1121.0,7,0
3,7.4,11.2,152.6,70.8,5,289.0,8,1
1,7.5,35.4,15.1,40.6,8,490.0,6,12
3,7.7,25.1,85.5,52.8,1,1449.0,7,7
1,6.1,23.3,17.1,21.2,2,1046.0,2,10
2,8.4,39.2,139.7,34.0,5,296.0,1,0
0,6.3,37.2,147.9,33.8,7,116.0,3,12
2,6.7,13.5,44.9,58.4,12,231.0,0,8
2,7.9,25.4,134.0,87.1,5,516.0,0,3
1,4.5,24.1,7.1,90.5,11,665.0,4,11
2,7.8,26.8,169.2,39.9,6,692.0,3,3
1,5.6,12.2,161.8,21.9,8,712.0,4,1
2,5.5,22.7,74.7,87.5,5,910.0,5,9
1,7.8,11.0,170.7,24.8,6,80.0,5,12
3,5.8,17.0,171.5,42.8,11,329.0,1,1
0,4.8,10.5,184.7,73.4,3,756.0,6,11
0,4.6,19.6,28.1,30.9,12,973.0,1,8
0,5.5,19.8,86.7,22.3,6,742.0,2,7
1,6.5,24.5,160.8,78.5,2,30.0,5,12
3,7.5,25.1,133.0,43.4,6,1498.0,4,12
0,7.0,11.2,148.4,86.1,6,770.0,3,8
3,8.0,21.1,98.3,86.1,5,1005.0,1,3
2,7.9,10.3,18.6,78.6,8,1426.0,3,1
3,4.7,38.3,185.2,43.0,9,44.0,9,0
1,6.4,40.1,130.8,30.1,5,665.0,9,0
2,4.8,39.0,116.4,58.1,7,1209.0,3,0
2,7.3,22.2,34.2,81.8,3,1067.0,4,3
0,8.2,40.3,3.9,36.8,1,1401.0,3,2
2,7.9,36.0,103.7,57.7,11,79.0,2,0
2,4.7,41.9,10.7,57.8,3,589.0,3,12
0,7.2,35.2,140.8,48.1,4,570.0,3,12
2,6.9,39.9,9.5,85.1,10,299.0,9,4
2,7.5,28.7,146.7,23.4,9,388.0,5,0
1,4.7,41.2,186.1,24.5,9,623.0,5,4
1,8.3,29.6,11.2,44.4,10,128.0,7,5
3,6.9,36.9,97.7,26.3,7,114.0,3,0
3,8.5,40.2,161.9,75.5,7,387.0,6,0
2,8.0,20.7,137.6,50.7,11,462.0,7,4
2,8.5,13.1,91.5,67.8,6,969.0,6,3
3,4.7,35.8,9.2,66.2,5,1441.0,9,0
1,7.5,21.9,144.2,22.5,9,94.0,0,4
3,7.2,40.4,46.0,67.6,7,301.0,1,0
1,5.7,39.9,14.7,34.6,11,10.0,0,5
2,5.5,28.5,108.1,63.8,9,1275.0,0,9
2,8.4,40.8,162.4,71.1,5,508.0,2,0
2,5.2,34.5,78.2,72.5,2,1089.0,6,4
1,6.5,32.7,112.7,29.0,11,530.0,9,4
1,5.7,18.5,149.1,64.2,5,84.0,0,0
1,8.2,41.5,148.3,55.4,7,648.0,0,12
0,6.3,41.0,71.1,32.6,7,703.0,5,13
1,7.7,17.8,101.1,46.7,11,470.0,9,10
1,6.7,11.4,53.4,84.0,9,644.0,3,1
3,7.0,42.0,137.3,28.3,3,757.0,8,12
3,8.4,27.0,184.1,77.8,12,475.0,3,4
2,6.3,36.5,128.8,23.7,10,62.0,2,4
2,5.0,21.7,38.9,26.8,11,554.0,7,1
3,5.1,40.2,147.6,63.0,4,994.0,6,12
1,8.3,15.5,110.6,68.4,9,966.0,4,1
1,6.9,28.1,107.5,72.0,1,249.0,9,4
0,4.5,30.1,90.8,75.0,10,481.0,0,4
0,5.6,24.2,149.0,39.5,12,205.0,5,0
2,6.8,41.8,111.3,69.3,10,1440.0,8,4
2,5.2,28.7,169.5,77.9,9,247.0,7,4
1,7.5,17.9,41.2,53.1,6,21.0,1,8
2,7.6,15.6,168.3,62.9,9,479.0,6,10
0,7.4,15.0,177.3,65.8,2,1137.0,0,11
1,5.9,10.2,102.9,41.4,10,1441.0,9,11
1,6.4,37.0,115.5,34.2,12,664.0,8,4
1,8.5,20.5,187.9,79.6,12,236.0,1,4
1,5.8,41.5,196.5,58.6,1,1065.0,5,4
1,7.3,37.9,78.5,81.7,10,590.0,3,4
0,5.6,11.2,188.2,46.9,2,352.0,4,2
2,7.4,38.7,27.6,38.1,4,234.0,0,13
3,6.9,12.5,101.1,35.2,1,518.0,1,1
2,5.7,24.0,142.4,69.8,7,515.0,3,0
2,7.8,30.3,22.4,67.4,6,212.0,9,3
3,4.7,20.4,85.7,22.3,1,331.0,8,4
1,6.9,16.2,134.4,87.2,2,770.0,8,4
3,5.8,36.1,66.8,91.8,5,371.0,3,0
1,5.0,38.3,179.1,61.6,6,1382.0,1,12
3,5.9,30.1,134.5,84.5,3,1416.0,8,12
3,4.8,37.4,117.0,73.9,4,1034.0,4,12
1,6.0,12.9,57.3,23.6,9,1085.0,9,1
2,7.3,15.2,41.4,88.9,12,1278.0,0,1
3,6.8,12.0,71.4,54.6,3,1284.0,9,1
1,6.7,33.5,93.7,58.0,3,769.0,4,12
0,8.0,28.4,199.1,53.6,10,722.0,7,10
3,5.9,16.2,182.4,72.4,12,1300.0,5,8
2,6.5,36.5,87.4,29.5,5,1384.0,6,0
3,8.1,40.8,65.3,55.8,11,826.0,3,1
0,8.4,11.1,107.0,66.6,12,90.0,3,11
0,7.8,20.8,7.7,53.1,5,1253.0,0,8
0,8.2,30.8,154.3,20.0,5,720.0,4,12
3,4.8,13.9,93.3,47.6,8,220.0,2,0
0,7.3,16.5,9.8,47.9,10,441.0,6,10
2,6.4,16.7,80.9,62.7,10,1253.0,5,1
1,6.0,23.4,39.6,90.5,8,1011.0,7,7
2,6.1,17.8,111.8,56.1,3,1201.0,5,12
3,4.5,34.2,142.9,36.2,7,1028.0,3,0
0,7.2,33.3,65.2,40.4,1,1460.0,9,2
1,6.8,38.6,143.8,71.7,8,749.0,0,12
1,6.3,13.4,181.0,52.8,6,1306.0,4,8
0,7.6,18.2,55.8,30.8,4,653.0,2,10
2,7.0,37.3,31.5,85.0,1,272.0,7,4
2,5.2,21.7,37.9,23.0,7,181.0,4,6
2,4.7,11.0,178.9,34.0,5,169.0,4,0
3,6.8,38.9,41.8,86.6,4,1293.0,0,3
1,7.9,37.7,39.0,94.1,2,934.0,0,12
1,7.0,29.0,16.2,87.2,3,930.0,2,10
2,5.9,10.3,159.7,82.5,6,133.0,6,0
2,5.1,40.1,180.0,29.6,1,652.0,1,4
0,7.0,38.2,124.9,80.8,6,1264.0,5,13
1,8.3,20.6,127.3,59.2,3,815.0,7,12
0,8.1,26.1,54.4,59.5,1,772.0,0,2
3,7.6,36.7,6.5,70.2,10,818.0,9,10
3,4.6,10.9,106.3,80.0,1,81.0,6,4
2,7.7,32.1,97.2,26.7,12,658.0,8,3
2,7.9,29.4,22.9,26.3,12,1203.0,6,10
3,5.4,19.6,171.0,36.1,4,882.0,6,12
3,6.2,21.5,189.3,20.6,12,880.0,1,8
1,6.9,14.6,88.1,55.0,2,588.0,6,4
0,7.8,33.2,48.6,31.1,4,280.0,8,3
3,6.9,15.6,140.9,27.8,11,1126.0,0,1
3,5.1,21.3,19.2,75.2,3,217.0,0,1
2,6.6,24.2,166.0,42.9,4,1326.0,4,3
3,5.5,13.7,99.1,59.7,6,482.0,0,0
0,5.2,17.4,10.3,32.5,5,809.0,4,8
1,6.9,35.9,86.1,92.4,12,533.0,1,4
1,4.8,17.5,5.4,49.3,1,145.0,6,1
3,8.5,39.2,80.8,73.5,6,615.0,7,0
3,4.9,39.8,157.3,72.3,7,182.0,5,0
0,7.4,27.2,68.1,38.6,11,663.0,8,10
0,7.6,30.3,94.2,47.4,6,1449.0,8,3
3,5.1,14.1,72.9,83.0,5,520.0,4,1
1,6.6,26.2,42.6,50.6,4,276.0,9,3
1,7.7,39.6,78.3,20.5,6,1449.0,8,13
2,4.9,34.2,36.6,58.8,12,1459.0,3,9
1,7.1,14.3,77.4,32.0,1,1482.0,6,1
1,7.8,14.4,134.7,53.8,7,467.0,0,12
0,5.8,26.5,195.7,71.5,12,303.0,8,8
0,5.7,18.0,130.3,22.4,5,1295.0,4,5
2,8.2,29.0,14.0,73.4,11,1434.0,0,5
2,8.3,11.9,56.2,59.1,1,86.0,5,4
3,7.5,40.9,120.2,86.2,7,444.0,3,0
3,7.7,15.5,131.5,65.4,5,684.0,4,0
3,7.6,23.5,10.1,52.1,11,1260.0,9,10
2,4.7,36.6,178.6,22.9,11,236.0,7,0
0,4.8,39.4,77.2,84.7,10,137.0,8,13
1,6.8,34.5,97.6,65.4,4,1466.0,2,3
3,6.3,12.6,39.2,72.1,6,532.0,7,1
1,5.0,18.2,87.7,66.0,1,1106.0,8,7
3,6.1,31.9,151.7,72.5,10,1462.0,1,4
0,7.9,19.5,66.4,66.2,11,1286.0,0,10
0,7.8,33.5,39.8,28.1,4,1054.0,3,3
3,5.5,28.9,127.5,77.7,7,63.0,7,0
3,6.8,24.5,190.1,68.4,8,1168.0,5,0
3,5.3,15.7,171.6,94.7,1,509.0,9,4
1,5.7,20.5,111.5,43.5,8,16.0,1,0
0,7.4,25.9,109.7,46.0,2,1103.0,8,4
2,5.9,36.0,6.0,39.3,5,684.0,8,0
2,5.9,17.6,57.8,82.0,5,1487.0,9,9
0,5.5,17.1,17.0,85.8,2,736.0,4,11
0,8.3,39.7,160.6,30.2,1,1014.0,3,4
2,5.6,13.3,33.6,84.4,12,32.0,2,1
3,7.4,30.8,155.4,83.6,2,1115.0,9,4
0,4.7,14.8,74.7,47.6,10,105.0,2,8
3,7.3,18.0,88.5,64.2,1,612.0,9,7
2,5.0,13.1,72.2,36.4,7,641.0,7,0
3,8.0,38.4,143.0,32.1,9,1167.0,4,4
0,7.6,20.7,73.2,66.1,11,1082.0,4,10
3,6.7,33.5,53.8,24.0,1,1030.0,8,4
1,5.1,20.8,105.3,58.7,5,1416.0,7,9
0,7.9,21.0,139.8,28.3,3,1200.0,4,10
3,7.8,28.1,86.3,84.5,6,1424.0,6,0
2,6.5,33.8,129.8,32.1,1,1426.0,0,4
3,6.3,14.8,34.9,69.5,5,793.0,7,1
2,4.8,24.3,194.0,69.7,1,999.0,0,4
1,4.6,30.5,176.3,91.1,1,638.0,3,4
2,6.6,36.7,130.8,48.1,9,480.0,1,4
1,5.9,21.1,47.5,92.1,6,590.0,9,5
1,4.5,31.4,126.0,31.4,10,1230.0,9,4
2,7.4,20.2,84.3,66.8,9,377.0,9,4
1,7.8,16.6,166.2,52.9,11,188.0,2,10
3,6.2,27.8,32.3,67.0,5,764.0,8,14
3,8.5,31.2,183.3,79.9,2,396.0,5,12
2,5.6,36.6,137.8,77.3,11,1339.0,2,0
3,6.5,19.5,38.1,51.3,9,272.0,6,7
1,4.9,14.6,51.0,42.5,12,814.0,3,1
0,5.8,11.0,95.8,74.5,10,45.0,0,11
2,8.1,16.1,123.8,72.8,12,575.0,4,1
3,5.3,16.9,107.6,63.0,3,1287.0,6,12
0,8.1,20.8,143.7,86.3,7,855.0,3,0
0,5.0,25.0,72.1,35.6,11,1333.0,0,5
1,6.3,13.1,10.5,94.9,4,1399.0,0,1
1,5.9,26.1,159.2,36.2,5,675.0,8,0
1,7.7,25.1,25.8,38.5,10,1273.0,8,10
3,7.8,21.7,90.4,58.7,10,290.0,7,4
1,5.7,24.6,94.0,37.8,3,1039.0,0,12
1,5.5,18.9,135.5,59.7,8,1135.0,7,5
2,7.7,27.7,18.4,31.8,5,81.0,1,3
2,7.2,12.8,8.3,79.6,11,52.0,0,1
3,5.8,29.0,93.1,43.0,12,92.0,7,0
0,6.9,40.2,32.3,66.6,10,376.0,8,7
1,5.9,22.2,193.8,70.7,2,1010.0,3,4
1,5.1,22.5,195.5,38.3,5,1374.0,6,0
0,6.5,18.0,125.8,37.8,4,1394.0,6,14
0,7.1,22.9,96.9,20.2,10,706.0,7,7
3,5.9,22.6,86.2,91.7,10,1064.0,6,1
0,7.1,37.2,180.3,52.8,1,1340.0,4,4
1,7.1,20.3,21.1,71.8,1,700.0,2,11
0,7.4,39.5,192.4,29.0,2,780.0,7,13
1,5.1,16.7,6.5,35.7,6,774.0,9,8
2,4.8,22.6,133.0,57.9,7,679.0,9,0
3,4.8,16.2,21.2,86.4,2,228.0,6,11
2,5.0,25.7,154.6,73.1,7,406.0,7,0
3,8.4,33.3,168.7,35.8,6,851.0,4,12
0,4.6,32.2,192.6,68.7,12,227.0,8,2
2,7.3,21.7,120.8,52.6,9,1434.0,7,0
1,5.9,11.9,155.7,42.6,11,385.0,2,11
3,5.8,21.3,134.9,42.1,5,317.0,5,0
1,6.1,22.2,126.3,56.1,10,567.0,5,1
3,7.2,37.1,77.9,24.0,11,737.0,3,4
3,6.2,33.8,94.9,94.4,4,598.0,5,3
1,6.9,34.8,124.3,34.8,12,1303.0,1,4
3,8.4,32.6,34.7,92.4,6,772.0,7,3
3,7.4,39.4,7.8,67.9,9,917.0,9,14
2,8.1,27.7,145.7,41.8,9,254.0,8,4
2,5.3,32.8,36.7,66.7,3,1344.0,9,3
3,8.3,14.2,172.3,61.7,7,369.0,6,0
1,5.6,34.4,100.7,78.2,7,1442.0,7,0
3,6.1,13.9,137.1,57.0,1,1140.0,6,1
0,7.5,29.5,170.1,52.7,10,437.0,0,5
3,8.4,30.1,15.6,40.8,7,1262.0,5,13
1,5.1,31.9,167.1,90.2,9,1109.0,8,4
0,7.5,36.0,155.8,87.8,4,779.0,1,12
1,5.9,17.9,62.4,46.0,1,950.0,0,8
0,5.5,37.3,185.7,31.0,3,779.0,8,12
1,7.5,21.4,100.2,94.1,2,669.0,6,4
1,7.1,24.9,86.1,76.0,10,1430.0,4,4
1,6.2,23.9,46.6,29.0,3,1410.0,8,12
1,5.4,36.7,145.3,40.5,10,1443.0,8,4
2,7.7,29.0,86.5,37.3,3,1026.0,5,3
1,6.2,37.1,193.0,47.9,4,1014.0,1,12
3,6.5,30.6,101.5,44.4,8,706.0,3,0
0,6.2,28.7,50.0,78.7,11,1398.0,6,8
1,6.9,18.7,126.1,38.3,8,382.0,4,5
3,4.6,20.0,144.3,42.0,8,1197.0,7,0
1,6.7,39.2,178.9,25.8,8,12.0,9,12
3,5.4,17.0,144.3,23.3,4,710.0,3,1
1,5.8,40.7,15.2,57.0,5,1255.0,1,14
3,8.2,17.2,89.6,35.3,3,1014.0,1,12
0,4.9,38.4,39.2,38.6,6,1478.0,6,13
2,6.6,40.0,18.4,85.6,5,389.0,4,13
0,6.8,10.5,117.2,26.3,8,731.0,8,11
1,4.9,16.1,103.9,56.3,10,1279.0,4,1
1,4.9,32.7,110.9,89.2,1,716.0,5,4
0,5.8,35.3,198.7,84.5,2,1179.0,7,12
1,7.0,41.8,155.6,25.5,6,948.0,5,0
0,6.3,29.9,2.1,47.8,12,26.0,9,8
1,6.9,26.2,116.2,73.6,4,1175.0,5,3
1,7.7,32.5,130.1,50.5,2,238.0,5,4
2,6.1,22.9,15.8,43.5,9,904.0,5,14
1,7.1,18.7,34.0,25.0,2,539.0,4,11
2,7.4,23.8,100.1,65.1,9,324.0,4,0
2,8.4,37.2,171.9,77.2,9,1392.0,3,4
1,8.4,37.2,112.2,76.5,3,719.0,7,12
2,7.2,25.8,35.3,72.3,7,193.0,7,0
3,7.3,16.7,12.0,34.9,10,623.0,3,1
1,5.2,41.7,35.7,38.0,8,126.0,2,13
0,4.5,37.2,157.8,24.8,10,983.0,7,4
2,6.0,34.2,185.8,69.2,1,825.0,0,12
2,8.3,32.6,159.5,37.3,2,407.0,5,4
1,4.7,27.8,137.9,47.0,8,162.0,3,0
0,5.1,20.5,179.2,81.8,2,432.0,0,4
1,7.6,29.0,11.1,40.0,5,1346.0,0,14
0,5.6,13.7,75.7,34.0,5,1102.0,8,8
0,7.4,20.7,65.6,33.6,2,864.0,5,10
2,7.2,26.3,161.3,69.2,3,618.0,4,12
0,7.9,29.3,98.9,86.8,10,439.0,6,8
2,4.9,16.6,6.7,81.2,10,1232.0,7,10
1,8.2,18.3,196.7,33.5,12,1140.0,0,11
0,6.0,22.6,11.7,66.1,4,851.0,9,10
3,5.4,15.1,171.3,29.5,7,373.0,9,0
2,8.4,29.2,24.3,28.5,10,503.0,6,5
2,4.6,21.7,56.3,47.5,11,608.0,4,5
1,4.8,33.7,70.2,84.4,12,992.0,7,2
2,7.5,39.4,150.5,49.5,8,159.0,7,0
0,5.4,24.2,103.9,55.4,7,87.0,5,7
3,5.8,21.8,151.7,24.9,11,340.0,8,4
3,7.3,23.0,150.0,37.3,9,1405.0,9,4
1,8.0,11.0,29.4,67.3,9,249.0,6,11
0,7.6,35.6,23.1,50.6,3,637.0,4,13
1,5.0,12.0,137.0,94.0,10,647.0,9,1
0,6.0,32.1,107.2,93.0,5,196.0,7,9
1,6.5,12.1,155.5,27.0,6,1054.0,9,1
3,5.6,35.4,101.6,30.0,9,722.0,5,0
1,7.5,26.2,65.1,75.0,2,855.0,9,4
1,6.5,12.7,45.2,58.9,7,1193.0,9,11
0,8.3,33.0,35.4,37.7,9,335.0,7,14
2,5.1,39.8,113.3,34.9,7,1481.0,4,0
2,7.4,10.5,52.6,36.0,2,1400.0,6,1
2,6.5,30.7,50.2,47.7,6,1094.0,7,3
3,7.8,29.7,126.8,90.6,9,669.0,9,4
3,6.2,36.0,94.3,52.2,11,44.0,5,4
2,8.4,14.3,69.8,90.1,9,347.0,9,1
3,6.0,37.7,83.2,41.6,12,20.0,7,4
0,5.6,39.4,13.9,89.8,11,311.0,2,13
2,4.7,37.3,165.7,55.2,12,974.0,1,4
1,6.5,26.6,109.5,33.3,4,368.0,3,3
1,6.8,23.8,18.6,76.7,6,324.0,8,5
1,5.8,29.8,137.9,33.2,7,677.0,4,0
3,5.8,34.9,197.3,88.6,5,1369.0,5,9
0,7.1,34.3,161.9,49.1,8,1437.0,9,13
1,5.1,28.2,16.5,23.8,5,865.0,1,14
2,7.0,21.7,71.8,34.8,9,357.0,0,4
1,7.2,25.4,76.8,72.2,3,1070.0,9,12
2,7.1,29.9,13.0,85.3,4,131.0,9,12
2,8.1,21.3,80.0,52.2,3,356.0,0,0
3,6.5,17.4,197.1,71.2,6,872.0,4,8
3,4.7,10.1,46.4,31.1,11,775.0,9,11
0,8.2,34.9,87.2,59.0,6,799.0,1,9
2,5.4,13.8,127.5,53.6,10,120.0,5,1
1,7.5,12.0,5.3,60.8,3,308.0,8,1
0,6.2,40.7,18.1,54.4,4,577.0,0,13
3,5.5,15.2,167.1,46.9,2,966.0,9,0
0,7.1,26.0,123.6,61.0,5,655.0,5,13
3,5.8,31.3,194.1,53.8,2,392.0,6,4
1,7.7,23.7,175.8,91.2,4,639.0,7,3
3,4.7,13.0,121.6,27.2,12,1055.0,4,1
2,5.8,30.7,3.2,49.6,3,528.0,5,0
1,5.5,23.2,61.6,67.5,8,258.0,2,0
3,7.4,25.8,119.0,43.1,8,439.0,7,0
3,5.6,21.4,56.9,44.1,5,58.0,4,0
0,6.6,31.3,64.9,71.4,1,325.0,7,2
2,6.4,16.2,89.9,38.9,2,976.0,7,4
3,6.6,13.6,1.6,26.8,11,493.0,8,11
1,8.0,33.7,176.0,79.0,11,555.0,0,4
1,7.7,30.0,23.3,24.1,2,401.0,3,2
3,7.2,36.4,97.9,42.3,2,544.0,2,12
2,8.3,39.6,166.8,72.8,8,787.0,1,0
3,7.6,13.7,3.0,66.2,6,841.0,2,8
2,7.3,21.5,128.0,31.1,4,1197.0,6,3
2,6.8,12.3,16.8,41.4,2,644.0,0,1
3,6.6,37.1,191.8,47.2,5,216.0,9,12
0,5.4,14.0,62.2,62.7,7,858.0,1,8
1,5.1,38.1,149.5,81.9,11,1156.0,4,4
1,6.0,11.2,191.6,77.0,11,668.0,2,11
0,8.2,18.2,93.8,51.7,7,535.0,5,7
0,5.3,17.9,178.2,62.6,5,718.0,3,8
3,7.6,10.9,152.0,27.3,6,271.0,7,0
3,8.2,31.5,124.4,65.7,11,31.0,1,4
0,7.6,35.9,95.1,73.4,10,1090.0,7,4
3,5.9,26.6,63.0,63.1,7,716.0,6,0
2,5.9,13.5,10.7,53.1,2,1430.0,0,1
1,6.4,18.3,55.7,91.6,3,573.0,1,1
3,7.7,30.2,106.4,86.4,2,104.0,5,12
1,5.1,40.7,191.0,45.7,11,1086.0,9,4
1,8.1,40.0,161.9,65.6,4,640.0,2,12
2,5.0,10.8,23.7,24.3,11,755.0,9,11
2,6.0,38.8,112.6,89.1,10,1198.0,6,4
3,6.8,37.2,143.9,31.9,2,273.0,8,4
3,5.6,26.3,92.0,58.3,7,105.0,6,0
2,7.1,40.3,36.9,37.9,4,830.0,5,3
1,7.5,41.7,51.6,71.3,1,396.0,0,4
3,5.9,25.3,8.7,52.8,3,473.0,8,12
3,5.2,21.9,177.1,30.1,11,1016.0,4,11
0,8.2,29.5,155.5,74.3,3,276.0,8,12
0,5.9,25.6,161.3,76.4,3,561.0,5,12
2,7.9,38.4,164.5,61.4,8,263.0,5,0
2,6.4,20.4,196.3,21.8,2,724.0,1,4
0,6.4,41.6,194.5,32.5,4,1270.0,1,12
0,7.8,11.3,173.1,43.7,11,1024.0,4,11
3,7.4,41.8,132.6,29.7,8,1296.0,1,0
2,4.9,10.5,169.4,84.2,6,540.0,2,0
0,7.7,20.2,36.5,36.7,11,1215.0,3,10
3,6.8,29.7,158.5,45.1,1,1180.0,3,4
0,6.2,31.2,152.3,81.3,11,106.0,3,5
0,4.7,41.2,114.3,47.8,3,952.0,5,12
3,5.7,15.5,113.9,92.8,6,582.0,2,9
1,5.4,16.0,61.1,51.3,7,182.0,0,7
2,8.1,33.5,138.1,63.6,5,631.0,0,0
2,8.2,21.7,5.8,50.6,4,1303.0,9,3
1,6.8,23.8,43.9,58.5,2,669.0,1,12
2,7.9,31.5,71.7,76.1,12,1259.0,5,4
0,5.0,15.6,13.4,29.5,10,1302.0,5,10
2,6.0,29.6,41.1,85.9,4,419.0,4,3
1,7.1,29.4,50.2,35.0,6,1437.0,1,9
1,7.0,17.2,147.1,55.0,6,829.0,0,8
3,5.0,20.0,66.2,43.3,3,383.0,5,0
3,7.1,12.4,46.7,74.3,9,783.0,5,1
0,8.0,32.7,162.1,54.2,2,1373.0,3,12
3,6.3,21.2,25.6,67.3,2,1051.0,6,4
1,4.6,19.1,140.5,69.8,3,1418.0,1,12
2,8.5,41.5,3.3,40.3,11,227.0,5,1
0,6.1,22.3,172.4,54.9,6,1143.0,4,12
0,7.4,28.7,194.9,69.0,1,1485.0,5,12
1,5.4,38.6,174.9,81.1,12,117.0,8,4
3,7.5,22.1,89.7,82.2,4,501.0,7,3
0,5.8,39.6,0.5,86.3,6,1110.0,2,13
3,6.2,10.6,63.1,76.0,1,1280.0,1,1
2,6.4,32.9,139.5,67.7,4,74.0,7,12
3,6.9,14.7,196.8,20.4,5,3.0,0,8
0,7.7,17.8,143.0,71.4,10,1097.0,7,10
2,5.5,26.0,78.5,74.1,2,492.0,0,12
3,6.2,36.0,1.2,54.3,12,793.0,6,5
1,6.0,34.3,65.1,85.4,2,820.0,1,4
0,5.2,28.8,24.3,61.0,9,1274.0,3,14
1,7.9,31.7,151.8,58.3,5,921.0,7,3
3,7.4,18.9,141.7,70.9,5,977.0,2,1
0,6.1,11.0,123.3,76.3,4,452.0,7,11
2,7.0,12.1,92.7,84.1,3,458.0,1,12
2,8.4,40.1,138.4,35.3,5,557.0,6,0
1,4.9,11.3,180.2,93.9,9,413.0,7,1
0,6.1,15.6,13.0,29.4,6,1289.0,8,8
2,5.4,33.9,38.6,86.1,2,704.0,7,12
2,6.2,39.1,78.6,81.7,4,348.0,6,3
3,8.2,32.2,55.9,72.5,1,1473.0,3,4
1,7.8,25.9,126.7,31.3,3,1448.0,4,12
0,4.9,24.6,9.3,79.6,2,600.0,2,2
2,4.9,10.6,101.7,28.1,4,373.0,8,3
0,8.0,29.0,133.1,36.7,11,225.0,5,10
2,6.3,35.7,40.1,91.1,10,672.0,3,4
3,8.5,19.0,160.7,63.2,9,1176.0,4,10
1,6.0,20.3,121.5,49.0,8,80.0,3,0
3,7.5,38.8,51.3,68.2,6,793.0,1,13
0,7.4,20.1,17.5,32.4,10,820.0,2,11
1,6.2,13.4,4.8,88.5,5,308.0,6,14
2,6.7,32.7,198.6,41.5,4,605.0,6,12
3,6.5,14.4,8.1,25.3,2,672.0,0,11
3,5.4,29.3,20.0,32.4,5,1324.0,7,14
3,4.6,38.2,183.6,26.1,1,417.0,5,4
1,5.1,30.9,37.5,74.9,8,292.0,9,2
3,5.3,20.9,119.2,60.0,6,555.0,6,9
0,6.2,27.1,22.9,94.5,5,431.0,2,14
0,7.4,13.8,25.5,80.2,1,247.0,2,8
0,4.6,11.4,21.6,44.4,4,73.0,9,11
1,5.4,28.4,6.2,50.0,1,687.0,6,2
2,6.5,13.6,117.1,76.4,1,1197.0,6,7
1,5.4,36.0,18.7,86.5,12,582.0,1,5
3,8.1,19.8,159.8,55.6,8,468.0,3,0
0,7.4,13.4,115.7,51.4,9,174.0,9,11
3,4.7,21.4,2.3,82.1,12,736.0,3,8
2,5.0,33.6,93.4,65.0,6,1388.0,6,0
2,5.5,14.6,122.8,30.3,12,562.0,0,1
1,7.8,40.6,173.4,86.7,3,287.0,3,12
1,6.9,37.4,105.7,56.0,6,774.0,6,12
3,8.1,16.4,164.1,26.2,6,595.0,0,0
1,6.6,40.5,55.8,85.5,3,666.0,6,12
3,5.7,39.0,178.9,61.9,9,1159.0,0,0
0,6.8,18.3,65.0,94.6,6,1392.0,4,8
2,8.2,35.6,88.3,94.1,8,162.0,1,0
0,6.5,24.6,175.6,84.3,5,705.0,4,14
2,4.6,40.5,80.0,91.0,1,19.0,3,4
2,5.8,35.5,171.0,71.1,3,435.0,3,12
2,6.2,40.3,177.5,22.7,7,77.0,1,0
0,8.1,17.7,58.2,67.0,2,1175.0,9,11
3,8.3,37.7,149.5,64.4,12,925.0,1,4
0,6.4,13.9,151.6,89.7,9,905.0,5,11
2,4.8,31.7,69.9,85.3,8,675.0,4,0
3,5.6,10.4,119.5,71.9,8,862.0,3,1
2,7.7,28.9,164.2,29.7,10,1312.0,9,4
2,5.3,24.4,126.5,72.4,3,1283.0,1,12
0,5.9,19.0,165.6,94.7,11,1267.0,4,5
0,6.8,31.4,107.4,45.5,10,906.0,2,14
2,5.8,35.1,50.0,91.7,12,851.0,6,13
2,5.7,32.0,103.9,27.4,7,1208.0,1,0
0,8.5,17.8,164.2,93.4,11,1412.0,2,10
3,6.4,13.8,30.8,90.5,12,725.0,8,1
3,8.1,10.9,129.8,32.6,2,869.0,9,1
2,7.1,18.3,134.4,63.2,7,14.0,4,0
0,5.7,23.9,100.4,90.2,10,190.0,6,5
3,6.8,12.6,148.2,20.4,11,333.0,0,11
1,8.1,41.2,72.2,95.0,3,590.0,3,12
3,4.9,14.4,24.0,64.2,11,706.0,0,8
1,5.6,41.2,81.4,35.3,9,515.0,6,7
0,5.0,15.1,155.8,81.8,11,1207.0,6,10
1,7.8,11.5,195.9,58.3,9,64.0,4,1
1,7.9,15.1,142.1,58.5,4,784.0,5,10
3,6.3,21.4,95.1,56.0,4,290.0,3,0
0,6.9,19.0,92.7,34.2,3,1066.0,2,7
1,8.5,26.0,181.5,79.9,12,251.0,4,4
1,7.4,39.0,109.9,23.0,1,784.0,8,4
1,5.3,25.2,129.2,76.9,11,940.0,3,5
1,7.1,37.7,62.7,60.6,1,1341.0,5,4
3,6.7,20.5,57.9,36.5,7,1400.0,8,0
1,8.3,41.1,92.2,54.7,4,1126.0,0,12
0,7.5,15.6,47.5,51.1,4,1399.0,3,10
2,4.8,34.4,37.2,27.7,4,260.0,1,9
0,7.2,14.8,94.8,71.2,6,791.0,8,8
3,7.9,25.1,179.1,92.6,12,1185.0,5,4
3,7.3,10.2,34.6,89.0,9,877.0,4,1
2,5.9,25.2,72.8,92.9,10,634.0,5,5
2,5.1,15.4,56.9,59.2,6,601.0,0,1
3,5.4,17.9,119.6,26.8,11,292.0,7,8
1,5.7,17.6,40.6,38.7,9,839.0,3,11
2,7.0,22.5,72.4,59.3,9,671.0,7,1
2,7.1,27.6,162.2,23.5,1,648.0,6,4
0,7.7,20.2,126.0,25.8,2,461.0,4,4
0,6.1,23.1,5.6,31.6,2,460.0,1,2
0,5.4,17.6,177.8,37.2,2,573.0,8,10
0,7.5,29.0,2.5,30.6,2,1363.0,6,2
2,8.5,38.7,97.4,72.8,8,257.0,4,0
1,8.3,26.6,75.3,45.5,6,1401.0,1,5
2,6.0,26.5,73.7,84.4,10,100.0,5,4
1,7.1,27.5,100.9,73.0,12,424.0,4,4
0,7.4,31.5,149.4,50.2,8,582.0,5,13
1,7.7,23.0,89.8,22.2,6,634.0,0,7
3,5.8,22.3,168.0,72.8,10,141.0,4,4
0,5.9,38.5,24.9,27.7,4,1427.0,4,13
1,6.7,34.0,12.8,40.6,6,543.0,0,13
2,7.6,39.6,74.8,66.8,10,152.0,2,4
0,8.2,10.4,11.3,25.7,11,417.0,6,11
2,7.3,17.3,70.0,24.1,6,177.0,4,0
0,5.0,26.7,35.7,36.9,2,1012.0,3,2
0,5.4,10.6,85.0,46.4,2,528.0,2,1
1,7.3,39.8,56.3,30.4,4,1179.0,3,3
2,5.8,25.0,51.2,46.6,9,614.0,1,0
2,5.0,25.0,26.1,72.5,2,1002.0,2,4
0,8.1,14.6,27.2,89.0,7,776.0,9,11
0,5.4,10.0,183.4,85.1,8,1259.0,7,1
3,5.9,36.1,134.5,25.8,8,665.0,4,0
0,5.6,28.7,193.6,55.0,11,735.0,6,5
3,7.0,26.6,165.6,86.0,5,1099.0,3,0
0,7.9,37.1,62.4,77.3,3,155.0,4,12
2,6.9,28.0,22.0,85.4,8,951.0,6,6
2,6.9,27.6,135.9,27.8,2,1082.0,7,12
3,4.5,10.6,108.7,90.3,8,471.0,4,12
2,4.8,37.0,9.6,93.8,5,1071.0,7,0
1,8.0,27.6,17.7,21.8,8,1015.0,7,10
1,7.7,22.4,185.0,37.7,11,815.0,3,10
0,7.6,18.0,141.9,81.0,3,1355.0,8,10
1,6.3,40.6,186.0,62.7,10,509.0,6,4
3,6.7,16.6,117.2,24.1,3,215.0,1,12
3,8.4,10.2,18.1,36.7,12,1172.0,7,1
0,6.7,33.0,3.1,79.1,3,313.0,2,2
1,5.3,21.0,197.4,39.9,7,1184.0,8,0
1,5.6,23.2,108.8,55.8,1,184.0,2,4
2,7.0,40.1,191.7,29.9,2,1422.0,0,4
1,5.2,18.4,92.7,88.7,7,1412.0,6,7
2,6.1,12.2,74.8,59.4,6,41.0,6,0
1,6.1,26.4,80.7,91.3,11,252.0,5,4
2,6.8,26.9,165.4,23.7,5,100.0,2,0
0,4.6,34.4,149.0,47.1,9,82.0,2,14
1,4.6,10.8,88.5,92.6,2,1303.0,5,1
3,7.9,27.9,105.1,66.6,11,1046.0,3,10
2,7.7,26.3,127.7,38.5,5,600.0,1,3
2,6.7,25.1,38.9,78.6,2,1270.0,0,2
0,7.1,38.2,55.7,24.8,10,477.0,8,13
3,7.0,25.0,25.0,53.0,8,1275.0,5,6
3,7.1,40.8,58.4,29.1,9,414.0,3,4
3,5.9,18.9,28.0,59.2,4,1073.0,8,1
0,4.6,23.9,79.9,48.4,1,1037.0,1,7
1,7.5,38.6,4.9,68.1,10,788.0,0,1
3,6.9,17.5,49.4,29.0,10,1301.0,9,1
1,8.3,33.4,199.7,64.2,4,935.0,4,12
3,5.5,38.8,150.0,89.1,12,551.0,7,0
0,6.9,36.7,40.8,90.6,5,1200.0,8,13
1,6.2,40.4,72.8,48.8,4,156.0,7,12
1,7.9,30.0,34.5,62.4,8,1209.0,5,10
0,7.3,41.6,76.1,54.8,10,239.0,0,4
2,5.7,16.6,183.2,67.1,12,634.0,8,1
3,8.3,20.2,184.0,74.2,2,1487.0,4,4
1,8.2,32.4,24.0,92.8,8,180.0,2,13
1,5.4,30.3,165.8,84.0,3,618.0,6,12
3,8.1,28.6,14.5,94.3,1,481.0,2,4
2,6.2,20.4,2.0,58.5,10,117.0,4,1
2,7.4,26.1,91.9,27.1,8,679.0,0,0
3,6.3,37.1,180.6,82.8,8,918.0,8,12
1,7.1,21.7,154.4,94.4,5,481.0,8,0
0,5.8,17.1,186.9,33.7,2,649.0,1,10
1,7.0,26.4,51.8,47.0,1,204.0,4,4
1,5.1,33.7,154.8,43.4,11,824.0,9,4
1,4.5,20.6,166.4,80.2,11,655.0,1,1
3,8.1,26.4,137.7,26.1,1,567.0,0,4
3,7.5,33.8,30.8,83.4,5,491.0,3,9
1,4.6,33.6,67.4,83.4,9,806.0,6,14
1,7.4,15.1,18.8,46.8,5,1422.0,4,1
0,5.2,33.4,70.8,29.6,1,629.0,6,2
0,5.9,33.9,87.5,67.1,2,1076.0,4,12
3,7.6,12.9,123.7,40.0,11,180.0,9,1
3,6.4,42.0,116.0,76.6,1,1445.0,0,4
1,8.3,41.9,92.1,28.1,10,1474.0,0,4
1,7.9,38.9,36.9,40.5,6,906.0,4,13
1,5.6,12.6,101.3,62.7,3,637.0,5,1
3,8.0,17.9,180.3,51.4,2,382.0,9,4
3,5.3,38.0,24.6,28.6,1,25.0,8,4
1,6.4,12.4,64.6,55.8,6,1082.0,2,1
3,8.1,15.2,191.5,47.2,6,506.0,6,0
1,8.0,10.7,179.8,61.9,8,520.0,6,1
2,8.2,19.6,140.6,33.1,2,67.0,1,12
2,7.8,18.5,176.6,50.1,8,1197.0,0,0
3,5.6,25.3,62.6,83.1,5,1200.0,1,9
2,5.2,30.9,169.1,60.7,5,990.0,0,0
2,7.5,16.2,18.9,89.3,9,631.0,2,11
0,7.2,23.0,175.4,74.2,9,1036.0,2,5
0,7.9,34.1,2.9,59.8,12,262.0,6,2
2,7.9,26.7,35.3,80.4,9,1044.0,5,10
2,5.1,39.6,36.0,81.8,5,423.0,1,3
3,7.1,24.4,140.4,49.1,3,1282.0,1,12
2,4.9,41.0,155.1,63.2,6,927.0,8,0
1,4.7,33.1,126.2,27.6,10,214.0,5,4
2,5.8,11.6,88.9,29.8,9,812.0,6,1
0,4.6,13.7,174.7,20.1,3,1398.0,1,11
1,7.0,21.7,48.8,41.2,2,1098.0,8,7
1,6.0,11.9,81.3,42.0,6,373.0,7,0
0,7.0,39.0,161.8,81.1,4,824.0,4,13
1,5.7,15.7,7.7,38.6,3,777.0,9,11
2,4.8,35.6,185.5,90.4,11,358.0,6,0
2,7.5,41.9,26.1,63.8,6,959.0,1,12
1,4.6,20.3,184.1,86.8,2,1015.0,8,4
3,7.7,38.0,160.9,35.3,12,103.0,7,4
0,5.0,11.4,168.3,39.5,11,1017.0,6,11
3,6.1,36.8,84.1,84.7,5,68.0,2,0
0,8.1,11.7,105.1,62.0,6,652.0,7,1
2,7.3,28.6,191.6,74.3,9,1499.0,9,4
1,6.9,19.1,20.7,65.9,3,204.0,7,5
0,6.4,12.3,155.2,31.6,9,491.0,0,11
1,5.4,18.3,46.4,49.9,7,776.0,9,7
3,6.7,36.7,9.5,43.2,10,324.0,2,4
3,5.1,15.0,156.6,61.3,3,832.0,6,1
3,7.6,13.7,7.5,65.9,8,1275.0,2,11
1,7.0,17.9,110.9,57.5,6,769.0,9,7
1,8.5,10.6,48.4,52.8,9,20.0,3,1
3,6.1,25.8,10.1,56.2,6,552.0,6,5
2,7.9,18.3,53.8,84.4,10,14.0,5,10
2,6.3,32.9,168.3,42.7,11,697.0,3,0
1,4.9,20.1,76.0,27.1,3,20.0,1,4
0,5.7,30.8,50.3,42.4,5,605.0,8,9
2,7.4,18.7,123.9,69.1,3,755.0,9,12
0,8.3,31.5,77.3,88.3,4,821.0,5,13
0,8.4,35.6,40.5,53.1,12,935.0,6,13
0,5.8,19.6,3.7,82.5,1,356.0,3,5
0,7.1,29.3,170.0,47.1,1,26.0,9,12
3,6.4,11.8,197.0,20.5,1,1103.0,0,1
3,6.3,26.2,109.6,58.1,4,1355.0,5,3
0,6.3,16.5,184.2,79.7,11,372.0,6,8
0,5.1,15.4,37.4,37.3,10,778.0,3,11
3,7.1,18.4,33.3,59.2,7,871.0,4,5
1,5.4,34.2,3.8,45.0,9,449.0,2,14
2,6.8,15.1,78.8,73.5,10,698.0,1,1
1,6.7,33.5,167.0,32.5,5,357.0,3,14
3,6.9,20.5,57.2,62.8,7,1455.0,1,6
1,7.4,34.5,119.3,61.3,5,1068.0,0,9
1,5.6,36.2,193.9,55.9,4,935.0,6,12
2,5.8,26.2,90.8,53.3,3,610.0,9,0
0,6.3,26.3,17.4,52.7,9,1226.0,7,8
2,6.7,37.0,71.8,77.2,2,789.0,7,12
1,4.6,26.0,45.3,84.0,10,294.0,3,5
2,6.1,33.1,131.9,82.5,7,1169.0,2,12
2,7.8,41.3,4.6,49.7,7,734.0,1,0
1,4.8,12.0,156.5,93.1,2,1340.0,8,12
2,7.7,14.3,157.2,52.6,10,919.0,8,1
3,6.9,34.9,49.1,68.9,11,274.0,9,14
0,7.4,10.5,5.6,42.2,1,128.0,2,11
2,5.6,31.6,13.4,51.3,4,1085.0,2,3
1,6.4,38.4,196.3,62.0,3,694.0,3,12
1,5.7,12.2,138.7,66.2,6,838.0,3,1
0,7.7,24.0,155.3,41.9,8,316.0,3,12
3,6.3,13.9,149.1,82.6,6,927.0,8,8
0,8.1,13.6,63.4,36.9,11,1134.0,7,1
3,6.6,34.1,65.0,62.0,8,1120.0,6,2
1,5.7,21.3,41.7,83.6,11,944.0,9,5
3,6.9,24.1,123.1,53.9,5,504.0,9,9
1,6.8,23.7,99.0,93.2,5,1261.0,8,9
3,6.2,29.4,157.4,21.3,7,538.0,1,0
1,5.2,36.0,32.7,33.4,8,1350.0,4,13
0,5.6,21.2,91.8,89.0,3,846.0,7,9
0,5.1,31.7,114.4,71.9,7,561.0,1,13
2,5.7,15.6,68.3,50.3,12,732.0,0,1
2,7.4,33.6,12.7,92.3,9,332.0,2,0
1,7.1,27.6,116.9,88.2,11,906.0,1,4
0,6.5,23.4,134.6,48.3,2,220.0,8,12
1,7.4,39.5,30.5,81.6,6,973.0,0,13
0,7.0,15.1,29.2,90.6,8,166.0,4,8
3,8.1,15.5,74.4,30.2,12,178.0,0,11
3,7.1,22.6,53.9,25.1,1,363.0,4,4
2,6.9,16.6,155.7,74.7,10,1287.0,5,1
3,6.5,15.8,81.5,42.3,5,475.0,7,9
0,5.2,12.4,47.8,76.8,12,1351.0,4,11
3,7.4,22.7,82.4,66.5,5,1079.0,4,3
2,7.8,15.3,32.1,31.3,1,987.0,3,10
1,5.8,34.7,107.7,71.2,8,1128.0,4,0
1,5.1,18.4,51.9,34.6,8,856.0,6,7
3,7.4,38.8,91.0,20.5,1,740.0,9,4
0,7.9,21.3,51.7,75.7,2,762.0,8,7
3,8.1,37.9,53.0,64.9,7,773.0,4,12
0,6.4,22.3,161.8,72.2,1,925.0,3,4
1,7.0,31.1,150.5,62.2,10,741.0,3,4
3,7.1,22.5,184.4,44.8,10,1046.0,2,4
1,7.6,40.9,16.1,32.4,4,313.0,5,12
3,5.3,15.7,79.9,55.6,12,502.0,9,1
0,7.0,20.4,43.9,94.6,9,267.0,0,7
0,4.8,13.0,71.8,42.9,9,680.0,8,8
3,5.9,25.8,1.2,77.9,4,1008.0,4,13
2,7.2,11.0,168.9,92.6,2,1500.0,1,12
2,8.2,18.3,134.2,66.2,4,330.0,1,12
2,5.9,22.0,110.9,35.3,6,1063.0,3,0
3,7.5,40.2,185.8,23.0,4,607.0,0,12
0,6.0,32.4,180.1,59.8,10,379.0,8,4
2,6.3,33.9,131.9,32.0,11,1233.0,9,4
0,6.2,30.3,149.7,68.4,1,23.0,3,2
1,4.6,35.4,159.8,73.1,5,720.0,9,0
2,5.8,36.4,184.5,68.3,7,440.0,7,0
3,5.7,22.4,183.6,67.4,8,205.0,4,0
3,7.0,39.0,176.4,53.3,6,275.0,6,0
1,7.0,35.3,63.1,54.2,6,686.0,9,13
2,6.2,28.8,121.4,72.6,6,1400.0,3,12
3,6.5,29.1,43.6,23.5,9,939.0,5,14
2,7.6,31.5,38.0,41.2,9,729.0,3,3
3,5.1,29.1,175.9,43.7,5,306.0,3,0
1,7.4,32.4,67.8,29.5,5,254.0,7,9
0,6.5,11.8,163.5,36.7,1,808.0,8,11
0,6.3,26.6,90.1,86.9,9,229.0,1,7
1,7.1,19.0,39.5,31.9,3,929.0,9,10
3,7.8,26.2,119.4,49.2,2,179.0,0,12
2,6.8,13.4,166.4,71.6,5,1376.0,6,8
3,5.7,10.7,152.9,39.5,11,1261.0,5,1
2,6.8,37.2,162.3,87.3,3,103.0,8,12
2,7.3,15.3,184.2,62.1,8,1246.0,9,0
2,8.1,21.2,124.1,72.5,8,793.0,2,0
2,8.1,33.2,191.6,21.1,9,824.0,2,4
2,7.4,30.4,28.3,28.3,12,235.0,9,0
1,6.5,23.7,134.8,77.9,10,1183.0,5,4
2,5.0,36.3,187.4,60.6,8,185.0,2,0
2,4.8,12.8,175.9,55.9,9,1161.0,0,1
2,8.4,22.9,7.3,52.9,10,1239.0,8,1
1,4.9,23.5,34.2,24.9,7,106.0,8,5
3,6.2,17.4,194.6,85.2,11,426.0,0,1
1,6.1,13.3,12.8,25.2,10,51.0,2,1
3,5.6,29.0,63.6,24.6,11,888.0,2,5
2,5.8,31.4,164.9,38.1,2,683.0,3,12
2,6.7,11.6,151.3,60.9,2,300.0,8,12
3,5.3,39.8,86.3,90.9,12,1281.0,9,4
3,5.7,19.9,184.3,74.7,6,1447.0,6,5
1,7.5,14.0,126.4,48.0,2,435.0,5,12
0,5.4,31.5,15.8,23.1,9,142.0,8,14
1,5.5,34.9,95.4,95.0,8,5.0,0,0
1,6.9,13.2,76.5,50.1,12,360.0,5,8
3,4.6,42.0,154.2,55.6,12,159.0,8,4
3,5.0,11.8,60.3,59.6,5,373.0,8,1
2,4.8,22.0,152.5,65.8,9,71.0,7,0
0,7.0,40.6,194.1,63.9,6,352.0,8,12
3,4.6,21.6,115.8,77.6,10,780.0,8,7
2,7.2,15.9,65.5,92.3,5,706.0,6,1
0,6.9,27.4,137.1,86.8,10,990.0,0,10
2,8.0,23.7,20.9,92.6,3,582.0,5,12
0,4.6,17.3,136.3,58.2,1,1177.0,5,10
0,6.7,23.9,110.8,92.0,7,478.0,9,7
2,7.9,39.1,19.9,33.2,8,514.0,6,13
0,7.7,36.8,63.0,81.3,3,525.0,0,12
0,8.0,28.8,63.1,27.6,7,1136.0,7,13
3,7.9,10.2,138.5,39.0,11,251.0,6,11
1,6.9,38.7,174.6,44.8,3,1391.0,8,12
1,8.4,15.9,166.4,63.7,9,65.0,1,11
2,4.9,30.2,24.3,75.3,12,1257.0,0,5
0,4.8,12.7,137.5,57.7,8,148.0,0,13
3,8.3,13.8,83.8,94.2,6,446.0,1,0
2,4.7,17.0,28.7,76.0,1,283.0,9,8
1,7.0,13.5,163.1,31.0,3,705.0,8,12
2,6.2,34.4,128.2,66.1,2,1006.0,3,4
0,5.5,18.8,70.5,74.6,8,647.0,7,5
2,5.4,15.5,149.2,53.9,8,274.0,5,0
2,7.0,14.5,66.8,66.7,3,944.0,8,1
2,6.6,28.5,120.8,92.3,3,1214.0,7,12
0,7.0,21.0,163.9,60.1,2,1345.0,4,4
2,6.9,14.9,94.0,89.8,2,30.0,0,12
3,6.8,15.5,125.8,64.1,4,1450.0,6,11
1,7.7,26.2,199.0,63.2,11,1406.0,4,10
0,5.1,14.3,126.1,51.9,7,680.0,7,8
0,7.4,14.2,100.8,92.1,7,1485.0,0,11
0,7.2,12.3,181.4,77.1,9,226.0,8,11
0,5.3,41.5,93.4,42.3,8,1410.0,9,13
0,5.2,10.7,37.8,67.2,7,248.0,8,2
1,7.0,18.8,167.1,28.3,12,715.0,6,10
1,6.4,32.7,128.3,55.6,6,892.0,3,12
3,8.3,27.0,196.2,48.2,3,709.0,7,12
1,5.1,18.1,48.6,42.8,7,487.0,3,5
3,7.8,35.5,58.2,46.5,6,301.0,1,0
1,5.3,38.4,98.4,80.6,10,1145.0,9,4
0,6.1,34.3,147.9,85.9,9,1275.0,5,14
0,5.3,26.0,75.2,27.7,12,1076.0,9,8
3,7.3,27.8,94.9,92.9,10,370.0,6,4
1,6.2,24.1,181.9,44.0,2,69.0,8,12
0,6.5,29.9,42.1,52.3,2,934.0,4,2
2,8.1,13.1,48.9,42.8,10,890.0,1,1
2,5.8,13.2,60.8,38.9,1,265.0,1,0
1,5.2,33.8,191.6,30.8,3,1073.0,0,12
0,5.2,27.2,32.9,66.8,12,930.0,2,8
1,6.1,12.0,98.7,23.3,6,693.0,3,7
3,6.3,16.6,12.1,21.2,3,1292.0,1,11
3,7.3,11.3,41.5,26.1,5,297.0,9,1
2,5.7,20.9,75.5,26.1,5,820.0,0,9
3,5.7,27.9,31.9,70.7,10,1410.0,8,5
1,4.7,41.6,59.1,70.8,8,407.0,4,0
2,7.1,23.6,84.9,64.8,4,583.0,8,3
3,7.8,25.4,131.1,92.6,5,180.0,1,0
0,6.0,21.8,57.1,40.6,2,544.0,4,2
0,8.4,35.3,32.0,25.4,12,477.0,4,13
3,6.3,13.0,27.9,55.5,8,393.0,8,1
1,7.9,37.3,117.3,67.9,11,913.0,3,12
0,5.1,23.4,38.2,31.8,3,588.0,6,11
2,8.0,31.9,130.7,90.6,8,1166.0,8,0
2,5.1,40.0,67.2,89.5,10,356.0,7,4
3,4.8,22.7,57.1,35.4,5,1354.0,1,9
1,5.4,21.3,145.3,62.1,11,1215.0,1,11
2,6.5,32.4,103.5,78.2,10,970.0,4,4
1,5.8,22.8,49.5,59.5,8,906.0,9,5
1,4.8,33.5,138.2,80.1,10,5.0,3,4
1,6.3,27.8,75.8,45.6,10,1323.0,5,14
0,4.8,10.3,183.8,77.7,12,1020.0,7,11
0,7.4,11.7,60.1,45.3,4,627.0,8,11
0,6.6,28.1,101.5,51.2,3,987.0,5,12
0,5.9,12.2,112.5,21.6,6,657.0,5,9
1,5.0,38.0,168.7,86.1,11,1120.0,2,4
2,8.2,26.3,82.5,61.8,6,562.0,1,0
3,4.9,36.6,90.2,30.6,11,1261.0,1,4
3,5.2,15.9,100.1,83.4,2,237.0,3,4
0,8.4,18.2,35.7,65.4,3,1127.0,2,10
1,5.5,14.8,134.4,53.3,3,316.0,4,1
1,5.2,16.9,87.3,36.0,9,305.0,4,7
1,6.1,34.1,86.9,23.3,5,339.0,6,9
2,5.8,18.8,44.5,94.8,6,1314.0,7,5
2,5.4,13.3,118.6,53.3,4,995.0,5,3
0,8.1,24.1,21.9,57.3,11,1084.0,2,10
0,6.0,18.3,0.7,47.7,2,591.0,3,10
3,6.1,25.4,33.7,83.4,9,80.0,2,14
0,4.9,31.5,25.8,88.6,10,968.0,9,5
1,8.1,17.2,2.8,68.5,10,301.0,3,11
2,5.4,18.1,98.4,73.0,1,958.0,7,7
3,6.2,18.0,194.0,81.8,4,568.0,2,1
0,7.3,21.2,108.8,28.2,6,384.0,7,7
0,7.2,41.6,106.7,56.2,9,6.0,4,4
2,5.0,34.8,47.3,60.8,10,264.0,8,14
3,6.3,28.7,168.0,72.6,5,974.0,5,9
3,7.6,35.7,159.9,32.4,8,559.0,1,0
0,7.2,24.7,68.2,58.0,4,1475.0,9,1
0,5.5,33.2,7.7,22.1,11,1226.0,9,13
3,6.0,19.4,0.5,78.4,3,1367.0,9,1
1,7.1,39.3,101.3,40.6,9,1163.0,3,4
0,4.8,32.1,196.1,20.3,6,146.0,1,13
0,4.9,42.0,137.3,34.3,7,1266.0,3,13
3,7.7,32.1,13.2,64.0,10,454.0,3,14
3,5.6,27.6,120.0,41.8,6,350.0,6,0
3,7.1,31.3,22.2,37.8,4,394.0,7,3
3,7.3,13.2,162.3,74.9,1,1052.0,2,11
3,6.0,20.4,19.9,65.9,9,1032.0,2,1
1,6.5,16.6,26.0,49.9,12,651.0,7,1
1,7.0,40.7,37.8,30.5,7,1460.0,6,13
0,6.6,12.3,44.2,77.2,10,1467.0,6,11
1,5.2,32.3,184.7,64.8,6,481.0,9,12
2,5.6,21.7,36.0,54.8,3,214.0,5,3
2,4.7,23.9,73.9,88.3,4,103.0,3,3
0,8.4,22.5,170.4,29.3,5,33.0,4,0
2,8.3,27.1,110.1,90.2,9,1409.0,8,4
2,8.5,23.8,135.6,64.9,6,858.0,2,3
3,6.2,36.6,109.3,23.6,2,535.0,0,4
3,6.9,26.4,66.4,62.8,10,1150.0,0,4
1,5.4,38.1,107.1,86.0,8,725.0,8,12
1,5.0,39.4,108.5,73.7,10,1143.0,7,4
1,5.7,19.9,90.5,63.5,1,772.0,0,7
3,6.3,30.3,51.1,67.6,11,337.0,8,5
3,5.3,16.9,88.4,22.3,5,866.0,8,9
2,5.6,41.4,96.8,51.7,7,1179.0,6,0
0,5.9,31.7,141.0,32.2,4,287.0,3,12
2,6.5,30.4,55.8,77.9,2,734.0,6,12
3,6.1,24.0,166.1,85.5,9,249.0,4,4
0,7.7,30.5,77.7,74.5,8,539.0,3,13
2,7.3,22.9,46.8,50.8,11,1102.0,3,1
1,8.2,35.4,31.3,57.0,6,1405.0,2,13
0,6.0,39.5,104.5,52.2,3,1316.0,1,13
0,7.4,22.2,99.5,55.7,7,531.0,5,5
2,7.8,14.1,139.5,92.6,5,342.0,2,3
0,8.1,17.5,41.1,44.1,2,853.0,1,10
1,7.1,17.2,41.9,35.6,3,439.0,6,1
1,5.5,38.3,41.1,44.3,12,605.0,4,13
3,6.8,29.1,161.8,92.3,7,750.0,6,0
3,5.3,23.3,187.3,51.4,8,631.0,8,0
1,8.0,23.1,100.3,37.3,1,852.0,5,4
0,6.6,31.3,168.4,81.1,9,749.0,4,14
0,6.1,28.2,172.9,52.2,3,1314.0,9,12
3,6.8,35.6,17.4,85.9,12,640.0,3,4
0,7.5,21.3,180.4,30.6,4,1057.0,6,10
1,5.4,29.3,160.7,21.5,10,469.0,3,4
1,7.1,31.3,85.1,69.2,3,1001.0,7,12
2,5.7,11.8,157.5,40.9,7,1002.0,3,0
0,6.4,34.1,31.6,41.8,5,1064.0,9,2
0,4.5,28.6,184.5,37.8,12,11.0,3,8
0,7.4,12.2,151.2,61.9,3,250.0,1,12
1,6.4,23.7,122.3,59.6,8,473.0,5,12
0,8.3,25.1,142.6,64.5,6,1019.0,4,12
3,6.8,38.3,136.4,70.7,6,1306.0,0,12
3,7.1,37.4,42.7,58.9,1,162.0,6,4
3,6.7,30.6,109.0,66.9,12,1422.0,1,4
2,6.2,40.7,90.9,80.6,11,916.0,7,4
1,5.8,38.3,7.8,65.6,3,101.0,1,13
0,4.5,28.9,18.6,85.1,12,569.0,6,8
0,6.3,15.2,24.2,92.2,6,1165.0,4,8
1,4.9,38.5,109.4,79.5,10,426.0,1,4
2,6.1,40.3,126.5,40.4,9,1082.0,7,4
0,7.3,34.0,74.0,51.6,8,240.0,6,13
2,7.2,20.3,109.5,72.2,9,478.0,1,4
1,4.8,30.2,7.0,20.2,8,1268.0,0,5
0,7.8,38.9,51.1,70.1,4,280.0,6,13
1,6.1,40.8,190.0,79.4,6,248.0,3,12
3,5.4,16.3,27.8,93.2,7,206.0,3,8
2,6.0,27.8,125.5,55.2,7,671.0,5,0
1,6.0,41.7,137.1,27.7,7,1122.0,1,12
1,6.0,15.3,146.3,45.1,8,335.0,9,0
2,7.9,16.8,143.8,92.3,10,769.0,3,10
0,6.5,18.0,162.9,53.0,10,1199.0,7,5
3,8.3,39.0,162.7,38.8,1,318.0,7,4
1,7.7,37.4,146.5,92.0,1,351.0,7,4
3,7.7,31.4,188.4,50.8,3,454.0,0,12
1,7.9,15.8,120.6,30.1,4,409.0,6,10
2,6.3,39.9,35.0,34.5,4,448.0,8,3
0,7.5,30.4,125.9,55.3,3,1068.0,9,12
2,5.3,13.7,3.0,21.0,6,1215.0,3,1
0,7.0,22.9,153.6,46.9,12,216.0,2,8
3,5.9,27.8,195.0,61.7,11,727.0,9,5
0,5.0,10.1,76.5,30.7,12,1368.0,6,11
3,6.7,12.9,136.8,67.9,10,209.0,0,1
1,7.1,19.5,168.4,20.5,2,851.0,2,4
2,5.5,20.6,42.6,22.5,1,1486.0,4,7
0,7.6,37.2,22.9,29.9,4,1391.0,2,13
1,6.9,22.5,174.2,49.3,10,417.0,6,4
3,6.0,13.5,8.5,79.4,1,640.0,9,1
2,7.6,36.7,123.2,45.5,10,693.0,0,4
0,8.3,37.5,118.0,27.2,7,265.0,5,12
2,7.8,12.1,93.1,47.0,1,1136.0,2,4
3,5.3,17.4,75.1,87.6,2,862.0,7,1
2,6.9,13.6,46.9,21.5,3,617.0,7,1
0,7.6,37.3,117.7,61.1,11,612.0,3,12
3,6.5,16.9,159.4,43.4,3,516.0,1,12
2,4.9,17.7,113.1,49.1,9,417.0,0,0
1,7.0,15.2,114.7,84.6,1,800.0,0,4
1,7.9,17.8,93.4,66.2,7,1065.0,6,7
0,5.9,35.1,105.2,40.4,8,295.0,9,13
2,5.0,30.9,168.9,88.4,6,25.0,5,0
3,5.2,35.7,30.2,92.9,3,350.0,0,12
0,8.3,23.1,195.3,46.1,7,808.0,5,0
3,7.8,40.5,34.7,23.2,2,348.0,2,4
2,4.7,30.9,167.6,58.8,4,1135.0,9,0
3,6.2,20.1,73.8,34.5,3,617.0,3,4
3,7.6,34.8,180.8,26.0,10,670.0,8,4
1,7.7,30.3,80.2,38.8,6,172.0,5,12
3,5.8,22.8,161.3,63.5,1,186.0,1,4
0,5.4,13.7,98.7,64.3,5,1151.0,4,8
2,7.5,22.6,142.4,54.6,4,1111.0,6,12
2,5.7,10.2,123.4,78.6,11,855.0,8,1
0,8.0,31.0,2.8,28.1,3,1048.0,5,2
1,5.7,21.1,143.7,43.5,2,320.0,4,4
3,5.7,24.2,199.6,73.4,1,683.0,6,4
1,6.9,27.4,170.0,77.4,11,1046.0,5,10
1,7.1,25.2,63.3,92.3,3,1369.0,5,12
2,7.3,36.9,139.9,21.8,7,876.0,4,0
1,7.6,23.0,143.7,71.7,10,1392.0,9,10
0,4.5,36.5,149.3,77.8,4,1259.0,2,12
3,7.5,31.7,87.2,89.5,8,155.0,4,12
1,6.9,12.2,39.1,28.2,6,643.0,4,1
3,8.4,18.6,167.7,85.5,5,623.0,4,11
0,6.3,17.3,78.5,33.3,10,1241.0,2,8
1,5.9,23.2,63.7,65.6,7,480.0,8,0
3,4.8,33.6,199.2,31.7,7,1396.0,5,0
0,7.3,32.1,140.7,55.7,9,780.0,0,13
3,5.2,14.8,142.5,57.9,8,381.0,0,0
2,6.4,19.7,101.7,93.1,7,645.0,2,0
3,6.5,40.6,132.3,68.1,8,728.0,3,12
2,4.8,31.4,29.6,50.8,1,362.0,2,4
2,6.4,15.3,146.5,30.9,4,1450.0,5,1
1,8.0,28.6,92.8,24.2,11,1470.0,0,10
0,7.9,16.7,44.2,28.7,6,505.0,9,8
2,6.6,33.7,98.2,69.4,12,279.0,4,4
0,6.2,34.4,111.5,43.7,1,1231.0,7,2
3,5.0,38.5,192.4,34.9,10,1148.0,3,4
3,6.5,31.5,167.7,71.3,10,691.0,9,4
2,5.0,13.5,33.1,49.1,2,4.0,1,1
1,6.4,25.0,85.8,43.0,11,1259.0,8,7
3,7.9,40.2,112.5,76.9,9,1487.0,1,7
2,5.7,13.5,64.6,46.6,5,179.0,5,0
0,8.0,10.1,149.6,35.6,4,67.0,8,12
2,8.3,19.6,73.5,42.5,8,871.0,5,1
2,6.2,24.8,128.5,36.5,11,1081.0,1,1
3,8.1,25.8,35.2,23.6,10,1125.0,8,10
2,6.2,33.2,82.8,44.9,3,804.0,1,12
3,8.0,17.4,121.5,86.0,3,19.0,5,12
0,5.4,17.5,59.8,25.8,2,675.0,1,11
2,7.0,26.7,35.5,31.7,3,925.0,1,3
1,8.1,31.8,143.9,51.1,8,444.0,5,0
0,6.6,31.8,26.0,71.6,9,1024.0,3,14
3,7.5,25.5,179.4,44.0,8,1323.0,8,12
3,8.5,20.9,93.6,54.8,6,213.0,9,0
2,6.7,18.5,81.3,83.3,9,870.0,4,7
1,5.8,28.9,167.1,20.9,2,1321.0,7,12
0,7.7,13.9,81.8,42.0,8,1374.0,8,11
2,6.5,16.6,188.9,70.1,12,242.0,1,4
3,6.1,15.1,0.2,90.5,7,433.0,6,8
2,6.2,17.1,28.5,32.3,4,16.0,5,3
3,6.9,37.8,36.3,90.6,12,998.0,6,4
2,6.0,39.1,52.5,64.9,3,1413.0,4,12
2,4.5,31.3,14.8,37.1,12,982.0,6,6
3,6.5,15.9,6.7,94.0,2,1007.0,0,1
2,7.1,16.8,82.7,58.0,9,835.0,1,11
2,7.1,27.9,170.3,30.0,9,357.0,8,4
3,7.0,29.2,120.8,72.1,10,1215.0,9,4
0,7.9,21.7,177.3,91.7,8,313.0,8,0
1,6.8,27.2,67.9,43.2,6,473.0,3,12
3,5.0,17.9,90.8,55.1,4,1313.0,5,1
1,7.6,14.8,64.3,77.1,8,553.0,8,1
1,7.8,13.1,106.1,48.3,8,508.0,8,1
2,7.2,17.1,5.8,62.4,5,245.0,1,1
2,5.9,32.9,99.3,75.9,9,541.0,5,0
0,5.1,16.4,84.2,51.5,3,306.0,6,7
2,4.6,12.6,83.1,70.8,12,271.0,0,0
1,5.6,27.4,99.5,80.8,11,886.0,5,5
0,7.4,30.9,46.5,31.5,1,180.0,2,2
3,6.1,15.5,112.8,54.5,11,429.0,2,1
3,7.3,30.9,100.3,83.3,12,261.0,0,0
2,6.1,21.5,11.7,22.9,7,1169.0,4,6
0,7.1,36.3,158.0,78.5,7,1225.0,5,13
1,6.1,17.6,22.4,65.4,6,561.0,8,8
0,6.3,30.0,101.3,93.6,4,652.0,7,12
0,6.7,37.9,117.2,37.8,2,1306.0,5,12
3,4.8,22.9,114.4,40.5,4,192.0,9,0
2,6.1,13.0,157.7,44.0,7,105.0,2,0
2,6.3,24.2,156.7,48.2,8,607.0,6,0
2,5.0,12.8,36.8,28.8,5,627.0,9,1
3,6.9,12.8,124.3,45.3,7,505.0,9,0
0,5.8,11.8,167.2,23.9,9,1001.0,6,11
3,6.0,14.1,1.3,56.1,1,584.0,2,1
1,7.4,16.0,36.5,27.1,11,517.0,5,1
1,4.6,35.2,66.9,87.0,12,1132.0,5,4
3,5.9,23.2,127.5,89.2,6,390.0,4,0
2,4.7,12.7,189.6,73.0,9,1253.0,8,1
3,5.6,31.5,24.4,91.1,9,1258.0,8,14
3,8.5,22.9,181.6,87.9,3,83.0,0,12
3,6.2,25.5,67.4,92.1,9,1303.0,4,14
3,5.4,18.0,63.2,91.9,9,1243.0,8,11
2,8.4,40.0,193.0,81.0,7,149.0,4,12
0,5.6,17.2,51.6,33.1,12,367.0,1,8
2,7.0,15.4,71.5,94.4,2,864.0,6,1
0,4.8,22.6,153.3,71.3,3,684.0,7,12
3,5.6,26.5,3.4,60.5,4,69.0,4,9
0,6.8,28.3,140.0,73.9,7,163.0,1,0
3,6.1,41.3,196.9,62.7,12,1462.0,4,4
0,5.3,31.6,32.8,59.2,3,887.0,5,2
2,5.3,40.9,86.5,72.6,11,1064.0,7,4
0,7.0,19.9,184.0,86.6,3,240.0,7,12
3,6.4,21.8,131.6,60.7,9,149.0,3,4
0,8.0,11.4,21.9,72.0,10,1121.0,5,11
1,5.9,28.9,141.0,55.4,2,829.0,2,12
1,7.6,12.8,66.5,46.3,12,895.0,6,1
1,5.5,29.4,111.3,22.4,5,177.0,7,0
1,4.9,29.5,18.5,63.7,12,133.0,3,5
3,6.9,22.7,187.8,44.5,10,250.0,2,4
3,7.8,34.1,164.2,84.7,5,152.0,5,0
1,6.6,13.7,179.4,55.4,1,1154.0,3,1
2,6.1,14.8,18.5,49.5,4,133.0,1,1
2,5.2,41.2,109.7,26.3,11,380.0,5,4
2,6.8,28.7,131.1,30.2,6,409.0,0,0
2,7.7,21.1,29.8,29.5,9,912.0,8,1
3,8.0,25.2,138.9,56.5,10,709.0,8,10
2,7.2,34.1,154.1,38.4,11,7.0,8,4
1,5.7,41.5,142.4,29.9,10,1482.0,2,4
3,7.1,33.3,141.2,39.7,1,1419.0,5,4
0,4.5,35.6,145.2,47.8,7,1412.0,3,13
0,5.2,10.4,171.0,50.1,6,991.0,8,8
0,5.8,28.7,79.0,88.3,2,423.0,0,2
2,7.8,18.4,32.1,57.6,11,409.0,6,10
1,5.2,29.4,3.6,36.2,3,970.0,4,2
1,6.2,28.8,30.1,91.2,4,368.0,3,3
1,6.7,19.1,119.9,57.0,3,589.0,8,7
2,8.3,30.1,103.8,52.8,7,117.0,1,0
2,5.3,32.7,131.3,27.1,7,1034.0,5,0
0,7.6,38.0,177.7,77.9,2,1034.0,9,4
2,5.5,19.8,162.5,27.3,2,15.0,9,12
3,7.9,18.9,187.3,41.1,3,1475.0,7,12
0,5.8,27.0,40.4,67.7,4,684.0,9,5
1,5.4,32.2,199.5,44.7,10,1237.0,3,4
0,5.2,17.2,173.6,90.1,4,1155.0,4,10
3,7.1,14.3,98.6,63.8,6,421.0,5,12
1,6.3,41.0,6.5,44.6,8,594.0,9,13
3,5.4,21.0,180.1,79.7,4,127.0,8,0
3,6.7,35.3,162.3,32.0,4,766.0,1,12
1,6.0,19.5,182.9,33.7,9,1006.0,8,1
0,4.9,14.8,174.7,55.5,2,1245.0,5,11
3,4.5,13.3,162.6,27.5,3,96.0,1,12
3,6.9,26.8,181.3,44.5,7,519.0,1,12
2,6.2,24.1,34.3,91.6,12,511.0,9,1
3,6.3,11.6,131.1,39.9,3,1063.0,9,12
1,7.7,36.3,155.8,55.0,5,1204.0,4,12
0,7.7,12.0,187.0,29.5,1,14.0,3,2
2,8.5,34.8,66.5,22.7,7,948.0,3,0
1,7.0,34.6,131.4,55.6,10,812.0,1,4
2,6.0,10.5,3.6,65.1,12,375.0,6,1
3,7.3,33.0,109.1,44.9,9,1306.0,1,0
0,5.3,31.8,193.4,78.8,1,18.0,4,2
2,7.3,14.0,15.6,84.3,7,582.0,7,1
2,7.6,26.4,129.7,74.4,9,1226.0,1,0
0,6.9,27.8,38.1,21.6,5,1239.0,6,14
2,5.4,41.8,198.7,64.8,3,1009.0,6,4
2,7.9,26.5,66.6,52.4,12,603.0,8,3
2,7.5,38.8,182.3,89.7,1,310.0,0,4
3,6.0,33.7,72.1,33.1,2,157.0,2,12
3,8.0,35.8,64.2,54.9,9,1026.0,4,4
2,6.6,36.7,113.7,79.1,11,472.0,7,4
3,5.5,11.0,90.9,71.1,6,757.0,9,0
3,8.1,31.3,188.4,46.9,8,1415.0,4,12
3,7.6,23.9,43.9,25.4,6,305.0,4,3
0,8.0,13.6,35.3,92.1,1,1193.0,8,11
2,5.3,39.6,97.5,57.8,3,35.0,1,12
0,7.1,40.0,24.7,89.7,9,462.0,3,13
3,6.0,37.6,95.4,84.6,4,1368.0,3,12
2,7.0,36.5,81.6,92.3,7,218.0,6,0
1,7.4,36.0,132.5,39.9,12,999.0,5,4
3,8.3,24.1,148.2,21.9,3,42.0,4,12
2,8.4,19.2,76.1,77.2,11,1130.0,3,1
2,5.9,37.1,67.6,86.8,10,855.0,4,4
1,7.0,14.4,169.9,75.8,11,659.0,4,11
0,7.5,33.4,196.9,27.4,10,359.0,2,4
1,5.5,40.5,41.0,62.8,9,443.0,9,5
2,6.0,30.4,61.3,87.8,4,1277.0,1,3
1,5.8,31.5,70.3,88.1,10,378.0,6,5
0,7.3,27.9,8.5,71.7,9,475.0,1,10
2,6.2,15.8,97.3,54.8,5,1187.0,2,9
1,5.7,18.8,142.5,82.9,2,663.0,2,12
0,4.6,10.6,59.9,34.5,7,865.0,9,13
2,6.3,23.6,24.1,48.4,3,1334.0,8,1
0,4.9,33.1,107.6,86.5,12,803.0,9,13
1,6.2,14.8,28.4,87.1,5,889.0,6,8
0,8.1,31.0,19.2,86.6,1,1135.0,5,2
2,5.9,20.6,71.9,29.1,7,1291.0,6,0
2,5.8,38.7,199.0,93.0,10,1398.0,3,4
3,5.5,21.4,61.7,48.0,6,1466.0,3,0
0,8.5,17.7,28.3,31.0,4,110.0,8,10
2,8.0,28.2,111.1,67.3,8,321.0,2,0
1,5.2,23.0,151.5,24.5,2,572.0,5,4
0,7.8,18.8,88.8,41.7,3,944.0,2,10
2,6.7,16.8,42.8,88.8,1,334.0,1,4
2,7.6,16.1,36.7,32.3,6,786.0,1,3
0,6.1,33.1,4.1,31.0,11,231.0,7,13
1,5.8,13.3,117.3,81.7,12,605.0,7,8
2,6.9,12.9,88.8,46.0,3,1317.0,1,1
0,6.3,22.5,48.6,69.5,10,417.0,0,10
2,8.4,17.1,108.1,33.5,3,1058.0,7,12
1,7.8,39.5,164.9,77.3,12,777.0,9,4
1,4.7,20.9,50.6,68.3,9,1259.0,7,1
2,5.2,33.2,24.8,38.0,4,450.0,3,3
1,7.0,37.6,91.5,42.6,2,766.0,5,12
2,5.6,25.3,127.5,43.9,7,1206.0,4,0
0,8.4,18.9,164.9,53.0,12,1175.0,7,11
1,8.0,17.4,37.8,55.0,7,761.0,9,10
0,7.7,11.0,121.4,83.5,4,36.0,1,11
2,5.7,25.4,110.6,35.2,10,299.0,0,4
2,4.8,26.9,115.3,91.7,12,879.0,7,4
2,8.0,19.3,169.4,30.0,11,1003.0,6,10
3,4.8,30.7,1.0,85.6,3,1312.0,2,2
2,7.2,22.6,158.1,90.1,9,96.0,2,4
0,6.8,15.8,117.3,76.7,11,989.0,6,10
3,7.5,34.7,158.0,62.8,5,965.0,4,0
1,7.1,14.1,196.3,78.3,7,980.0,1,1
1,4.6,37.1,148.4,93.5,9,686.0,0,4
1,7.1,28.4,47.1,28.9,11,134.0,7,5
3,5.4,39.2,45.6,70.8,4,1007.0,7,3
1,6.6,26.9,122.6,42.7,10,1222.0,8,4
2,6.3,42.0,126.1,75.2,10,1099.0,0,4
3,5.3,41.6,84.7,45.0,12,251.0,3,4
1,8.2,37.0,100.8,72.8,2,304.0,7,12
0,6.6,33.9,176.7,74.5,12,1286.0,5,2
1,7.5,36.1,171.6,80.3,12,1466.0,5,4
0,5.6,38.3,191.8,64.4,11,1123.0,5,13
0,6.5,30.1,120.4,73.8,12,960.0,1,2
2,7.2,38.8,135.2,44.0,7,215.0,3,12
2,8.5,20.7,139.3,94.7,8,1481.0,9,0
2,5.1,41.3,8.3,32.4,10,995.0,5,1
0,4.5,37.5,24.4,63.8,5,781.0,6,13
1,5.7,12.4,60.9,37.1,3,1053.0,6,1
0,5.4,29.4,169.5,67.2,12,600.0,1,8
1,7.3,40.4,48.4,88.0,7,620.0,5,13
3,7.7,21.3,104.0,73.3,6,852.0,4,3
0,5.5,31.0,161.7,38.1,3,1284.0,1,12
3,7.2,19.5,198.7,61.4,8,300.0,8,0
3,6.0,37.0,73.5,47.1,3,779.0,5,12
1,5.0,29.2,34.2,39.1,12,1353.0,4,5
3,7.7,35.9,117.8,62.8,1,393.0,2,4
3,8.0,14.8,113.5,62.0,7,1212.0,1,1
3,4.9,25.7,191.2,25.9,5,415.0,8,0
3,5.1,18.9,103.1,84.9,11,602.0,3,11
3,4.9,25.9,166.1,77.7,2,406.0,8,12
2,6.2,20.6,175.4,27.9,4,1.0,1,0
2,5.1,39.2,83.3,94.4,7,123.0,3,0
2,5.1,39.5,75.1,39.7,7,835.0,6,13
3,7.9,39.3,118.4,45.6,2,1398.0,7,4
3,5.9,13.4,127.9,30.9,6,374.0,9,0
0,8.1,18.2,100.6,24.5,1,233.0,0,7
3,4.7,24.6,96.1,69.0,4,477.0,2,3
2,4.6,32.8,151.5,74.8,4,235.0,2,0
3,5.1,38.2,109.0,32.5,12,1085.0,2,0
3,6.4,34.3,187.4,77.4,6,1439.0,1,0
2,4.5,19.4,79.0,24.7,8,1451.0,5,5
1,4.5,30.1,26.6,26.8,7,471.0,0,2
1,7.0,26.2,136.5,90.4,9,292.0,8,4
1,6.7,38.8,12.9,78.7,5,1040.0,9,13
2,5.0,35.6,157.7,71.5,8,609.0,7,0
3,7.8,28.7,179.7,59.3,1,1407.0,2,4
1,4.7,37.3,108.1,29.0,11,59.0,2,4
0,8.5,18.8,162.4,43.6,4,907.0,6,10
3,6.2,24.0,27.7,62.1,12,27.0,5,8
2,6.2,17.0,94.3,37.3,7,219.0,1,0
0,5.6,32.0,149.1,55.8,8,815.0,7,0
1,6.4,10.8,193.7,84.9,3,15.0,8,12
3,4.7,34.4,120.6,91.7,4,1118.0,9,0
0,5.1,28.3,50.6,87.2,9,341.0,1,7
3,5.7,15.8,74.0,74.5,2,135.0,5,4
0,7.2,15.2,51.6,43.2,6,1115.0,4,8
0,6.9,14.8,48.7,71.1,5,1454.0,6,8
0,5.6,37.9,126.9,84.0,9,172.0,4,4
0,7.7,14.8,40.3,84.0,5,812.0,6,11
0,7.2,10.6,1.0,42.5,4,419.0,5,11
2,8.4,15.7,178.9,84.5,5,770.0,6,0
0,8.0,30.3,41.0,23.8,8,224.0,6,5
3,5.5,10.3,35.0,72.1,3,46.0,6,11
3,5.4,41.8,148.6,68.1,3,353.0,7,12
1,8.0,34.4,118.1,30.7,4,592.0,1,3
3,7.1,20.9,13.2,28.0,9,689.0,5,1
0,4.8,35.3,112.2,87.6,11,231.0,7,13
3,8.5,18.4,180.4,59.1,8,1475.0,3,1
3,6.4,19.2,13.1,27.4,12,1141.0,9,8
0,5.0,31.8,171.7,86.9,3,565.0,6,12
2,5.8,10.8,16.1,34.1,8,1213.0,9,1
1,8.0,21.1,77.4,83.8,1,799.0,1,4
1,5.3,36.1,183.3,53.5,1,204.0,1,12
2,5.6,25.4,32.7,89.2,5,680.0,0,9
3,7.4,41.7,51.3,80.4,12,146.0,2,4
0,6.7,33.3,128.4,46.9,7,1409.0,3,13
0,7.4,32.3,28.2,38.9,1,1271.0,7,2
3,5.2,25.9,109.7,85.0,5,468.0,2,9
0,6.0,23.1,198.5,24.3,12,1117.0,0,8
2,6.7,13.3,161.9,75.4,4,1202.0,0,1
0,5.7,28.0,26.2,56.1,3,175.0,9,13
3,8.2,22.8,164.5,44.3,1,955.0,7,4
1,7.0,34.3,94.4,92.2,6,1458.0,3,9
0,5.4,11.3,3.5,54.1,2,668.0,5,1
0,7.8,32.6,83.0,34.7,8,177.0,7,0
1,4.8,22.1,199.4,51.8,4,628.0,8,12
1,7.2,23.4,93.5,57.3,5,42.0,5,12
0,6.6,21.2,64.7,40.9,5,673.0,1,14
3,5.8,14.3,21.5,68.7,5,877.0,5,1
2,4.6,40.6,88.7,37.0,1,635.0,9,4
2,7.7,27.1,34.3,51.1,9,1476.0,3,10
1,4.9,40.8,0.2,37.9,10,957.0,9,11
0,8.3,30.0,145.0,66.4,2,1018.0,9,12
3,6.5,41.5,97.2,48.0,1,1206.0,5,4
3,4.6,17.7,100.2,81.8,9,1452.0,6,1
2,7.0,41.5,96.5,35.7,3,730.0,9,12
3,8.0,33.9,161.0,85.5,7,1015.0,4,12
3,6.6,40.8,135.2,33.3,5,502.0,6,0
0,8.1,35.5,59.0,43.8,10,392.0,1,4
1,6.8,37.5,174.0,81.4,3,977.0,0,12
2,4.6,21.5,159.8,48.3,6,473.0,6,0
1,4.5,16.6,136.8,93.1,10,309.0,0,11
2,7.9,17.6,122.0,34.1,9,1135.0,0,10
1,7.3,30.4,74.6,58.2,2,1348.0,0,12
2,4.6,18.7,0.5,72.0,7,1473.0,4,5
0,8.2,36.3,126.1,72.6,7,439.0,5,12
2,4.7,23.5,48.6,61.4,11,438.0,9,11
2,5.5,32.8,124.0,39.0,8,395.0,5,0
1,8.1,22.4,84.6,93.1,5,600.0,5,3
3,7.3,27.9,51.4,79.9,3,1446.0,1,12
2,6.1,13.6,113.5,72.3,6,578.0,4,0
2,7.0,23.1,78.8,53.7,2,1279.0,0,12
1,5.8,16.6,164.5,89.4,6,1093.0,7,0
0,6.0,16.2,19.0,66.4,3,454.0,3,8
2,5.8,21.4,69.8,24.1,5,666.0,6,9
2,6.2,22.1,84.8,59.8,10,1304.0,5,4
1,5.3,16.6,120.4,31.4,3,1264.0,2,1
3,6.4,14.7,179.8,51.4,11,284.0,9,11
0,7.9,27.1,194.2,33.0,2,1347.0,7,2
0,5.2,36.1,125.1,45.0,8,334.0,8,12
0,7.4,24.5,162.0,41.7,5,879.0,2,12
2,7.8,36.6,8.6,79.6,6,1101.0,2,13
0,4.7,24.3,178.4,41.9,5,1138.0,0,0
0,4.7,31.6,102.6,63.1,9,354.0,3,5
3,5.8,35.7,96.0,74.5,4,845.0,4,0
0,4.7,40.8,6.5,61.2,12,29.0,9,13
3,4.8,20.3,99.5,91.7,11,320.0,7,4
2,5.8,21.8,32.4,60.2,6,342.0,3,0
3,6.6,17.4,164.7,21.4,2,1013.0,4,4
1,7.0,37.2,41.8,90.5,3,596.0,1,4
0,6.7,30.3,88.0,66.1,2,150.0,3,2
0,5.5,28.1,11.4,89.1,3,564.0,9,2
0,8.0,11.1,38.5,31.2,4,481.0,3,3
0,8.0,37.6,48.2,36.4,5,243.0,8,13
1,5.6,12.9,166.1,49.7,1,985.0,4,11
1,6.5,28.3,185.4,84.0,7,1091.0,0,0
0,6.8,17.7,112.2,72.6,12,716.0,5,8
1,6.2,27.8,87.8,30.5,10,942.0,2,7
1,5.7,39.2,130.2,81.5,5,552.0,1,13
0,6.0,10.3,66.8,84.8,7,1100.0,6,11
1,7.6,41.6,103.2,42.7,5,471.0,8,12
2,5.8,33.0,152.5,90.5,4,1402.0,2,12
0,4.6,14.2,164.5,33.7,8,321.0,3,5
2,7.5,36.8,149.1,66.2,8,142.0,2,0
0,7.6,33.9,30.8,22.0,1,724.0,7,2
3,5.2,10.3,178.3,33.3,11,1046.0,5,1
3,5.7,37.2,51.6,39.9,3,1012.0,9,12
3,8.2,22.9,165.3,45.0,12,975.0,1,4
3,7.5,25.9,143.0,82.8,10,1143.0,7,4
1,7.1,11.5,23.2,71.6,2,1365.0,5,11
0,5.6,40.9,130.8,66.2,4,1071.0,1,13
3,8.3,16.1,12.1,43.5,3,848.0,5,1
0,6.7,14.4,52.9,50.0,2,1222.0,1,11
3,6.1,13.4,99.1,59.6,11,200.0,8,8
1,7.6,17.7,123.9,72.1,11,408.0,7,8
2,8.0,41.1,96.4,55.8,3,345.0,4,12
0,7.6,32.0,57.7,56.8,3,590.0,5,2
3,4.9,21.1,40.0,82.4,11,1034.0,8,5
2,7.8,17.3,162.6,78.6,1,87.0,1,4
2,6.8,34.5,97.9,20.3,11,1266.0,4,0
3,5.5,26.2,91.3,32.8,5,1018.0,5,9
0,5.6,27.3,183.7,32.5,12,318.0,8,5
3,4.5,32.4,138.8,31.4,11,1077.0,5,4
2,6.0,21.0,71.8,29.8,6,176.0,5,0
2,5.7,14.5,127.2,41.0,7,754.0,7,0
0,7.8,25.2,169.5,85.9,10,1339.0,3,10
2,7.6,38.8,9.5,23.2,4,1071.0,3,3
0,7.1,25.9,142.3,93.5,4,688.0,1,3
2,8.0,35.9,93.6,53.5,8,1278.0,1,0
2,8.0,29.2,176.5,21.7,1,1055.0,0,4
2,6.1,12.9,50.6,34.5,6,74.0,2,1
2,7.7,16.9,162.6,92.0,10,859.0,8,10
3,7.3,29.3,198.8,46.4,6,497.0,6,12
1,7.4,40.6,131.0,52.9,8,856.0,5,12
3,6.2,25.4,163.6,74.4,12,1132.0,4,8
3,8.2,34.7,5.3,37.5,4,180.0,2,3
0,7.7,35.6,183.5,43.2,4,1001.0,8,12
2,7.5,37.2,47.3,80.8,12,90.0,7,12
1,7.6,33.8,17.2,63.4,3,1098.0,1,12
3,8.0,29.0,168.9,55.9,7,1433.0,1,0
1,7.4,27.4,39.8,68.7,4,368.0,9,3
1,5.3,20.6,30.0,84.7,10,172.0,8,5
3,5.0,24.4,98.7,83.3,9,1484.0,5,0
0,7.5,40.0,132.8,43.9,2,976.0,0,13
1,6.1,22.1,52.6,53.2,5,564.0,8,9
1,5.9,12.5,136.1,77.4,7,308.0,8,0
3,6.7,11.3,39.2,20.8,2,595.0,9,1
2,6.0,38.4,144.2,85.9,8,920.0,4,0
1,8.2,28.6,137.9,67.4,1,617.0,1,4
1,6.2,40.2,65.2,53.2,10,458.0,4,4
3,5.0,24.8,65.6,38.3,11,16.0,5,5
0,4.8,28.3,160.6,78.5,10,1371.0,6,8
2,6.4,27.4,72.9,36.1,10,1110.0,4,5
3,6.6,20.6,178.5,49.9,2,1118.0,0,4
0,7.1,30.8,156.6,79.2,10,955.0,0,5
2,4.8,31.4,196.0,61.3,2,996.0,3,12
0,5.0,25.3,145.2,42.1,3,1336.0,7,12
0,6.6,20.1,28.4,92.1,8,1182.0,2,5
1,7.1,39.3,155.8,35.8,2,796.0,4,12
3,6.2,36.7,55.3,70.4,4,1392.0,8,12
0,5.6,18.8,198.2,24.4,3,504.0,5,10
1,7.2,39.2,74.5,46.6,6,772.0,8,13
1,5.4,12.9,78.2,85.7,12,1167.0,5,1
0,5.5,21.4,50.8,48.5,6,223.0,4,5
3,6.5,41.4,0.5,59.8,6,424.0,4,13
3,6.6,28.5,55.2,23.6,9,82.0,8,7
1,5.2,38.3,135.5,91.6,5,1177.0,1,3
0,8.3,10.1,142.9,71.2,8,1152.0,8,1
1,4.6,40.5,186.3,22.2,3,1068.0,5,12
0,5.2,17.8,48.6,76.9,11,58.0,7,8
2,6.4,28.0,193.0,81.6,6,1.0,9,0
2,6.5,17.1,97.3,79.0,1,451.0,5,4
1,6.5,21.0,166.3,44.6,1,910.0,6,4
0,6.3,40.2,172.7,92.7,12,718.0,9,8
1,6.9,12.6,118.6,87.0,5,1401.0,2,1
0,5.5,33.4,85.7,87.9,4,1350.0,3,3
2,4.6,24.4,23.3,87.3,2,174.0,4,4
3,5.5,19.7,197.0,63.6,3,175.0,8,12
2,4.8,31.6,66.4,59.5,3,889.0,2,12
3,4.7,21.7,168.4,31.9,4,1390.0,1,0
2,8.0,21.9,106.7,80.6,6,1157.0,2,3
1,7.5,24.3,105.3,39.3,9,23.0,2,7
1,5.0,35.4,153.0,72.6,6,275.0,4,0
1,4.7,13.9,170.2,26.8,9,1173.0,5,1
3,8.2,20.8,165.1,50.8,11,1287.0,3,1
2,5.0,19.9,137.9,79.2,8,340.0,8,0
2,6.7,39.5,133.4,27.6,7,1090.0,4,0
3,4.7,21.4,147.7,78.6,12,326.0,0,0
2,6.6,19.3,74.8,53.2,4,31.0,8,3
1,6.6,42.0,49.0,91.2,7,219.0,2,13
2,7.8,27.1,110.9,42.8,1,239.0,4,12
2,5.2,40.3,105.1,51.5,2,1381.0,4,12
3,7.2,30.5,66.1,92.7,5,501.0,9,3
1,6.8,11.6,92.9,57.1,3,512.0,3,1
2,5.0,22.8,44.4,36.5,10,444.0,3,1
1,8.5,32.3,153.3,25.9,11,135.0,9,4
3,8.4,38.6,99.9,79.9,6,604.0,2,12
2,8.2,28.8,82.6,78.4,8,737.0,0,0
0,7.8,29.1,55.2,86.8,5,887.0,4,3
2,5.7,19.9,193.4,56.5,5,943.0,8,9
2,6.1,27.6,63.3,54.3,2,1156.0,1,12
2,7.1,22.8,158.0,84.1,1,1179.0,9,4
0,5.2,16.3,195.3,77.6,7,477.0,7,0
3,6.0,31.1,163.9,33.7,5,545.0,8,14
0,5.4,17.6,91.9,61.4,10,1103.0,5,11
1,6.7,41.5,110.1,31.2,2,1048.0,2,12
1,6.1,31.1,9.6,48.0,5,52.0,8,5
0,8.4,16.3,42.6,56.7,1,215.0,8,8
2,6.4,20.1,47.6,57.8,4,129.0,7,9
2,5.5,41.2,186.9,47.4,4,1229.0,8,0
3,6.3,15.8,183.6,28.6,6,810.0,6,8
2,5.1,32.8,120.4,82.6,12,1167.0,6,4
1,7.3,11.9,83.7,47.9,2,411.0,5,12
3,6.4,25.9,55.3,64.2,6,1356.0,6,0
1,6.3,23.8,6.5,74.8,4,35.0,2,14
2,6.4,10.7,68.0,65.9,6,567.0,5,11
0,7.9,41.2,133.4,94.8,9,700.0,4,10
1,4.5,38.1,174.9,52.4,1,181.0,1,4
1,4.9,28.6,111.5,61.8,10,682.0,3,5
3,6.7,35.7,176.7,76.2,1,352.0,3,4
3,6.1,27.8,161.4,29.5,5,378.0,7,0
0,8.3,37.0,37.5,47.0,10,612.0,1,13
1,6.9,17.0,155.5,53.0,9,1203.0,9,1
1,4.7,29.3,44.8,50.7,9,647.0,7,14
1,4.8,23.0,20.0,40.2,11,1173.0,3,5
1,6.0,17.8,144.9,59.6,2,307.0,9,12
0,7.8,36.3,69.7,72.8,12,1025.0,4,10
3,8.2,26.8,24.7,76.6,4,102.0,3,3
0,7.8,32.5,8.9,30.2,10,777.0,9,14
0,5.0,34.9,10.3,74.0,4,401.0,3,13
0,6.5,27.7,172.1,40.2,6,1132.0,6,2
3,5.7,10.9,112.0,89.5,3,382.0,7,12
2,6.8,28.9,70.7,34.6,1,703.0,2,4
3,5.8,39.7,14.5,52.1,1,311.0,1,13
3,7.1,11.6,1.5,36.1,1,117.0,6,1
1,7.0,30.7,3.7,71.7,2,209.0,0,2
1,5.6,18.6,190.5,55.9,4,979.0,1,5
3,5.8,19.7,9.3,52.7,11,19.0,9,5
2,7.5,34.3,98.2,78.4,12,250.0,3,0
2,5.9,28.6,158.9,67.8,3,1439.0,0,12
3,5.2,31.7,99.8,57.6,9,258.0,6,0
3,7.9,40.6,182.6,85.0,11,582.0,2,1
2,5.6,24.3,3.3,72.6,6,751.0,5,5
1,7.6,28.6,47.1,62.7,6,703.0,3,7
1,4.6,40.0,187.3,63.3,5,462.0,0,0
2,6.6,31.7,192.5,50.3,4,760.0,5,12
3,8.0,12.9,59.4,39.7,3,1089.0,2,1
1,7.6,22.1,23.6,33.0,2,672.0,4,10
1,7.3,10.8,116.2,25.3,11,666.0,9,1
2,8.0,12.5,29.9,89.8,7,865.0,8,1
2,7.3,37.5,26.8,77.1,11,24.0,2,4
0,6.0,14.3,52.2,46.1,12,895.0,9,8
3,4.7,30.7,94.7,92.0,1,175.0,2,4
2,6.1,24.4,132.3,74.6,2,690.0,7,12
0,4.8,11.1,193.1,73.6,9,1136.0,1,11
2,8.1,18.6,144.6,27.2,5,553.0,4,0
1,5.1,33.5,87.1,21.3,1,1024.0,7,4
3,4.7,13.9,66.1,55.0,6,1095.0,3,8
1,6.4,25.1,60.3,73.5,7,956.0,5,7
3,6.4,14.3,60.4,66.0,1,39.0,4,8
0,7.0,17.8,0.2,20.7,12,985.0,7,11
3,4.5,38.1,2.9,42.1,10,15.0,2,14
1,5.2,23.8,163.5,22.8,8,853.0,5,12
2,8.4,19.4,149.0,89.9,1,794.0,3,4
1,4.7,35.9,116.3,61.3,3,707.0,0,12
2,6.0,20.2,28.0,82.6,7,932.0,3,6
1,5.7,32.1,171.7,65.1,2,158.0,8,4
1,5.0,39.4,76.7,84.4,12,441.0,8,13
0,5.2,24.3,93.6,30.3,10,136.0,6,7
0,5.9,19.3,133.4,74.1,4,55.0,0,14
1,5.9,13.6,196.7,60.0,12,151.0,1,1
3,7.3,22.5,20.4,49.1,10,1351.0,0,1
0,6.3,13.0,97.4,85.9,11,857.0,3,11
3,5.6,42.0,115.8,88.1,10,74.0,5,4
1,7.8,25.5,7.6,49.0,12,32.0,4,8
3,5.2,40.8,94.3,80.6,4,1163.0,1,12
0,4.9,12.3,142.8,29.8,7,262.0,7,13
0,5.4,20.0,35.9,53.7,7,1221.0,3,7
1,7.0,25.6,92.9,38.1,6,852.0,3,7
1,5.6,28.4,74.2,28.5,2,196.0,1,4
0,8.1,28.3,83.5,86.3,12,689.0,9,4
3,7.3,19.8,51.5,43.8,6,490.0,1,5
3,7.7,24.2,52.1,51.7,7,1085.0,7,7
2,5.0,38.9,122.8,83.2,11,474.0,9,0
1,8.4,40.5,16.5,31.6,3,1028.0,2,12
1,5.2,10.8,195.4,65.3,4,705.0,6,1
1,5.0,13.3,12.4,54.8,12,238.0,6,8
2,5.3,30.9,113.3,71.4,2,279.0,6,12
0,6.2,32.1,196.3,60.7,7,1284.0,3,2
2,5.5,33.2,123.1,81.8,3,1462.0,9,12
3,4.6,19.6,111.6,59.1,4,1395.0,3,7
2,8.4,37.6,110.6,58.2,4,74.0,1,12
1,5.1,24.9,91.7,40.2,12,952.0,7,7
3,8.2,10.3,101.5,30.5,6,668.0,4,1
0,6.2,32.1,7.2,43.2,3,419.0,7,2
2,7.2,29.4,67.3,40.2,2,1237.0,4,12
0,8.2,35.7,173.9,32.2,6,580.0,7,13
3,7.3,41.0,69.8,67.9,3,38.0,1,12
0,4.9,12.9,128.5,88.0,5,524.0,1,13
2,7.8,26.4,90.6,21.4,4,33.0,5,3
1,5.3,32.2,141.7,56.6,5,466.0,4,12
2,6.1,38.9,146.6,55.2,9,435.0,3,0
2,8.2,32.5,69.7,64.4,11,1040.0,0,4
1,7.8,20.9,195.6,79.5,11,433.0,4,4
2,5.4,11.1,157.7,38.6,6,1029.0,5,12
2,7.6,30.8,135.9,81.5,12,573.0,3,0
0,6.1,15.5,120.4,75.0,1,809.0,6,8
2,4.6,22.5,36.7,54.5,8,808.0,2,1
3,6.6,28.2,178.6,38.6,11,475.0,4,4
2,7.6,15.4,108.4,71.7,11,74.0,1,1
0,7.4,16.0,104.0,52.0,5,682.0,0,10
3,6.5,24.6,180.9,64.3,9,1101.0,5,1
3,8.1,17.1,160.2,91.5,11,926.0,7,1
0,4.9,40.7,63.2,84.6,4,716.0,8,13
3,7.4,34.4,178.8,61.2,2,306.0,1,4
2,6.2,41.3,133.1,88.8,9,1241.0,4,4
2,4.7,11.9,196.3,67.5,10,1029.0,5,1
3,6.2,20.0,91.7,87.4,6,507.0,7,0
1,4.5,24.3,169.4,79.2,3,652.0,6,12
0,6.0,37.7,6.8,24.5,2,1122.0,6,13
2,7.9,39.3,179.6,69.3,8,549.0,0,0
0,7.3,34.1,62.1,44.5,3,377.0,0,12
0,7.1,38.4,116.3,36.3,5,100.0,7,13
2,4.6,18.2,97.2,53.0,7,1275.0,0,0
2,6.9,36.4,190.1,61.9,10,774.0,5,4
3,6.8,40.1,68.1,53.9,2,216.0,7,12
3,7.9,33.5,0.1,75.5,3,796.0,2,12
2,5.1,15.9,57.5,61.8,12,605.0,0,10
3,5.7,13.3,94.6,53.5,9,462.0,8,7
0,7.9,16.9,189.1,64.9,12,1101.0,8,10
0,5.3,11.4,2.1,93.1,10,1082.0,4,11
1,7.2,23.0,44.8,58.4,10,7.0,2,11
1,5.9,39.5,96.8,66.9,4,1216.0,5,3
0,7.6,15.5,174.0,95.0,8,1220.0,9,10
1,7.0,33.3,115.0,62.6,11,941.0,1,4
3,8.4,15.8,30.9,63.5,12,766.0,8,1
2,6.0,21.7,25.2,71.3,9,804.0,6,14
0,5.5,18.8,5.2,65.5,5,1278.0,2,5
3,6.3,19.9,150.2,49.0,8,739.0,8,14
1,7.6,41.4,94.0,69.3,1,335.0,1,4
2,5.2,18.6,184.1,38.5,2,38.0,5,12
0,8.1,17.9,136.4,84.2,7,459.0,8,12
1,7.5,21.6,186.2,84.7,11,117.0,2,4
0,6.5,38.0,31.3,29.6,8,1121.0,5,13
1,4.7,20.8,166.4,75.9,2,514.0,2,4
1,6.1,10.6,118.0,51.7,4,749.0,6,1
3,4.9,14.1,120.9,68.1,10,317.0,5,8
1,5.1,14.6,51.6,94.2,6,233.0,2,8
3,7.1,33.7,58.2,40.2,12,457.0,9,4
2,8.0,27.1,46.2,51.6,9,355.0,0,3
2,5.4,29.7,20.7,73.4,5,451.0,6,3
0,6.2,20.8,152.0,51.6,4,1033.0,5,14
0,7.4,34.7,22.0,46.9,11,909.0,8,10
1,5.8,29.0,91.4,52.1,3,1200.0,6,12
1,5.2,39.7,139.1,80.6,6,141.0,0,13
0,6.1,35.9,114.7,59.7,10,1302.0,8,4
3,6.2,28.9,63.0,88.2,12,24.0,5,4
1,7.0,36.2,66.2,63.9,12,862.0,1,4
0,5.8,11.8,61.0,44.5,1,635.0,9,11
1,6.5,40.6,181.4,24.2,11,1304.0,0,11
3,8.2,27.7,175.2,86.7,7,1261.0,9,0
3,7.1,14.7,16.9,44.0,12,218.0,4,1
1,8.4,14.7,178.3,41.7,4,640.0,2,1
3,5.2,39.9,9.2,86.9,11,1422.0,1,10
2,7.3,15.2,155.2,87.1,9,30.0,7,0
0,7.2,42.0,41.7,44.1,4,505.0,1,13
3,7.9,24.2,52.3,28.1,3,1018.0,0,3
0,7.9,16.9,38.9,39.6,5,1191.0,2,10
0,4.5,25.1,187.7,42.1,6,1285.0,0,13
2,5.2,40.0,65.2,87.1,1,1208.0,9,4
0,7.1,23.1,143.3,54.4,4,507.0,8,11
0,8.1,12.2,97.8,57.5,9,1054.0,6,11
3,5.3,40.0,84.4,27.1,12,241.0,7,0
0,4.7,11.6,52.0,30.3,6,1163.0,8,13
3,4.8,35.6,93.5,66.6,10,80.0,6,4
2,5.5,34.7,31.5,24.3,8,103.0,6,0
2,8.3,29.7,73.9,70.5,10,458.0,4,4
3,6.2,40.7,136.8,69.9,6,1205.0,8,0
2,8.4,26.6,17.7,91.4,11,523.0,4,10
0,8.2,31.5,19.6,88.2,6,300.0,0,13
3,6.9,28.1,19.7,52.7,12,1111.0,9,8
1,5.0,36.9,124.5,57.0,2,1478.0,7,4
1,6.6,17.0,56.9,24.4,3,734.0,5,1
1,6.3,27.9,20.0,52.8,1,727.0,5,2
2,5.9,39.7,161.9,34.8,2,461.0,2,0
2,6.5,31.5,49.8,63.0,2,283.0,7,12
2,5.4,40.9,186.0,91.9,1,676.0,6,4
0,5.6,33.7,36.8,73.3,5,1151.0,6,13
1,5.1,34.2,84.0,33.7,3,1442.0,5,12
2,5.4,41.3,8.5,76.5,9,188.0,5,4
0,4.6,24.5,189.4,40.1,6,1045.0,5,0
3,6.9,40.6,54.0,25.1,12,1005.0,1,8
0,7.4,21.9,67.8,20.3,7,982.0,3,5
0,7.9,18.9,177.5,54.3,3,370.0,9,12
1,5.2,28.3,31.3,36.4,8,463.0,3,14
3,6.3,19.5,174.2,88.2,11,1318.0,8,11
0,5.3,35.7,26.4,73.1,4,1327.0,2,13
0,5.7,31.7,87.6,46.5,3,406.0,5,12
2,7.7,18.2,181.6,23.3,2,1467.0,0,12
3,6.7,35.2,53.8,69.9,9,608.0,7,4
0,6.1,15.5,117.8,26.0,10,819.0,9,11
1,6.5,24.0,116.7,61.2,1,1401.0,7,4
3,7.6,38.2,5.9,72.6,8,791.0,3,13
2,6.8,29.6,79.7,41.4,5,1307.0,7,3
3,4.6,23.3,196.4,76.4,12,749.0,9,0
1,4.7,22.1,64.2,67.9,9,139.0,3,7
2,7.7,30.4,16.5,73.3,4,1220.0,9,3
1,6.1,11.7,99.2,27.8,4,201.0,7,3
1,5.7,32.1,3.1,26.9,6,1351.0,4,14
2,5.3,20.1,185.5,87.3,1,112.0,6,4
0,7.4,11.6,99.2,35.5,11,117.0,8,11
2,6.8,40.1,151.8,92.9,6,226.0,7,0
0,8.4,26.6,119.2,51.0,2,367.0,0,12
1,5.9,11.9,141.9,46.6,1,1221.0,7,11
0,5.9,36.9,165.3,56.0,4,1418.0,0,13
2,8.1,29.1,34.9,57.0,1,755.0,0,7
3,6.0,30.2,22.7,40.2,3,1464.0,2,6
3,8.2,11.9,175.7,87.3,4,676.0,1,1
0,5.1,29.9,165.6,25.2,2,145.0,8,12
0,7.1,27.6,76.1,30.8,2,1397.0,5,12
2,7.9,38.8,50.1,47.7,11,15.0,0,4
3,6.7,26.4,124.7,66.5,9,968.0,3,4
1,6.3,23.7,117.6,29.3,4,802.0,5,3
2,7.4,19.7,137.2,56.2,8,1137.0,5,0
1,7.8,17.9,158.3,63.0,2,1410.0,1,4
2,5.5,22.6,1.8,42.5,6,1115.0,5,5
1,4.9,16.4,192.7,43.4,7,265.0,1,0
2,7.1,41.5,57.0,60.2,7,899.0,2,0
2,5.5,20.6,138.2,74.2,10,249.0,4,0
2,7.3,31.1,160.2,82.5,8,819.0,7,0
0,5.2,13.8,106.3,74.1,10,1403.0,1,8
0,5.4,12.4,79.5,55.1,12,1484.0,0,11
2,7.8,35.5,138.6,32.0,2,618.0,0,12
1,7.2,32.6,47.5,27.6,5,1375.0,0,9
1,6.1,36.0,50.8,50.7,7,1236.0,1,12
0,6.2,19.7,93.0,91.1,10,1368.0,3,7
2,4.8,31.5,43.0,42.5,1,706.0,5,9
1,6.1,26.1,171.1,63.8,1,867.0,6,4
2,7.8,23.3,196.9,40.3,5,513.0,1,3
3,7.7,33.8,88.2,42.1,11,1499.0,6,4
1,8.0,22.8,162.6,36.5,3,414.0,4,12
0,8.3,28.2,57.0,28.0,6,1187.0,7,13
1,7.8,10.8,107.9,77.9,8,933.0,4,11
3,8.0,10.2,191.1,31.8,5,1491.0,0,3
2,8.2,38.6,183.8,68.7,4,1316.0,9,3
0,6.0,15.4,3.1,82.2,12,1381.0,4,10
3,8.1,12.6,22.8,80.5,9,143.0,6,1
0,4.7,38.5,171.2,43.6,2,880.0,1,13
1,7.1,41.3,181.0,80.5,2,900.0,6,12
2,5.7,27.0,60.8,79.1,1,1310.0,2,4
0,8.4,36.4,155.3,90.4,11,1241.0,5,12
3,7.7,11.2,187.5,81.9,5,12.0,1,0
2,6.0,15.9,113.6,41.7,1,1460.0,6,4
0,5.1,13.0,17.8,65.4,8,973.0,3,1
0,8.2,21.8,176.6,85.1,3,1204.0,4,4
3,7.6,12.6,50.9,44.0,5,970.0,7,11
1,7.3,21.4,13.2,77.5,7,522.0,1,5
2,4.8,11.5,79.8,35.8,3,481.0,8,1
2,5.3,25.0,99.5,73.3,10,812.0,3,4
2,7.3,29.6,120.3,68.2,11,1235.0,2,4
1,6.6,14.8,183.5,37.3,1,129.0,1,4
1,7.4,17.3,130.5,88.4,8,242.0,0,12
1,8.4,20.9,129.8,63.4,12,68.0,7,4
3,4.7,18.1,138.1,92.0,7,534.0,0,0
0,5.5,32.9,111.0,64.6,8,341.0,9,13
0,6.5,29.7,70.5,54.0,1,783.0,3,2
1,8.3,36.4,146.1,53.3,10,653.0,4,4
0,8.3,40.6,145.6,78.2,4,162.0,6,12
2,7.9,23.5,5.4,53.4,1,852.0,3,10
1,4.8,32.0,190.2,88.6,2,1003.0,3,12
1,5.8,26.5,121.2,69.7,9,176.0,6,4
0,8.2,30.6,77.5,67.0,7,590.0,4,5
0,7.6,17.2,38.5,92.7,9,1296.0,3,10
0,6.7,41.5,32.3,36.9,9,1169.0,6,14
1,4.9,23.8,102.2,68.2,11,1007.0,2,11
2,5.9,32.5,187.9,80.2,3,219.0,7,12
2,7.1,38.3,179.0,69.9,11,1265.0,5,4
1,5.9,34.1,198.8,80.5,2,1323.0,8,12
2,5.1,23.3,157.3,41.2,3,955.0,7,12
3,6.4,26.0,61.0,28.6,11,1191.0,3,10
3,4.7,41.1,45.5,81.6,1,159.0,5,0
3,8.0,25.0,6.2,24.8,11,897.0,4,10
1,4.6,27.0,3.3,61.4,5,1071.0,4,5
1,5.2,12.9,17.4,32.3,11,1406.0,0,1
1,6.5,32.0,17.9,66.1,7,570.0,1,6
0,8.3,34.1,73.0,58.7,3,32.0,5,12
1,5.1,34.4,129.5,84.6,8,45.0,1,0
0,5.8,32.3,189.7,37.6,3,554.0,3,13
3,6.1,25.8,163.4,22.2,8,1147.0,1,0
1,5.8,27.9,16.2,26.4,11,661.0,1,5
3,7.0,10.5,14.6,90.1,1,357.0,2,1
0,7.8,35.1,41.5,89.8,11,1035.0,5,10
3,8.4,41.1,170.3,20.8,2,1258.0,9,4
3,5.5,29.3,127.7,74.3,6,768.0,6,0
3,5.9,33.3,168.2,46.2,4,532.0,0,12
2,5.3,21.8,158.6,27.6,4,212.0,3,4
2,5.4,20.3,10.5,90.9,10,1229.0,1,1
0,7.3,24.3,108.8,50.9,10,227.0,5,4
3,5.9,29.0,126.7,69.7,11,1153.0,3,10
2,6.9,40.4,138.7,79.7,2,1195.0,3,4
3,7.6,35.1,65.2,26.0,9,838.0,7,4
1,5.7,35.5,134.6,46.2,7,474.0,4,0
0,6.5,22.6,196.7,53.7,6,1363.0,7,8
0,5.6,24.7,31.0,66.9,12,875.0,2,8
2,7.9,21.1,98.6,39.0,8,468.0,2,0
3,8.2,41.1,132.9,91.3,1,401.0,7,4
1,6.7,34.6,157.0,69.3,1,607.0,6,4
1,4.8,32.5,44.3,27.0,12,1176.0,0,9
0,7.8,20.3,165.7,83.6,1,296.0,1,4
3,8.1,20.7,189.2,39.4,6,465.0,0,0
2,5.5,10.2,121.2,55.2,1,401.0,5,4
3,7.2,23.7,161.6,84.2,1,1173.0,6,4
1,8.2,40.0,38.8,72.6,7,248.0,0,13
1,4.6,36.4,148.9,80.8,10,1075.0,2,4
2,7.6,24.6,90.9,86.3,5,686.0,3,3
1,5.9,36.0,9.7,94.7,3,702.0,4,12
0,6.9,39.1,51.3,24.3,6,1272.0,2,13
3,7.2,40.1,28.0,87.4,10,331.0,7,1
2,7.4,37.3,169.7,28.8,12,901.0,0,4
0,7.2,40.5,18.0,90.3,3,15.0,4,13
1,8.1,35.8,90.1,26.8,8,61.0,0,4
1,4.9,39.0,116.7,91.3,10,1051.0,7,4
1,5.9,25.6,123.9,57.0,8,610.0,3,0
3,7.1,29.9,12.7,42.3,7,1027.0,7,5
1,6.1,28.4,59.5,67.3,8,1097.0,1,7
0,5.6,36.4,177.1,66.5,2,796.0,4,12
2,8.3,19.0,100.3,73.0,9,458.0,3,4
2,8.1,10.2,150.9,87.0,5,496.0,5,0
0,4.7,35.1,89.1,47.4,9,1316.0,1,0
0,4.8,24.8,2.6,37.2,11,1392.0,1,11
3,4.5,40.1,81.1,52.0,9,703.0,6,4
3,7.7,11.2,2.9,38.1,3,404.0,1,11
0,5.9,13.2,43.3,23.8,3,771.0,9,8
1,7.5,11.6,157.9,42.3,2,1288.0,4,1
3,4.8,31.5,98.3,29.5,9,453.0,0,4
2,7.0,40.3,39.9,90.9,5,51.0,4,3
2,8.3,13.9,194.0,53.1,10,469.0,8,11
2,5.9,28.1,153.7,62.7,7,1027.0,7,0
1,6.8,36.1,196.3,93.8,12,472.0,5,4
2,4.5,36.8,167.4,50.8,5,159.0,8,0
3,6.9,27.8,150.2,29.3,2,1143.0,4,4
1,5.6,10.9,38.9,91.1,5,334.0,5,9
2,4.7,17.6,193.9,63.4,2,368.0,0,4
3,8.2,30.2,66.7,74.6,7,956.0,5,0
0,4.6,26.8,119.9,42.5,4,1403.0,9,9
1,4.8,17.6,98.0,71.9,3,142.0,0,12
1,5.4,19.8,28.9,84.2,7,33.0,0,5
1,8.0,31.3,142.8,79.7,7,748.0,9,0
0,5.5,25.8,150.1,35.1,12,424.0,7,5
3,8.1,39.9,186.2,55.0,9,387.0,1,4
0,6.9,13.0,10.3,57.9,10,1407.0,7,11
3,5.0,16.6,59.1,62.5,9,117.0,8,1
1,5.7,40.7,142.5,43.1,6,894.0,4,0
2,5.5,40.0,27.4,60.3,6,645.0,4,13
1,5.4,22.2,179.4,62.7,5,1084.0,0,14
2,6.9,11.2,109.9,30.1,3,567.0,0,1
3,6.3,13.5,107.3,36.4,9,1189.0,2,7
2,5.6,32.1,172.5,57.2,12,388.0,8,0
2,6.2,22.2,153.0,62.5,9,715.0,0,4
2,8.1,19.3,94.6,43.4,6,1200.0,4,0
0,8.2,17.3,163.0,23.6,5,166.0,9,0
0,6.2,27.5,33.2,83.0,11,200.0,3,8
1,8.2,12.7,33.2,81.7,2,15.0,3,11
1,8.2,22.4,15.1,31.7,1,546.0,0,11
3,7.7,13.3,183.6,84.1,4,719.0,1,11
1,6.5,14.9,68.1,80.2,3,147.0,8,1
2,5.1,36.7,34.5,64.5,3,1184.0,2,12
3,8.0,12.4,190.6,68.2,10,811.0,3,1
3,5.5,10.3,153.6,49.1,1,1442.0,3,1
2,8.3,32.4,66.4,72.2,2,1491.0,7,4
0,4.9,29.7,120.1,94.2,12,479.0,5,13
1,6.7,40.2,167.5,58.0,10,957.0,9,4
2,6.3,23.5,135.2,63.1,5,757.0,0,0
0,6.1,22.4,82.0,50.5,7,1158.0,4,7
1,7.5,14.6,76.9,90.2,5,1206.0,7,1
1,7.3,36.3,87.0,89.0,2,656.0,6,4
1,7.8,31.8,109.1,49.1,7,495.0,7,12
3,7.4,15.5,35.2,91.5,6,291.0,2,8
1,6.3,30.8,99.1,37.0,10,953.0,9,4
3,5.0,36.1,46.6,68.1,8,344.0,3,0
1,6.0,38.6,181.7,24.3,11,483.0,1,4
3,7.6,28.7,198.5,40.9,2,461.0,3,12
3,4.6,36.5,32.4,94.4,8,610.0,8,5
2,7.8,35.2,175.9,78.5,8,64.0,7,0
2,7.7,25.8,103.3,79.4,9,503.0,5,0
2,5.8,31.7,59.0,73.5,3,536.0,2,12
2,4.5,12.6,37.6,53.1,6,558.0,3,1
0,5.8,23.7,44.2,86.3,1,1187.0,6,8
3,5.9,31.7,5.4,63.8,5,1361.0,3,5
0,7.9,21.1,43.1,87.9,1,755.0,8,7
2,7.9,25.6,40.2,93.5,9,1048.0,0,10
3,6.6,22.1,116.2,81.1,10,1408.0,8,4
3,8.2,18.6,167.2,83.9,6,802.0,1,0
3,6.7,28.4,186.6,82.0,2,318.0,2,12
3,8.1,25.3,147.5,27.8,8,682.0,6,0
2,5.1,30.7,58.2,21.3,12,836.0,6,3
2,4.6,28.8,133.7,65.5,9,216.0,2,0
2,7.6,16.5,60.9,79.3,1,609.0,1,10
1,6.9,30.5,19.8,60.5,4,193.0,2,5
0,4.8,28.3,135.6,46.8,4,1093.0,0,13
0,5.8,11.6,97.1,40.2,1,1193.0,0,11
0,5.9,21.8,192.8,35.2,3,458.0,6,12
0,5.0,37.2,125.1,51.3,3,768.0,6,12
1,7.8,16.9,90.1,29.0,1,340.0,5,7
0,5.6,36.7,132.6,27.5,8,474.0,8,13
1,8.0,38.4,195.8,52.3,1,565.0,3,4
0,6.1,37.1,190.6,21.8,8,1403.0,6,12
2,5.9,39.5,93.3,62.7,1,394.0,2,0
2,7.7,14.1,172.8,33.2,10,745.0,6,1
2,6.6,29.8,39.5,57.1,6,168.0,6,9
2,6.7,22.2,31.1,57.8,12,588.0,8,1
2,6.2,24.8,0.9,22.4,5,483.0,4,6
1,7.1,30.8,42.1,76.4,8,1129.0,4,5
0,6.6,18.8,147.0,68.7,6,818.0,2,14
2,4.8,18.2,140.2,70.3,5,1236.0,8,0
2,7.1,21.5,75.1,75.6,5,173.0,3,3
1,7.7,34.1,127.9,23.4,4,1297.0,1,3
3,7.6,41.9,90.9,48.9,10,618.0,7,4
0,4.8,11.7,125.7,36.1,3,898.0,2,11
3,6.8,26.5,129.7,50.7,11,831.0,1,8
1,7.2,25.1,153.7,55.7,5,558.0,0,0
3,8.2,13.5,11.0,76.1,2,392.0,9,1
0,4.6,27.3,152.2,59.3,6,277.0,0,0
2,7.6,17.7,2.3,38.8,6,1054.0,1,10
2,8.4,26.6,188.2,64.1,12,64.0,7,4
2,8.1,11.1,109.0,54.2,3,618.0,3,11
1,8.1,26.8,44.4,83.5,4,269.0,6,3
1,8.4,15.3,163.9,68.5,10,68.0,0,4
1,8.4,40.8,48.4,41.9,4,390.0,5,3
2,7.6,15.9,179.0,60.8,5,1307.0,5,0
2,6.0,37.6,148.4,87.7,5,766.0,7,12
3,7.5,10.7,24.2,57.2,12,567.0,0,1
2,5.4,14.6,158.8,25.7,3,712.0,9,12
3,7.7,39.8,146.8,24.4,8,44.0,2,12
0,5.9,33.3,13.5,34.3,2,741.0,4,2
1,8.2,18.3,27.6,70.9,5,15.0,5,5
3,4.5,33.9,170.4,92.7,4,1063.0,2,0
1,7.0,21.0,138.4,72.3,10,1493.0,3,5
1,6.7,25.0,197.9,51.1,10,46.0,4,4
2,7.8,39.5,131.2,91.8,4,215.0,4,12
3,8.0,18.8,180.8,76.1,2,365.0,8,12
2,7.1,26.9,100.2,93.7,5,625.0,6,3
0,7.9,34.1,11.3,64.3,4,1219.0,8,13
2,4.5,30.6,159.6,48.2,11,1276.0,0,0
1,7.1,15.1,41.8,83.0,4,487.0,9,11
1,4.5,13.7,124.6,28.0,12,818.0,9,11
1,6.2,29.8,44.8,73.8,3,1456.0,3,2
2,6.4,24.1,113.1,55.0,6,746.0,1,0
0,7.4,10.7,10.2,62.9,10,541.0,5,11
3,7.2,17.5,140.3,37.9,12,582.0,5,1
1,5.1,29.2,146.5,92.3,8,492.0,7,12
1,4.9,25.0,78.8,81.9,8,207.0,4,5
2,7.6,39.7,7.6,82.4,2,885.0,8,4
1,8.1,26.7,31.2,57.1,2,1081.0,3,12
3,7.9,39.4,96.5,72.6,9,714.0,5,7
0,4.8,30.4,187.8,74.9,2,981.0,2,12
1,6.8,17.0,10.4,26.0,11,521.0,1,1
2,7.2,37.8,185.8,76.0,6,65.0,1,12
1,5.1,27.1,47.9,52.9,3,965.0,1,8
0,7.0,15.5,176.7,73.7,2,227.0,0,4
3,4.6,24.4,47.3,88.8,2,1008.0,1,11
1,7.8,25.3,86.9,85.2,5,1308.0,5,3
1,8.0,32.6,100.1,68.9,10,1315.0,1,4
1,7.0,30.9,78.6,92.9,8,1219.0,1,14
3,7.6,19.8,64.0,74.7,9,470.0,8,14
3,8.5,16.7,114.3,89.7,9,968.0,0,1
3,6.0,21.0,140.5,49.8,2,89.0,3,4
3,6.7,20.8,177.8,88.0,3,717.0,4,4
2,8.5,31.1,69.5,72.4,3,220.0,7,12
0,7.1,11.5,9.8,76.0,12,101.0,8,11
0,5.9,38.7,177.8,65.3,1,97.0,0,13
2,8.4,23.5,78.3,32.9,11,786.0,8,10
0,8.2,15.1,104.5,74.5,10,1495.0,6,10
0,5.8,11.3,133.2,88.8,5,796.0,7,11
0,6.9,34.6,72.2,90.8,7,318.0,1,2
2,6.6,33.0,191.3,27.1,4,1032.0,0,0
3,5.4,25.0,104.0,48.1,12,506.0,4,7
3,4.9,36.5,59.6,72.3,7,377.0,2,0
2,6.1,18.7,75.5,27.7,8,504.0,8,1
1,6.3,24.2,29.2,20.0,12,129.0,6,8
0,4.7,34.0,153.7,76.0,4,1207.0,1,13
3,6.3,35.0,25.7,30.4,2,483.0,7,2
0,7.4,11.5,50.6,50.7,2,333.0,0,11
0,5.7,13.2,114.0,89.3,7,904.0,8,5
3,5.3,20.3,139.5,76.6,6,974.0,0,0
2,4.8,16.3,144.5,38.6,9,1047.0,2,1
2,5.3,31.7,23.6,20.3,12,283.0,9,6
1,8.3,39.8,117.7,30.4,10,170.0,4,4
3,8.2,23.0,139.1,38.7,2,942.0,6,12
2,6.4,16.1,152.3,63.1,2,1443.0,0,4
3,5.6,15.1,137.0,90.0,3,1293.0,5,0
3,8.5,33.9,137.7,43.6,12,1152.0,9,4
0,6.8,17.1,181.0,51.5,9,1192.0,0,10
1,6.9,37.2,42.4,61.5,12,1382.0,9,13
3,4.9,41.6,96.1,94.3,8,98.0,4,0
0,7.4,13.1,105.9,29.7,4,149.0,0,11
2,6.8,40.4,61.2,93.8,12,431.0,6,4
1,8.2,39.0,34.0,26.1,10,607.0,3,1
2,4.8,22.0,75.9,85.0,12,728.0,9,1
2,6.3,22.0,124.3,30.5,1,1155.0,1,4
3,6.8,32.3,169.8,71.4,6,1219.0,1,0
3,5.8,23.6,179.6,86.4,8,828.0,4,0
3,5.8,17.0,167.5,62.6,4,760.0,1,0
0,5.2,24.3,177.6,77.1,8,840.0,9,12
2,8.1,38.9,75.0,49.4,9,1436.0,6,13
3,7.4,37.7,101.6,27.0,10,1397.0,1,4
0,7.1,23.2,161.5,48.1,1,621.0,6,4
1,7.5,22.5,106.7,71.3,9,243.0,4,4
0,7.1,17.0,39.7,82.6,12,349.0,9,8
3,6.2,18.0,23.6,20.7,7,374.0,6,5
0,6.3,13.5,50.5,90.6,11,101.0,2,8
3,6.5,29.6,186.3,80.3,10,1428.0,1,4
0,7.5,18.7,195.9,40.4,5,1183.0,4,5
2,7.5,18.9,155.7,30.1,8,405.0,5,0
2,8.0,36.9,58.2,83.7,9,588.0,7,4
1,6.1,16.3,77.0,34.6,1,306.0,2,4
3,6.0,18.4,115.8,72.4,6,389.0,5,7
3,6.2,33.3,193.0,44.1,5,664.0,1,14
3,7.9,38.5,167.2,53.7,1,462.0,1,4
2,7.7,12.5,186.7,21.2,1,861.0,0,4
0,6.4,25.6,142.2,90.0,9,1142.0,8,14
0,6.8,19.5,57.6,55.8,1,1429.0,3,7
0,4.5,26.2,128.1,38.6,11,1360.0,7,10
2,5.7,12.6,118.0,40.4,5,580.0,3,9
2,5.2,23.9,199.2,60.1,3,412.0,8,12
1,5.6,11.6,101.5,66.8,10,312.0,1,11
2,5.6,32.7,197.7,62.3,1,937.0,6,4
3,5.0,18.8,36.3,58.2,12,702.0,0,8
0,4.9,22.0,106.3,62.1,3,820.0,1,12
2,7.2,23.4,133.2,20.9,7,1457.0,8,0
0,7.5,27.4,142.5,64.3,11,470.0,2,5
1,4.7,11.5,24.2,74.4,6,185.0,6,8
3,5.3,31.1,59.6,51.1,2,587.0,9,12
0,5.3,13.5,182.3,65.4,1,77.0,0,7
1,7.3,33.2,80.4,33.0,5,1015.0,9,3
2,7.9,40.6,188.7,87.6,5,330.0,1,0
3,4.7,32.1,19.0,20.7,2,24.0,4,4
1,7.6,20.2,38.9,36.0,11,554.0,5,10
0,6.0,28.5,114.9,63.7,11,1354.0,4,10
1,6.4,26.8,51.2,66.9,11,1123.0,4,5
3,7.0,12.8,157.3,28.8,1,883.0,3,4
1,5.6,11.1,164.0,71.7,8,866.0,6,1
3,8.0,29.7,116.6,76.2,7,1081.0,3,12
3,6.1,36.1,93.4,86.3,6,1414.0,8,0
0,6.5,20.1,158.1,64.0,6,1403.0,6,8
2,7.4,27.2,39.4,32.8,12,524.0,0,1
3,5.6,20.3,36.6,50.9,6,24.0,7,0
1,4.6,19.1,129.2,64.3,11,919.0,1,5
3,8.0,26.5,90.6,89.6,8,365.0,4,12
2,6.8,27.1,131.5,37.9,2,1102.0,4,12
1,4.9,20.5,126.4,58.2,2,1333.0,8,4
1,4.6,34.7,33.1,47.3,5,1245.0,2,14
1,5.0,22.0,141.7,78.8,4,872.0,2,12
0,8.4,11.0,7.3,22.6,6,960.0,1,11
0,5.3,17.3,91.9,28.5,7,769.0,0,8
2,7.3,37.3,108.2,71.7,8,987.0,5,12
1,7.1,19.1,155.8,25.5,1,1372.0,6,4
0,4.7,29.4,37.7,55.0,4,1274.0,8,9
1,5.9,29.8,10.0,64.6,4,814.0,5,5
3,8.2,15.0,191.2,37.0,11,333.0,8,1
3,5.3,22.6,104.9,49.2,10,839.0,0,7
0,6.0,35.5,151.6,52.2,7,1348.0,4,13
1,6.1,27.0,42.9,38.9,6,393.0,0,5
3,7.7,17.0,166.1,53.5,10,231.0,0,10
0,5.4,22.0,74.4,69.9,4,34.0,3,12
1,7.7,40.0,101.4,31.7,7,189.0,2,0
1,4.8,22.4,154.8,29.6,3,1469.0,2,12
1,5.7,23.9,198.3,34.4,9,615.0,8,0
2,5.2,12.4,23.6,88.1,3,826.0,0,1
1,5.2,28.8,37.3,27.7,8,1387.0,0,5
0,7.0,31.1,59.2,44.3,12,1192.0,7,2
2,5.3,40.8,41.9,87.1,1,335.0,6,4
2,7.2,33.0,171.4,74.4,12,1251.0,6,4
2,6.2,35.5,23.6,49.2,5,1100.0,7,0
0,6.3,28.1,187.3,88.9,2,491.0,2,2
3,5.5,39.5,77.9,45.8,9,1287.0,5,14
0,5.8,34.1,2.1,88.1,5,1430.0,9,13
1,5.8,16.1,86.6,82.6,12,1236.0,3,1
0,8.4,32.9,101.6,25.6,7,1426.0,8,13
0,5.3,28.7,172.5,53.4,12,1193.0,5,8
2,6.9,23.0,92.3,53.6,6,1280.0,1,0
3,5.6,26.8,121.3,71.5,12,200.0,2,0
2,5.4,22.8,141.1,86.2,9,1446.0,8,4
0,6.6,31.1,137.6,64.0,2,487.0,0,12
2,6.9,22.5,10.2,68.1,8,1079.0,9,6
3,7.9,13.3,45.8,31.9,11,245.0,6,1
0,6.6,33.7,31.4,36.3,5,741.0,1,14
1,7.9,11.8,77.3,33.3,10,600.0,0,1
0,6.2,22.3,195.4,41.9,7,374.0,0,5
0,5.8,18.0,78.4,72.3,4,1244.0,2,5
0,6.6,13.1,102.4,25.7,1,388.0,7,7
2,6.7,23.7,88.3,37.3,1,1465.0,9,4
2,5.2,39.1,16.2,90.9,9,195.0,3,14
3,5.5,23.0,70.8,31.5,6,694.0,8,0
3,7.3,11.1,123.0,44.8,8,859.0,5,11
2,6.1,28.5,29.1,21.7,2,20.0,8,12
1,7.1,27.7,181.1,77.9,1,1058.0,6,4
1,5.3,28.1,81.3,53.4,12,1187.0,6,7
1,7.5,27.2,49.8,44.7,1,875.0,7,7
3,7.0,37.2,180.6,61.3,4,280.0,5,12
0,4.6,23.7,20.8,43.6,5,770.0,2,5
2,6.5,23.9,160.5,87.5,11,525.0,2,10
2,6.1,23.4,113.1,51.4,1,1409.0,4,4
1,5.4,41.7,84.6,55.4,2,1448.0,1,4
1,4.6,24.7,21.7,78.5,10,719.0,0,5
3,5.4,17.0,188.0,25.4,6,1026.0,0,8
3,5.6,34.0,191.5,27.4,10,1211.0,4,4
1,5.4,41.2,93.4,78.7,8,202.0,6,12
2,6.5,28.3,84.1,62.6,12,795.0,4,4
0,5.5,21.6,118.8,54.5,3,1413.0,6,7
0,4.5,14.0,0.3,51.8,4,547.0,9,8
0,7.7,25.4,160.9,81.3,11,1387.0,8,10
2,6.2,18.7,88.2,73.4,6,594.0,9,3
0,4.6,34.1,3.7,52.2,1,191.0,8,2
3,7.5,39.0,54.2,57.7,12,1189.0,4,1
1,7.7,35.8,149.4,47.6,5,374.0,1,12
0,6.7,20.7,125.6,59.4,5,1166.0,7,14
1,6.2,12.5,180.8,26.7,1,1279.0,6,1
3,7.3,19.8,81.4,20.5,11,340.0,2,11
3,6.2,36.6,30.2,85.0,6,335.0,4,0
3,5.1,21.7,115.7,57.8,11,587.0,3,1
3,7.2,11.0,181.3,24.9,10,609.0,4,11
3,6.8,33.9,22.0,71.0,4,636.0,2,14
2,6.5,32.4,57.4,43.9,9,205.0,7,4
0,8.5,19.4,99.8,73.3,5,1342.0,5,14
0,8.0,22.6,94.8,49.2,10,1095.0,3,10
1,6.5,16.3,57.3,32.9,12,621.0,1,1
2,6.7,28.0,185.1,55.0,10,1144.0,7,4
0,5.0,22.5,140.7,62.0,6,792.0,6,12
1,5.9,37.7,73.6,69.2,4,938.0,1,13
3,4.5,23.2,36.6,32.1,9,1094.0,7,14
0,7.7,22.5,186.2,68.6,2,17.0,6,4
3,7.7,13.7,161.9,35.7,6,277.0,0,8
0,6.6,18.6,68.8,56.5,7,941.0,2,5
3,6.8,25.1,0.4,59.7,2,331.0,3,2
3,8.1,19.5,28.5,36.3,1,881.0,9,1
0,6.5,26.6,104.7,72.8,1,378.0,6,7
1,6.7,39.7,24.2,28.1,1,651.0,8,2
0,8.0,12.1,157.1,52.2,11,803.0,1,11
1,5.3,22.6,18.6,34.5,2,814.0,3,11
1,4.6,19.0,92.3,28.8,4,1211.0,0,7
2,6.6,18.4,171.6,57.8,7,221.0,0,0
1,6.7,18.6,2.6,25.3,8,647.0,8,1
2,8.2,38.8,110.4,87.4,3,742.0,4,12
2,5.7,35.8,175.7,46.0,7,352.0,0,0
2,8.2,11.3,56.4,69.8,7,964.0,5,1
2,7.3,22.6,5.4,39.3,10,80.0,5,5
3,4.6,15.4,100.6,31.6,9,353.0,3,7
1,5.2,19.4,102.5,37.4,3,960.0,5,12
2,7.9,22.0,68.3,83.3,11,1465.0,2,10
2,5.2,18.8,140.2,89.5,3,636.0,0,12
0,7.8,33.5,130.9,25.9,9,1497.0,9,14
1,5.5,21.5,22.3,25.6,3,592.0,8,5
1,6.4,17.8,1.2,38.4,10,363.0,5,1
3,6.9,41.6,132.3,37.5,7,579.0,5,12
2,7.3,11.6,76.0,26.0,5,1065.0,8,1
2,7.9,31.4,82.2,72.2,10,1097.0,7,4
2,5.8,18.5,109.2,73.1,8,1068.0,1,0
2,7.7,23.2,148.8,92.2,11,916.0,4,10
3,6.5,29.4,59.1,57.4,3,315.0,2,12
3,7.1,24.6,11.0,28.1,8,1456.0,5,5
0,6.6,32.5,155.7,58.5,11,242.0,6,4
0,4.6,41.9,159.9,82.7,2,835.0,2,12
2,8.2,30.8,80.8,78.3,8,588.0,2,0
0,6.2,37.5,68.0,73.0,1,876.0,5,2
0,7.4,16.7,143.9,78.7,12,960.0,9,11
3,5.7,12.3,68.3,22.2,2,1071.0,8,1
2,7.6,26.1,89.8,24.6,6,249.0,5,3
0,6.7,12.6,109.3,51.0,1,1129.0,9,11
3,6.9,19.5,27.8,92.2,7,499.0,3,5
1,6.3,12.7,190.8,31.3,12,880.0,3,1
3,4.6,41.8,135.9,36.7,7,30.0,4,0
2,7.3,30.9,89.5,35.7,8,534.0,9,0
2,6.6,31.8,9.9,89.4,5,1321.0,8,14
3,7.1,25.2,175.8,65.5,3,706.0,2,12
3,7.0,29.3,93.6,20.5,11,46.0,3,4
0,8.0,18.2,9.9,88.1,12,816.0,5,10
1,7.1,32.5,16.0,80.7,9,443.0,4,14
1,5.4,33.3,76.1,64.3,11,865.0,9,4
1,7.0,33.6,172.1,44.1,11,1305.0,6,4
1,6.3,11.1,161.4,26.4,4,1347.0,7,1
3,6.8,10.3,148.3,48.6,8,692.0,3,1
2,5.3,29.6,54.8,22.5,3,1466.0,9,12
0,7.1,10.4,68.6,20.8,2,841.0,5,11
1,6.1,11.9,49.0,94.9,1,187.0,8,7
3,7.1,17.9,67.7,38.4,6,572.0,1,0
1,5.1,18.8,187.6,69.7,3,1380.0,6,12
0,5.6,16.0,118.4,60.8,9,701.0,9,11
1,7.4,11.2,160.9,71.5,6,1010.0,4,1
1,4.8,38.4,154.4,90.4,8,640.0,7,13
0,6.8,40.5,124.9,52.0,3,1409.0,3,12
2,8.1,30.1,86.8,56.3,6,1341.0,7,12
1,6.4,38.3,139.9,76.7,1,1207.0,4,4
0,6.1,39.6,121.0,79.8,11,37.0,7,13
0,6.0,14.7,8.2,40.6,7,289.0,4,8
2,6.8,18.9,185.2,74.2,10,109.0,1,4
0,6.0,21.1,144.7,75.6,5,152.0,8,14
0,6.9,41.8,122.3,20.9,1,137.0,9,4
3,5.9,32.8,89.7,41.0,11,622.0,2,0
3,8.1,34.9,192.6,62.8,9,1350.0,6,4
0,5.6,33.7,98.9,21.2,11,37.0,3,13
3,5.3,24.0,32.3,72.7,1,1362.0,6,7
1,5.1,33.9,196.8,65.9,6,348.0,9,12
1,8.4,30.3,162.4,80.9,10,710.0,5,4
0,7.3,15.0,124.0,86.2,3,788.0,2,11
2,6.4,11.2,147.6,61.3,5,1421.0,5,1
2,5.7,27.5,154.1,92.4,10,1470.0,1,4
3,6.9,25.2,28.4,79.3,4,1054.0,9,3
3,7.6,13.7,130.1,51.5,9,954.0,3,1
1,5.4,27.8,62.7,66.5,6,993.0,7,5
2,7.0,36.7,18.4,81.4,6,551.0,6,0
3,8.0,20.1,54.2,54.7,12,1114.0,5,1
3,5.7,18.7,48.9,55.1,10,1325.0,5,10
3,5.1,37.4,67.3,28.9,8,55.0,3,12
2,7.6,22.7,54.6,33.7,4,1009.0,3,3
0,6.8,30.2,176.6,27.1,7,1065.0,7,13
2,8.3,11.7,155.8,49.9,9,267.0,1,11
3,6.5,28.6,142.5,85.2,5,1456.0,3,0
3,6.8,26.8,12.7,91.3,4,1011.0,4,14
3,5.2,22.7,79.0,40.8,9,329.0,9,14
3,6.3,19.6,154.9,86.7,5,1262.0,9,14
2,5.0,24.3,95.9,81.0,5,338.0,3,9
2,5.9,40.7,151.2,37.4,10,685.0,5,4
3,7.1,33.1,58.8,89.8,11,179.0,5,4
0,6.8,16.8,106.5,25.5,7,1317.0,7,7
0,6.6,17.3,52.8,83.2,6,20.0,2,8
1,7.9,33.5,167.4,75.7,11,1328.0,0,4
0,8.0,10.4,111.0,30.7,9,103.0,9,11
3,6.5,11.7,95.5,76.9,7,1296.0,0,1
1,8.0,41.7,136.2,64.9,1,235.0,6,4
0,6.7,14.0,31.2,44.7,1,1456.0,4,8
1,6.0,10.7,195.1,76.7,2,488.0,5,12
0,5.2,32.1,67.5,74.0,7,373.0,6,13
0,6.9,21.2,180.4,87.2,8,1024.0,0,14
0,8.3,22.2,121.5,75.7,6,38.0,0,12
0,7.4,36.8,148.4,30.8,2,46.0,9,12
1,5.6,35.7,43.3,67.3,5,716.0,5,9
3,5.9,41.8,32.2,93.1,4,462.0,6,3
0,5.5,20.5,26.1,87.0,5,1008.0,7,5
1,5.4,10.7,88.8,39.6,1,344.0,7,7
1,6.9,28.8,29.8,83.4,7,430.0,2,6
2,5.1,38.2,18.9,38.3,12,308.0,0,13
1,6.4,29.1,119.2,43.5,9,985.0,5,7
0,6.5,37.0,76.3,80.7,1,476.0,0,4
2,6.6,38.8,151.2,68.0,12,1175.0,8,4
3,5.3,35.6,37.1,30.4,10,1101.0,4,5
2,6.5,39.3,154.6,63.8,1,681.0,1,4
1,7.2,31.6,191.7,92.2,2,487.0,5,12
1,7.2,37.7,175.3,28.5,2,204.0,9,12
1,8.2,30.2,101.5,23.8,2,1184.0,3,4
2,4.9,17.7,6.1,32.4,2,1055.0,2,1
2,6.4,18.7,23.2,55.7,10,619.0,6,1
1,8.1,36.5,197.6,62.0,12,1133.0,4,4
1,7.6,38.4,95.5,52.9,7,1061.0,9,12
1,5.6,32.2,84.7,56.8,4,366.0,6,3
3,7.6,21.7,136.0,74.3,10,20.0,5,4
1,7.9,22.5,141.2,68.9,5,569.0,3,3
3,7.1,35.8,63.6,92.6,1,479.0,9,4
2,5.7,24.1,34.0,34.3,8,805.0,5,0
3,8.4,31.7,178.3,34.8,12,197.0,3,0
1,7.8,18.2,148.5,46.3,6,833.0,2,7
3,5.6,11.2,72.2,45.0,11,1361.0,4,1
1,6.9,14.3,67.4,84.5,3,990.0,2,11
2,7.7,34.8,17.8,49.2,12,601.0,9,3
2,5.7,11.7,112.1,33.0,11,968.0,8,1
1,6.0,23.9,102.7,23.0,5,545.0,8,9
1,5.5,24.2,134.4,42.0,10,169.0,3,5
0,6.8,10.9,36.4,95.0,1,1496.0,7,11
3,7.3,32.8,73.6,59.3,1,743.0,2,4
3,4.9,29.9,84.7,22.8,4,487.0,7,0
0,8.0,10.5,97.7,74.4,8,240.0,8,11
1,5.7,32.8,135.9,84.4,9,226.0,8,4
0,8.4,24.5,143.8,23.3,8,995.0,0,12
2,8.3,29.6,19.8,37.0,3,1210.0,6,12
2,8.4,12.8,152.4,28.3,1,521.0,3,1
2,6.2,29.8,88.4,88.0,3,1296.0,3,12
2,7.2,36.0,41.0,20.8,11,1435.0,0,5
0,6.3,17.4,62.7,75.3,12,1474.0,5,8
1,8.4,18.9,164.9,86.7,12,1096.0,6,1
3,5.0,20.2,60.2,30.7,4,509.0,6,0
3,5.3,14.8,87.7,46.1,10,989.0,0,11
1,6.8,24.5,136.1,45.4,1,1168.0,9,4
0,7.1,39.9,143.6,35.5,2,238.0,7,12
3,7.6,30.7,43.2,31.5,9,970.0,8,14
1,6.2,26.0,19.2,69.3,7,847.0,7,5
3,4.5,15.0,69.1,63.5,4,367.0,0,1
3,6.8,27.8,92.0,85.0,6,128.0,3,0
1,7.7,15.8,176.2,41.4,11,1213.0,7,11
2,7.9,15.9,194.3,43.5,6,652.0,1,0
0,6.5,34.6,65.6,74.0,3,605.0,4,2
3,5.3,32.9,23.9,84.3,6,1322.0,4,2
0,6.4,28.1,46.8,53.5,9,754.0,1,14
2,7.2,31.9,90.2,84.7,3,1209.0,8,12
2,7.6,33.2,148.3,90.1,7,1471.0,0,0
3,8.4,26.2,136.8,50.8,6,574.0,4,0
3,6.5,18.9,172.6,48.3,11,555.0,5,11
0,5.0,22.3,18.5,47.2,1,701.0,7,8
3,6.0,32.6,152.3,54.8,7,385.0,6,12
2,5.6,28.7,63.8,65.2,5,671.0,3,9
0,6.1,38.5,40.1,34.5,8,1354.0,6,13
2,7.2,24.8,8.0,32.3,10,228.0,9,1
3,4.7,23.7,195.4,45.7,1,1276.0,8,4
2,7.9,26.9,119.1,57.4,1,269.0,9,4
2,5.0,32.8,0.8,75.5,1,426.0,6,4
1,4.7,30.4,97.5,55.3,12,474.0,5,0
1,6.1,18.9,136.2,56.3,3,847.0,9,12
3,8.3,27.0,151.9,60.4,8,578.0,2,0
3,5.9,11.7,170.8,31.1,4,772.0,5,1
0,7.8,14.7,52.9,59.4,5,999.0,4,8
1,5.7,24.1,44.1,62.1,2,317.0,4,4
2,8.3,35.1,183.7,62.3,8,767.0,3,0
0,5.3,31.0,5.8,64.7,5,500.0,5,2
1,5.4,20.9,43.4,37.2,7,536.0,1,7
1,7.5,25.1,44.4,77.9,6,603.0,7,5
2,6.5,40.8,160.1,81.2,6,833.0,5,0
0,6.7,41.6,61.0,79.9,2,658.0,8,2
2,4.6,39.4,107.0,34.4,10,821.0,0,4
0,4.9,34.3,175.9,24.3,2,482.0,8,4
2,7.3,14.8,173.8,89.5,5,1096.0,3,1
3,7.9,31.9,168.4,45.8,2,725.0,5,4
1,4.6,40.1,111.6,35.9,5,719.0,0,9
1,6.6,17.4,61.1,23.5,5,1299.0,2,8
0,5.6,36.5,92.8,39.4,11,443.0,8,13
0,5.1,33.5,42.5,70.6,3,114.0,8,2
0,5.6,13.5,21.9,56.3,1,1365.0,4,8
2,6.7,14.3,40.0,59.2,4,434.0,9,1
2,6.3,22.1,23.3,26.5,5,829.0,0,14
1,7.5,37.3,141.2,81.5,4,1249.0,2,12
2,7.8,34.6,141.9,32.7,10,190.0,1,4
3,7.0,39.2,62.1,62.7,10,898.0,6,1
2,8.1,35.6,131.2,38.7,12,546.0,3,4
0,6.6,18.6,81.4,75.9,4,363.0,0,3
1,6.0,21.9,93.5,63.0,12,488.0,5,4
2,8.2,31.6,103.4,71.2,2,943.0,2,4
0,6.3,24.7,26.0,53.9,2,1390.0,5,2
1,5.1,32.5,15.1,69.6,7,1442.0,9,13
3,7.5,23.3,115.7,94.5,8,715.0,4,0
2,7.2,23.5,78.8,34.2,3,198.0,1,12
3,7.1,34.8,82.6,29.2,2,626.0,4,12
2,6.8,31.3,159.2,26.3,11,1376.0,9,0
3,6.6,36.0,194.7,70.4,2,1217.0,6,12
1,4.8,16.5,13.9,25.7,5,1269.0,0,11
3,7.4,34.1,16.9,65.5,5,501.0,2,14
0,6.3,23.7,40.0,72.9,4,1094.0,2,14
1,6.4,20.4,198.3,66.7,5,128.0,7,0
2,5.1,23.6,23.0,66.1,3,1129.0,4,1
2,6.8,19.1,159.7,35.6,2,847.0,6,4
1,6.7,25.2,62.5,83.3,8,383.0,0,12
2,5.8,16.4,196.5,36.2,7,553.0,4,0
2,7.9,35.8,47.5,31.6,7,1060.0,9,12
3,5.3,30.0,56.5,29.8,10,1470.0,6,5
3,8.0,20.2,74.0,94.2,8,609.0,1,1
0,6.5,12.5,12.6,76.3,11,806.0,0,11
2,5.2,24.5,79.0,90.3,9,1470.0,3,1
2,7.5,23.5,6.1,24.9,4,1301.0,6,3
2,6.5,31.1,87.1,58.1,9,9.0,3,4
2,5.3,30.7,151.5,78.0,7,483.0,0,0
0,5.2,29.2,66.7,84.9,12,83.0,8,8
2,6.2,15.3,32.3,22.6,5,1074.0,0,11
2,4.7,20.3,40.1,36.7,10,1481.0,6,5
0,7.2,29.2,93.3,48.1,3,806.0,3,12
3,6.9,36.8,61.1,36.4,12,294.0,6,4
3,6.6,15.8,24.8,43.5,8,1429.0,7,11
1,5.5,37.3,64.5,83.2,9,953.0,0,4
1,4.9,41.7,61.2,37.9,4,1452.0,7,0
1,4.9,38.5,51.1,32.4,7,1409.0,4,13
1,4.8,15.5,91.9,44.5,7,746.0,1,7
0,4.7,33.5,83.7,68.2,6,509.0,2,9
2,5.1,21.9,68.3,67.2,5,90.0,9,9
3,4.7,24.4,72.4,21.3,6,1323.0,7,0
3,4.5,33.3,161.8,84.1,8,3.0,2,0
3,5.8,30.8,130.9,75.5,4,6.0,4,12
1,6.8,31.1,75.8,60.5,4,1272.0,3,3
1,7.4,27.2,196.0,72.8,2,1127.0,1,12
0,6.3,41.4,88.2,61.4,4,316.0,7,12
3,7.9,10.2,31.6,32.4,3,660.0,0,1
1,6.2,22.0,113.7,53.6,2,889.0,6,4
3,5.6,13.8,120.0,31.0,3,804.0,2,1
3,4.9,14.3,97.0,92.7,4,217.0,7,0
2,8.1,36.8,179.6,36.0,9,1003.0,7,4
3,7.3,11.9,85.4,76.0,8,822.0,0,1
0,7.5,25.5,181.7,45.4,7,1352.0,0,12
3,6.9,11.4,16.9,44.3,2,673.0,5,1
1,6.8,30.5,144.2,63.5,12,592.0,3,4
3,6.4,26.7,49.8,61.2,9,475.0,0,14
0,8.2,11.6,158.5,33.2,4,895.0,9,11
2,5.3,13.3,149.3,61.7,5,1174.0,4,1
1,5.0,21.9,155.9,77.3,5,1296.0,3,0
2,5.9,13.3,151.5,43.7,6,1368.0,5,0
1,6.3,30.3,105.9,56.6,4,27.0,4,3
0,4.8,39.3,125.4,53.1,3,143.0,2,13
2,7.7,41.4,62.6,90.0,5,4.0,7,3
1,5.8,41.0,135.3,60.5,6,32.0,5,0
3,6.4,21.3,130.7,88.9,11,1016.0,2,1
0,4.6,41.6,156.1,54.3,4,618.0,3,13
2,6.4,11.7,58.4,81.2,2,453.0,5,1
0,8.2,27.5,41.8,45.7,6,153.0,3,13
1,7.9,12.2,179.7,64.4,12,214.0,3,1
1,8.1,39.2,34.1,69.2,9,582.0,5,13
3,5.1,33.6,106.8,31.2,3,24.0,2,12
1,5.0,14.3,186.3,67.7,2,1144.0,8,11
0,5.1,41.8,154.3,37.5,2,303.0,4,12
3,7.4,12.4,36.9,92.3,10,1486.0,0,1
1,5.2,34.5,57.9,94.0,6,771.0,6,3
2,6.1,28.3,54.3,63.5,5,445.0,5,3
3,6.6,13.8,90.3,33.9,4,330.0,8,1
0,7.3,29.5,180.9,42.7,4,1039.0,6,12
2,5.4,21.6,99.2,91.8,3,967.0,4,3
2,4.8,38.3,143.0,48.7,9,760.0,4,0
3,5.5,13.4,197.1,84.3,12,761.0,9,8
0,5.2,25.7,188.4,67.7,1,561.0,0,2
2,6.9,19.4,146.5,48.4,8,10.0,8,0
2,7.7,39.2,120.0,85.4,7,856.0,5,0
3,7.9,42.0,197.8,23.3,8,52.0,4,4
3,7.3,15.4,92.1,21.3,2,28.0,2,4
0,8.4,24.5,170.5,84.3,6,310.0,6,0
0,5.0,32.4,41.1,90.4,6,247.0,9,13
0,5.1,31.5,171.5,48.2,2,88.0,7,12
1,7.4,30.1,110.6,39.1,1,1231.0,8,4
0,5.7,19.9,133.3,54.3,3,896.0,2,5
1,6.2,33.2,186.7,54.2,5,495.0,7,12
0,8.4,29.9,41.7,87.0,11,1083.0,6,10
3,6.0,10.1,133.3,31.5,3,1045.0,1,11
3,6.5,37.4,128.3,26.3,4,821.0,0,12
0,5.6,18.6,146.4,66.4,10,483.0,8,5
2,6.8,13.7,82.1,95.0,6,689.0,7,0
0,5.0,30.5,27.9,68.9,2,671.0,6,2
3,5.9,18.2,139.3,72.5,3,407.0,6,4
0,4.8,37.1,64.2,40.7,8,236.0,9,13
1,5.0,18.5,144.6,86.5,9,165.0,4,14
1,5.4,40.9,192.4,90.7,6,1384.0,0,0
2,4.8,19.2,128.0,53.3,10,728.0,6,5
2,6.4,25.7,108.0,58.6,4,1122.0,4,3
0,5.8,24.9,114.3,68.0,1,813.0,3,7
2,7.6,24.5,145.6,49.3,11,1267.0,3,10
0,5.5,33.0,14.2,39.7,3,380.0,6,2
2,4.9,15.8,120.4,85.3,2,298.0,4,0
3,8.3,19.8,39.7,59.0,6,895.0,5,5
3,7.2,23.6,111.8,44.9,12,320.0,0,4
2,8.5,28.0,178.6,48.0,2,159.0,8,4
3,6.0,13.8,36.3,78.3,4,536.0,8,1
0,7.4,40.7,28.5,73.6,12,1108.0,5,8
3,5.8,27.6,180.1,92.3,1,100.0,4,4
1,4.9,23.8,36.2,46.6,1,30.0,6,7
2,8.2,28.1,130.7,71.1,5,733.0,2,3
1,6.4,17.1,185.3,64.7,8,1280.0,5,12
1,5.0,20.4,28.1,23.6,1,1008.0,7,1
1,5.0,13.6,86.8,78.6,11,1246.0,3,11
3,6.3,24.5,189.2,86.8,10,568.0,2,4
3,4.7,23.2,128.0,55.2,8,1272.0,1,0
0,6.6,24.6,28.1,26.1,2,485.0,2,2
3,5.1,31.2,141.8,31.4,8,1346.0,7,0
2,7.0,31.4,22.7,94.8,10,1067.0,6,5
2,7.7,27.7,132.9,73.2,2,834.0,4,12
1,5.1,37.7,182.2,76.7,7,347.0,7,12
0,5.8,29.1,77.2,85.2,2,256.0,6,2
2,8.3,39.0,109.1,85.6,3,174.0,3,12
1,6.2,28.5,164.4,82.2,3,252.0,0,12
1,6.8,38.4,35.1,41.5,6,247.0,0,13
3,5.9,21.1,105.8,93.9,9,204.0,1,0
1,8.3,33.9,134.8,43.4,2,1416.0,0,12
3,4.8,29.3,194.7,71.9,5,721.0,0,0
1,7.6,27.7,72.8,70.4,5,609.0,3,3
3,5.1,30.7,73.7,90.6,10,507.0,2,5
0,6.6,27.5,67.1,80.7,7,1119.0,8,13
0,7.5,11.8,42.3,57.3,4,1046.0,8,11
1,7.6,21.4,122.9,83.0,4,404.0,2,3
2,6.6,14.3,35.9,86.7,11,902.0,8,1
0,5.5,39.3,44.2,49.9,3,616.0,1,13
1,4.8,16.1,27.2,87.3,2,209.0,0,1
0,6.0,12.9,1.2,70.9,8,261.0,3,1
2,5.4,35.3,178.0,79.0,11,605.0,3,0
3,6.4,26.5,173.1,21.3,8,879.0,2,12
0,7.5,23.3,136.2,73.2,10,422.0,7,11
3,4.8,17.5,163.4,50.0,2,685.0,3,12
3,7.6,40.8,161.7,23.1,3,1226.0,2,12
1,4.8,36.7,31.7,44.1,6,1318.0,9,13
0,8.2,25.8,94.8,86.6,11,1166.0,9,10
3,5.1,14.8,6.5,68.8,7,836.0,4,8
1,6.6,39.5,78.2,44.6,10,1064.0,6,4
0,8.0,28.0,188.4,20.0,6,395.0,8,12
0,8.1,22.9,160.8,25.0,11,343.0,9,10
1,8.0,33.8,61.0,52.3,10,34.0,8,4
1,5.4,34.4,29.0,73.9,6,196.0,7,14
1,8.3,31.1,70.2,87.3,4,838.0,1,3
0,5.9,24.7,94.9,69.5,11,1458.0,0,5
2,5.8,15.6,79.5,68.0,10,1310.0,0,1
3,4.9,24.0,161.7,20.7,11,1335.0,2,5
1,5.1,36.5,65.2,64.6,5,1202.0,8,13
0,6.8,12.0,81.4,40.2,10,359.0,4,1
0,8.0,22.6,21.4,69.7,6,1355.0,0,5
2,6.8,27.5,181.6,85.5,8,253.0,1,0
2,6.1,28.2,63.1,75.2,2,468.0,7,4
2,6.3,28.4,117.9,63.3,2,837.0,4,12
3,7.2,23.8,189.0,29.0,9,181.0,9,4
2,8.3,33.6,149.3,75.3,10,1175.0,7,4
2,7.6,33.9,1.8,75.1,12,1108.0,7,8
3,7.4,27.5,80.8,29.6,7,202.0,6,0
2,6.1,18.7,4.5,41.4,1,1056.0,0,1
3,8.2,34.3,105.5,93.5,3,1451.0,9,12
1,7.9,30.9,163.0,27.3,3,50.0,1,12
2,6.0,10.6,76.7,82.1,12,850.0,5,1
2,6.5,33.8,137.1,36.2,11,1249.0,8,0
3,6.1,39.7,112.4,82.0,11,981.0,0,4
3,6.7,25.8,186.0,79.7,4,95.0,9,12
1,6.5,26.3,67.9,55.2,12,762.0,0,10
0,5.1,18.0,75.0,90.1,7,199.0,4,5
2,5.0,32.8,27.1,45.6,2,545.0,4,13
0,5.6,27.8,22.6,51.7,8,1276.0,7,13
3,4.9,38.4,176.1,48.8,1,196.0,8,4
3,4.7,39.6,192.5,61.2,5,923.0,1,0
2,5.2,13.3,62.3,24.7,8,114.0,6,1
0,8.2,23.4,80.4,94.7,1,109.0,1,4
0,8.1,10.2,140.7,68.7,1,388.0,7,4
0,8.2,32.2,185.0,39.1,6,744.0,2,13
3,7.8,16.4,179.7,91.6,1,1091.0,7,10
3,4.6,19.7,154.4,85.9,11,85.0,4,5
1,7.8,10.8,41.4,32.8,8,1257.0,2,1
0,6.5,20.2,27.5,53.9,9,882.0,9,14
1,6.7,30.7,129.2,59.3,9,1308.0,9,4
2,7.1,39.1,163.9,90.6,11,1341.0,3,0
1,7.2,28.1,87.2,64.7,10,723.0,9,4
2,6.5,26.4,30.4,67.2,6,759.0,0,9
2,8.0,10.3,48.3,55.1,2,471.0,0,1
2,5.1,24.3,68.5,58.3,9,237.0,5,14
1,5.2,35.8,162.8,93.7,7,1276.0,6,12
2,7.2,24.8,70.5,63.5,11,112.0,4,1
2,7.2,17.2,181.2,62.2,2,471.0,6,12
2,7.1,29.0,174.1,58.3,3,1338.0,7,12
1,5.9,23.1,133.4,88.8,1,1238.0,1,4
1,4.6,32.9,174.1,64.6,3,586.0,0,12
2,5.8,12.0,149.7,46.4,10,232.0,3,1
1,7.9,13.6,20.7,21.2,4,1040.0,9,1
2,6.4,31.4,103.5,53.5,10,365.0,1,4
0,5.9,17.0,153.6,26.6,3,248.0,8,4
3,7.7,27.3,34.3,55.0,2,149.0,1,2
2,5.1,35.4,158.9,23.7,12,365.0,4,4
3,5.7,26.9,180.5,33.1,9,633.0,8,14
0,8.3,32.8,80.5,72.5,5,1053.0,9,3
3,7.3,30.4,129.1,72.3,7,1209.0,4,0
1,7.4,26.4,111.7,36.3,3,1495.0,9,12
1,4.7,39.8,177.2,84.7,4,1446.0,5,12
1,6.3,30.6,198.1,89.4,9,671.0,7,14
2,6.1,25.3,109.5,36.4,6,260.0,2,0
3,6.3,31.2,17.9,46.9,3,1394.0,0,14
2,4.9,12.9,123.1,34.2,7,466.0,8,0
3,7.6,39.5,72.5,73.4,7,159.0,4,0
2,6.4,20.9,154.2,63.7,10,640.0,5,4
1,5.4,31.2,198.1,78.2,8,1024.0,7,12
3,7.5,20.2,197.1,75.6,8,478.0,1,0
0,5.3,30.8,147.0,61.3,6,1220.0,2,2
3,5.1,21.1,1.0,62.0,12,1128.0,5,11
1,8.4,19.9,153.1,78.0,12,297.0,8,5
2,6.0,14.0,4.8,56.2,1,1148.0,8,1
1,4.6,36.5,59.4,28.7,7,1273.0,9,13
2,5.7,12.7,113.0,77.0,8,644.0,3,0
2,7.1,23.5,44.0,35.2,7,1078.0,3,6
0,7.9,34.7,109.7,29.5,4,508.0,5,3
1,5.3,34.8,82.5,60.6,7,1280.0,9,12
2,5.7,23.9,70.6,79.0,9,137.0,9,4
3,5.3,28.2,108.9,46.4,10,156.0,8,4
2,6.6,32.6,50.6,70.4,1,862.0,7,4
1,8.1,37.0,42.4,43.2,12,1464.0,3,13
1,7.8,25.8,0.3,53.4,2,1269.0,1,2
2,4.8,14.4,124.1,30.4,3,417.0,3,12
3,5.9,31.6,140.8,43.4,6,296.0,9,0
0,5.1,39.5,138.3,64.9,1,338.0,0,2
0,5.8,19.2,145.3,91.9,9,607.0,3,5
2,7.7,20.4,44.1,58.4,8,895.0,8,10
3,6.7,25.0,197.0,42.5,9,632.0,0,14
0,5.4,20.2,151.5,49.8,3,1405.0,5,10
0,6.2,33.3,75.4,88.7,7,997.0,9,2
3,5.6,40.5,193.8,40.0,3,1122.0,5,12
2,5.4,31.6,29.3,56.6,7,334.0,5,6
1,7.0,21.1,3.9,37.9,4,730.0,9,3
2,5.2,18.2,109.4,91.4,1,121.0,1,7
2,8.3,15.2,115.4,36.3,11,1295.0,8,1
2,8.0,26.1,90.7,26.3,10,948.0,5,4
3,5.7,23.5,44.4,54.6,10,881.0,8,5
1,7.3,18.4,60.1,80.6,12,546.0,9,11
2,7.3,33.2,16.3,34.7,8,792.0,2,0
3,8.0,24.8,90.6,47.8,4,889.0,0,3
0,5.7,29.3,26.6,22.1,10,70.0,5,5
0,4.7,34.3,74.1,42.8,10,742.0,8,14
2,4.8,27.3,117.5,91.4,10,497.0,6,0
0,8.0,19.0,133.7,32.8,6,398.0,8,10
2,8.4,41.3,59.8,83.0,11,1056.0,7,1
2,6.3,38.7,24.2,31.2,11,102.0,0,11
0,5.6,30.0,36.8,81.6,5,967.0,9,13
3,6.4,26.3,55.0,43.4,7,277.0,8,0
0,5.9,18.2,12.7,49.9,5,606.0,2,5
3,5.3,34.0,70.8,74.0,3,1464.0,3,12
3,7.4,41.1,29.5,53.7,7,1498.0,9,0
2,5.1,19.2,64.2,78.5,9,1035.0,8,1
1,4.7,39.2,144.4,62.3,6,566.0,3,12
0,6.3,34.9,83.3,85.0,10,1457.0,6,4
3,7.4,34.9,57.7,94.8,8,313.0,1,12
0,6.7,12.9,10.3,82.6,4,1320.0,7,11
2,6.4,16.7,64.2,27.1,12,567.0,6,1
3,8.4,38.2,79.0,75.7,5,1225.0,6,9
3,8.0,30.7,12.5,27.8,2,396.0,5,4
2,8.3,40.8,192.6,72.2,12,62.0,0,4
1,7.2,11.8,103.9,48.8,7,77.0,5,12
1,7.3,27.3,199.1,36.8,5,948.0,9,12
2,8.5,11.0,64.5,89.6,4,167.0,8,3
1,8.4,16.6,64.5,62.6,6,1444.0,1,5
0,5.3,17.1,42.4,61.6,4,883.0,8,8
1,8.4,26.0,145.6,43.6,3,262.0,3,12
0,5.9,12.4,12.9,59.2,1,934.0,5,11
2,4.5,21.3,22.8,26.6,3,932.0,3,1
0,7.2,34.6,33.8,35.5,2,266.0,1,2
0,4.8,38.8,185.2,85.1,10,270.0,5,13
2,7.2,28.2,101.8,43.5,12,416.0,5,4
1,7.2,17.3,161.0,67.6,10,342.0,3,4
3,5.0,28.4,50.5,22.3,3,623.0,4,12
1,7.1,21.8,174.3,34.8,4,770.0,8,4
0,5.4,19.6,181.3,94.5,3,66.0,8,12
2,7.0,30.4,28.5,28.8,4,92.0,7,3
0,7.4,33.7,134.3,45.4,1,566.0,9,2
0,5.4,16.0,174.0,60.2,11,1362.0,8,11
2,4.6,15.3,139.3,29.2,1,325.0,7,4
1,6.4,39.9,64.5,37.4,3,633.0,2,12
3,5.6,34.6,144.4,38.2,6,101.0,2,0
0,5.2,24.6,38.2,76.5,7,1463.0,6,5
3,4.9,28.9,39.8,50.2,2,133.0,1,12
1,8.3,18.0,72.9,64.9,10,229.0,7,1
2,6.3,30.3,193.3,40.5,3,519.0,1,12
3,5.9,23.6,64.4,74.6,6,291.0,5,0
3,6.3,38.8,94.3,46.1,9,369.0,0,4
2,5.9,37.2,97.7,73.0,9,1041.0,4,12
0,7.2,10.7,14.3,75.3,3,70.0,9,11
1,4.9,22.0,148.4,26.3,9,143.0,3,4
0,7.3,33.8,77.5,92.5,5,562.0,7,13
0,6.4,16.3,162.6,49.6,11,1021.0,7,11
2,6.8,41.9,180.5,65.2,7,175.0,5,0
2,8.4,30.4,39.9,87.0,6,1285.0,5,3
2,5.9,16.8,90.2,41.5,1,966.0,6,4
3,6.8,28.3,107.7,81.9,6,1327.0,3,7
0,6.7,28.5,45.5,82.9,1,1063.0,2,2
1,7.2,26.4,117.4,34.9,6,620.0,1,9
1,7.7,31.8,132.2,87.5,12,466.0,2,4
0,5.2,41.6,105.4,32.9,7,1478.0,3,13
3,4.5,19.6,8.6,89.4,3,778.0,5,10
0,8.0,15.1,48.1,27.1,8,477.0,3,10
0,5.1,19.8,35.7,49.3,9,194.0,2,7
0,5.2,12.4,153.5,67.4,11,1495.0,8,11
2,5.1,20.9,169.3,37.6,7,144.0,2,0
2,6.7,10.9,177.3,71.7,6,950.0,5,0
0,8.4,34.4,176.1,52.4,6,1397.0,2,13
3,6.1,39.2,198.7,54.6,3,1403.0,9,12
0,8.2,17.4,117.4,94.0,7,1012.0,5,0
3,5.6,16.9,86.9,23.3,12,2.0,1,8
3,5.0,34.7,64.5,85.8,4,2.0,8,0
2,5.8,28.0,77.1,65.8,1,508.0,4,0
3,6.0,23.1,192.4,22.2,5,66.0,1,0
0,8.4,28.2,78.4,67.5,4,1110.0,6,5
3,4.8,33.8,194.6,44.8,10,322.0,5,0
1,8.1,10.7,183.9,49.8,2,932.0,2,1
0,8.1,12.2,58.6,59.5,10,329.0,4,11
0,6.5,36.3,145.1,58.5,1,1397.0,4,4
0,8.2,36.2,67.4,40.5,7,642.0,9,13
2,6.1,37.9,80.3,44.2,2,140.0,9,4
1,5.8,39.3,114.6,55.8,7,994.0,7,13
2,8.3,12.6,171.2,37.2,8,991.0,1,1
3,8.1,38.8,1.4,36.5,11,577.0,9,1
2,5.4,35.7,62.8,53.0,1,1316.0,9,4
3,5.9,37.7,17.3,49.6,8,614.0,1,13
0,6.1,38.8,133.2,91.0,2,1102.0,5,2
0,4.5,20.7,137.3,84.6,11,1056.0,7,11
0,6.4,18.2,85.3,43.7,12,1289.0,1,8
3,6.4,32.7,52.3,94.8,7,103.0,7,0
3,4.9,17.2,184.0,94.2,7,1271.0,2,0
3,4.8,40.5,57.1,33.9,2,1287.0,7,12
2,6.2,29.6,3.3,82.6,2,1458.0,0,4
3,7.7,29.3,34.9,65.8,3,498.0,4,3
3,4.9,38.1,96.1,91.8,10,1391.0,7,4
3,7.9,26.2,73.1,37.9,12,1288.0,0,10
2,7.6,37.6,161.0,84.7,5,774.0,0,12
1,7.3,29.7,176.9,53.7,11,718.0,8,10
2,8.4,25.6,61.6,45.2,5,202.0,0,0
0,5.1,35.1,10.1,26.0,10,553.0,3,14
0,8.0,27.3,98.5,49.1,12,357.0,6,7
0,7.8,32.8,25.7,89.7,1,119.0,4,2
2,8.2,31.6,48.2,29.7,11,524.0,3,5
3,8.2,13.7,22.8,25.2,3,551.0,7,1
2,6.7,19.6,52.5,88.7,12,821.0,2,1
0,8.0,23.8,7.6,46.9,12,618.0,4,10
0,5.5,22.2,21.6,25.0,12,1473.0,3,8
0,8.0,29.1,1.9,66.3,3,374.0,4,10
2,7.1,30.5,141.4,25.5,11,1356.0,0,4
3,6.1,17.2,69.1,48.0,12,269.0,7,1
2,6.3,19.0,102.1,39.9,5,1369.0,7,14
1,6.7,36.7,35.6,22.0,5,4.0,1,14
1,7.2,18.2,36.6,22.8,5,85.0,8,5
0,7.4,28.2,94.2,23.1,3,817.0,2,12
3,7.2,10.0,62.2,28.0,1,1414.0,5,1
1,6.1,11.1,103.7,22.4,3,559.0,1,1
2,5.4,22.7,57.9,39.0,6,1486.0,5,3
2,5.7,16.4,111.1,82.8,1,273.0,6,4
2,7.1,27.0,178.4,86.7,2,1374.0,1,4
3,6.8,30.4,136.2,31.2,4,524.0,7,0
3,6.9,37.9,25.8,27.1,10,458.0,3,4
0,7.2,41.1,140.9,57.6,3,553.0,8,12
1,7.9,40.8,39.5,72.4,11,1419.0,0,11
1,7.6,35.0,147.3,59.4,8,557.0,3,12
1,6.5,31.4,99.5,76.2,4,110.0,1,3
0,4.8,23.2,133.0,25.7,11,802.0,0,5
1,5.7,29.0,41.9,52.5,10,1375.0,7,5
0,6.4,26.5,124.2,53.0,3,932.0,9,12
3,7.4,33.1,11.4,51.5,3,882.0,9,12
0,5.8,37.4,126.8,80.3,8,1386.0,0,13
1,5.5,20.1,31.6,56.8,1,755.0,4,7
3,6.3,12.4,3.8,24.6,4,262.0,6,1
0,7.1,33.4,0.6,89.6,2,266.0,2,2
0,5.9,18.0,115.7,80.3,9,481.0,9,7
3,5.9,23.2,122.8,44.7,2,979.0,8,12
3,5.8,31.9,77.2,22.1,9,710.0,1,14
1,7.8,12.9,174.5,32.6,9,240.0,9,1
3,6.3,31.6,146.8,50.9,7,684.0,9,12
3,6.8,15.1,8.5,50.8,5,1400.0,7,1
0,6.2,18.3,135.1,73.0,2,757.0,6,7
0,6.7,20.2,164.5,44.3,6,1472.0,9,8
1,4.9,38.9,138.0,30.7,3,256.0,3,12
1,6.0,32.4,141.0,35.3,11,1421.0,0,4
0,7.2,20.5,34.1,69.0,2,891.0,5,11
2,5.9,12.8,10.1,87.1,1,869.0,4,1
3,7.8,24.8,14.4,65.7,12,449.0,3,8
3,8.2,26.6,68.6,56.3,6,664.0,2,0
3,6.3,27.7,13.8,47.2,10,424.0,4,5
3,8.4,22.4,35.1,80.1,5,873.0,8,9
2,7.0,15.6,78.2,67.3,11,514.0,1,1
1,7.3,30.5,146.1,35.1,2,302.0,7,12
0,7.2,15.8,138.7,45.1,4,1311.0,6,1
2,7.1,30.3,72.9,36.1,1,535.0,0,4
3,5.1,19.0,159.1,59.2,10,412.0,2,11
1,4.5,12.6,185.9,43.4,7,799.0,3,12
2,4.7,20.8,160.9,52.1,1,220.0,3,0
2,4.7,36.3,184.0,59.7,5,1354.0,9,0
0,7.4,32.3,134.4,31.6,9,75.0,3,4
0,6.8,39.5,91.9,29.1,2,625.0,8,2
3,6.2,31.4,1.7,41.2,7,312.0,3,5
2,6.6,13.2,87.4,54.6,7,188.0,0,12
2,7.1,13.7,23.5,48.9,8,310.0,9,1
3,6.1,37.0,49.8,35.9,7,611.0,8,13
3,6.6,10.9,31.6,51.4,11,547.0,8,1
1,7.7,36.6,184.5,68.2,5,1387.0,2,12
0,7.3,13.5,90.4,20.6,8,887.0,0,1
2,6.7,22.7,99.3,92.2,12,1338.0,4,0
1,4.6,32.5,148.9,76.1,1,89.0,3,4
3,5.0,19.8,15.3,34.7,9,252.0,7,14
2,7.9,30.6,194.1,73.8,5,1176.0,3,3
2,7.9,35.7,42.9,71.5,7,992.0,0,0
1,7.6,17.8,25.3,24.4,1,1284.0,9,1
2,8.0,20.7,25.9,42.6,3,1319.0,7,1
1,6.6,21.8,171.5,68.5,4,1308.0,6,3
3,6.9,23.2,150.4,46.1,3,1432.0,2,12
2,6.3,23.7,165.7,87.6,10,1462.0,4,4
2,7.5,15.1,192.7,62.2,8,1220.0,1,0
1,7.6,38.5,199.8,23.7,7,1032.0,8,13
2,8.5,32.5,177.5,53.0,11,1493.0,5,4
2,5.9,32.2,101.8,49.1,10,1108.0,0,0
3,4.6,37.1,165.0,76.5,11,1279.0,2,4
1,6.7,13.8,28.5,94.5,7,260.0,3,8
1,6.4,36.6,120.8,28.5,3,1240.0,3,12
3,6.3,36.4,41.3,71.4,8,977.0,9,13
1,5.1,38.3,11.1,22.3,8,1289.0,9,13
2,5.3,10.9,77.0,43.7,8,1349.0,1,1
3,5.6,18.4,180.6,56.3,9,1209.0,6,14
0,6.4,40.2,172.1,83.9,7,510.0,2,13
1,6.4,32.8,157.0,84.5,12,316.0,5,4
2,7.6,20.3,39.8,75.6,12,940.0,7,11
0,6.4,12.4,196.5,50.2,3,1267.0,1,1
2,7.7,14.7,107.8,58.2,1,79.0,0,4
0,7.0,37.2,3.5,61.7,12,1459.0,1,13
0,8.1,27.5,56.2,84.5,2,146.0,4,2
3,5.2,12.4,189.6,79.3,3,1438.0,1,1
0,5.3,14.6,51.2,70.2,6,189.0,7,8
1,4.6,17.2,95.1,53.0,11,777.0,2,1
1,7.1,32.1,104.2,52.2,9,309.0,1,4
0,4.6,28.5,17.6,65.7,11,624.0,0,10
2,6.8,33.9,52.4,47.0,3,542.0,9,12
1,5.4,41.0,21.2,63.4,5,1404.0,4,13
0,4.6,18.1,129.8,24.8,10,22.0,4,5
2,4.6,32.4,34.3,41.1,3,55.0,9,12
3,7.3,38.8,147.9,59.9,11,628.0,9,4
3,7.3,15.4,192.0,89.3,2,1257.0,0,4
0,5.2,28.0,61.0,66.3,12,871.0,4,8
1,4.9,15.1,151.0,48.1,3,388.0,8,12
1,7.9,25.0,75.3,90.1,5,240.0,2,3
0,7.5,19.6,79.3,82.3,3,83.0,1,11
0,7.3,32.0,137.9,77.4,4,1226.0,1,3
3,5.0,24.8,29.9,46.5,2,1051.0,9,11
2,6.4,31.3,97.4,57.4,3,1126.0,8,12
3,7.6,20.7,77.6,59.8,8,1028.0,6,10
3,8.1,41.2,73.7,43.7,5,1062.0,3,0
3,5.8,32.6,62.1,37.8,2,407.0,5,4
1,5.1,16.4,185.3,43.5,10,218.0,8,4
2,5.7,33.0,163.0,24.1,1,516.0,8,4
1,5.0,35.2,25.8,64.0,9,672.0,7,13
0,7.4,38.4,199.2,79.5,2,698.0,2,12
2,7.9,22.6,197.1,41.8,11,475.0,4,4
1,4.6,11.5,13.8,44.6,10,177.0,2,1
3,6.6,31.5,190.5,71.7,6,1165.0,7,0
0,5.1,36.3,8.0,87.7,10,784.0,6,13
1,7.6,22.4,22.6,51.5,10,798.0,0,10
3,8.3,36.8,142.8,49.4,2,384.0,2,4
0,8.2,23.5,189.4,79.4,3,147.0,5,12
1,7.6,23.3,131.8,79.9,11,427.0,5,4
2,4.6,20.5,132.1,46.4,7,1377.0,6,0
0,4.6,18.6,16.2,83.4,3,270.0,5,10
2,6.2,27.3,81.7,20.3,11,9.0,8,4
1,8.2,12.8,159.9,66.1,10,377.0,9,1
2,8.3,16.2,17.5,78.8,9,661.0,8,10
3,5.8,22.5,141.9,73.4,9,360.0,3,0
1,5.0,37.9,57.6,86.1,10,1144.0,2,4
0,4.6,33.4,22.0,22.5,7,362.0,7,13
0,7.0,11.9,196.9,32.2,4,1436.0,2,11
3,5.8,14.4,182.9,42.4,8,1254.0,8,1
0,7.0,29.0,94.8,57.9,8,1158.0,9,7
3,5.8,12.9,103.7,64.2,5,177.0,4,0
2,5.9,42.0,73.2,72.4,12,370.0,9,4
3,7.8,22.2,34.4,93.9,7,557.0,3,5
1,7.7,11.7,110.0,41.0,2,247.0,1,4
1,6.5,16.0,11.9,48.9,9,1249.0,8,11
2,6.0,19.6,195.8,31.1,3,1227.0,5,4
1,6.3,30.2,69.7,47.9,6,541.0,7,2
0,7.6,30.3,159.6,22.7,1,776.0,7,2
0,5.6,30.5,171.7,52.6,6,496.0,1,0
2,5.0,11.3,40.7,59.8,5,1441.0,4,1
1,7.0,27.5,186.7,91.6,8,1170.0,7,0
3,6.0,28.7,80.5,31.4,6,9.0,0,0
0,4.8,38.2,53.5,20.4,2,1470.0,2,13
3,7.6,22.4,93.9,69.0,1,516.0,6,7
3,6.1,37.5,125.8,92.7,6,436.0,0,12
1,7.6,24.7,11.7,82.7,2,597.0,0,1
0,8.4,17.7,135.9,38.6,2,1381.0,1,11
0,6.1,40.3,94.4,40.9,2,704.0,8,4
1,5.4,25.6,40.1,69.4,4,971.0,0,3
1,7.8,20.6,98.6,55.6,2,1380.0,2,7
0,6.7,18.6,173.1,50.0,2,647.0,3,12
1,5.2,16.5,125.7,66.4,10,1133.0,1,1
1,5.0,14.0,66.0,51.4,9,656.0,6,11
3,7.8,23.8,130.8,52.4,2,193.0,0,4
0,6.7,30.7,197.8,69.1,5,710.0,5,14
1,8.4,41.8,199.2,22.3,9,908.0,2,4
3,7.1,25.6,105.6,81.2,6,315.0,6,12
3,5.0,26.7,98.5,91.7,9,732.0,5,7
0,5.1,16.1,185.5,72.3,7,1433.0,6,8
2,6.4,26.9,172.9,26.8,9,1259.0,4,0
0,5.7,16.2,154.3,26.8,8,145.0,4,5
0,4.6,27.2,11.7,35.8,3,91.0,6,2
1,7.2,15.6,96.1,71.4,1,1360.0,4,4
0,8.1,15.0,93.3,94.8,6,359.0,0,8
2,7.4,34.1,7.8,60.0,10,971.0,6,10
0,5.0,36.3,170.4,43.9,10,1270.0,5,13
3,6.7,11.6,52.7,23.5,3,1102.0,1,1
0,5.8,29.9,168.8,46.1,10,940.0,7,5
1,8.5,36.8,143.7,33.6,4,718.0,2,12
1,6.8,34.3,46.3,73.8,7,357.0,7,2
3,6.6,40.3,3.0,94.0,2,934.0,4,4
0,7.7,20.7,101.7,72.9,5,399.0,3,9
2,4.7,27.3,3.2,76.8,9,423.0,2,14
1,8.0,15.4,187.9,25.1,4,550.0,7,1
3,6.2,24.4,166.7,41.7,8,102.0,2,0
3,7.5,38.5,176.1,43.4,5,925.0,8,0
0,6.4,40.2,15.0,83.0,4,1227.0,9,13
3,8.4,15.7,45.7,66.1,3,1210.0,7,1
1,6.0,17.6,97.6,59.0,9,36.0,5,7
1,6.1,20.5,99.2,72.7,11,1479.0,5,1
3,5.0,13.8,94.5,90.7,9,423.0,8,7
0,4.8,30.6,157.8,87.3,9,671.0,7,13
1,6.4,41.9,184.9,64.4,11,581.0,6,4
3,6.1,38.4,56.2,52.6,8,576.0,1,0
1,8.0,10.3,19.7,63.1,2,1440.0,1,1
2,4.5,10.6,47.3,44.5,7,690.0,0,11
2,8.4,12.9,27.5,78.3,10,889.0,4,1
2,6.2,36.3,93.0,52.0,11,1374.0,1,4
2,5.4,15.9,47.1,58.9,12,738.0,2,10
3,8.4,35.5,61.7,27.2,4,1093.0,5,0
2,8.4,31.2,182.0,51.9,4,848.0,8,12
3,6.6,20.6,195.8,85.7,12,1032.0,9,4
3,5.1,39.5,79.2,53.6,12,409.0,1,4
3,5.4,25.6,139.1,25.7,11,866.0,7,10
2,7.1,32.2,43.7,49.4,9,723.0,2,9
2,4.6,41.1,122.2,75.4,8,97.0,0,0
2,5.2,36.3,42.1,65.9,12,49.0,8,4
2,8.1,40.8,157.8,32.4,12,731.0,4,4
0,7.5,31.1,160.6,44.8,3,63.0,2,12
1,4.8,32.8,147.4,56.5,11,992.0,3,4
2,7.9,13.5,74.6,66.9,7,651.0,9,1
0,4.9,23.3,156.4,41.8,4,1477.0,0,12
1,5.2,34.9,39.6,75.8,1,673.0,5,2
1,7.9,39.4,121.1,64.2,1,545.0,2,4
2,5.9,20.1,113.2,35.7,6,1406.0,9,0
2,5.1,30.7,89.5,40.8,4,925.0,0,3
0,6.5,12.6,189.3,34.7,7,1460.0,0,11
1,5.8,22.0,37.7,57.0,3,297.0,6,9
3,7.8,38.1,163.1,31.9,2,347.0,8,4
3,7.3,13.7,94.5,53.1,2,62.0,4,12
2,5.1,35.6,51.7,55.8,2,669.0,9,12
3,8.5,34.2,175.4,65.2,8,1472.0,5,12
3,8.2,29.5,46.3,88.9,1,1241.0,3,7
3,7.4,28.4,156.6,73.2,4,1268.0,8,12
3,4.8,31.4,127.5,52.0,6,1408.0,1,0
1,8.5,36.8,19.8,59.5,9,884.0,8,14
2,5.1,30.8,10.1,38.3,8,462.0,8,0
3,7.4,31.9,104.4,87.1,7,336.0,6,12
2,6.0,25.2,104.7,69.2,9,1154.0,2,4
1,6.0,41.1,15.6,42.5,9,1360.0,1,14
3,5.8,35.4,60.2,29.9,9,594.0,1,0
0,8.3,37.1,190.4,58.5,9,1.0,6,4
2,6.6,15.8,78.1,81.0,12,836.0,0,11
3,7.1,24.0,9.7,27.1,11,1186.0,2,1
1,5.4,37.1,158.5,82.6,1,808.0,5,4
1,5.7,17.9,76.5,50.6,12,1186.0,7,11
2,5.8,40.3,164.1,32.2,5,772.0,7,0
0,5.8,29.7,25.4,37.1,8,779.0,1,13
2,5.8,39.5,49.3,85.5,12,238.0,0,13
3,7.2,12.2,124.3,56.3,2,553.0,8,1
2,6.1,39.0,123.7,59.0,11,214.0,5,4
0,7.6,16.6,94.4,86.5,10,337.0,9,10
2,7.1,29.2,120.9,66.3,5,1395.0,0,0
1,4.6,33.3,54.3,90.8,6,817.0,7,9
2,6.9,34.9,197.7,88.5,5,638.0,8,3
1,6.7,22.4,137.1,25.5,6,223.0,4,12
1,6.4,16.6,173.9,61.3,6,1349.0,0,8
1,7.3,31.4,175.2,84.7,12,1143.0,8,4
1,8.1,27.8,152.8,25.6,6,875.0,8,12
1,7.4,16.6,40.4,78.9,11,551.0,5,11
3,6.9,30.5,116.6,42.4,3,767.0,7,12
3,4.5,27.0,142.4,56.7,2,282.0,2,4
1,4.6,14.8,15.7,59.1,6,722.0,2,5
0,5.2,38.6,169.7,50.9,5,1348.0,1,13
1,4.8,16.2,127.5,24.0,12,640.0,6,11
1,6.6,37.5,193.5,94.4,4,635.0,2,12
2,7.9,22.7,141.1,63.0,5,196.0,8,3
1,5.7,18.8,60.6,71.6,11,1370.0,0,5
0,5.9,18.0,135.9,54.8,6,223.0,0,5
2,8.3,15.4,33.9,52.1,2,759.0,4,1
0,5.5,31.8,120.6,50.4,7,117.0,1,13
3,4.5,12.6,19.7,25.6,1,459.0,9,1
1,8.2,38.6,145.5,27.2,3,823.0,1,4
3,5.2,20.7,77.8,79.2,6,80.0,5,0
2,6.4,33.3,146.1,65.2,5,1439.0,5,0
0,7.6,19.5,139.8,31.3,1,597.0,6,10
1,6.9,12.8,28.2,39.9,4,1410.0,6,1
1,4.8,11.9,87.9,28.8,9,1344.0,5,1
2,6.2,26.2,117.4,29.9,10,1312.0,3,4
2,5.0,18.7,50.5,73.8,11,1134.0,7,1
1,7.8,21.8,99.3,44.8,11,1164.0,4,10
1,7.9,36.0,178.3,48.1,9,49.0,6,4
2,8.1,23.2,133.5,70.8,2,428.0,2,12
0,8.3,15.2,141.6,80.9,5,349.0,4,8
1,7.4,28.4,23.3,92.2,4,566.0,1,3
0,6.9,36.9,132.0,91.0,7,842.0,7,13
0,8.3,39.0,56.9,59.1,6,451.0,6,13
3,6.0,31.0,181.1,77.4,9,275.0,2,0
3,7.2,12.5,41.2,26.6,11,834.0,7,1
3,6.8,20.0,5.1,76.0,9,109.0,2,14
2,4.6,25.2,85.7,91.7,2,749.0,1,4
1,4.9,33.3,156.5,47.1,2,379.0,7,12
1,6.0,29.1,155.2,68.8,6,1200.0,3,12
0,6.2,21.6,142.5,67.4,9,959.0,5,7
1,8.1,11.5,194.1,58.4,8,106.0,4,1
1,8.4,22.5,143.9,87.9,6,605.0,5,0
1,6.2,26.7,193.7,51.7,11,697.0,3,5
3,5.9,37.0,159.1,68.0,12,1431.0,7,0
1,6.6,21.5,182.7,22.6,12,574.0,9,4
3,7.4,30.4,130.1,33.2,12,1080.0,7,4
2,6.2,33.6,58.0,65.5,2,123.0,1,12
2,7.5,24.4,12.5,91.3,2,1458.0,2,1
2,4.5,34.6,180.3,25.2,9,306.0,2,0
1,7.8,21.3,103.3,40.8,10,938.0,6,7
2,5.4,10.9,169.6,31.7,1,1114.0,4,1
1,8.4,34.6,103.6,77.3,2,801.0,9,4
1,7.7,11.8,151.6,75.9,8,927.0,3,11
1,8.3,34.5,13.1,49.1,5,772.0,6,9
0,7.8,37.7,189.9,81.5,12,626.0,2,4
1,4.5,11.4,129.3,90.9,5,650.0,0,1
3,5.2,26.9,78.0,33.7,1,238.0,6,4
1,6.0,29.5,48.1,90.7,7,1486.0,5,7
1,6.0,19.8,21.7,92.4,10,534.0,8,1
1,6.8,39.8,20.6,47.9,4,1045.0,9,13
2,7.2,21.0,171.7,41.7,4,104.0,1,0
1,8.2,35.2,88.4,47.0,1,1155.0,9,4
0,7.7,23.9,195.9,22.0,10,1320.0,3,10
0,7.3,16.1,77.2,87.0,7,31.0,7,11
1,5.2,26.6,18.4,22.2,8,924.0,6,5
1,6.3,14.7,61.0,66.8,8,697.0,2,1
3,5.5,32.0,109.1,26.3,10,658.0,2,4
3,6.9,27.1,99.7,79.3,1,499.0,1,12
1,5.0,22.9,147.8,27.3,11,34.0,5,4
2,6.4,38.6,50.9,85.3,7,1251.0,4,0
1,8.5,32.9,35.3,66.8,10,590.0,7,10
2,7.8,36.2,55.3,28.9,5,245.0,0,0
3,8.3,31.4,83.8,59.8,2,1379.0,2,4
0,6.5,35.0,15.8,24.3,8,887.0,6,2
0,5.1,12.1,167.1,53.4,2,365.0,8,2
3,5.2,39.5,159.5,94.1,9,1117.0,1,4
1,5.4,24.6,122.4,30.4,7,1480.0,7,12
2,6.6,10.8,195.4,69.4,8,371.0,9,0
1,5.5,41.5,110.2,45.9,12,604.0,3,4
0,5.7,13.5,157.7,81.6,11,333.0,9,5
0,7.0,28.4,14.1,28.6,4,761.0,1,2
2,4.8,25.3,198.0,82.9,8,802.0,0,0
0,6.5,31.4,44.9,42.4,1,1303.0,8,2
3,7.4,24.7,124.0,59.6,8,364.0,9,0
2,8.1,18.3,57.8,28.3,9,1128.0,8,10
1,7.0,25.4,33.8,94.4,8,75.0,5,5
2,8.4,13.5,73.3,49.6,11,335.0,3,1
3,6.4,38.7,65.9,47.2,3,36.0,2,12
0,5.2,23.1,76.0,89.0,9,994.0,9,10
2,5.3,15.9,24.3,27.6,4,1050.0,3,1
3,4.9,13.4,163.7,45.7,4,397.0,1,0
1,7.6,28.2,4.1,32.8,4,1148.0,0,3
3,8.3,21.2,19.4,20.6,7,728.0,2,5
0,5.1,29.4,158.9,61.2,2,841.0,2,2
2,7.2,18.4,133.1,56.7,6,268.0,6,0
3,8.1,38.3,18.0,80.6,5,1431.0,5,13
3,5.8,32.3,113.8,82.1,7,408.0,7,0
2,4.8,15.5,75.3,56.3,10,221.0,9,1
1,6.2,23.0,84.3,32.6,9,232.0,4,7
3,7.9,12.4,94.7,75.6,6,689.0,7,3
3,6.6,10.1,114.7,32.5,1,1377.0,7,1
3,5.9,32.2,154.7,77.4,8,990.0,0,0
3,7.7,32.6,195.9,83.0,7,735.0,6,0
1,4.6,31.8,130.0,36.1,5,101.0,6,0
1,6.1,34.9,139.1,47.0,5,1106.0,8,9
1,5.0,13.7,107.9,34.7,2,378.0,1,4
1,6.7,20.5,91.9,21.8,6,1096.0,0,7
0,7.6,10.8,129.1,44.9,12,1281.0,8,8
3,4.9,25.9,105.4,95.0,4,1475.0,1,3
0,8.0,14.6,147.6,75.0,12,897.0,0,8
1,6.6,31.3,2.5,50.1,10,802.0,5,14
0,8.0,35.3,33.4,51.3,5,3.0,6,13
1,8.0,35.6,19.1,32.0,1,517.0,2,4
0,5.2,31.7,174.5,29.5,9,1226.0,4,14
0,6.3,12.0,50.2,21.0,10,1272.0,7,11
3,7.0,14.9,105.2,39.9,6,944.0,0,8
0,5.3,23.9,49.5,76.8,11,1431.0,9,10
2,7.7,10.4,7.9,61.2,11,1460.0,1,11
3,4.8,18.6,129.5,22.8,1,359.0,1,4
2,4.8,10.9,184.1,38.9,7,338.0,5,0
3,7.7,22.3,100.1,56.6,3,1201.0,4,3
0,6.7,19.2,101.9,61.9,1,690.0,8,7
1,6.1,12.9,52.2,22.9,1,82.0,0,11
2,6.8,38.5,103.9,79.2,9,109.0,8,0
2,6.8,27.9,90.4,68.4,12,291.0,5,0
1,7.8,37.2,198.7,22.9,12,331.0,6,4
3,8.5,12.5,176.2,28.7,1,797.0,2,1
0,7.8,35.1,41.5,83.4,1,362.0,6,13
0,4.9,26.5,5.7,90.0,8,626.0,8,13
3,4.7,23.9,60.6,25.4,5,1478.0,7,9
2,8.0,19.0,54.2,25.6,7,144.0,0,5
0,6.0,22.5,33.2,41.0,2,1233.0,9,2
0,6.4,37.7,15.0,45.9,8,1243.0,7,13
2,8.2,13.7,153.6,36.4,10,3.0,0,1
2,6.9,35.0,195.7,37.8,7,1316.0,9,0
3,5.9,18.1,15.6,62.5,12,1261.0,7,11
1,6.7,32.8,151.9,79.9,12,956.0,7,4
2,5.8,13.7,52.2,71.1,12,1443.0,7,1
2,8.0,41.2,126.4,28.3,6,576.0,0,0
3,6.4,23.5,195.5,49.2,9,1131.0,5,14
0,4.7,31.0,82.6,75.6,3,758.0,7,12
0,6.9,35.9,179.8,94.6,11,1046.0,3,13
2,7.7,36.0,142.5,61.8,7,84.0,9,0
0,7.0,10.7,47.3,39.5,1,1190.0,9,11
2,7.4,16.1,60.8,67.7,4,1317.0,7,1
2,6.6,20.7,163.3,77.1,10,1046.0,4,4
0,5.6,28.5,78.3,68.2,4,1008.0,0,3
0,7.6,28.7,115.7,82.3,10,458.0,7,7
1,5.3,11.2,119.9,21.6,3,544.0,7,12
0,5.2,28.0,37.3,22.5,7,612.0,3,2
0,8.4,33.1,9.5,47.7,7,629.0,9,13
0,6.9,28.4,177.0,87.8,12,1196.0,3,8
1,7.5,10.6,151.8,55.9,12,854.0,4,1
0,5.6,23.1,95.1,66.9,6,928.0,2,9
1,7.6,28.6,66.2,45.5,6,512.0,0,3
1,5.2,19.9,115.7,63.9,12,615.0,6,7
3,5.5,34.7,85.4,56.2,9,1255.0,5,0
3,7.0,35.2,163.9,53.8,6,502.0,0,0
1,7.0,20.2,189.3,31.9,4,479.0,7,4
1,7.1,16.1,126.1,42.1,8,1160.0,2,10
1,7.0,26.6,23.0,91.6,1,473.0,6,2
0,7.5,31.0,66.3,89.8,12,750.0,6,5
1,4.8,35.3,131.0,65.5,8,581.0,2,0
1,5.7,17.2,113.3,71.7,5,333.0,4,0
2,6.2,28.0,38.3,87.8,7,516.0,8,6
2,4.8,32.9,21.5,55.4,1,44.0,7,4
3,8.4,39.8,194.1,29.1,9,771.0,2,0
1,6.3,16.7,102.2,77.0,10,102.0,7,11
3,5.8,37.3,141.9,92.6,9,1413.0,7,4
1,7.2,38.8,132.4,34.7,10,266.0,4,4
2,7.7,32.3,25.0,30.5,3,493.0,0,12
1,8.4,13.5,35.2,32.4,7,435.0,3,5
0,7.3,25.3,36.8,41.4,11,349.0,0,10
3,7.9,14.6,163.0,94.3,12,1388.0,1,8
0,4.9,26.1,92.8,91.8,9,1154.0,1,7
2,7.4,31.4,25.3,88.3,3,957.0,8,12
1,7.0,13.3,129.0,27.6,5,646.0,8,8
1,6.7,27.9,59.1,71.8,12,1376.0,1,8
3,7.9,30.9,44.8,49.0,1,1010.0,7,4
3,8.0,18.6,14.6,24.9,4,1386.0,4,10
3,4.6,23.8,122.6,56.5,12,1118.0,5,0
1,6.2,16.5,27.7,34.5,7,327.0,0,8
2,6.4,14.1,88.3,70.0,4,248.0,2,12
2,6.1,41.2,107.2,33.2,7,1409.0,6,12
2,5.2,35.5,66.0,62.9,7,986.0,7,0
3,5.5,12.4,89.3,43.8,6,593.0,4,0
2,7.3,35.7,99.6,24.5,9,787.0,8,0
3,6.8,24.4,57.6,33.9,5,634.0,4,3
2,5.1,19.0,196.5,86.2,9,1014.0,4,1
1,4.9,31.7,66.5,50.7,4,788.0,4,3
0,8.5,25.1,72.7,64.8,10,281.0,9,10
2,5.3,17.0,60.1,76.7,10,984.0,5,1
0,6.8,33.5,7.1,48.4,11,509.0,7,10
3,8.0,38.6,52.4,95.0,6,1127.0,8,13
3,7.4,32.3,104.8,71.7,5,1258.0,8,9
1,4.8,30.2,108.3,54.1,5,1487.0,0,9
0,6.5,40.6,143.1,60.7,8,911.0,5,13
1,6.9,12.1,131.2,88.5,1,263.0,0,4
3,4.6,30.1,148.9,48.8,1,422.0,5,4
0,7.0,30.8,97.0,83.9,10,1365.0,2,4
3,7.2,32.8,105.5,52.2,11,1280.0,4,4
2,5.6,15.7,153.4,86.4,9,1303.0,0,10
3,6.2,16.5,68.8,25.9,8,639.0,4,1
2,6.0,30.6,188.3,47.0,1,1095.0,0,4
2,8.5,33.6,185.5,36.1,7,121.0,2,12
2,7.2,36.8,169.3,87.8,5,156.0,8,0
1,7.4,29.9,152.2,54.2,11,1354.0,5,5
0,4.6,41.9,39.5,34.1,11,779.0,3,5
1,8.3,22.1,79.6,49.9,2,728.0,7,4
0,8.3,16.6,57.0,62.0,5,1297.0,0,10
1,6.5,28.5,50.7,34.5,1,626.0,3,7
1,8.4,40.6,55.5,65.3,3,12.0,9,12
0,5.9,12.7,137.3,57.4,10,502.0,4,11
3,6.0,34.9,47.6,71.8,5,1221.0,4,9
0,8.3,18.8,44.6,43.6,9,926.0,1,10
2,7.4,36.7,104.5,47.3,3,1459.0,8,12
2,7.0,24.1,64.9,71.2,2,1322.0,8,4
0,5.5,33.2,131.1,90.6,8,1079.0,5,13
3,5.4,31.3,149.8,91.9,11,1224.0,7,5
2,5.2,28.0,49.9,67.7,8,1438.0,5,6
2,8.3,14.8,91.8,47.8,10,1010.0,5,1
2,4.8,28.7,192.3,73.5,6,975.0,7,0
1,6.7,29.9,59.0,88.3,11,22.0,7,5
1,5.9,17.8,84.8,81.3,9,803.0,7,1
1,4.6,18.4,143.3,80.0,1,952.0,2,7
3,5.5,33.2,183.9,80.2,11,121.0,7,0
0,6.0,23.4,171.7,48.3,6,428.0,8,12
3,7.0,32.3,168.5,69.2,9,242.0,8,4
2,5.5,38.1,54.2,68.6,11,1067.0,1,0
3,4.8,34.6,57.8,72.7,10,1157.0,4,14
1,5.4,29.5,16.4,54.8,4,818.0,8,3
0,8.2,20.2,34.0,24.1,2,588.0,7,11
1,6.1,35.6,165.4,51.0,4,66.0,1,12
1,6.2,38.7,175.5,87.4,2,147.0,2,12
0,5.1,30.8,161.7,32.5,12,209.0,7,2
2,5.2,27.7,147.0,61.8,12,262.0,4,0
3,8.5,11.5,162.1,67.8,1,522.0,1,1
2,4.9,16.4,178.2,21.7,1,556.0,4,4
0,5.4,37.8,14.9,81.4,3,1475.0,4,13
0,6.0,17.6,19.9,48.3,5,1468.0,9,8
0,7.2,19.7,143.2,84.6,10,976.0,2,11
1,4.8,27.0,177.7,37.6,11,418.0,2,5
3,7.8,31.3,90.0,21.8,7,91.0,3,12
3,8.1,29.8,24.6,34.8,10,1028.0,9,10
2,7.8,22.3,178.6,36.7,2,778.0,3,4
3,6.0,28.0,93.4,70.9,3,1049.0,0,12
1,5.3,15.6,139.3,45.9,6,540.0,0,0
2,7.1,16.9,90.6,61.1,4,408.0,5,3
1,7.1,18.7,3.0,88.8,8,647.0,0,5
0,6.2,41.5,38.1,70.0,9,1281.0,6,7
2,5.1,33.1,47.2,55.4,1,1158.0,0,2
1,8.0,19.5,27.4,59.7,8,293.0,9,5
1,8.2,13.7,137.1,84.4,4,243.0,2,12
1,5.9,31.6,26.9,44.2,1,927.0,8,2
0,6.5,23.7,116.3,26.2,2,702.0,2,7
0,5.7,39.5,43.7,42.8,3,1049.0,9,13
1,5.7,41.1,93.0,52.5,4,162.0,9,12
0,8.0,36.6,20.4,30.1,9,90.0,6,13
0,5.7,17.6,140.8,85.7,3,1030.0,8,12
0,8.0,39.7,127.9,76.7,7,839.0,1,13
3,4.6,29.5,9.5,45.0,3,964.0,5,5
1,6.6,41.8,98.4,81.7,2,1035.0,0,4
1,8.0,31.6,118.4,38.3,4,952.0,8,3
0,5.3,13.8,124.6,42.6,4,499.0,5,8
1,8.3,40.8,129.3,36.8,8,1384.0,1,0
0,6.4,11.9,82.6,59.9,11,1353.0,2,11
3,7.0,21.3,83.8,84.2,8,385.0,9,0
2,5.8,20.3,83.3,63.6,5,817.0,9,9
2,6.3,23.5,1.2,39.1,2,797.0,3,1
3,5.3,13.6,86.9,37.8,4,1076.0,1,1
2,4.7,38.2,83.5,27.0,3,751.0,5,12
0,6.7,11.4,48.2,33.2,6,1380.0,9,8
3,6.1,40.9,25.8,81.8,5,1026.0,8,14
3,5.2,37.5,49.5,62.5,10,1192.0,9,4
2,7.8,14.3,191.5,50.8,11,1304.0,7,1
1,5.5,29.7,83.9,26.9,10,582.0,6,7
2,7.3,35.8,94.4,46.7,1,404.0,9,4
1,5.6,10.4,106.1,92.9,10,341.0,6,1
0,5.6,18.9,163.6,43.1,2,1182.0,0,7
0,5.5,29.0,49.2,35.4,10,481.0,3,8
2,6.1,29.8,31.6,54.7,4,17.0,9,3
3,5.0,10.3,97.0,66.6,8,1334.0,6,0
1,7.8,30.3,56.4,68.0,12,553.0,2,3
2,7.7,39.9,30.6,37.4,10,1097.0,3,10
1,4.8,14.4,99.4,22.6,8,1191.0,8,1
3,8.4,14.9,199.8,59.6,9,795.0,7,1
1,6.2,39.4,192.2,41.6,11,1138.0,6,1
1,5.4,17.5,6.4,38.7,5,1332.0,0,1
1,5.7,13.1,16.2,21.4,7,1210.0,7,5
3,5.2,10.5,150.5,77.2,1,470.0,3,4
3,7.3,37.6,172.3,87.6,6,899.0,5,12
3,4.9,36.8,119.4,36.1,12,1178.0,3,0
1,6.4,28.5,137.3,44.0,8,1007.0,1,12
3,7.0,13.3,67.8,75.7,4,1428.0,6,1
3,7.6,17.6,105.5,56.1,8,137.0,1,12
3,6.7,39.2,31.7,36.5,4,594.0,8,3
3,6.3,27.8,190.1,21.8,12,506.0,9,8
2,5.4,34.0,16.2,80.0,2,1310.0,0,12
0,4.9,35.8,155.1,46.2,4,535.0,6,12
1,8.0,33.1,136.2,39.6,12,101.0,8,4
1,7.3,25.9,35.8,59.4,11,271.0,2,5
0,5.5,23.3,160.2,73.1,12,793.0,9,5
2,5.4,27.6,89.7,91.4,7,1293.0,2,0
3,5.8,30.3,125.4,34.6,4,706.0,8,0
1,5.8,41.0,99.3,59.7,9,920.0,3,7
1,4.6,28.9,185.7,25.3,7,1164.0,8,5
3,7.8,24.8,114.2,67.3,10,919.0,4,10
2,6.1,41.7,53.9,46.4,2,1119.0,4,12
2,7.3,23.9,161.6,28.8,4,9.0,6,12
2,7.8,39.5,62.6,58.9,10,600.0,5,10
3,6.2,35.9,106.8,39.9,4,277.0,8,0
2,8.4,28.1,19.3,55.5,2,461.0,8,4
1,5.6,23.6,10.1,56.2,3,200.0,6,12
0,8.0,21.5,185.9,35.0,1,558.0,0,10
0,8.1,40.0,70.3,61.3,5,330.0,7,13
0,8.4,32.5,124.8,81.6,1,110.0,7,4
3,7.8,26.8,111.8,87.0,11,1484.0,2,10
3,7.6,37.1,6.5,42.0,9,422.0,6,14
3,4.9,16.6,51.7,51.3,10,516.0,4,1
0,5.9,38.8,132.2,67.9,2,890.0,7,13
0,5.5,28.4,178.6,68.3,10,468.0,5,4
1,6.9,31.3,150.0,88.5,9,75.0,4,4
0,6.5,12.4,67.6,64.1,9,1163.0,1,11
1,7.2,35.6,27.1,42.0,7,1245.0,1,13
0,7.7,34.3,170.5,57.8,6,397.0,6,12
3,7.3,28.0,173.8,74.3,7,1041.0,9,12
1,7.0,36.3,134.3,32.1,7,889.0,5,12
3,7.9,21.6,65.7,72.5,12,1370.0,2,1
3,6.9,32.7,40.4,29.0,5,1161.0,1,14
0,4.9,29.5,185.9,60.2,11,754.0,7,5
3,5.2,32.0,164.3,73.0,12,1284.0,8,4
1,6.2,10.9,77.0,53.5,1,1361.0,8,11
3,6.3,26.2,85.7,72.5,1,554.0,7,7
0,5.4,27.4,97.8,33.4,10,110.0,1,7
3,7.4,40.1,159.0,66.0,6,107.0,5,0
3,7.0,15.0,102.7,41.5,11,124.0,3,8
2,5.2,32.7,31.1,28.0,2,1310.0,9,2
0,6.9,30.5,172.0,82.4,11,528.0,6,5
0,5.6,39.8,57.3,82.0,9,1225.0,3,13
0,7.1,39.1,82.8,75.4,8,249.0,0,13
0,5.2,19.6,167.5,59.0,12,1053.0,1,8
1,4.8,41.8,174.4,52.2,12,1224.0,9,4
3,7.0,10.3,114.9,77.8,12,1069.0,1,1
2,7.9,37.5,175.5,27.0,3,522.0,8,12
0,7.2,18.6,73.4,37.5,9,1203.0,5,11
2,6.1,41.8,124.1,52.3,4,187.0,1,12
0,7.2,23.5,94.4,69.4,3,383.0,1,12
1,7.9,26.5,138.4,51.7,3,696.0,1,12
2,6.4,24.0,35.8,94.8,7,143.0,6,0
2,5.8,37.9,85.0,53.9,1,1285.0,5,4
3,5.9,15.9,141.9,23.7,11,1477.0,9,1
0,6.8,36.1,62.7,23.3,9,1095.0,2,14
2,7.0,18.7,178.8,55.3,12,995.0,3,1
1,5.0,41.7,89.1,32.3,5,846.0,8,9
3,5.3,20.9,145.0,60.7,5,762.0,3,14
1,6.9,40.6,67.7,64.7,2,41.0,0,12
1,4.9,19.1,72.3,22.2,8,761.0,0,5
0,5.0,33.0,35.2,85.8,12,1327.0,1,13
1,8.4,13.1,76.7,56.7,2,414.0,0,1
2,6.8,26.1,66.9,40.7,4,913.0,1,3
3,6.7,39.9,114.8,94.5,11,1082.0,0,4
0,7.3,26.6,30.4,82.0,12,260.0,6,8
0,5.0,12.7,106.6,33.0,12,910.0,0,11
3,5.9,27.6,75.8,56.4,1,595.0,5,7
0,7.2,30.7,61.4,59.2,12,915.0,8,13
1,5.3,13.9,125.4,90.0,4,1171.0,2,1
1,8.3,20.3,99.1,48.0,9,516.0,3,7
1,6.5,24.3,161.9,36.3,11,663.0,2,1
1,6.2,19.9,82.3,94.2,2,909.0,6,7
2,5.1,20.1,36.6,28.6,12,958.0,8,10
1,6.5,34.5,70.5,29.8,8,85.0,7,12
1,6.3,29.7,152.1,45.5,5,185.0,0,4
0,7.0,30.8,120.8,59.0,8,792.0,3,2
3,6.5,30.0,68.1,33.6,3,642.0,9,12
2,4.9,19.7,80.9,31.9,11,166.0,5,5
2,8.2,36.3,8.9,82.8,8,121.0,6,0
2,6.2,15.3,0.3,35.7,10,413.0,6,1
2,7.7,21.2,30.6,87.9,11,307.0,7,10
1,4.6,15.7,84.0,85.5,12,67.0,6,4
2,6.6,21.1,74.1,81.1,2,343.0,7,4
2,5.3,20.4,102.9,85.5,4,610.0,6,9
0,6.5,21.3,124.2,29.4,2,1083.0,1,4
0,6.2,37.3,30.1,32.0,1,935.0,0,13
1,8.3,10.3,179.5,58.1,8,1327.0,3,1
1,4.6,15.5,177.7,32.6,2,190.0,0,4
0,6.4,31.6,192.4,50.2,3,725.0,6,12
1,6.9,17.3,178.0,29.0,5,1382.0,0,1
3,6.8,16.5,141.4,38.1,3,971.0,7,12
2,5.3,10.5,69.3,39.4,7,609.0,2,1
3,7.8,23.1,50.0,68.1,2,205.0,0,12
0,5.3,19.2,162.6,48.3,1,1484.0,3,7
1,7.9,11.9,178.1,78.1,9,987.0,8,1
3,6.9,23.8,199.7,74.7,3,921.0,1,12
2,6.0,14.0,149.2,80.7,3,569.0,2,1
1,5.5,24.7,5.1,72.1,5,121.0,8,14
0,7.6,11.2,113.0,26.3,6,761.0,4,3
3,7.8,18.2,192.3,92.2,10,15.0,5,10
3,5.1,11.1,120.7,50.4,7,1160.0,8,0
2,5.0,25.2,30.2,48.9,6,299.0,9,0
1,5.4,19.3,139.1,37.0,11,481.0,6,11
1,7.1,28.9,30.6,67.3,5,1025.0,1,9
1,7.0,30.6,79.1,61.4,2,612.0,6,2
2,6.4,32.2,31.7,87.1,6,469.0,0,9
1,8.2,32.1,169.7,52.4,7,975.0,9,0
2,4.5,31.0,12.0,62.8,9,1440.0,3,14
2,5.9,19.4,41.0,94.9,7,934.0,3,5
2,6.8,40.7,74.5,88.3,11,1444.0,2,1
3,5.2,13.3,159.3,41.6,7,286.0,0,12
2,6.5,31.3,54.9,22.4,6,1223.0,5,0
3,5.2,10.7,29.4,62.7,10,6.0,4,1
1,8.3,25.2,81.0,63.5,5,1147.0,2,9
1,7.4,21.3,158.5,30.2,7,994.0,5,0
0,7.2,29.4,32.3,56.1,10,216.0,2,5
3,6.1,34.3,62.3,28.5,5,482.0,1,9
3,6.6,27.4,162.9,31.8,6,250.0,8,12
3,7.3,36.3,73.5,32.6,4,798.0,7,12
3,8.4,41.4,70.3,87.2,11,1230.0,6,1
0,7.5,34.2,122.0,52.9,6,716.0,6,13
0,5.7,17.5,96.1,67.5,5,706.0,2,8
3,5.7,23.6,47.0,90.4,7,578.0,9,5
1,6.2,11.4,1.3,92.8,2,1219.0,3,1
1,8.3,19.9,183.9,36.6,8,1056.0,2,5
1,7.2,36.3,15.9,71.6,8,163.0,5,13
0,6.9,22.3,63.6,20.0,10,387.0,6,10
0,6.5,21.1,196.5,42.3,8,934.0,0,14
3,6.7,27.2,25.3,24.7,5,306.0,3,14
3,5.6,32.5,127.3,84.9,5,8.0,0,0
3,5.4,33.7,100.5,41.1,2,1337.0,2,4
1,4.9,15.0,73.1,90.2,6,1040.0,1,8
0,7.4,22.6,65.6,27.2,3,169.0,4,12
3,6.1,36.8,86.8,54.7,8,390.0,5,0
1,8.1,21.5,96.5,76.7,10,392.0,9,4
2,6.5,11.4,92.9,21.6,5,1369.0,0,3
1,6.8,27.6,185.6,32.2,11,320.0,3,5
2,5.1,32.5,45.2,34.5,4,304.0,2,3
2,7.2,28.6,146.1,75.2,1,632.0,3,4
3,4.5,14.0,13.1,41.0,6,1386.0,1,8
1,6.0,11.6,35.4,89.1,9,1496.0,1,11
1,5.3,36.4,72.7,59.6,8,883.0,2,12
2,5.4,37.3,19.6,39.9,11,610.0,7,4
0,7.7,12.0,143.7,58.1,9,681.0,4,11
1,6.1,18.5,152.7,93.0,6,635.0,0,14
3,6.4,28.0,57.7,50.9,9,495.0,9,14
1,5.4,13.8,83.5,20.1,8,401.0,5,7
3,7.3,39.5,181.4,68.1,1,853.0,1,4
3,7.6,41.1,62.0,88.2,4,1166.0,3,3
1,6.9,28.4,198.6,42.7,7,995.0,6,12
0,7.8,10.3,59.4,43.1,7,382.0,6,2
2,6.9,23.3,189.6,30.5,7,767.0,3,0
0,8.4,14.8,175.6,23.1,10,70.0,4,11
3,4.9,22.5,139.1,81.6,3,527.0,7,4
1,5.0,17.7,115.9,56.1,8,655.0,3,0
1,4.7,22.2,22.3,74.5,6,841.0,5,5
1,7.6,39.7,54.8,72.6,1,1065.0,3,4
1,7.8,33.6,180.2,64.8,5,1199.0,0,3
0,5.1,29.4,24.2,35.5,7,237.0,6,13
1,5.1,31.1,160.7,47.1,2,1488.0,5,4
1,7.7,11.0,56.5,88.5,1,1200.0,0,1
0,4.9,19.2,198.8,26.1,9,78.0,9,7
0,5.8,35.1,66.2,65.5,5,435.0,4,13
1,7.9,18.0,172.1,50.5,6,21.0,5,5
3,8.4,27.5,98.1,83.4,9,261.0,9,4
3,8.4,15.9,111.1,86.0,8,839.0,5,11
1,5.5,36.6,67.3,45.9,8,779.0,3,0
1,5.3,34.6,83.5,33.2,5,194.0,2,9
2,6.9,25.7,16.7,40.3,9,897.0,3,14
2,8.0,22.4,11.4,30.5,9,1428.0,4,1
2,7.0,15.2,13.4,27.9,1,792.0,0,1
3,7.8,27.0,128.7,79.4,6,303.0,3,0
0,5.0,37.4,103.5,38.9,4,893.0,9,12
0,6.8,25.1,68.9,25.0,12,127.0,8,8
0,7.3,30.7,181.5,58.9,11,1234.0,2,5
0,8.3,13.8,63.3,63.6,2,158.0,2,11
1,5.2,16.5,148.6,45.8,10,972.0,9,11
3,8.2,39.3,168.4,51.1,10,1329.0,9,4
2,5.9,41.9,27.8,64.6,1,1231.0,4,0
3,6.8,33.0,162.6,57.1,12,1355.0,3,4
0,7.7,17.9,71.7,52.6,12,1243.0,3,10
2,7.5,22.2,65.4,38.5,1,516.0,1,4
0,7.9,40.2,163.7,27.1,4,948.0,5,12
2,6.7,41.7,199.5,59.2,7,1443.0,8,0
3,8.1,30.8,115.9,26.8,11,72.0,9,4
2,6.2,35.2,43.6,67.0,8,435.0,4,0
3,7.4,39.3,117.3,75.4,11,583.0,6,4
0,6.8,30.9,6.6,61.8,4,276.0,3,13
1,4.8,29.2,199.9,22.0,11,760.0,0,5
2,4.9,40.9,48.7,74.4,11,782.0,8,1
2,4.6,11.2,44.2,90.2,12,1384.0,3,11
0,7.1,22.3,102.0,83.3,9,1108.0,5,7
3,5.0,31.6,162.0,36.9,6,972.0,6,0
2,6.0,16.6,116.7,84.5,8,212.0,5,0
0,5.1,26.4,113.6,48.5,6,62.0,1,7
1,4.9,14.7,72.9,41.5,7,55.0,3,5
2,8.4,39.2,82.6,59.0,5,1340.0,2,3
1,6.8,18.6,90.9,28.5,9,1413.0,8,7
3,5.8,41.2,152.5,42.2,1,1166.0,2,0
2,7.3,36.4,70.6,21.8,8,823.0,5,0
0,6.5,36.2,74.9,79.5,11,1336.0,8,11
3,5.5,31.1,186.4,88.0,5,163.0,8,0
0,6.0,38.6,14.1,44.3,7,318.0,2,13
2,6.8,26.9,161.5,31.9,8,100.0,6,0
2,7.7,40.4,49.6,90.9,1,1335.0,6,4
1,5.6,39.1,188.5,78.5,8,632.0,6,0
0,7.4,19.4,41.3,39.1,4,121.0,6,5
1,6.5,33.4,75.5,76.9,5,493.0,3,3
1,7.5,38.1,194.7,58.9,7,582.0,6,13
3,5.4,37.7,136.1,87.0,5,393.0,7,12
1,4.7,24.3,178.3,25.5,12,1395.0,8,4
1,4.9,30.2,150.2,54.3,7,755.0,8,0
1,5.7,13.0,21.9,70.4,10,1288.0,9,1
3,6.9,38.4,17.0,47.6,3,989.0,7,12
3,6.0,41.1,19.4,57.7,5,1038.0,0,14
1,6.5,18.0,13.7,64.4,1,830.0,0,7
2,4.7,25.4,141.4,36.0,1,765.0,0,4
0,7.1,26.0,192.6,28.0,3,691.0,0,12
3,7.6,12.4,147.1,26.3,5,640.0,5,1
1,7.2,35.3,181.7,26.5,11,77.0,3,4
2,8.4,12.9,174.5,71.5,8,717.0,2,1
2,6.4,17.6,163.9,35.6,9,105.0,8,4
2,6.6,10.2,66.8,26.5,12,778.0,7,1
1,7.0,19.4,191.9,67.3,8,177.0,5,7
1,4.8,14.3,188.5,74.0,1,1127.0,6,11
2,6.9,10.1,58.8,79.7,8,721.0,7,11
0,6.1,32.3,7.2,60.5,5,273.0,7,14
1,8.2,18.2,161.4,64.9,6,832.0,6,12
3,7.8,34.3,32.0,84.4,12,1444.0,4,3
3,5.5,27.0,126.6,60.2,2,472.0,5,4
0,5.5,12.4,68.3,77.2,8,1291.0,2,1
0,8.4,27.7,2.5,56.2,9,232.0,4,14
2,5.7,14.8,89.6,67.4,7,1174.0,2,0
3,5.4,23.9,157.8,83.8,5,628.0,3,0
0,5.0,17.0,59.7,83.7,8,669.0,4,11
3,4.9,18.1,160.9,27.1,12,210.0,2,0
2,5.9,39.4,15.5,61.4,11,985.0,0,1
1,8.4,25.8,40.3,43.8,1,320.0,4,7
3,5.2,24.6,79.4,87.6,12,1174.0,7,8
1,5.5,41.5,169.4,57.8,8,579.0,6,12
2,6.7,16.5,50.1,56.4,6,913.0,9,1
1,6.3,34.2,52.9,84.1,6,961.0,8,12
2,7.4,37.1,146.9,66.7,1,416.0,4,4
2,4.6,23.8,32.7,49.5,10,1273.0,1,1
0,7.1,31.4,163.1,85.6,4,239.0,8,12
0,6.1,21.0,73.9,86.3,10,1402.0,4,1
2,5.2,41.7,17.8,75.0,3,1008.0,1,12
1,7.7,23.4,132.8,29.7,1,68.0,2,4
1,7.5,29.6,188.2,88.3,7,998.0,3,0
1,7.2,19.5,122.9,38.8,9,369.0,4,14
3,6.8,14.6,127.1,50.7,5,364.0,6,0
3,5.3,10.8,170.3,82.7,2,190.0,8,12
2,8.2,12.1,58.5,85.8,11,1310.0,6,1
1,8.0,14.3,105.2,65.1,1,475.0,2,7
0,5.6,26.7,168.6,78.9,11,1311.0,9,5
1,5.9,27.6,23.3,82.0,6,50.0,0,5
0,8.1,41.4,60.7,30.4,2,1288.0,6,13
0,7.0,30.9,107.2,47.2,6,1359.0,8,13
3,6.6,32.0,20.0,46.5,11,104.0,0,5
3,5.9,36.3,156.9,57.9,9,278.0,5,4
2,7.6,38.5,153.9,32.4,8,991.0,6,0
1,5.2,32.7,76.8,81.0,11,252.0,2,14
3,6.8,33.2,181.2,31.9,3,494.0,9,12
3,6.8,31.3,80.4,22.9,5,537.0,2,9
3,6.1,16.1,144.0,31.7,12,352.0,7,4
1,8.1,20.6,165.2,65.7,6,1213.0,2,0
2,5.8,21.0,25.3,37.6,6,845.0,7,0
3,7.8,22.8,42.3,80.5,4,440.0,8,3
0,4.5,35.7,42.8,34.8,7,852.0,1,13
0,7.4,13.1,11.3,44.7,4,1158.0,1,11
2,8.0,19.5,96.3,58.0,12,626.0,7,10
0,6.9,34.3,152.2,61.2,7,516.0,0,13
1,6.8,12.6,106.9,33.6,2,332.0,9,12
1,6.5,31.7,79.7,24.4,8,894.0,8,5
3,5.0,36.1,176.7,29.1,2,524.0,1,12
2,7.7,30.2,175.3,41.9,9,1074.0,1,14
1,4.6,10.3,174.9,69.6,1,175.0,7,4
3,5.6,18.1,79.7,64.7,8,218.0,4,5
3,7.7,26.3,52.9,88.3,8,1204.0,9,10
1,6.2,17.9,22.9,58.6,4,748.0,0,1
0,5.2,19.0,70.6,27.5,6,329.0,7,8
0,5.7,25.2,12.1,74.7,5,715.0,0,13
1,4.7,19.5,0.9,85.4,5,620.0,0,14
1,7.1,39.8,53.1,60.6,8,1432.0,3,13
1,7.3,39.2,66.1,60.7,1,117.0,4,4
1,7.3,31.6,165.6,86.8,11,1192.0,9,5
1,8.3,36.4,67.9,74.2,5,1330.0,6,12
2,7.0,31.2,140.4,57.3,10,784.0,8,4
3,6.4,22.8,97.0,72.4,4,862.0,1,3
3,8.5,38.8,27.7,50.9,6,457.0,5,13
3,4.6,27.6,94.7,23.2,4,25.0,5,9
0,4.6,33.9,62.5,32.5,8,1248.0,6,13
0,6.0,31.2,26.8,80.8,3,995.0,1,2
0,7.3,41.2,149.2,44.3,6,755.0,7,12
2,8.0,30.3,113.8,69.0,6,1289.0,9,3
3,5.2,16.4,78.4,36.6,11,827.0,1,1
3,5.5,30.8,25.3,48.5,11,656.0,4,5
2,4.6,28.0,17.2,55.4,8,950.0,3,5
2,4.9,18.2,147.6,21.1,9,123.0,9,0
0,8.0,32.6,48.8,52.9,4,806.0,6,3
0,6.5,29.0,78.6,45.0,4,1356.0,9,14
1,8.2,32.1,198.3,42.7,5,1030.0,4,12
3,5.6,41.1,27.8,73.9,6,746.0,5,5
1,6.2,18.0,75.1,61.6,8,435.0,6,14
3,5.5,26.8,124.1,79.0,10,609.0,8,5
1,5.9,18.1,197.3,73.7,12,1011.0,9,5
0,8.1,13.3,149.9,49.4,1,646.0,4,11
1,5.2,18.1,101.5,74.6,6,974.0,1,7
1,6.6,17.8,2.7,60.2,4,662.0,4,10
3,8.5,33.1,19.7,94.8,12,1230.0,5,10
2,7.8,27.9,26.0,82.5,3,1164.0,2,10
0,6.1,39.9,81.9,53.0,8,303.0,3,13
0,7.3,37.6,52.1,57.3,10,357.0,2,4
3,4.8,25.5,182.4,80.0,7,784.0,3,0
0,5.7,38.0,69.1,54.7,6,383.0,7,13
2,5.5,21.4,57.2,53.0,10,1301.0,8,1
1,5.6,23.5,6.6,21.9,11,812.0,3,5
1,6.4,13.8,134.8,46.0,10,980.0,6,1
0,6.1,26.3,71.4,82.8,10,422.0,8,8
2,8.4,25.4,82.9,50.7,1,1127.0,2,4
1,5.1,30.1,100.1,83.4,10,16.0,3,4
3,7.3,15.8,2.3,30.2,6,1214.0,0,8
1,7.0,26.9,26.8,55.5,2,735.0,1,2
3,5.9,19.3,28.5,64.6,8,796.0,0,5
2,5.8,10.6,98.6,33.5,9,513.0,0,1
0,6.6,19.2,60.2,66.7,1,742.0,6,7
0,6.2,29.4,80.7,40.2,3,211.0,2,12
3,5.6,34.3,192.4,36.9,3,348.0,1,12
0,5.3,10.1,66.0,58.6,6,1218.0,5,8
3,6.0,36.8,17.9,41.4,8,1170.0,8,0
0,7.4,39.2,155.2,37.9,5,1097.0,3,13
0,7.1,18.9,193.6,58.0,5,641.0,2,5
0,6.5,36.3,114.2,60.0,3,1345.0,3,12
1,6.0,37.2,10.0,94.7,2,254.0,9,4
0,5.6,36.6,69.0,80.8,7,697.0,8,13
1,6.2,39.6,97.6,86.4,8,1289.0,2,12
2,8.4,39.6,190.6,24.7,3,103.0,5,12
3,6.4,22.7,96.8,94.9,2,1293.0,3,4
2,5.4,41.8,184.9,35.6,7,671.0,4,0
1,4.6,37.0,135.4,40.4,2,1007.0,7,4
2,5.9,24.7,38.4,24.7,10,586.0,6,1
3,8.2,18.0,159.9,72.1,6,1222.0,1,0
0,5.9,31.4,93.2,40.0,6,1336.0,0,5
0,8.1,15.4,63.4,81.5,6,804.0,6,8
0,6.7,23.6,166.0,58.5,2,1035.0,8,4
2,5.3,12.8,161.3,88.9,9,99.0,4,11
1,7.0,15.0,67.5,62.2,4,19.0,8,1
3,6.7,38.9,96.3,43.6,4,1410.0,7,3
0,6.0,29.4,52.5,75.6,3,851.0,9,2
3,4.9,16.5,79.5,20.7,8,106.0,1,0
2,6.4,29.7,180.7,69.7,12,898.0,5,4
0,7.7,14.1,14.5,66.8,7,1224.0,5,8
0,7.0,30.2,107.9,32.3,6,1270.0,7,13
0,5.5,16.0,164.3,37.7,10,361.0,2,8
2,8.1,33.6,117.1,75.6,11,1306.0,5,0
1,4.7,10.9,128.7,91.8,4,633.0,9,1
2,6.2,10.4,88.2,62.5,11,1034.0,3,1
0,7.9,32.7,101.0,36.2,6,1359.0,1,3
1,6.6,20.5,82.9,70.8,1,623.0,3,7
0,5.2,10.6,152.5,24.0,9,1175.0,7,11
1,4.9,10.5,182.8,30.0,8,841.0,2,11
3,6.4,17.0,38.2,60.6,8,1094.0,9,10
1,5.3,27.7,184.3,68.7,4,579.0,0,12
1,7.8,11.1,181.6,69.0,11,1301.0,1,1
3,7.6,38.7,99.1,87.5,8,720.0,6,0
0,4.6,13.6,52.7,93.2,3,1238.0,1,11
1,4.7,13.6,39.2,25.0,4,802.0,4,1
0,4.6,29.8,164.6,41.3,12,698.0,6,8
1,7.4,20.8,125.7,53.0,3,621.0,8,4
1,4.9,31.8,29.2,43.3,8,1066.0,9,5
2,6.2,35.0,56.6,50.2,2,1096.0,4,12
1,8.0,18.5,159.4,65.1,10,1034.0,0,1
1,4.9,37.2,21.0,45.9,2,1156.0,2,4
3,6.3,37.4,74.6,47.6,4,1135.0,6,12
0,5.6,19.6,148.3,38.7,8,568.0,8,5
0,7.7,16.2,62.1,21.1,2,1317.0,3,10
2,4.8,24.7,132.2,54.4,11,159.0,2,0
1,6.7,34.3,152.5,80.2,10,685.0,3,4
3,8.2,37.8,36.7,39.1,1,352.0,6,4
3,6.0,37.7,116.8,66.8,6,506.0,6,12
1,4.5,37.8,176.4,91.4,5,541.0,9,12
2,6.8,38.9,38.8,58.2,6,172.0,6,3
3,4.9,11.7,2.0,40.7,5,1350.0,8,1
2,4.7,33.7,11.7,92.4,1,1348.0,6,2
1,7.1,30.7,22.9,54.9,11,782.0,1,5
0,8.3,14.2,59.1,40.5,7,1382.0,7,11
1,7.5,24.3,100.8,22.1,12,406.0,0,4
2,6.0,26.4,161.7,43.2,5,1218.0,2,3
2,5.8,15.2,123.0,37.9,2,108.0,7,4
2,7.2,22.4,3.2,24.5,10,436.0,2,1
3,5.1,41.6,64.9,44.0,10,1469.0,5,1
0,6.3,13.2,17.1,62.5,2,999.0,4,11
3,5.0,41.1,180.0,57.6,6,912.0,4,0
2,7.8,11.3,145.7,44.9,6,55.0,2,0
1,5.6,22.4,38.0,76.4,4,1164.0,8,9
3,6.9,32.5,147.9,28.1,2,622.0,9,12
0,6.7,20.3,49.3,44.6,4,1033.0,6,11
0,4.8,34.2,159.7,65.3,11,1458.0,3,13
1,7.9,20.3,44.5,93.1,3,193.0,0,10
1,7.9,35.8,197.4,39.6,11,755.0,3,4
2,7.1,32.9,31.1,87.9,12,1421.0,2,9
3,4.7,29.3,94.0,85.1,2,1289.0,1,4
1,6.9,20.7,136.9,69.7,7,710.0,0,0
0,8.4,21.5,94.2,69.0,6,1247.0,2,7
3,7.6,34.5,193.6,73.4,2,845.0,6,4
1,5.5,34.3,172.6,62.7,2,1162.0,4,12
3,6.6,20.5,116.3,22.3,9,767.0,2,7
2,6.2,13.3,196.6,72.9,7,36.0,9,0
0,5.2,41.3,99.9,25.0,11,753.0,3,10
0,6.2,40.8,140.3,77.5,2,776.0,0,12
2,7.7,27.7,49.0,77.8,5,431.0,9,3
1,6.1,16.4,182.5,80.3,11,1203.0,4,1
1,6.5,30.6,74.0,50.9,4,1340.0,7,3
3,5.5,24.3,41.7,89.0,4,1425.0,4,9
1,7.5,41.4,8.7,89.2,2,889.0,5,12
0,7.8,17.0,92.1,20.8,7,816.0,2,7
3,7.3,37.7,134.1,82.6,4,1287.0,8,12
2,6.5,31.2,110.3,30.7,8,1025.0,9,12
2,6.8,28.5,35.4,88.5,8,384.0,4,6
2,5.1,20.6,132.1,80.6,10,288.0,6,4
3,7.6,35.4,187.3,47.2,11,7.0,2,4
0,7.1,21.1,152.5,55.0,10,350.0,8,4
0,6.7,19.0,152.0,39.5,3,471.0,2,12
3,6.6,23.0,152.3,59.1,10,365.0,7,4
2,6.3,14.6,86.9,51.4,7,1024.0,5,7
1,6.2,16.8,43.6,45.4,10,1277.0,4,1
2,6.2,20.8,94.6,64.8,11,498.0,2,4
3,7.0,24.2,125.4,22.2,6,880.0,6,0
3,7.5,24.0,10.7,37.0,7,65.0,5,5
1,5.4,17.0,119.8,89.3,6,415.0,3,0
1,5.1,35.1,14.6,76.5,7,1434.0,2,13
3,6.7,19.4,109.4,34.6,2,1051.0,8,12
0,6.3,11.0,12.8,76.7,9,1236.0,8,1
2,4.6,23.3,77.7,48.4,5,399.0,7,9
1,6.3,40.8,39.6,94.5,8,1485.0,6,13
1,4.8,18.4,162.5,25.9,9,1399.0,3,5
2,7.7,32.2,134.2,48.3,12,743.0,1,0
0,6.1,19.7,116.2,34.1,2,360.0,6,7
3,6.2,38.6,42.2,78.2,8,926.0,9,13
3,5.1,19.4,151.7,88.2,2,240.0,5,4
0,6.8,16.5,98.9,92.4,3,494.0,8,8
1,6.4,37.2,57.9,86.5,2,752.0,8,4
1,6.5,27.1,0.9,50.8,11,1362.0,6,5
3,5.4,27.5,160.0,53.2,2,1453.0,5,12
1,6.2,25.2,0.2,91.1,10,1256.0,5,10
0,8.2,32.3,123.0,90.9,11,325.0,4,12
0,5.1,21.8,123.0,22.0,10,866.0,2,11
3,7.6,30.1,160.6,86.3,11,90.0,6,0
1,4.8,21.2,17.8,55.2,4,41.0,6,14
2,4.6,24.0,70.6,64.5,3,408.0,7,12
0,6.9,10.1,54.4,94.1,10,316.0,8,11
0,5.3,39.6,181.3,56.4,7,1127.0,6,13
3,6.8,33.8,130.1,88.3,9,363.0,5,4
0,4.8,38.2,27.8,72.2,10,977.0,3,13
0,8.4,16.8,196.1,89.8,9,1006.0,5,11
0,7.4,13.8,94.9,21.9,10,845.0,1,11
0,6.6,41.2,192.8,81.3,7,902.0,0,12
2,7.2,20.7,131.4,66.1,10,494.0,0,4
0,4.6,10.9,81.3,92.5,3,1296.0,4,11
2,7.0,35.8,174.6,83.6,10,75.0,9,4
0,5.9,17.7,121.8,63.3,7,5.0,6,0
2,5.7,15.9,37.3,25.8,4,697.0,6,1
2,8.3,32.2,10.2,28.2,8,1331.0,3,14
3,8.2,35.1,193.8,60.0,10,521.0,9,4
2,4.8,15.9,108.6,73.4,8,460.0,5,0
2,7.6,21.8,62.6,22.3,5,1126.0,2,3
0,5.9,16.0,44.2,75.7,9,889.0,2,11
3,6.2,12.2,157.0,49.9,5,239.0,4,0
0,7.0,16.0,119.4,31.6,11,431.0,7,8
3,8.5,21.3,189.1,58.4,5,389.0,2,0
0,5.6,27.4,33.0,75.4,5,728.0,3,13
0,6.1,28.4,25.2,40.0,12,1390.0,1,8
0,8.3,20.3,62.3,44.3,11,1153.0,6,1
3,6.7,34.8,68.5,69.5,7,1095.0,1,0
3,7.1,35.9,65.9,76.8,3,146.0,0,4
2,8.4,32.5,119.2,46.4,2,273.0,5,4
0,5.5,31.1,182.7,38.1,4,1131.0,2,12
2,7.0,30.7,129.7,91.2,12,706.0,5,4
3,6.2,35.5,48.4,84.7,7,367.0,6,0
2,5.8,25.0,98.7,82.0,6,535.0,2,0
2,6.5,40.3,184.6,29.1,6,311.0,4,0
2,7.3,41.8,156.4,55.7,11,131.0,0,0
1,8.4,30.8,128.5,25.2,2,971.0,7,12
3,5.4,21.5,100.0,87.3,9,1377.0,6,7
2,8.1,41.2,30.3,68.3,6,956.0,9,3
2,5.3,20.4,42.3,50.8,8,1414.0,8,6
0,5.6,30.7,3.9,76.2,3,1227.0,8,13
0,7.1,37.1,41.1,93.3,4,567.0,2,13
3,7.5,23.8,92.0,55.5,6,36.0,7,0
1,5.9,35.7,59.6,62.1,3,24.0,6,12
2,5.7,25.0,144.4,48.6,10,1401.0,4,0
2,6.8,34.6,37.6,38.5,2,394.0,1,4
1,5.3,32.1,7.7,40.9,8,1182.0,0,14
1,7.8,12.3,31.5,56.8,12,698.0,6,11
0,8.2,10.1,174.3,88.5,6,1374.0,9,11
1,8.2,32.7,6.7,84.9,4,849.0,6,3
2,5.1,37.0,165.6,49.4,11,801.0,7,0
0,7.0,13.1,97.6,30.0,1,871.0,7,8
0,7.5,24.2,104.6,63.5,7,14.0,0,12
0,6.7,36.2,150.0,91.1,10,85.0,0,4
0,7.2,32.8,132.1,47.2,2,261.0,0,12
2,5.4,18.1,107.9,48.4,4,867.0,6,3
3,7.7,41.1,58.5,72.9,12,374.0,8,4
3,7.3,21.5,84.5,40.9,7,827.0,3,0
0,7.9,12.3,188.8,48.1,10,1289.0,2,10
0,8.4,22.7,19.3,67.1,2,1377.0,4,10
0,5.0,15.2,124.6,24.9,3,1285.0,9,11
2,6.3,38.4,163.4,54.8,3,910.0,5,12
1,5.3,30.2,112.8,66.3,7,1032.0,4,12
0,8.4,11.4,183.2,88.8,4,664.0,7,11
3,6.1,36.9,117.0,28.6,6,1051.0,4,12
3,8.1,39.1,18.0,33.9,5,1217.0,9,13
0,6.3,23.7,184.1,74.6,12,348.0,3,8
1,7.7,11.5,193.1,27.3,1,1363.0,4,4
2,6.5,19.5,89.7,70.0,7,74.0,9,0
1,7.3,20.2,59.3,55.6,1,452.0,3,4
3,7.8,40.1,184.0,38.2,8,143.0,9,12
2,6.2,12.6,134.1,89.6,7,1448.0,6,0
0,4.7,39.8,35.8,63.6,11,0.0,1,13
0,6.2,34.3,10.2,90.2,3,342.0,5,2
3,7.1,28.5,132.0,50.9,7,489.0,4,12
3,5.5,33.6,2.8,43.3,8,227.0,0,0
3,8.1,25.4,142.8,82.7,7,1099.0,3,0
3,5.5,26.3,83.0,52.8,5,826.0,2,9
2,6.6,38.5,42.4,21.6,3,1140.0,8,3
3,6.7,26.7,19.4,55.0,5,667.0,5,14
2,5.2,19.2,49.3,61.4,7,1081.0,7,5
0,5.2,17.7,2.3,68.6,4,986.0,1,10
2,7.4,22.0,140.0,45.5,1,1007.0,3,4
2,5.4,38.5,57.9,89.9,9,1143.0,6,14
3,6.6,14.8,122.2,36.1,8,31.0,7,11
0,5.6,35.0,115.0,54.6,2,427.0,1,12
1,6.0,10.8,44.9,68.9,11,481.0,0,1
1,6.7,11.3,141.6,61.3,8,180.0,3,0
0,7.5,21.6,163.5,87.6,3,796.0,1,11
0,6.8,14.7,103.3,92.0,10,1489.0,3,8
2,4.6,15.0,28.0,36.3,4,958.0,9,1
1,5.5,35.9,185.1,82.1,3,844.0,1,12
1,6.5,38.4,84.8,37.6,11,758.0,7,1
0,6.6,27.1,19.3,25.2,6,87.0,3,13
0,5.6,19.3,164.7,54.2,11,157.0,0,5
1,4.6,32.7,138.4,58.5,12,1361.0,5,0
0,6.6,24.9,91.7,48.9,8,442.0,6,7
1,6.0,22.3,17.7,31.1,1,1290.0,3,4
3,5.8,30.2,167.4,57.6,5,1128.0,7,0
1,7.7,29.8,71.4,33.7,12,922.0,4,8
0,8.1,12.0,120.7,40.8,8,366.0,0,11
3,5.8,27.5,63.5,21.9,11,693.0,6,5
3,5.6,17.7,77.0,43.8,5,1042.0,0,9
0,6.7,36.5,72.6,76.5,9,742.0,8,14
3,6.0,17.9,2.2,27.8,3,591.0,7,11
0,7.1,12.9,99.2,28.1,7,1411.0,7,11
1,7.7,10.2,29.2,57.5,9,330.0,8,1
0,6.3,40.7,98.1,93.6,10,677.0,6,4
2,8.0,21.6,53.7,82.4,4,121.0,2,3
2,6.6,27.5,183.1,24.5,5,159.0,3,0
0,7.9,19.6,26.2,36.0,8,478.0,1,14
0,6.2,18.1,51.4,79.2,4,940.0,3,14
2,6.2,13.3,96.3,92.5,9,281.0,5,7
0,6.0,38.4,72.2,59.3,7,964.0,3,13
0,5.4,37.6,132.9,75.0,10,1482.0,5,4
3,8.2,31.1,2.7,63.9,1,994.0,4,2
2,8.5,23.9,165.2,30.3,12,1485.0,0,0
0,7.4,18.4,46.3,56.2,2,128.0,4,5
2,5.7,19.0,52.3,34.5,7,812.0,9,0
3,6.3,31.0,141.8,75.2,1,797.0,5,4
2,6.7,20.2,158.6,89.1,10,100.0,1,4
2,4.6,24.1,15.1,30.9,3,1287.0,7,5
0,5.3,24.4,83.3,62.6,7,1423.0,4,7
0,6.0,30.8,5.2,67.4,1,321.0,9,2
2,6.1,18.4,96.3,54.3,10,508.0,8,1
2,5.5,41.2,40.7,78.7,1,123.0,3,4
1,8.0,10.2,81.6,91.5,4,804.0,1,3
0,6.6,34.2,83.2,46.4,9,1038.0,4,14
0,7.5,33.7,177.7,75.0,12,481.0,0,4
2,5.3,34.5,86.6,67.7,8,632.0,9,12
0,7.0,31.1,180.3,43.6,8,373.0,1,13
2,5.4,10.3,41.5,25.2,9,1287.0,6,11
2,8.2,39.6,26.7,61.9,7,1246.0,2,13
0,7.8,32.5,128.5,66.5,8,125.0,7,12
2,8.4,31.2,184.3,74.7,6,1058.0,7,0
2,6.4,24.6,199.1,91.1,6,1053.0,2,0
2,7.1,24.4,81.0,38.1,1,1378.0,5,4
3,5.5,15.5,124.8,57.9,12,842.0,5,8
0,7.8,31.6,172.5,39.2,12,736.0,4,2
3,6.2,30.3,113.6,71.5,6,1003.0,9,9
2,5.1,17.3,11.4,48.4,10,798.0,1,1
1,5.6,35.1,192.7,25.0,6,342.0,7,0
2,4.8,18.9,82.9,86.0,12,1047.0,8,1
0,6.9,36.5,84.2,37.6,10,1387.0,9,4
0,6.6,16.3,125.2,34.4,9,226.0,3,8
0,5.9,17.7,186.6,31.9,7,553.0,4,5
3,5.1,41.1,35.8,88.8,8,669.0,5,7
2,5.8,12.9,138.8,93.0,7,1467.0,4,0
1,7.0,14.5,166.8,68.9,7,520.0,8,8
1,4.8,10.4,161.1,81.3,12,197.0,6,11
3,6.8,27.4,142.0,48.5,6,648.0,9,0
1,7.3,17.0,67.1,78.1,2,685.0,6,1
2,5.9,29.7,55.8,85.3,11,195.0,8,0
2,8.5,34.7,68.1,68.1,7,359.0,4,0
3,6.6,38.0,49.1,94.3,2,1102.0,1,2
0,5.3,19.7,28.7,49.6,6,586.0,4,8
2,7.7,12.6,65.9,64.5,12,418.0,1,1
2,7.8,30.7,179.2,50.7,5,528.0,5,3
2,8.5,40.8,176.6,84.5,9,489.0,3,4
0,5.9,39.7,12.0,41.5,8,284.0,6,13
1,5.1,27.2,105.8,86.5,3,355.0,7,12
2,7.6,36.1,8.0,79.7,7,906.0,1,0
0,7.3,40.4,129.7,62.3,5,716.0,2,13
3,8.4,37.7,199.5,92.7,4,1433.0,6,12
1,6.2,27.7,116.1,49.9,12,1145.0,7,4
0,6.5,31.2,43.9,90.3,9,889.0,6,14
0,6.0,24.0,65.7,52.6,4,1178.0,1,3
3,5.3,24.5,92.4,50.2,12,105.0,7,4
2,7.4,38.8,148.9,72.3,1,588.0,3,4
0,6.1,11.8,59.1,56.6,3,636.0,5,11
0,4.9,17.3,184.6,71.3,5,619.0,0,14
0,8.0,19.5,112.0,91.2,10,81.0,2,7
0,7.9,27.0,134.3,23.2,10,1197.0,1,10
3,5.3,14.5,74.7,58.2,11,1390.0,5,1
2,6.9,35.1,195.8,38.0,7,449.0,9,0
3,7.1,38.0,9.9,30.4,6,1178.0,7,13
0,5.7,23.5,18.7,33.8,3,1283.0,4,5
0,4.6,29.8,154.7,51.8,8,1051.0,0,13
1,7.2,36.5,72.0,67.6,10,1326.0,9,4
0,8.4,20.7,15.8,39.6,1,1493.0,4,11
3,4.7,16.6,86.1,52.1,8,1168.0,7,1
1,5.0,41.7,95.7,29.8,7,292.0,3,12
2,7.9,13.2,183.4,63.5,4,668.0,2,3
2,6.2,19.5,109.1,69.4,11,1327.0,2,1
3,6.3,13.9,35.3,90.9,9,157.0,5,1
1,4.7,34.1,180.1,80.4,1,458.0,2,4
1,5.0,36.5,94.3,65.6,9,1055.0,1,4
3,7.6,20.2,15.0,67.8,11,88.0,7,10
1,7.4,14.6,170.1,38.0,8,1266.0,2,11
2,7.6,34.0,168.2,25.8,4,1040.0,7,3
2,5.4,20.6,171.6,27.7,5,408.0,6,0
3,5.5,18.2,149.3,93.0,3,536.0,6,5
0,5.7,24.8,141.3,28.4,11,21.0,7,5
3,4.6,25.9,168.9,58.8,9,1426.0,0,0
3,7.4,30.6,80.2,64.2,12,963.0,5,4
0,4.5,20.3,118.5,47.1,1,971.0,6,7
1,4.9,32.8,125.0,90.9,7,992.0,5,0
1,8.2,18.3,136.6,86.2,1,116.0,2,4
3,7.1,37.6,103.2,65.8,6,978.0,7,12
1,8.1,36.4,195.2,81.3,6,680.0,0,12
2,5.4,21.8,100.8,37.1,10,840.0,8,4
2,8.3,29.8,119.7,49.1,8,1092.0,3,12
0,4.6,36.8,185.2,78.8,10,58.0,1,4
2,6.9,37.4,101.6,95.0,10,474.0,8,4
3,7.7,33.4,72.8,77.6,3,628.0,7,3
2,4.7,38.7,131.3,32.5,8,83.0,8,0
0,5.5,18.1,198.7,87.9,7,474.0,6,5
3,7.4,37.5,33.0,22.9,2,1151.0,6,12
1,7.1,41.1,32.5,71.9,8,951.0,6,13
2,5.6,31.2,196.2,89.0,4,628.0,7,3
1,7.3,39.7,170.5,90.8,3,700.0,4,12
3,6.0,12.3,184.8,28.2,3,160.0,7,12
0,6.0,17.0,114.6,48.4,8,130.0,3,7
3,8.1,28.2,68.5,52.0,12,1258.0,7,8
2,6.1,37.8,22.7,43.5,12,1470.0,9,4
0,8.4,27.1,180.1,42.8,11,777.0,6,10
0,7.8,41.3,157.4,93.8,9,172.0,2,4
1,4.7,23.3,141.4,49.0,11,1476.0,4,5
3,5.6,35.3,67.1,70.2,11,918.0,7,5
0,7.1,15.1,132.4,57.3,3,26.0,4,12
3,7.3,11.8,29.9,72.1,10,425.0,0,1
1,8.4,32.2,147.2,78.4,6,1361.0,5,12
1,8.3,27.2,153.3,35.5,3,324.0,5,12
0,4.6,37.4,164.9,93.1,3,758.0,4,12
1,7.4,39.3,147.0,58.5,10,1053.0,7,4
3,8.2,32.0,181.8,22.9,10,1282.0,3,4
0,8.4,10.8,190.6,42.1,11,306.0,8,11
1,7.6,25.6,140.8,56.2,3,1043.0,1,12
0,5.0,17.5,104.3,87.3,11,209.0,3,10
1,4.7,36.1,32.9,59.7,12,842.0,3,5
1,4.8,25.9,113.8,26.2,5,1499.0,1,9
0,6.2,21.8,15.6,61.7,1,397.0,1,2
3,5.2,40.8,18.4,63.7,8,984.0,0,11
2,7.3,25.8,66.3,53.8,6,946.0,2,0
0,7.1,37.5,101.7,69.3,12,862.0,5,4
3,7.7,20.5,5.4,80.0,8,435.0,2,5
2,4.8,29.4,63.5,62.4,12,792.0,9,0
0,6.1,26.6,77.0,81.9,8,705.0,2,2
0,5.5,37.6,115.4,39.4,11,904.0,3,13
2,7.8,25.3,8.9,70.7,5,605.0,5,3
2,7.1,11.3,2.3,40.8,11,822.0,2,1
0,4.5,23.1,175.5,48.2,1,1054.0,3,4
0,8.2,27.2,46.3,39.0,10,1323.0,7,10
3,6.3,28.3,173.8,64.4,10,419.0,9,4
3,7.7,21.4,142.0,26.0,10,523.0,0,10
3,5.1,34.5,139.3,28.3,3,822.0,1,12
3,8.0,16.1,66.1,21.6,8,865.0,4,10
1,5.0,24.4,161.5,34.3,9,1444.0,2,4
2,6.9,27.4,101.6,94.2,12,203.0,0,12
2,7.6,18.7,122.9,49.7,11,901.0,9,1
3,8.0,12.8,142.5,23.9,7,684.0,4,1
0,7.4,28.4,53.1,70.6,5,164.0,4,3
1,8.0,32.8,12.8,62.2,3,311.0,4,12
0,6.7,27.7,8.2,84.9,5,966.0,8,14
2,5.5,15.9,177.8,29.3,12,588.0,9,0
2,7.1,30.3,64.7,72.6,1,1122.0,7,4
1,5.8,28.6,138.8,64.0,11,920.0,8,5
2,4.5,27.9,131.4,79.6,7,703.0,8,0
0,5.4,41.5,49.6,89.0,2,1320.0,4,2
2,6.2,33.5,38.8,73.4,5,503.0,2,3
1,4.7,37.1,44.6,87.8,5,465.0,1,13
1,5.9,32.0,127.4,43.4,3,296.0,1,12
0,7.7,31.8,50.6,90.6,4,239.0,9,3
3,5.0,19.2,19.9,75.4,8,1019.0,4,5
0,4.8,37.7,119.0,46.8,6,251.0,7,13
3,7.2,24.7,70.7,65.2,6,696.0,8,0
2,7.6,32.0,163.9,65.4,11,930.0,9,4
3,4.9,13.8,119.3,63.5,5,1394.0,8,9
0,5.4,26.7,67.7,47.4,6,1469.0,7,5
2,6.3,40.0,86.9,63.1,4,1372.0,5,3
0,5.6,23.4,100.4,68.8,7,589.0,2,0
0,4.7,16.3,20.0,63.2,5,439.0,2,8
2,6.6,11.7,154.6,72.2,11,501.0,2,1
3,7.6,27.0,42.3,66.4,4,394.0,7,3
1,7.6,27.6,55.5,32.5,7,660.0,5,5
3,6.5,39.1,7.5,30.5,1,133.0,3,2
2,7.7,38.7,33.0,54.5,11,832.0,5,10
2,5.5,23.8,45.5,48.8,9,638.0,7,9
3,5.2,18.2,189.4,41.4,12,442.0,2,4
2,7.3,40.0,27.2,47.6,3,964.0,6,12
1,6.5,17.4,118.4,43.6,10,1023.0,8,1
0,7.0,26.3,3.4,59.1,1,53.0,9,2
2,5.8,16.2,80.9,43.2,8,1100.0,4,0
2,8.4,15.5,110.9,64.4,6,494.0,0,0
1,4.6,27.3,110.1,71.9,5,595.0,1,9
2,6.3,34.1,115.1,62.7,7,127.0,6,0
2,7.3,41.5,116.9,62.5,8,69.0,0,0
0,6.7,33.9,140.5,72.8,1,30.0,2,12
2,4.9,31.4,35.3,21.3,9,1134.0,8,14
2,5.1,22.9,19.8,24.4,10,719.0,6,1
3,8.1,34.0,148.4,73.7,6,246.0,1,0
2,8.3,39.0,173.8,69.3,3,22.0,2,12
2,5.4,23.2,55.8,94.6,4,878.0,3,3
3,5.7,16.0,154.1,29.4,2,624.0,3,4
2,5.6,38.7,102.6,91.8,4,437.0,3,0
3,6.3,18.7,62.0,54.9,2,61.0,4,7
0,4.8,42.0,51.3,72.5,11,1373.0,2,13
0,7.2,10.1,19.3,92.9,11,1269.0,1,11
2,5.8,32.3,100.4,84.4,6,476.0,2,0
1,5.8,30.0,194.0,91.7,8,728.0,9,0
2,8.1,30.6,28.9,72.4,4,875.0,8,3
1,5.9,26.1,27.5,21.3,3,728.0,7,5
1,7.2,23.9,197.1,33.6,7,115.0,8,12
3,8.0,23.7,91.4,78.1,11,455.0,4,10
1,7.8,35.7,22.4,88.9,12,38.0,9,4
3,5.3,17.6,27.3,50.4,7,1385.0,4,8
0,8.2,22.5,79.4,34.1,10,738.0,9,10
2,8.2,32.0,127.4,80.4,6,387.0,0,0
3,5.0,34.2,46.0,66.2,12,36.0,5,2
2,5.3,19.8,56.5,91.4,2,279.0,2,12
2,5.4,13.1,52.6,35.8,6,1121.0,3,8
1,4.8,21.5,133.7,23.7,7,1351.0,6,0
2,5.7,32.5,107.6,67.8,8,607.0,1,0
2,4.9,25.9,74.5,21.1,9,260.0,4,4
2,6.3,17.5,187.5,75.0,9,1123.0,1,1
3,6.0,13.4,151.8,48.1,6,1157.0,9,8
0,4.5,14.0,27.5,25.4,4,44.0,1,8
1,6.7,22.9,52.5,38.3,6,824.0,1,5
3,4.8,27.2,66.4,66.8,2,218.0,5,12
0,7.6,28.8,154.2,20.3,2,1179.0,9,2
3,5.7,34.1,164.2,90.4,8,744.0,1,0
1,5.3,11.5,5.6,82.7,8,809.0,7,11
0,6.9,34.2,62.5,42.8,5,1004.0,1,14
0,4.9,26.3,168.6,21.7,8,638.0,2,13
1,7.3,27.5,60.6,25.5,4,56.0,2,12
2,4.5,29.4,44.7,29.3,9,572.0,2,14
0,6.6,13.6,96.2,75.3,9,931.0,9,7
1,5.4,35.5,88.8,85.1,9,1122.0,7,4
0,8.2,21.6,131.3,53.3,11,931.0,9,1
1,7.9,28.1,47.4,81.7,7,262.0,3,7
3,7.4,32.7,36.9,32.6,12,1277.0,7,2
0,5.1,25.8,168.8,36.7,4,1195.0,7,12
0,8.4,39.8,133.5,53.2,6,1027.0,1,13
3,7.2,18.5,192.0,38.2,5,910.0,4,1
3,5.1,26.6,124.0,20.5,6,1191.0,1,0
0,8.5,34.5,0.5,43.5,4,1086.0,4,14
3,8.0,28.2,130.6,89.8,5,974.0,9,9
1,5.3,11.5,184.9,69.9,10,474.0,7,4
0,6.9,36.5,3.2,92.7,5,1090.0,7,13
3,6.6,26.2,83.6,58.6,5,1391.0,1,9
0,5.6,25.2,25.0,32.6,3,550.0,3,13
1,7.4,10.2,172.4,65.6,4,114.0,2,1
3,5.2,31.2,7.8,71.2,10,1313.0,3,5
0,7.5,32.8,148.1,88.8,7,293.0,4,12
2,8.0,34.8,23.4,26.5,3,486.0,7,12
3,6.0,20.5,17.4,77.4,3,46.0,3,14
1,7.7,33.3,27.0,77.2,3,676.0,2,2
0,5.1,34.1,104.1,75.4,6,1479.0,3,13
0,8.3,36.4,137.0,91.1,10,1360.0,1,4
1,4.7,34.3,20.7,82.3,9,1052.0,5,14
3,4.6,16.6,75.8,36.5,10,662.0,2,1
2,8.3,12.9,46.2,43.3,11,968.0,7,1
1,7.6,13.2,136.4,22.4,11,417.0,8,8
0,7.0,17.6,61.3,81.4,9,45.0,4,8
3,5.3,11.7,61.1,53.5,9,1356.0,3,1
1,4.7,28.6,132.2,81.4,4,784.0,9,12
1,7.7,39.3,137.8,27.6,6,1458.0,3,12
3,4.6,35.3,170.2,68.6,6,1209.0,1,0
1,5.4,18.0,25.0,77.1,12,419.0,2,8
1,8.2,26.3,146.9,26.6,4,1151.0,1,12
1,5.6,41.7,23.4,40.2,4,1016.0,3,13
1,4.7,33.1,70.8,45.9,9,738.0,8,14
0,5.1,31.2,162.9,86.5,11,886.0,1,5
2,5.5,13.1,57.1,22.2,5,230.0,5,0
0,5.2,38.8,93.1,56.9,8,1051.0,2,13
1,6.4,23.0,61.2,76.0,12,512.0,6,11
1,5.1,25.5,127.2,38.7,3,1461.0,6,12
0,8.5,12.2,59.0,85.0,3,628.0,3,11
3,4.9,22.8,7.2,46.4,5,210.0,9,14
0,5.9,29.8,65.7,69.0,2,341.0,0,2
3,4.8,26.6,135.2,72.8,9,1271.0,6,0
2,5.1,33.6,183.7,85.6,2,1133.0,7,4
3,7.9,39.9,144.0,32.0,3,1020.0,4,12
1,7.8,27.3,44.6,28.0,5,844.0,6,3
1,5.3,19.6,181.1,30.2,4,612.0,3,1
3,8.0,26.9,11.0,73.5,5,677.0,4,10
0,5.5,19.3,149.3,40.2,12,803.0,7,8
1,7.5,24.5,199.6,82.4,1,702.0,2,4
1,7.5,30.7,127.4,26.1,7,586.0,5,0
2,6.1,26.8,190.2,46.5,9,183.0,7,4
0,5.8,20.1,30.1,45.2,1,980.0,3,7
1,7.8,21.6,81.1,21.3,12,58.0,4,3
1,6.9,15.2,140.1,28.5,12,843.0,4,8
3,6.0,35.2,24.2,71.8,2,128.0,1,12
3,5.8,39.9,55.6,42.8,3,1212.0,5,12
2,7.5,29.4,128.0,20.4,1,977.0,8,4
2,5.8,15.8,164.7,57.7,7,1194.0,6,0
3,5.2,14.8,189.5,79.1,6,797.0,2,8
2,7.0,24.1,151.0,36.3,9,1394.0,0,4
0,6.4,38.4,171.2,81.2,11,203.0,2,13
1,8.0,24.7,77.2,65.3,10,1216.0,7,1
2,7.9,26.5,122.0,89.7,7,488.0,0,0
1,7.0,30.4,137.1,63.8,3,714.0,1,12
3,8.2,32.7,77.4,59.1,12,114.0,3,4
2,5.2,38.3,178.4,88.7,8,457.0,3,12
3,6.7,30.2,28.0,67.7,3,251.0,7,2
2,4.9,30.9,190.0,42.4,3,817.0,2,12
0,5.1,20.9,31.6,81.3,11,1391.0,3,10
1,5.4,27.9,86.2,39.3,1,107.0,4,4
2,7.6,28.3,8.3,54.5,5,929.0,7,3
3,7.0,36.0,118.4,58.9,11,535.0,9,12
0,5.5,10.1,5.4,81.8,8,1417.0,0,11
0,5.9,35.8,65.0,35.0,2,493.0,0,13
3,6.6,39.6,84.7,21.8,11,246.0,7,4
3,4.8,37.2,115.7,76.9,5,397.0,1,0
0,6.7,21.2,83.3,94.8,4,243.0,1,3
2,5.2,20.7,5.0,64.2,10,1035.0,7,1
1,8.2,18.1,28.9,81.6,2,1105.0,4,11
2,4.6,19.4,63.7,54.7,1,524.0,9,7
3,7.2,23.1,127.7,72.3,5,492.0,0,12
0,7.7,17.1,158.2,40.3,10,700.0,4,10
1,6.9,39.3,135.7,30.9,11,550.0,7,4
0,8.1,28.2,81.0,44.1,3,483.0,1,12
1,7.2,33.4,181.0,82.0,12,45.0,1,4
1,5.2,14.3,146.9,87.2,10,1184.0,7,1
0,6.1,24.1,178.7,42.0,5,924.0,7,9
3,6.5,13.5,126.5,29.1,8,1294.0,7,1
0,6.3,34.3,38.7,59.5,6,1331.0,8,13
2,8.2,14.9,35.9,31.4,9,537.0,4,1
0,6.3,10.5,161.0,80.6,5,1434.0,1,11
2,6.4,36.8,101.1,21.2,6,440.0,5,0
2,6.2,19.1,76.2,27.5,5,122.0,7,14
0,6.5,11.0,131.1,34.4,11,694.0,7,1
3,5.7,38.9,17.2,84.6,6,1246.0,7,13
3,6.5,19.0,131.9,50.7,4,107.0,6,12
0,5.1,11.6,169.5,20.6,4,201.0,6,11
1,5.9,15.5,196.8,71.2,12,848.0,6,1
3,7.4,10.6,120.6,91.5,4,564.0,0,1
2,5.0,36.9,135.7,78.8,12,981.0,0,0
0,6.2,31.7,124.9,93.1,7,410.0,1,12
2,8.0,33.7,124.4,92.4,2,962.0,5,4
1,8.2,36.2,190.6,68.5,8,917.0,6,4
1,7.3,38.5,141.5,31.2,4,221.0,3,3
1,7.2,32.7,111.2,80.4,1,1170.0,6,4
0,8.5,37.7,134.2,44.9,10,322.0,1,4
2,6.0,23.5,169.7,51.9,3,873.0,5,12
3,6.2,24.8,193.0,28.5,7,1295.0,3,0
0,5.8,31.4,196.7,75.1,5,498.0,7,13
3,5.6,29.7,106.7,94.6,5,1314.0,9,9
0,7.6,15.8,56.4,91.5,2,70.0,4,10
3,8.5,19.6,93.3,20.7,11,403.0,1,7
0,8.3,10.7,126.4,57.0,8,1458.0,5,11
0,8.4,19.1,86.9,42.6,10,859.0,2,10
1,5.3,35.6,139.2,25.4,4,1179.0,1,12
2,7.1,17.2,150.9,70.2,1,564.0,6,4
3,6.0,18.0,164.0,22.0,8,40.0,8,7
0,5.1,35.3,107.9,76.6,2,473.0,6,4
3,6.9,26.7,68.0,61.3,6,1456.0,2,6
3,6.1,21.0,126.9,45.5,3,638.0,1,4
1,6.4,11.0,186.5,82.7,8,1197.0,5,1
0,5.0,11.4,133.7,70.5,1,592.0,9,11
2,6.1,23.2,135.2,80.4,1,1241.0,6,4
2,8.0,34.6,116.4,61.4,1,1073.0,4,3
1,6.1,23.4,83.1,94.2,7,426.0,4,7
0,7.1,20.9,132.2,75.3,5,321.0,0,0
2,5.1,10.1,170.4,85.5,8,378.0,6,0
2,7.4,39.8,180.4,69.5,9,916.0,1,12
2,7.0,21.8,21.3,35.3,7,516.0,4,6
2,6.2,34.6,79.6,48.8,2,783.0,2,4
3,7.6,11.7,96.3,81.6,11,1119.0,6,11
0,5.8,26.3,36.9,32.6,11,476.0,9,5
3,5.5,17.9,178.4,20.7,9,1422.0,4,11
1,5.2,37.9,95.1,72.3,6,1228.0,5,12
3,5.6,39.3,54.5,39.9,12,486.0,4,4
3,6.1,38.7,195.8,34.1,11,719.0,6,4
1,6.3,40.8,111.6,57.6,7,271.0,4,12
1,4.9,31.5,183.3,74.8,1,411.0,9,4
2,8.3,31.3,190.9,66.0,9,83.0,9,0
3,8.1,11.4,35.1,45.0,7,331.0,2,1
2,6.2,36.8,136.2,93.1,7,329.0,2,0
0,8.1,21.9,137.7,30.9,1,529.0,0,4
3,4.7,16.7,74.9,28.9,11,1198.0,6,11
0,6.6,16.6,21.8,37.2,4,713.0,2,11
2,6.2,21.7,159.1,51.9,7,1224.0,9,0
0,6.2,21.6,19.3,70.2,4,878.0,8,10
1,5.2,36.2,49.7,24.7,1,405.0,6,4
1,5.8,11.1,54.9,43.4,9,1238.0,9,1
1,4.5,17.9,103.7,60.4,7,1029.0,9,7
3,6.5,21.8,82.9,45.1,4,46.0,2,3
1,5.9,38.1,167.2,40.1,10,214.0,1,4
1,6.2,40.7,161.5,85.3,6,644.0,3,12
2,6.8,27.1,89.1,33.0,10,138.0,7,4
2,7.0,12.2,44.1,90.1,11,1147.0,4,1
3,5.7,29.3,154.1,93.7,5,1319.0,1,0
1,7.3,29.6,190.3,58.6,9,645.0,1,4
2,7.8,27.0,97.1,68.3,8,1425.0,0,0
3,6.1,26.5,136.2,56.2,10,329.0,5,4
2,4.5,32.1,63.7,84.1,9,569.0,8,14
2,7.4,35.2,148.7,23.6,8,1044.0,2,0
0,6.9,22.2,92.6,22.5,12,457.0,3,7
3,5.8,40.7,83.0,83.6,9,1481.0,4,7
3,5.6,25.9,187.6,46.5,6,1326.0,8,0
2,5.6,25.5,199.3,92.3,5,904.0,0,0
0,5.7,35.7,92.6,62.4,7,1466.0,5,13
1,6.5,24.9,29.0,72.4,8,543.0,7,6
0,7.1,40.4,38.7,30.4,2,862.0,8,13
3,6.1,20.7,146.4,59.6,3,1387.0,2,4
1,4.6,26.3,98.1,36.3,4,1023.0,3,9
1,6.8,23.7,119.2,62.2,4,1051.0,4,3
1,7.5,29.8,28.8,72.8,3,352.0,3,12
0,6.9,15.5,57.0,67.3,2,746.0,3,11
2,6.8,31.2,148.7,59.7,8,395.0,1,0
3,6.7,20.9,21.2,58.4,3,747.0,5,1
1,8.2,23.9,178.0,88.9,10,773.0,0,4
0,7.1,12.9,188.5,52.6,1,1025.0,9,11
0,7.2,38.3,42.8,32.0,7,1024.0,1,13
1,7.9,12.4,76.1,62.3,12,506.0,3,1
2,5.8,31.5,185.3,80.4,8,1175.0,0,0
3,6.2,11.6,107.8,60.3,7,1060.0,8,0
2,8.0,30.7,51.0,26.8,6,102.0,1,0
2,7.2,19.3,132.2,44.3,2,849.0,1,4
3,6.1,18.7,131.6,71.7,1,1490.0,5,7
3,8.0,10.1,124.3,29.6,12,4.0,8,1
2,7.9,32.3,168.4,59.8,7,187.0,6,0
1,6.2,10.8,16.1,55.2,11,422.0,7,1
3,8.0,41.9,174.2,52.6,12,1153.0,5,4
0,5.7,13.1,136.4,60.0,1,566.0,5,8
3,5.7,11.4,77.4,58.3,8,1424.0,5,1
1,5.0,32.3,141.8,62.8,3,1057.0,0,12
0,5.8,39.9,50.5,86.7,1,1224.0,4,13
2,7.9,11.1,68.0,54.1,1,830.0,4,1
0,5.2,38.3,179.3,60.0,5,1112.0,0,13
1,4.7,40.8,106.6,94.2,12,553.0,1,0
3,7.6,35.7,152.0,54.5,9,816.0,3,4
1,7.7,41.4,16.6,68.4,12,549.0,3,10
1,6.8,33.3,73.6,58.4,9,598.0,2,14
0,6.4,31.1,95.1,41.2,6,632.0,2,2
3,4.6,26.8,89.2,41.9,12,1254.0,2,8
0,8.0,24.2,170.4,41.6,9,575.0,8,10
2,7.0,27.1,78.7,42.5,9,1201.0,1,7
1,5.9,16.4,74.8,21.0,4,1330.0,9,11
3,8.2,36.3,30.6,21.6,1,762.0,5,4
2,4.6,18.9,15.8,30.2,3,822.0,7,1
0,6.8,19.4,49.8,52.7,4,374.0,6,14
0,4.6,19.7,65.4,43.9,7,967.0,5,5
0,4.9,11.0,9.1,61.5,6,846.0,1,11
1,5.3,13.5,32.0,93.6,3,780.0,0,11
1,8.0,19.8,172.6,85.0,6,1479.0,4,5
1,4.9,12.2,62.9,40.2,9,290.0,6,1
3,6.5,29.0,72.5,82.7,6,1311.0,2,9
0,8.4,28.4,183.5,32.1,11,574.0,1,10
2,5.5,10.4,46.4,58.6,3,1309.0,9,11
3,5.4,23.6,43.0,26.4,9,170.0,5,14
3,6.5,16.5,166.2,76.9,5,95.0,5,0
1,7.3,11.2,84.3,49.2,12,1225.0,3,11
0,4.5,37.1,110.4,88.6,5,1332.0,4,13
2,7.2,35.5,54.7,36.7,10,1058.0,1,4
0,8.3,40.3,38.6,70.9,9,1284.0,6,13
2,4.6,39.3,38.2,70.3,5,935.0,2,9
2,4.8,41.3,166.2,75.5,6,780.0,6,0
2,5.7,34.2,162.8,85.6,8,345.0,8,0
1,8.4,27.1,63.9,52.9,6,696.0,0,5
1,8.5,35.4,199.3,81.7,7,604.0,3,12
0,6.0,14.3,76.2,80.9,8,1343.0,0,1
1,7.9,28.4,90.1,26.7,10,28.0,7,4
2,5.6,10.2,76.6,57.1,6,1015.0,0,0
3,6.7,18.1,159.1,66.3,8,722.0,6,7
1,7.4,40.9,176.7,77.0,10,831.0,2,4
1,5.4,28.3,6.5,65.2,10,836.0,1,10
2,6.9,12.8,114.0,24.9,7,1049.0,4,0
3,7.5,14.7,122.6,72.0,12,937.0,9,11
3,6.6,30.2,181.3,89.7,8,1246.0,3,12
3,4.5,36.9,120.1,87.8,12,1346.0,8,4
0,5.7,21.3,46.1,26.9,12,1124.0,5,8
2,6.8,10.2,53.0,59.9,4,334.0,2,1
0,6.3,15.5,168.0,94.4,6,107.0,9,8
3,8.4,10.4,147.8,25.6,4,1499.0,3,1
1,7.4,13.5,164.1,43.0,2,752.0,2,12
0,5.0,20.5,38.9,81.3,6,352.0,2,5
2,4.5,10.9,163.3,86.8,11,868.0,1,1
1,8.1,20.6,154.5,43.7,5,942.0,8,0
3,5.6,37.1,66.1,29.4,3,127.0,5,12
0,8.0,16.3,186.0,53.4,3,1052.0,6,10
3,4.6,31.6,162.6,72.7,4,950.0,0,0
2,6.4,28.3,183.7,75.4,9,689.0,7,0
1,5.3,19.6,41.0,56.0,11,872.0,8,1
2,4.7,15.9,30.7,58.0,9,704.0,7,10
3,7.5,31.3,177.8,22.3,8,66.0,5,0
2,7.2,31.9,173.8,91.6,11,448.0,7,0
1,5.8,15.2,124.6,87.6,4,396.0,2,0
1,5.9,20.0,14.0,76.6,8,1390.0,7,5
0,6.4,34.7,21.3,59.0,11,1343.0,5,5
2,5.0,13.6,122.5,65.0,8,188.0,9,0
2,5.4,13.3,179.4,45.5,8,132.0,9,12
1,7.5,29.9,35.1,81.0,1,48.0,1,4
2,6.1,23.0,149.1,93.4,3,534.0,7,12
2,7.3,38.3,91.9,41.9,3,195.0,9,12
0,4.7,34.5,147.1,74.5,8,77.0,8,13
2,5.5,38.3,75.3,47.7,10,61.0,5,4
0,7.6,17.2,114.0,94.2,9,1041.0,8,7
2,5.0,17.9,139.6,59.3,11,139.0,7,0
1,4.9,16.0,163.6,35.7,3,1092.0,5,12
2,7.8,35.0,7.9,43.8,11,649.0,3,3
3,5.1,26.4,116.5,57.5,6,728.0,5,7
0,6.8,21.5,27.5,46.7,3,1393.0,3,10
2,5.9,20.2,79.3,77.5,1,290.0,5,4
0,7.7,30.8,15.3,31.8,9,111.0,1,14
2,8.1,26.9,93.6,25.8,7,1436.0,1,0
0,7.6,36.3,21.9,29.6,4,1116.0,6,13
1,5.3,14.8,20.5,67.2,3,894.0,2,1
1,7.0,18.0,170.1,51.8,5,1367.0,1,14
0,6.6,14.3,72.1,67.5,8,134.0,2,5
0,5.7,41.3,7.1,57.6,10,869.0,8,10
1,4.6,32.8,173.0,23.6,8,1392.0,0,0
2,6.8,33.3,154.5,85.1,12,632.0,7,4
3,4.9,34.7,87.9,85.4,8,192.0,8,0
1,5.8,23.8,88.3,43.4,7,327.0,5,0
3,7.2,18.1,1.7,73.4,12,190.0,2,8
1,5.2,27.3,128.2,55.4,10,652.0,7,4
1,7.2,28.4,165.7,77.4,8,809.0,7,0
1,7.9,11.6,63.9,70.6,8,106.0,6,11
3,7.5,19.7,46.0,25.0,2,444.0,7,1
2,5.3,41.4,180.5,30.3,8,463.0,9,0
1,6.4,28.3,163.0,41.2,5,1259.0,8,12
2,5.1,16.2,168.9,34.3,1,1051.0,2,4
1,8.0,37.5,166.5,71.5,6,1155.0,6,12
2,5.8,27.1,191.6,23.9,11,761.0,5,5
2,5.5,17.7,163.4,89.7,3,843.0,6,12
3,5.9,22.4,50.0,30.8,3,990.0,2,1
0,6.4,20.1,192.4,38.2,1,336.0,8,4
1,5.2,19.4,96.0,50.6,9,76.0,3,7
3,5.0,39.6,65.0,67.6,11,138.0,9,13
2,7.3,18.4,84.1,36.1,12,1361.0,1,1
1,7.9,28.2,4.5,93.5,6,1183.0,2,5
1,8.4,38.6,19.2,47.1,2,1380.0,4,13
0,4.6,39.4,67.7,92.5,10,767.0,9,13
