crop,soil_type,soil_ph,avg_temperature,rainfall_7day,humidity,area_acres,elevation,state,month,yield_per_acre
6,0,5.8,40.2,91.4,56.1,10.5,346.0,8,3,0.1
2,1,7.5,10.3,5.0,45.4,7.3,890.0,3,8,0.17
8,1,5.5,31.6,148.3,53.5,7.2,1266.0,1,1,1.71
3,3,8.0,10.1,86.8,68.6,3.2,1451.0,0,10,0.1
0,1,8.4,41.0,165.4,49.5,3.6,951.0,7,12,0.41
5,1,6.8,35.2,89.3,50.6,16.3,256.0,4,1,0.5
11,2,6.8,38.2,152.0,79.7,15.4,1254.0,7,5,0.1
14,2,7.5,21.1,56.1,64.9,1.2,188.0,6,9,0.57
11,3,6.6,19.4,96.1,71.6,17.3,205.0,2,6,0.14
3,0,6.8,30.4,122.1,86.1,8.8,1329.0,8,10,0.16
8,1,8.1,32.0,109.0,33.1,3.7,31.0,8,3,0.76
3,0,7.0,26.5,32.1,70.5,5.7,125.0,4,4,0.62
13,3,6.6,11.3,4.6,33.7,1.0,1479.0,3,3,0.1
14,0,5.9,36.5,29.5,62.8,3.4,1249.0,2,6,0.78
14,0,7.2,35.5,82.6,92.2,17.5,99.0,0,6,0.38
5,2,5.1,11.7,48.7,33.2,17.9,287.0,4,9,0.6
2,0,5.7,35.8,194.3,73.6,5.1,784.0,5,3,0.27
4,3,6.4,35.2,7.8,32.6,8.2,1322.0,5,9,11.78
7,3,5.9,18.6,68.9,81.5,13.3,282.0,9,8,4.42
3,1,8.4,24.2,128.2,33.9,9.9,440.0,5,9,0.17
11,3,4.6,12.0,183.7,24.3,2.6,534.0,5,12,0.11
4,1,6.9,35.5,4.5,57.5,3.2,574.0,1,2,16.11
9,1,7.6,15.0,154.9,40.7,18.7,1162.0,7,11,0.2
6,1,6.3,10.9,2.0,52.1,6.8,1420.0,4,1,0.11
10,0,4.6,32.4,165.8,31.7,4.0,210.0,7,1,0.1
6,2,8.2,32.2,148.4,46.6,3.8,1487.0,4,11,0.1
6,2,6.9,26.5,91.3,78.4,18.3,1146.0,9,11,0.21
7,2,8.2,16.1,118.7,41.0,1.4,438.0,6,5,1.4
3,3,4.8,25.1,53.7,48.3,11.3,603.0,1,6,0.35
14,1,7.7,13.9,138.9,25.7,9.2,811.0,8,10,0.38
4,3,7.9,32.3,70.2,22.3,7.8,831.0,9,2,25.07
4,1,4.8,18.6,70.7,24.4,6.5,467.0,6,10,10.86
2,1,6.3,26.7,180.2,45.6,2.9,1461.0,3,2,0.55
8,3,7.6,29.5,81.2,42.7,10.3,180.0,2,12,2.67
10,3,6.7,14.8,149.0,94.3,2.3,1375.0,8,6,0.11
7,1,6.2,30.2,83.5,59.0,11.0,880.0,4,10,6.13
0,3,7.3,32.2,48.2,20.8,2.2,236.0,6,7,2.74
7,3,8.0,31.9,41.6,57.0,19.2,1237.0,1,12,3.3
1,2,8.3,30.5,9.8,43.8,12.2,1370.0,4,8,0.18
9,1,8.3,38.4,70.4,79.5,7.7,1297.0,0,8,0.64
12,1,5.6,18.5,113.7,62.9,13.9,1318.0,6,2,9.65
14,2,8.0,27.3,81.3,72.8,3.0,290.0,7,8,0.2
9,0,5.5,11.5,197.2,71.4,12.0,1064.0,8,6,0.38
7,0,5.0,33.9,114.2,72.9,10.6,733.0,4,10,1.89
12,0,6.2,22.0,154.8,92.4,14.7,264.0,8,7,8.98
5,2,5.2,27.1,7.8,81.3,8.4,951.0,6,8,0.58
4,2,6.0,12.2,167.0,42.9,7.7,802.0,3,10,7.57
0,3,7.2,32.0,34.7,25.6,18.6,366.0,9,7,1.85
12,0,7.4,13.6,16.5,66.1,15.5,1150.0,5,2,3.16
11,2,6.3,23.1,80.5,44.3,17.5,1288.0,7,8,0.13
4,0,5.5,12.7,84.2,42.2,5.4,179.0,7,4,4.49
9,1,5.6,36.7,107.9,59.8,12.2,1183.0,7,7,0.64
10,0,7.0,13.4,124.5,78.5,16.9,1423.0,0,2,0.11
13,1,5.7,41.7,18.7,86.0,5.8,1008.0,7,9,0.22
7,3,6.5,14.0,71.8,94.4,14.9,1453.0,5,12,4.7
0,0,7.3,18.8,66.5,41.5,4.3,1288.0,0,12,0.79
1,2,8.3,11.3,180.2,83.7,15.5,601.0,3,12,0.58
8,3,7.1,16.0,138.8,40.9,3.0,400.0,0,12,2.52
0,1,6.9,30.1,31.6,70.2,18.5,547.0,2,8,1.32
10,0,5.8,22.8,52.3,52.5,15.7,1166.0,7,6,0.11
3,2,5.9,17.4,152.8,22.4,9.3,951.0,5,9,0.12
6,3,6.4,18.8,10.0,87.1,4.2,256.0,1,9,0.17
9,3,6.4,18.0,167.8,33.8,15.5,443.0,1,10,0.36
4,0,4.9,31.3,77.4,32.6,2.9,1153.0,0,1,11.72
5,0,6.5,40.9,26.2,69.1,2.8,189.0,0,1,0.48
1,1,6.4,12.4,74.0,32.8,7.5,1085.0,2,1,0.5
1,1,7.9,14.3,87.3,48.7,5.2,1474.0,3,2,0.38
13,2,5.7,14.4,98.8,37.1,14.3,1436.0,0,1,0.1
14,2,6.4,10.2,5.5,54.6,0.5,633.0,1,7,0.22
4,2,5.8,34.4,41.1,42.7,6.7,465.0,3,7,8.34
0,0,4.6,13.0,146.3,82.5,16.2,1245.0,7,12,0.2
1,1,5.4,28.8,193.3,60.9,19.1,442.0,9,5,0.28
3,3,5.9,21.1,15.3,41.2,13.5,426.0,3,7,0.22
12,3,6.7,25.7,178.2,38.0,1.3,1422.0,0,8,5.34
10,2,6.0,34.8,140.4,45.2,18.2,942.0,3,2,0.11
2,0,6.8,30.9,24.1,81.5,3.0,707.0,1,6,0.78
7,1,7.6,12.6,46.7,25.8,7.7,1368.0,6,2,3.32
12,1,8.5,10.8,67.7,41.8,10.6,581.0,3,12,1.91
2,1,8.0,26.0,196.6,91.7,3.8,1231.0,9,2,0.27
8,3,5.0,23.8,145.2,73.5,1.6,648.0,3,11,1.64
10,3,7.0,14.7,176.1,88.4,9.9,552.0,0,5,0.12
4,3,6.0,31.7,68.0,25.8,13.0,307.0,1,9,21.87
10,3,6.4,29.6,175.4,92.7,15.6,597.0,9,4,0.14
13,2,5.0,31.2,13.4,64.8,12.1,1391.0,4,4,0.15
13,0,6.3,18.8,123.6,36.0,5.2,59.0,4,3,0.1
2,3,7.7,29.4,91.3,48.9,10.6,1269.0,2,8,0.28
2,0,7.9,26.6,25.4,42.2,8.4,1497.0,6,8,0.66
12,1,6.6,38.6,30.5,22.3,17.3,1147.0,4,12,3.0
5,3,4.6,15.5,167.9,58.2,3.6,1183.0,6,10,0.68
10,3,4.9,26.5,9.7,77.4,4.7,661.0,5,7,0.1
13,0,8.0,16.8,2.0,87.7,4.7,725.0,3,12,0.1
0,3,8.3,24.1,168.0,37.0,6.5,201.0,4,9,0.55
9,2,4.9,31.9,68.8,53.8,13.0,670.0,8,4,1.09
7,3,5.9,24.5,189.8,20.7,15.8,274.0,7,11,2.74
10,1,6.8,36.1,96.4,91.1,1.1,628.0,5,12,0.11
10,1,8.1,27.2,68.0,50.9,10.5,707.0,7,11,0.24
11,2,8.3,30.3,171.0,69.8,6.5,337.0,5,7,0.1
11,3,6.7,18.7,107.2,63.0,11.1,530.0,4,9,0.21
11,0,6.9,19.2,81.3,75.4,13.0,1440.0,2,1,0.15
7,0,5.5,30.0,10.5,35.0,1.5,1336.0,8,5,3.25
5,3,4.7,27.0,24.2,75.5,5.9,1182.0,1,1,0.57
14,0,7.8,11.0,158.4,20.1,15.7,178.0,5,5,0.22
5,1,8.1,20.7,157.1,58.7,9.3,1252.0,7,3,0.42
9,2,4.7,33.0,182.8,77.2,16.6,1126.0,7,11,0.34
13,0,7.3,25.2,53.8,38.8,18.7,353.0,8,1,0.14
10,1,5.7,12.1,58.0,66.7,7.4,1019.0,8,1,0.1
10,2,4.9,26.5,144.8,30.6,10.4,1340.0,4,5,0.1
0,1,5.2,28.1,42.4,27.9,16.9,1114.0,2,12,0.99
1,2,6.3,13.4,182.7,53.7,16.3,252.0,7,10,0.89
0,1,5.9,40.3,143.3,43.2,5.8,219.0,7,7,0.91
5,2,8.3,13.5,117.5,31.4,13.8,890.0,3,8,0.46
1,1,7.6,36.2,160.6,51.4,17.6,532.0,5,5,0.21
13,0,6.8,32.2,154.8,20.9,1.5,145.0,2,9,0.17
5,3,6.7,35.9,103.4,43.1,17.2,737.0,1,8,0.66
2,3,4.8,35.9,60.4,67.2,14.7,816.0,9,9,0.14
2,1,7.6,38.2,11.0,57.7,9.6,286.0,0,12,0.27
12,3,7.0,28.8,158.5,23.1,4.7,863.0,8,8,8.43
10,0,5.7,17.9,128.6,51.0,8.5,944.0,3,1,0.11
9,1,8.3,37.4,91.6,93.4,0.6,701.0,2,1,0.5
1,2,5.3,15.1,154.4,42.2,13.6,296.0,1,11,0.67
1,2,7.4,17.8,54.5,30.4,11.7,693.0,8,6,0.7
0,1,8.3,21.6,9.9,31.8,6.6,1394.0,1,11,0.47
9,3,4.8,17.7,155.9,31.8,11.5,367.0,4,5,0.55
14,2,6.2,40.1,183.9,78.8,4.3,358.0,1,1,0.13
4,1,8.2,31.2,103.9,81.5,6.7,1384.0,2,8,12.22
10,0,7.5,28.2,106.1,93.7,8.2,1375.0,0,7,0.13
10,3,4.8,30.2,26.2,75.6,13.4,521.0,5,12,0.19
9,0,7.3,35.1,76.9,62.3,12.3,1148.0,8,8,0.46
13,3,5.5,33.2,131.5,64.6,12.6,86.0,3,11,0.13
4,1,5.9,16.1,173.1,86.0,0.8,72.0,4,7,4.96
6,1,6.6,33.2,116.5,65.5,8.2,296.0,2,5,0.27
12,0,6.3,29.5,186.1,58.4,18.0,255.0,1,7,5.8
9,0,8.0,40.3,53.8,75.6,9.5,1484.0,7,10,0.32
8,3,7.4,27.9,97.1,35.9,12.6,1090.0,6,6,2.63
3,2,6.0,36.2,2.4,31.1,7.2,1337.0,0,7,0.26
10,0,5.2,22.6,121.3,86.3,13.8,1295.0,4,6,0.12
3,1,5.9,19.3,129.7,38.6,6.6,969.0,5,1,0.13
1,3,7.0,28.2,115.3,42.7,16.5,421.0,9,8,0.33
1,2,5.0,17.0,175.7,54.6,14.3,10.0,7,10,0.41
5,2,7.1,36.8,54.4,68.9,13.0,1346.0,5,11,1.2
14,1,5.6,28.0,7.0,29.6,1.8,452.0,4,2,0.25
10,2,4.5,22.7,196.0,68.2,3.8,414.0,3,12,0.1
10,0,7.9,40.2,127.3,87.0,5.2,774.0,4,9,0.11
6,3,7.5,23.2,100.0,91.0,7.0,574.0,5,1,0.18
11,0,5.1,23.0,79.2,51.4,17.4,210.0,6,5,0.12
0,2,7.8,12.6,192.2,46.0,6.0,473.0,3,7,0.5
1,1,8.3,20.7,17.5,72.0,4.0,757.0,5,5,0.57
2,2,8.5,24.0,65.8,36.4,13.8,217.0,2,6,0.21
6,3,5.4,29.0,89.3,76.3,1.2,873.0,8,7,0.31
5,1,7.9,26.6,35.1,58.6,2.5,1144.0,5,8,1.52
5,1,5.2,40.4,12.3,83.3,6.1,1269.0,0,4,0.23
11,3,5.3,32.2,77.7,28.8,17.8,317.0,3,3,0.1
2,3,7.4,40.5,197.7,75.4,14.9,489.0,9,10,0.1
6,0,5.4,28.3,183.6,64.6,6.2,242.0,6,4,0.16
12,1,5.0,29.0,131.6,29.8,4.6,1159.0,0,4,4.66
7,2,8.2,22.8,100.4,41.7,13.5,1212.0,4,1,2.19
5,0,6.3,16.9,164.2,55.1,17.9,812.0,9,2,0.42
7,2,5.0,31.8,180.5,88.6,7.3,287.0,6,1,1.57
7,2,8.5,14.0,186.0,40.0,5.6,549.0,8,11,1.25
6,0,6.1,21.3,199.7,52.9,18.8,776.0,0,5,0.28
14,3,7.8,40.9,160.4,30.7,8.4,358.0,0,3,0.12
5,3,6.1,13.8,20.9,20.4,7.8,1087.0,3,2,0.64
12,0,6.2,35.1,183.3,64.1,11.6,569.0,9,9,2.89
13,1,6.2,20.6,120.2,31.7,10.8,1143.0,2,8,0.17
7,3,7.6,15.4,163.4,68.8,14.3,697.0,7,11,2.54
8,2,5.3,41.0,168.8,44.5,4.4,649.0,0,2,0.52
9,0,7.6,26.2,177.3,74.5,10.3,1083.0,8,8,0.34
0,0,6.0,34.0,79.7,81.3,13.9,1036.0,4,8,1.46
14,0,4.6,12.7,171.5,59.4,7.4,959.0,3,9,0.15
2,1,7.3,21.7,189.6,54.6,7.0,687.0,7,7,0.35
7,0,8.1,22.2,2.3,53.6,3.5,1003.0,7,5,1.98
1,2,4.9,20.6,175.5,28.2,1.3,1154.0,4,7,0.21
10,3,7.6,40.0,96.1,37.3,16.3,1280.0,7,5,0.1
13,1,7.2,30.3,139.2,62.3,18.1,687.0,8,6,0.31
6,1,8.0,13.0,159.0,34.3,0.8,1301.0,5,4,0.1
3,2,6.2,20.3,86.2,49.7,11.0,536.0,1,8,0.17
3,2,8.5,21.8,60.7,25.5,7.7,402.0,5,12,0.35
1,1,7.0,18.7,164.7,91.2,17.5,169.0,7,3,0.46
2,1,7.2,34.6,77.1,79.9,9.5,1178.0,6,8,0.31
6,1,7.3,12.5,174.1,27.5,18.1,892.0,2,11,0.1
2,1,7.1,10.2,78.6,77.7,5.1,1018.0,8,5,0.16
5,1,7.1,21.9,111.9,71.6,19.1,1386.0,9,8,0.95
8,1,4.6,26.9,142.8,49.1,13.1,420.0,2,8,0.89
14,3,6.3,11.9,72.3,72.2,13.9,943.0,9,10,0.27
9,3,7.6,14.2,105.0,38.7,10.7,634.0,4,5,0.4
0,2,7.4,11.0,184.3,52.3,1.4,1124.0,1,12,0.34
11,2,6.5,19.7,33.7,84.8,8.0,1187.0,9,8,0.2
11,3,7.7,22.7,25.3,40.6,2.9,917.0,0,9,0.39
12,1,4.6,19.5,175.4,23.4,6.3,1004.0,2,11,1.51
13,2,7.1,11.8,193.3,39.8,16.3,1205.0,4,6,0.13
0,0,4.7,31.2,22.8,76.1,2.4,418.0,8,5,0.81
1,1,5.4,15.1,47.5,20.7,5.5,1076.0,8,12,0.95
0,1,6.3,16.5,96.3,35.3,3.3,1334.0,4,7,1.36
7,2,7.2,23.3,65.9,71.5,6.9,323.0,9,3,2.56
7,0,4.6,23.0,147.1,52.3,10.1,1175.0,1,12,2.08
0,2,4.9,26.9,178.2,61.3,5.7,641.0,7,4,0.47
10,1,5.7,11.4,179.8,36.5,4.4,1325.0,3,5,0.1
11,2,5.4,31.2,56.0,33.6,1.9,672.0,7,5,0.1
3,0,4.9,39.3,106.2,79.4,19.9,997.0,5,5,0.14
6,2,4.6,10.6,106.3,46.4,4.3,1408.0,8,1,0.1
10,2,8.2,30.2,131.9,41.8,3.7,620.0,3,5,0.1
8,3,6.3,41.6,32.0,44.0,16.9,574.0,4,6,3.03
2,2,6.5,34.5,145.3,45.0,7.5,1122.0,1,7,0.41
5,0,6.5,24.1,87.4,66.9,3.9,849.0,2,8,0.79
12,2,5.1,37.6,80.1,32.2,6.2,1117.0,9,1,9.7
12,2,6.7,12.9,163.2,66.9,6.5,1450.0,6,8,4.05
0,2,5.7,28.0,22.7,43.7,18.3,1484.0,1,6,2.12
3,2,7.8,11.7,158.8,32.6,9.8,442.0,6,10,0.1
8,1,6.4,41.9,182.1,66.9,2.2,906.0,1,1,1.32
2,2,5.0,10.5,81.3,80.9,12.8,923.0,1,3,0.1
8,2,7.5,24.7,155.3,62.2,17.2,1260.0,4,5,1.72
1,1,7.2,34.9,115.6,57.2,8.5,568.0,5,9,0.36
3,2,8.5,23.7,135.1,53.7,3.5,979.0,8,8,0.17
2,3,6.0,40.7,96.5,79.0,2.0,225.0,7,8,0.17
13,0,6.4,13.6,131.2,85.2,10.4,1028.0,0,6,0.16
6,0,6.9,18.1,102.4,55.5,5.2,520.0,5,1,0.15
4,2,5.2,36.9,14.3,68.4,9.6,1273.0,1,3,9.19
4,3,8.2,21.0,65.7,82.0,9.5,920.0,3,3,17.94
12,0,7.1,33.7,99.3,29.0,3.9,889.0,1,12,5.54
9,1,5.6,26.4,49.7,60.0,3.3,725.0,0,2,1.07
7,0,7.2,26.5,198.4,81.0,5.1,686.0,7,6,3.46
12,2,8.2,19.1,199.1,42.7,1.7,1197.0,7,5,3.76
13,2,5.1,31.9,196.7,87.6,15.9,482.0,4,4,0.1
10,3,8.2,32.0,3.8,69.2,16.5,1019.0,3,4,0.1
13,1,7.8,23.2,54.0,34.3,5.2,172.0,4,11,0.1
8,0,7.5,25.9,158.6,81.4,7.7,388.0,3,9,2.44
4,1,7.9,41.4,75.2,53.4,7.1,1478.0,8,12,14.94
6,0,7.0,35.8,100.0,94.7,12.5,184.0,9,8,0.24
11,1,6.4,35.4,189.8,79.6,9.8,1230.0,1,12,0.12
6,2,5.5,10.4,28.4,64.9,17.4,1418.0,4,2,0.16
10,2,7.9,39.7,43.7,26.4,5.7,695.0,6,9,0.1
13,0,8.2,25.3,66.3,90.8,5.5,825.0,6,1,0.14
9,1,5.1,22.2,20.7,68.5,7.4,312.0,2,5,1.29
14,1,4.6,39.1,114.4,82.8,14.4,1384.0,6,9,0.22
11,3,6.5,32.3,196.1,56.0,4.5,1484.0,8,11,0.13
10,0,5.1,32.0,0.4,64.1,16.0,1354.0,3,7,0.1
12,3,7.4,35.7,67.7,54.0,12.6,1140.0,1,10,7.83
8,0,6.0,18.8,125.5,79.9,19.0,25.0,9,10,3.48
13,0,6.5,21.0,86.1,36.1,15.8,1407.0,3,3,0.12
6,1,7.1,41.9,90.8,82.5,16.6,1198.0,6,1,0.1
3,1,5.8,38.5,83.6,64.6,5.3,1226.0,5,2,0.17
1,1,8.5,23.4,195.3,51.7,9.7,891.0,5,8,0.24
14,1,8.3,22.2,45.1,73.8,16.5,1282.0,8,6,0.54
1,3,5.4,20.0,135.0,20.6,12.7,1355.0,8,7,0.33
13,2,7.3,33.5,107.5,90.1,0.8,1211.0,8,6,0.26
2,0,6.8,32.2,64.8,54.3,19.0,661.0,5,4,0.41
8,3,4.7,40.0,45.4,32.4,10.7,315.0,1,5,1.06
9,2,8.0,31.7,58.4,24.1,5.2,303.0,7,7,1.14
4,0,5.0,10.6,188.4,66.4,7.0,241.0,2,5,1.45
2,0,6.2,18.6,87.4,59.2,19.8,368.0,5,10,0.12
6,2,6.1,15.2,196.7,48.4,15.5,101.0,7,5,0.28
9,3,6.5,11.9,0.5,24.5,17.2,1482.0,6,4,0.37
13,2,5.8,39.7,117.1,76.3,14.4,21.0,7,8,0.19
11,1,7.8,24.3,175.1,76.3,4.6,216.0,5,8,0.13
5,0,7.2,12.1,90.8,71.6,3.0,227.0,5,10,0.48
0,2,8.0,36.7,41.2,80.6,15.5,458.0,0,2,1.12
3,2,6.3,27.5,191.2,55.5,17.8,282.0,6,3,0.32
4,0,6.8,32.7,48.6,40.4,19.3,530.0,1,2,16.81
4,1,6.2,12.5,191.8,45.6,2.7,395.0,3,12,6.53
12,2,6.5,41.8,179.6,28.5,19.1,77.0,3,3,6.24
1,2,5.3,28.9,59.1,91.0,1.8,555.0,2,12,0.4
5,1,7.7,17.9,194.1,53.2,1.5,1483.0,0,10,0.76
1,1,6.7,20.3,172.8,37.1,7.3,1114.0,1,7,0.45
1,1,6.5,38.8,97.0,60.4,7.5,799.0,7,2,0.25
2,0,6.3,24.9,187.6,49.8,16.1,768.0,1,8,0.32
6,0,4.7,39.4,24.6,91.5,8.0,180.0,4,12,0.1
11,2,4.7,39.3,131.9,53.0,1.5,1016.0,9,2,0.1
2,1,5.1,20.0,140.4,41.0,16.0,122.0,8,3,0.17
8,2,6.2,10.2,63.9,59.8,15.2,1474.0,4,1,1.7
3,3,6.9,39.1,158.3,76.1,8.4,246.0,2,2,0.16
13,0,6.9,39.9,16.6,49.8,14.6,278.0,9,2,0.3
11,1,4.8,37.1,136.3,72.7,9.2,411.0,7,10,0.1
12,0,7.5,17.0,166.5,42.5,11.9,168.0,6,3,4.27
9,0,7.4,17.6,19.0,38.1,8.4,10.0,0,8,0.35
6,3,7.8,13.8,124.4,91.6,11.3,729.0,2,9,0.1
14,2,5.5,39.1,99.4,93.7,4.9,198.0,2,7,0.24
0,1,7.7,18.3,31.1,56.0,5.4,195.0,5,5,0.82
5,3,4.8,40.7,72.6,77.0,9.8,940.0,1,2,0.2
4,2,8.0,39.6,9.3,59.6,17.2,392.0,7,2,9.32
12,0,4.6,26.7,190.5,58.7,8.6,677.0,4,9,1.52
6,1,6.0,24.6,151.7,27.4,18.9,1080.0,6,6,0.45
11,1,8.5,27.1,102.3,63.1,13.0,1277.0,0,3,0.1
9,1,6.4,36.9,193.5,78.4,5.7,825.0,2,9,0.41
9,1,5.4,38.1,159.5,33.9,5.3,961.0,7,11,0.29
10,2,6.6,12.2,16.3,82.0,1.8,1489.0,2,2,0.22
9,2,5.3,12.1,120.5,44.3,14.7,1105.0,1,10,0.21
3,0,6.2,34.5,122.4,37.7,9.2,882.0,0,11,0.17
2,0,7.3,41.9,90.1,69.7,10.2,605.0,6,4,0.1
8,3,7.9,23.1,156.4,73.5,2.5,856.0,9,9,2.2
0,1,7.1,29.7,130.4,55.0,12.2,455.0,9,3,0.57
5,2,5.7,23.0,168.4,73.1,10.1,420.0,4,11,0.87
12,2,6.6,24.8,122.9,87.6,9.6,464.0,6,4,11.08
4,0,6.4,15.5,18.5,83.3,1.9,1105.0,1,12,6.49
10,3,4.5,29.9,6.0,45.2,18.7,1186.0,4,7,0.1
8,1,8.3,15.7,72.2,95.0,4.6,1232.0,1,1,1.34
9,2,5.6,38.7,145.1,47.5,9.5,97.0,3,6,0.71
2,3,5.1,41.4,163.8,28.1,6.5,524.0,9,9,0.1
2,1,5.6,35.7,161.8,36.8,10.1,781.0,2,7,0.31
6,1,6.2,18.2,164.7,36.5,3.8,1065.0,0,7,0.37
0,2,7.2,21.2,164.9,48.3,16.5,1364.0,6,4,0.66
3,3,8.2,24.4,1.2,37.2,7.9,845.0,1,5,0.28
13,1,5.9,20.8,32.1,81.5,13.3,272.0,5,9,0.16
9,1,7.7,28.7,98.7,53.0,16.5,644.0,3,12,0.41
2,1,8.4,18.6,131.0,36.9,6.4,660.0,3,9,0.1
10,2,6.0,34.6,166.8,90.7,4.7,749.0,7,11,0.19
4,1,8.2,31.4,138.0,51.4,14.4,641.0,2,6,9.23
10,0,5.5,27.1,136.8,87.5,0.6,400.0,4,1,0.12
10,2,7.3,40.1,134.8,41.7,8.7,644.0,6,7,0.1
2,0,5.5,14.3,20.8,56.9,19.5,242.0,5,5,0.27
3,0,6.0,34.0,188.8,94.7,18.9,1410.0,7,11,0.15
0,2,8.3,33.7,186.7,58.8,1.0,1478.0,8,7,1.15
2,2,4.7,14.8,102.8,46.1,9.1,601.0,3,6,0.1
14,3,6.2,28.2,169.3,56.9,7.1,1308.0,9,2,0.28
0,3,7.5,30.4,165.5,51.0,5.1,594.0,2,5,1.08
5,1,7.6,14.4,168.4,60.4,11.6,1118.0,4,8,0.6
14,1,7.9,27.3,179.8,73.4,8.8,1464.0,1,5,0.43
1,3,7.9,32.0,65.1,57.2,15.2,592.0,2,1,0.18
0,2,7.0,40.6,140.0,49.6,8.9,1082.0,8,3,0.5
2,1,6.1,37.4,105.5,41.6,15.7,144.0,0,1,0.4
13,2,4.6,26.9,156.4,77.5,5.1,493.0,6,2,0.1
11,3,7.0,12.9,74.4,82.6,19.1,1462.0,9,7,0.15
10,1,5.3,16.2,122.1,51.8,19.7,1281.0,0,2,0.12
11,1,4.8,27.3,176.3,83.9,8.0,91.0,1,8,0.1
9,2,6.7,18.4,155.9,64.8,7.0,1121.0,4,6,0.81
8,1,4.8,27.1,99.9,20.6,8.2,356.0,3,5,1.49
11,1,4.5,14.5,198.1,22.8,17.7,1018.0,2,1,0.1
8,3,6.2,31.2,181.9,69.1,17.4,1323.0,9,8,1.37
2,3,6.3,10.1,158.2,28.1,12.0,1455.0,4,2,0.22
6,1,5.0,22.9,12.5,56.4,13.8,1176.0,8,9,0.12
13,1,7.3,26.8,147.3,28.3,15.2,1288.0,3,5,0.24
0,3,7.3,31.6,77.0,34.3,7.5,414.0,1,2,1.29
12,1,7.8,14.8,195.9,24.3,1.8,1122.0,7,9,1.55
3,0,5.4,22.8,82.6,74.6,3.3,306.0,8,9,0.18
7,1,7.0,20.6,198.0,34.0,3.3,863.0,0,3,2.67
12,1,7.2,41.5,184.1,55.5,16.0,1491.0,1,7,5.64
2,3,5.2,12.3,82.3,83.9,18.0,91.0,8,3,0.15
2,1,5.5,34.9,108.3,47.1,7.9,959.0,1,4,0.22
8,1,7.8,39.6,139.5,83.3,0.7,1368.0,9,6,1.41
10,2,6.7,38.0,156.3,22.9,5.7,289.0,8,3,0.1
0,3,7.3,32.6,189.8,72.2,17.1,204.0,1,2,0.59
3,2,8.3,20.7,185.4,73.4,10.8,1457.0,0,9,0.12
5,3,7.4,34.6,40.1,43.4,3.1,1430.0,3,2,0.75
10,3,5.2,22.2,177.3,35.2,6.7,3.0,7,8,0.11
4,1,8.0,13.6,152.6,49.8,5.2,1072.0,6,1,6.3
11,3,7.0,36.5,180.3,60.6,4.5,6.0,2,10,0.14
3,0,5.8,14.6,79.9,52.3,1.2,935.0,0,7,0.17
8,1,6.8,24.7,109.7,59.0,14.4,901.0,6,5,2.96
0,0,4.6,10.4,99.1,32.0,14.4,1112.0,4,2,0.25
12,1,6.1,41.1,186.3,38.1,8.7,606.0,4,5,4.69
13,1,7.1,33.8,57.0,39.4,14.8,764.0,8,5,0.22
6,3,7.9,31.7,58.2,71.8,16.0,582.0,0,9,0.26
12,0,6.1,41.8,27.0,46.4,4.8,1368.0,2,10,2.34
13,1,7.9,13.5,49.7,65.6,11.4,369.0,0,2,0.1
0,1,7.7,25.0,88.4,63.9,10.8,1477.0,9,9,0.67
10,0,8.1,24.0,137.9,63.0,4.3,684.0,8,2,0.11
12,1,5.9,32.3,22.7,71.6,17.5,423.0,5,8,4.59
2,3,5.3,16.7,165.3,72.2,10.7,182.0,0,5,0.13
6,3,5.2,31.9,128.0,31.3,11.4,1034.0,6,2,0.18
12,2,7.3,18.3,49.4,50.4,3.4,130.0,8,2,8.12
10,3,6.3,40.7,54.6,20.5,6.5,1296.0,1,11,0.14
9,1,6.7,25.4,71.0,45.6,12.8,1428.0,4,9,0.97
12,2,7.3,31.7,55.2,51.8,13.4,1362.0,8,7,9.84
3,3,6.8,13.5,158.4,87.2,0.7,501.0,4,2,0.1
12,0,7.7,34.1,195.8,69.5,10.2,511.0,8,2,4.4
5,2,5.3,18.4,40.6,85.4,8.9,860.0,6,9,1.17
6,3,4.8,24.9,9.8,80.7,10.0,1448.0,0,7,0.21
7,2,5.5,15.0,105.5,56.6,9.3,580.0,7,9,2.35
10,1,5.2,33.4,153.5,65.5,10.1,1201.0,5,1,0.1
10,0,7.0,18.6,180.5,88.5,10.2,88.0,3,12,0.24
4,0,6.2,27.4,148.9,49.7,12.2,5.0,0,7,5.35
5,0,8.4,27.2,192.5,23.4,16.2,750.0,9,10,0.89
13,2,8.3,22.4,185.4,50.5,13.7,822.0,4,4,0.1
0,3,5.4,28.2,25.4,30.9,4.7,874.0,2,2,0.81
11,0,5.6,30.1,113.5,88.9,5.0,473.0,9,1,0.1
5,0,7.2,34.3,152.4,63.0,9.2,407.0,2,2,0.46
6,1,6.9,18.0,147.9,21.4,10.5,8.0,4,10,0.19
12,3,6.7,32.3,138.0,51.2,17.7,1093.0,2,1,8.25
7,3,5.9,41.9,3.7,42.7,7.6,102.0,5,12,1.42
10,2,6.9,19.4,154.5,56.1,19.2,204.0,5,3,0.12
8,2,7.0,25.8,198.8,39.5,14.7,494.0,7,1,2.21
1,3,6.5,29.3,171.1,75.7,16.7,993.0,4,1,0.39
10,3,8.0,39.7,50.7,48.3,11.4,1249.0,3,11,0.15
7,0,5.3,35.7,185.8,52.8,18.5,21.0,4,10,1.96
12,0,5.1,29.0,178.2,29.2,11.6,785.0,5,10,2.52
13,2,5.3,21.7,1.8,45.6,13.9,976.0,7,1,0.1
10,2,7.9,34.6,182.5,83.0,1.9,535.0,4,2,0.1
6,3,7.0,30.5,55.3,25.3,17.9,510.0,7,7,0.66
14,0,5.3,33.9,52.5,78.7,4.6,1316.0,1,11,0.74
10,3,4.6,12.4,184.9,66.5,16.4,551.0,9,5,0.1
3,3,4.5,39.0,74.3,48.7,6.3,109.0,8,12,0.11
14,2,5.0,41.4,24.0,25.4,8.8,968.0,2,1,0.1
13,3,7.6,11.9,89.6,79.6,3.0,332.0,4,12,0.1
8,3,5.5,37.7,174.0,85.3,8.9,753.0,2,7,1.06
12,0,8.2,14.2,68.1,66.4,19.9,635.0,6,8,4.05
0,3,7.2,35.1,15.6,46.4,1.0,56.0,6,7,1.31
10,2,7.0,17.1,50.7,69.8,12.3,683.0,9,5,0.12
11,2,6.2,33.2,59.2,35.2,18.7,74.0,0,3,0.1
8,0,8.3,40.6,95.4,49.3,13.5,1339.0,1,10,0.93
9,2,6.3,20.3,35.9,72.9,7.7,1154.0,8,7,1.65
9,1,7.1,29.0,25.5,73.8,8.0,308.0,0,2,0.81
9,0,6.0,14.8,24.0,68.3,13.8,1494.0,4,6,0.6
2,3,4.5,23.6,193.6,30.7,3.6,352.0,3,8,0.16
7,1,7.1,34.2,175.1,94.1,6.5,302.0,9,7,3.2
5,2,8.1,34.8,55.6,33.2,5.7,1374.0,8,5,0.77
2,1,7.4,19.1,7.3,85.5,2.7,235.0,6,8,0.15
11,1,7.3,10.3,132.1,42.0,16.6,301.0,3,2,0.14
2,3,7.4,33.7,110.8,69.6,19.8,1490.0,2,3,0.26
10,0,7.1,31.1,95.5,49.1,7.2,664.0,5,1,0.11
6,1,6.5,38.5,11.7,59.0,19.1,1250.0,7,12,0.11
11,2,7.0,27.4,187.6,87.4,10.1,96.0,2,10,0.2
10,2,5.1,30.2,130.8,36.1,10.2,1358.0,8,4,0.1
0,3,5.1,26.4,4.6,40.1,12.7,363.0,0,4,0.52
3,0,5.2,19.8,130.9,85.3,12.9,1369.0,2,2,0.11
0,3,6.2,33.5,47.2,22.1,10.2,537.0,3,4,1.34
7,0,7.6,28.6,163.0,52.8,8.6,1093.0,5,6,3.97
11,3,7.7,30.4,119.7,48.7,15.7,390.0,6,8,0.1
3,1,7.0,20.3,162.1,32.7,16.4,681.0,2,1,0.17
9,0,7.1,31.0,164.4,77.6,8.3,1068.0,8,9,0.41
4,1,5.7,34.0,65.9,70.9,2.9,630.0,4,9,17.4
13,3,8.3,28.9,30.6,54.6,17.7,1091.0,8,6,0.42
14,3,4.9,40.3,177.1,34.4,11.2,1388.0,9,11,0.11
4,2,7.1,15.0,152.2,82.3,6.6,84.0,1,2,7.43
0,1,6.2,30.7,127.2,70.9,12.5,359.0,1,8,0.88
3,0,7.9,33.8,146.8,81.0,5.2,89.0,4,5,0.32
3,1,7.1,10.7,6.5,52.7,8.8,1015.0,1,12,0.1
5,0,8.2,35.1,31.4,37.0,9.1,711.0,7,11,1.42
14,2,6.1,18.8,104.9,57.8,10.4,281.0,1,3,0.26
10,1,5.9,36.9,48.1,22.2,8.2,200.0,7,5,0.1
3,1,8.0,16.4,124.8,90.5,18.2,304.0,4,2,0.15
4,2,6.9,36.6,109.2,23.8,17.9,1335.0,6,11,18.58
10,1,7.1,35.1,163.6,75.6,15.0,1426.0,9,2,0.1
13,3,7.4,35.0,93.5,26.4,7.4,511.0,3,2,0.13
3,1,6.9,20.7,55.7,46.3,18.0,856.0,3,9,0.29
1,2,7.8,36.4,159.8,55.5,18.2,936.0,3,7,0.19
14,2,5.6,25.8,20.6,67.0,10.4,458.0,1,11,0.44
5,3,7.7,40.4,49.4,38.2,11.6,244.0,0,6,0.76
14,2,7.2,21.1,105.3,89.3,4.7,947.0,6,8,0.31
4,0,5.2,16.8,173.1,67.3,1.2,184.0,3,5,3.92
7,0,8.1,17.8,43.1,23.5,8.9,695.0,2,5,2.9
10,2,6.1,14.5,81.8,67.0,2.5,840.0,0,6,0.1
8,0,6.4,16.0,97.2,58.6,16.4,97.0,6,8,1.72
5,3,4.9,17.5,185.7,85.6,3.1,557.0,2,2,0.31
10,2,6.9,32.1,136.1,25.5,2.2,942.0,5,10,0.21
10,3,6.0,33.7,19.2,55.4,16.9,959.0,2,7,0.2
1,0,5.7,17.4,162.7,26.7,7.9,231.0,1,1,0.34
0,0,7.5,23.9,39.3,47.7,1.8,469.0,4,2,0.91
5,3,6.8,33.7,52.1,39.3,3.7,949.0,6,1,0.86
12,0,8.4,24.5,164.7,55.6,4.9,772.0,3,3,6.84
1,2,6.9,16.7,75.6,45.5,4.3,322.0,5,11,0.92
11,2,5.3,29.8,131.6,64.9,18.6,946.0,4,7,0.1
7,3,5.8,40.4,125.0,81.8,8.7,315.0,1,10,1.96
14,2,6.4,13.4,6.9,53.6,16.9,1343.0,6,3,0.21
8,1,5.2,27.8,145.9,31.6,1.8,461.0,3,7,2.16
0,1,5.9,36.2,112.2,47.5,17.3,986.0,4,11,0.58
5,0,7.3,11.8,2.5,29.9,14.1,1367.0,5,12,0.41
4,0,4.9,10.4,198.8,92.2,7.7,775.0,9,5,1.41
9,3,8.2,35.1,178.4,78.3,11.9,1415.0,9,9,0.3
11,3,4.8,26.0,178.9,42.9,2.0,1232.0,5,5,0.1
9,1,7.5,11.1,93.0,84.6,14.5,1263.0,9,2,0.4
9,0,7.0,36.1,128.3,29.3,12.5,1362.0,4,7,0.5
5,0,6.0,15.4,149.6,59.6,7.0,123.0,6,9,0.71
6,0,6.3,24.0,114.7,40.8,18.3,521.0,0,12,0.19
4,1,4.7,31.5,123.0,63.5,15.3,1492.0,8,6,5.32
8,0,8.4,10.1,12.9,78.8,4.4,313.0,8,8,1.02
2,0,5.9,34.8,5.3,71.7,7.2,842.0,2,11,0.22
13,3,5.1,17.6,90.1,61.9,15.7,628.0,6,4,0.1
6,3,5.7,29.0,96.8,91.3,11.8,442.0,6,8,0.27
1,2,7.7,14.8,131.6,48.7,15.5,104.0,4,11,0.7
13,2,5.4,41.4,199.6,94.6,19.8,845.0,9,4,0.1
10,1,5.9,41.7,135.5,71.6,12.2,926.0,3,4,0.1
5,1,8.1,13.3,99.3,83.4,12.0,583.0,1,4,0.34
2,2,5.6,32.9,6.7,74.3,10.1,443.0,5,3,0.26
0,2,6.7,39.1,191.0,30.4,1.7,1091.0,5,11,0.51
4,3,5.8,21.7,198.5,79.3,0.7,215.0,7,1,10.38
9,0,4.5,12.1,183.0,75.8,6.7,1007.0,5,5,0.22
13,1,7.8,21.7,64.5,76.1,6.7,908.0,1,9,0.1
10,3,7.6,28.6,146.3,66.1,14.6,781.0,7,4,0.12
6,0,7.5,38.7,112.9,73.2,2.9,1135.0,2,12,0.1
11,3,6.9,33.9,27.5,33.8,3.9,862.0,1,1,0.13
14,0,4.9,33.1,198.5,61.1,18.6,840.0,2,6,0.29
12,0,4.9,29.0,154.9,33.8,9.0,952.0,6,1,3.92
12,0,4.8,37.6,182.7,46.7,10.5,1119.0,9,6,2.82
6,0,7.0,17.6,36.9,20.9,6.6,1441.0,6,8,0.54
10,0,7.4,41.9,103.3,22.1,4.9,57.0,2,12,0.12
1,2,6.4,25.6,188.7,58.7,4.1,399.0,1,9,0.52
12,1,7.2,16.5,116.7,37.2,14.6,591.0,7,5,6.07
9,2,5.3,13.0,114.6,87.0,8.9,294.0,7,9,0.18
5,3,6.6,41.5,155.3,80.4,11.5,192.0,3,2,0.26
8,2,6.6,38.3,111.8,56.8,18.8,98.0,5,8,0.71
8,0,8.0,13.4,2.3,36.3,14.9,903.0,2,9,1.51
9,2,6.5,16.4,75.9,62.7,5.8,1475.0,4,9,0.51
7,3,6.6,33.3,171.8,47.1,1.7,505.0,1,3,1.93
1,0,6.0,30.4,176.1,60.6,12.5,930.0,5,1,0.19
13,1,6.9,12.1,199.5,63.0,4.3,1069.0,4,8,0.11
2,3,8.4,36.6,101.2,43.2,0.7,567.0,4,4,0.1
13,0,7.8,32.9,82.8,68.9,6.5,640.0,3,5,0.19
0,2,7.1,21.8,78.8,62.3,12.1,518.0,6,2,1.23
9,0,4.9,10.2,95.3,39.3,14.0,737.0,4,12,0.24
3,2,7.6,12.6,84.8,22.0,17.5,1478.0,0,3,0.16
3,0,7.7,25.1,103.4,59.8,6.6,255.0,6,7,0.28
12,1,7.1,13.4,77.5,77.1,7.9,559.0,6,2,7.07
2,3,7.6,27.5,149.2,30.0,7.8,1216.0,8,11,0.19
0,2,8.3,34.9,171.1,43.1,19.6,857.0,8,12,0.57
14,3,7.2,30.8,57.9,35.7,17.8,1070.0,3,8,0.55
5,1,6.7,40.4,7.6,92.9,8.2,243.0,4,2,0.3
5,0,8.3,35.6,128.3,54.9,19.6,1206.0,6,4,0.35
13,3,8.0,15.6,39.2,58.1,1.6,48.0,7,1,0.1
9,3,4.8,17.6,116.6,87.8,15.3,1028.0,3,3,0.29
0,2,6.1,11.5,34.9,82.5,15.9,1492.0,3,2,0.52
10,1,8.3,13.2,168.1,69.2,18.0,158.0,3,8,0.1
0,0,7.9,12.3,194.3,63.6,8.7,1092.0,8,1,0.2
14,3,5.3,15.8,110.7,75.0,10.0,324.0,1,10,0.39
9,3,4.5,33.3,52.0,59.0,11.3,683.0,2,3,0.49
8,0,7.3,38.8,67.4,52.6,12.6,951.0,7,1,1.11
12,1,7.1,12.2,143.3,65.6,3.9,781.0,2,1,4.4
4,0,5.8,14.2,154.6,35.4,18.6,114.0,6,1,4.33
5,3,5.1,39.8,140.8,77.1,14.2,449.0,8,5,0.33
0,2,7.8,15.3,51.2,51.5,8.3,509.0,2,3,0.91
4,2,5.9,34.3,157.2,57.3,12.7,447.0,5,7,6.11
9,0,6.4,37.5,161.2,34.9,10.4,1205.0,6,5,0.62
12,3,8.1,28.1,60.5,21.4,6.3,329.0,8,5,8.59
3,0,6.8,20.5,198.6,83.7,18.6,343.0,3,5,0.23
4,1,5.8,39.1,155.1,48.5,6.1,501.0,0,6,4.33
0,3,7.3,28.2,158.1,62.9,3.9,567.0,6,12,0.59
14,2,8.2,29.3,118.6,27.6,13.3,901.0,1,9,0.27
1,1,4.7,27.3,16.0,68.2,18.0,576.0,7,3,0.31
1,2,7.4,16.7,78.7,44.0,13.9,919.0,4,1,0.42
2,3,4.8,33.9,165.8,48.9,13.0,173.0,7,8,0.2
2,3,7.0,18.9,69.3,52.2,18.6,887.0,0,7,0.37
0,1,4.7,22.7,93.8,43.1,2.4,48.0,3,8,1.18
1,2,7.8,25.5,130.6,92.2,0.7,232.0,4,5,0.27
12,2,5.9,36.6,31.0,57.2,18.6,455.0,7,5,4.22
10,0,5.1,20.7,98.1,53.5,2.6,177.0,6,2,0.12
14,1,4.6,30.7,13.9,75.0,19.8,1196.0,3,10,0.29
2,3,8.3,22.3,13.4,71.1,17.8,298.0,5,3,0.13
14,2,7.6,11.8,12.1,92.8,5.1,1175.0,1,10,0.2
6,0,5.6,20.1,127.2,79.2,12.8,876.0,3,8,0.25
11,2,7.4,31.5,109.9,49.5,16.0,921.0,1,8,0.1
12,1,7.1,35.6,176.7,23.1,3.2,1351.0,6,2,7.04
8,2,6.0,35.4,36.5,31.6,11.0,1341.0,9,1,2.37
12,1,5.6,18.7,190.2,30.2,1.3,1190.0,9,2,4.83
7,1,7.7,29.0,44.9,35.0,4.7,1464.0,4,2,6.51
7,0,4.8,31.9,68.7,26.8,9.1,402.0,4,6,2.68
10,3,7.2,41.3,121.6,48.4,14.1,1088.0,4,8,0.1
12,1,7.7,31.7,28.4,90.2,3.9,266.0,0,3,6.29
4,0,5.2,20.7,143.3,29.6,15.6,1222.0,8,8,4.29
7,0,4.7,37.1,101.0,77.9,3.4,46.0,1,11,1.02
11,3,8.4,23.2,7.2,60.8,3.9,653.0,7,4,0.11
12,1,5.2,36.9,154.7,53.4,3.9,613.0,1,6,9.24
12,3,5.8,13.2,20.3,77.2,11.5,577.0,0,7,2.88
5,0,6.2,14.1,102.4,73.3,3.7,63.0,9,6,0.88
0,3,7.8,21.1,107.3,90.8,16.5,754.0,8,9,0.78
2,0,4.7,22.7,174.5,57.1,1.6,1424.0,1,10,0.11
2,2,5.7,16.9,154.0,25.9,1.3,416.0,0,5,0.12
13,2,8.1,22.8,138.2,46.6,2.9,871.0,8,3,0.1
11,1,5.5,12.4,141.1,28.2,10.6,1334.0,5,1,0.11
14,1,5.3,36.3,163.1,65.1,16.6,143.0,5,12,0.21
10,1,6.5,40.5,63.9,82.3,7.9,741.0,2,7,0.1
11,0,7.4,41.4,53.8,40.3,15.0,354.0,6,3,0.1
11,0,5.6,10.6,125.0,68.4,1.0,967.0,2,11,0.24
1,0,4.6,33.4,198.2,83.8,14.5,1275.0,4,9,0.14
9,1,5.4,22.7,197.1,76.9,7.6,487.0,2,3,0.43
0,1,6.7,23.4,149.8,93.1,8.3,1144.0,8,11,0.65
10,3,6.7,15.2,68.6,66.1,1.0,291.0,9,12,0.22
10,3,8.1,24.4,137.3,70.1,17.2,1409.0,9,9,0.17
5,3,5.8,37.9,40.7,67.9,7.4,630.0,8,7,1.11
5,2,8.4,35.6,53.1,52.4,4.1,104.0,1,2,0.41
4,0,6.2,19.6,63.7,38.1,19.0,45.0,4,7,8.98
3,2,5.9,29.4,60.2,72.0,3.4,1472.0,3,7,0.49
1,0,7.6,29.1,55.6,35.5,18.6,1119.0,2,4,0.4
5,3,5.8,27.3,104.9,21.6,7.8,1496.0,4,2,0.55
14,3,7.8,21.0,163.7,21.0,9.0,282.0,5,11,0.39
6,3,8.1,25.0,171.3,47.2,1.6,185.0,6,4,0.1
5,3,7.1,15.2,128.9,31.8,18.1,236.0,4,5,0.66
13,1,6.0,11.5,71.2,30.7,18.8,636.0,6,7,0.15
11,3,7.6,28.2,15.9,91.8,18.7,965.0,1,12,0.31
12,2,8.1,14.4,172.3,20.9,19.9,1380.0,4,10,1.39
5,0,4.6,19.8,171.9,78.9,8.2,701.0,1,4,0.38
9,0,6.1,31.8,132.4,60.5,1.0,1035.0,5,3,0.4
10,1,5.9,23.6,58.6,56.3,1.1,505.0,3,10,0.24
4,3,7.5,31.0,66.9,93.2,10.2,1221.0,1,2,26.26
14,0,6.8,13.4,10.5,92.6,7.4,1088.0,1,12,0.22
3,3,5.1,29.4,95.4,84.6,3.2,1410.0,8,10,0.13
3,3,4.6,40.5,83.5,81.0,4.4,487.0,6,5,0.15
6,0,5.9,33.8,165.5,57.8,2.7,904.0,8,10,0.12
10,2,6.5,39.3,111.5,44.2,15.7,431.0,8,3,0.1
12,0,8.3,27.3,15.6,88.8,18.4,1407.0,8,5,3.74
7,1,5.8,28.1,93.4,63.2,8.1,1051.0,1,12,3.65
12,3,7.9,11.2,122.2,46.6,19.6,1352.0,5,12,2.75
5,0,5.8,13.6,138.8,35.9,6.3,684.0,8,7,0.79
1,0,6.4,15.5,57.9,50.4,3.1,260.0,6,12,0.63
6,0,6.9,37.5,90.8,80.8,10.7,258.0,7,11,0.1
12,2,5.5,25.1,53.8,88.4,5.4,354.0,1,5,7.19
5,3,5.8,25.7,109.2,55.9,17.8,852.0,4,4,0.49
12,1,5.6,19.6,0.2,48.0,11.5,987.0,2,10,2.6
1,0,4.8,25.3,165.9,74.2,4.3,1360.0,1,5,0.17
13,1,7.8,10.2,137.5,53.0,16.1,1084.0,4,10,0.1
5,1,5.1,10.0,21.8,73.4,7.0,46.0,6,1,0.34
5,3,5.4,36.3,198.9,71.7,10.6,1118.0,8,2,0.36
11,2,6.2,32.7,125.0,34.5,6.5,197.0,7,3,0.1
11,1,8.1,10.3,103.4,86.5,10.8,476.0,1,8,0.13
13,0,6.4,31.5,80.3,76.4,13.0,714.0,1,11,0.15
4,1,5.1,37.5,150.9,52.9,10.3,120.0,2,1,12.43
1,0,7.2,36.5,189.6,54.1,16.2,1227.0,1,12,0.29
13,1,4.6,27.7,50.7,38.4,13.4,1454.0,5,5,0.18
4,3,5.2,39.3,151.7,56.3,11.6,403.0,7,12,7.7
2,2,7.6,21.2,110.7,61.8,14.0,24.0,4,7,0.26
13,1,5.5,28.0,57.4,22.4,10.7,179.0,8,3,0.14
5,3,6.5,21.7,194.0,88.2,4.0,434.0,3,11,1.0
6,3,5.9,40.5,103.6,51.9,2.6,1122.0,6,5,0.14
10,1,8.1,33.2,18.7,73.0,14.0,1107.0,2,1,0.17
0,1,8.3,38.9,139.5,61.0,3.4,821.0,7,11,0.4
4,3,5.5,38.3,198.5,74.3,3.9,835.0,6,10,8.67
8,2,6.7,33.4,170.6,34.0,2.3,1334.0,2,6,2.4
6,3,8.3,22.6,103.2,87.1,2.8,1478.0,3,7,0.21
4,3,4.7,25.5,31.2,65.2,1.8,558.0,1,8,5.03
14,0,4.5,14.3,191.8,37.7,15.9,12.0,2,4,0.19
11,1,7.4,12.7,135.2,23.1,10.6,364.0,3,11,0.32
3,3,8.3,25.0,76.0,35.8,17.2,496.0,5,3,0.33
4,2,7.0,36.5,166.6,86.1,15.8,555.0,0,7,7.01
3,2,5.7,37.7,25.8,69.3,3.7,1316.0,3,2,0.19
4,3,7.6,20.5,144.0,20.2,0.9,114.0,5,3,9.24
9,3,6.6,25.1,95.7,30.5,10.7,718.0,8,8,0.66
12,3,7.4,22.9,112.0,26.3,15.6,1049.0,4,8,11.35
14,2,5.4,15.2,11.0,34.5,18.8,1284.0,7,2,0.16
7,0,5.0,20.5,63.6,90.7,2.3,473.0,0,11,2.61
11,2,5.6,36.5,21.8,60.0,9.3,1377.0,2,10,0.22
4,3,5.5,24.8,39.1,70.2,12.6,292.0,8,11,13.24
12,1,5.5,36.0,127.8,76.5,9.7,670.0,4,5,7.65
11,3,5.6,18.2,57.2,59.7,14.4,1162.0,4,2,0.11
4,3,6.8,23.6,72.7,36.3,1.6,467.0,0,5,13.77
0,0,4.8,22.9,6.4,34.1,3.3,1482.0,5,2,0.35
11,2,7.0,20.0,147.6,82.9,11.2,413.0,7,10,0.26
9,0,7.2,22.8,180.8,75.4,10.9,1358.0,8,6,0.81
1,2,8.1,30.2,128.8,52.2,13.9,1030.0,0,1,0.17
4,3,5.2,12.0,148.1,35.5,17.1,1342.0,7,10,6.25
8,3,5.9,29.8,188.5,83.4,14.7,1364.0,1,8,1.43
1,0,6.5,22.6,105.7,69.3,9.9,1461.0,4,5,0.4
0,1,6.1,13.1,187.8,75.0,4.5,1134.0,9,5,0.45
11,3,4.6,16.7,90.7,81.1,3.4,746.0,8,10,0.15
8,0,7.2,21.9,135.2,72.9,3.7,264.0,6,3,1.27
7,2,7.1,27.9,33.6,34.4,5.2,743.0,2,1,6.24
0,2,7.3,11.2,69.6,64.0,9.3,520.0,2,8,1.04
13,0,6.6,35.4,18.9,40.0,14.9,1297.0,4,12,0.31
3,3,6.5,17.6,32.8,58.2,18.6,963.0,8,2,0.29
1,3,7.3,15.6,108.0,80.8,11.2,413.0,6,10,0.97
4,0,7.7,19.0,157.5,48.2,12.7,1269.0,0,11,5.78
6,0,6.1,39.0,34.0,68.8,17.4,864.0,3,7,0.42
12,1,8.1,31.8,63.6,93.4,5.3,1185.0,5,5,9.29
2,1,8.0,35.2,123.5,28.8,11.8,669.0,5,7,0.18
8,3,8.4,38.5,181.8,59.1,2.4,1066.0,7,12,0.86
12,2,7.0,22.0,174.8,82.2,9.2,629.0,3,6,6.9
3,1,5.0,11.4,82.6,74.0,4.1,20.0,1,4,0.15
9,2,8.1,27.3,95.4,57.8,7.2,232.0,0,3,0.56
10,0,6.1,30.3,108.8,57.3,5.2,1356.0,4,9,0.17
3,3,5.2,17.3,169.9,33.9,12.9,68.0,3,4,0.25
6,0,6.7,12.4,9.2,88.4,5.8,861.0,1,3,0.1
3,1,6.1,32.1,4.3,84.6,18.7,113.0,6,6,0.36
0,3,5.6,10.6,114.7,25.6,13.7,87.0,1,5,0.49
6,2,7.2,22.8,13.4,41.1,7.2,110.0,2,7,0.35
8,0,7.7,30.2,179.8,78.7,2.7,951.0,6,5,1.64
4,0,5.1,28.4,30.5,21.3,12.3,19.0,8,4,7.36
11,3,7.3,40.1,71.1,94.8,15.6,151.0,8,8,0.1
14,1,5.8,33.7,142.7,26.9,2.0,1032.0,2,4,0.35
11,0,6.6,29.2,128.0,37.0,19.5,1015.0,5,9,0.2
6,1,6.1,30.3,131.9,66.8,9.7,250.0,8,7,0.43
2,3,8.5,27.0,119.6,86.0,8.5,47.0,4,9,0.11
10,1,6.9,16.7,130.9,28.3,15.3,644.0,3,2,0.14
7,0,7.3,28.1,75.5,40.5,9.1,1086.0,1,12,4.19
12,3,6.2,37.3,160.9,44.9,8.8,1043.0,2,7,9.96
4,3,4.9,23.1,87.6,20.1,14.9,521.0,9,6,7.7
0,0,5.2,18.3,194.8,43.0,3.1,240.0,1,6,0.56
0,3,5.4,38.6,112.3,83.0,8.5,142.0,0,1,0.39
2,3,4.7,22.3,58.6,57.7,10.7,1019.0,3,12,0.2
9,0,6.3,21.7,97.1,55.2,7.9,624.0,1,6,1.09
3,0,6.3,37.1,18.8,51.1,5.9,1067.0,3,9,0.21
4,0,8.1,28.9,47.0,86.8,16.3,622.0,1,11,11.74
10,1,6.3,26.8,147.3,59.6,2.0,946.0,0,10,0.26
14,3,5.1,21.0,79.5,52.1,4.8,1189.0,5,6,0.42
7,1,5.8,28.9,159.0,87.3,11.4,1363.0,8,10,4.52
5,1,6.6,21.0,0.2,57.1,17.2,1050.0,6,5,0.9
3,1,5.4,14.7,135.2,35.2,18.2,1212.0,6,12,0.1
0,2,4.5,37.2,165.3,50.9,5.8,1466.0,1,6,0.47
8,0,5.0,19.9,160.4,60.0,5.8,1351.0,2,6,1.61
10,3,4.7,21.6,91.8,22.0,13.6,906.0,9,6,0.1
3,1,8.2,36.1,106.5,80.3,3.2,867.0,8,2,0.13
3,1,7.1,35.1,124.4,43.4,19.8,943.0,4,7,0.23
5,3,5.2,31.7,135.5,75.1,8.5,1344.0,9,6,0.9
5,2,7.3,38.3,109.3,57.3,2.7,556.0,9,4,0.21
7,1,7.0,41.7,27.8,25.1,13.6,1367.0,9,3,1.92
7,0,6.1,30.6,85.9,32.4,12.4,205.0,6,12,3.27
14,2,5.1,16.6,51.5,38.1,1.4,13.0,8,5,0.71
0,2,7.8,38.9,136.8,79.6,12.7,448.0,1,8,0.74
5,0,5.6,32.4,138.8,49.2,4.1,293.0,5,10,0.81
13,3,6.9,22.4,64.0,38.1,17.7,1204.0,4,9,0.11
3,1,5.7,31.5,65.9,50.7,4.9,676.0,4,11,0.22
1,2,6.1,21.7,132.2,31.4,9.9,1109.0,1,7,0.47
13,2,6.3,41.5,168.6,38.8,14.2,49.0,1,4,0.1
8,0,5.7,14.2,65.4,31.8,14.3,234.0,9,8,1.54
7,2,7.8,36.9,17.3,41.1,19.9,672.0,1,6,2.17
11,3,8.1,18.8,81.1,67.3,15.4,937.0,2,8,0.12
11,3,6.3,21.3,68.9,38.2,9.4,724.0,3,5,0.15
10,0,4.6,36.7,77.7,51.9,7.8,394.0,1,11,0.1
2,3,7.5,18.8,99.0,77.7,13.7,22.0,1,5,0.15
4,2,6.8,41.4,156.8,79.0,11.8,1297.0,4,4,5.91
8,1,8.4,35.5,30.7,61.6,15.4,368.0,8,11,1.91
10,2,6.8,26.4,83.8,28.3,16.9,1300.0,3,6,0.12
8,3,4.9,34.1,109.7,72.9,6.9,60.0,2,5,1.15
11,3,8.0,14.7,144.1,68.4,11.7,930.0,7,7,0.11
1,3,5.1,33.0,101.1,75.8,6.5,1329.0,2,5,0.16
10,0,7.0,11.1,43.8,64.1,13.3,1293.0,3,9,0.18
8,0,6.0,23.6,26.9,28.3,10.4,1439.0,8,4,3.3
10,3,7.5,18.7,10.2,79.0,9.9,688.0,5,10,0.43
8,2,8.4,12.7,169.8,61.0,18.0,846.0,4,3,0.6
1,3,6.0,27.5,194.5,45.6,17.0,1235.0,8,3,0.36
8,2,8.1,39.6,155.5,86.2,6.9,1065.0,2,4,0.33
8,0,6.8,18.0,39.4,36.4,8.0,428.0,9,11,6.42
0,0,7.0,27.0,109.8,94.3,18.0,951.0,5,7,1.36
11,2,6.6,27.4,89.6,73.9,10.2,1410.0,1,12,0.15
7,0,7.3,17.3,146.1,53.4,5.2,658.0,5,10,3.23
2,2,5.1,34.9,170.1,57.2,19.1,346.0,4,4,0.15
10,0,6.5,21.6,66.8,88.0,9.4,494.0,1,10,0.27
12,3,7.5,12.8,175.3,26.9,0.8,677.0,0,7,3.43
13,1,5.1,10.3,174.9,65.8,1.1,1192.0,1,9,0.1
3,2,4.6,27.1,20.5,87.8,3.6,175.0,2,11,0.15
3,3,5.8,40.4,173.1,70.0,6.2,269.0,1,6,0.15
1,3,5.8,11.1,158.6,42.5,10.6,370.0,2,12,0.57
14,2,7.2,12.3,165.0,70.5,15.2,246.0,2,8,0.18
14,3,6.1,12.6,167.0,39.1,11.9,936.0,3,9,0.3
10,0,6.1,39.1,134.4,46.2,7.6,493.0,1,11,0.15
13,1,6.5,20.1,130.7,73.6,2.2,743.0,9,6,0.22
0,2,7.0,38.1,19.9,89.9,16.4,126.0,2,10,0.47
9,3,7.2,12.7,154.7,86.9,4.0,1297.0,1,9,0.25
8,3,4.5,11.9,103.6,88.9,3.1,1375.0,8,11,1.24
1,2,7.3,36.3,163.8,35.6,13.7,664.0,8,1,0.22
5,1,5.4,18.7,103.9,51.9,9.9,581.0,7,9,0.75
0,1,5.3,37.9,45.2,55.1,13.6,1315.0,8,3,0.76
1,1,6.3,36.4,51.0,90.3,10.9,721.0,5,2,0.36
13,1,8.2,22.7,186.3,66.4,0.7,1489.0,0,7,0.18
5,3,7.6,21.0,138.4,33.0,3.0,1072.0,6,2,0.4
14,2,8.3,17.6,103.2,22.4,18.7,714.0,7,12,0.1
9,2,6.3,20.7,13.6,42.8,19.2,403.0,9,8,0.51
14,2,7.2,26.1,95.8,39.2,9.6,369.0,9,7,0.32
2,1,6.6,10.4,186.5,35.9,19.9,73.0,5,10,0.12
6,3,7.1,14.5,57.2,72.8,13.1,10.0,0,3,0.14
9,2,6.7,13.0,105.4,87.3,3.2,1125.0,5,1,0.26
7,0,5.5,28.5,23.1,30.2,9.4,806.0,5,11,4.2
0,1,6.4,22.2,12.2,86.9,11.4,493.0,2,11,0.59
1,2,7.0,13.8,72.0,39.0,16.5,1042.0,2,2,0.42
7,3,8.0,15.3,126.5,44.0,7.7,761.0,7,5,1.42
10,3,5.6,18.4,152.5,25.8,18.9,1342.0,5,7,0.1
14,0,5.0,29.3,184.7,88.4,9.9,1484.0,7,6,0.3
13,0,5.5,38.5,171.5,74.3,16.6,512.0,3,12,0.14
3,3,7.7,19.7,130.7,55.7,7.1,535.0,9,11,0.16
11,1,7.8,10.6,159.2,50.7,10.9,639.0,0,4,0.11
1,0,8.5,41.3,34.9,42.6,5.8,1467.0,0,11,0.4
9,1,7.1,22.5,116.3,36.9,4.3,1223.0,4,4,0.77
6,0,7.5,27.0,16.5,81.6,10.9,407.0,1,1,0.23
6,0,7.9,39.3,188.0,43.2,13.0,226.0,5,4,0.1
13,3,7.4,34.6,168.4,48.7,15.2,834.0,0,7,0.28
3,2,6.6,17.7,55.8,26.8,13.4,76.0,1,4,0.67
4,3,6.8,31.5,158.2,58.3,7.4,13.0,6,11,12.08
5,0,8.4,20.2,91.3,76.8,13.7,234.0,2,3,0.39
9,3,5.9,13.5,120.7,44.0,16.7,469.0,3,2,0.24
4,2,6.4,25.6,128.1,39.4,4.2,834.0,4,2,20.87
0,3,6.7,19.1,195.7,22.8,1.5,717.0,2,9,0.5
14,3,4.5,38.6,86.8,75.0,17.2,1040.0,7,8,0.18
12,3,7.0,22.3,54.3,66.6,10.3,1362.0,4,11,5.53
12,2,7.8,37.3,52.3,46.2,10.1,551.0,0,8,6.27
9,0,8.3,30.4,51.8,55.3,14.2,740.0,0,11,0.69
14,2,5.0,40.4,115.3,38.7,12.0,1256.0,7,10,0.12
10,2,5.5,36.0,1.9,52.2,7.1,805.0,9,12,0.1
0,0,4.6,41.4,163.1,45.0,14.9,119.0,5,8,0.51
1,0,5.2,18.5,39.7,33.2,14.3,1051.0,0,12,0.98
13,0,5.2,29.9,0.5,35.8,11.8,992.0,3,10,0.13
12,1,4.8,18.9,169.9,61.1,9.1,1146.0,3,10,1.56
12,1,8.0,35.5,46.0,24.8,14.2,1433.0,4,3,8.58
3,3,6.6,38.4,8.3,26.4,6.4,665.0,7,4,0.29
13,2,7.8,12.7,113.2,94.2,13.3,649.0,3,5,0.1
9,2,6.5,15.7,194.1,84.2,9.2,371.0,1,6,0.74
0,0,4.7,36.2,117.2,63.6,19.2,778.0,8,4,0.4
0,0,8.0,32.7,106.3,70.9,10.5,1093.0,2,1,0.52
8,0,5.8,24.8,140.9,37.5,3.8,1405.0,5,3,1.47
4,2,6.0,12.9,120.0,54.4,19.4,454.0,8,7,5.5
2,3,5.7,36.2,34.5,43.5,16.6,775.0,1,11,0.27
8,2,7.5,36.0,56.4,37.5,17.2,161.0,9,2,0.53
13,1,5.7,17.6,94.4,31.1,6.2,955.0,3,6,0.14
7,1,5.6,15.7,38.0,79.2,19.2,1431.0,2,7,7.35
4,1,5.7,30.2,35.2,37.2,16.2,266.0,8,2,19.6
1,3,6.2,16.0,156.9,30.6,4.4,1128.0,6,8,0.43
0,3,5.0,33.1,126.6,87.1,1.8,1076.0,7,10,0.5
11,0,5.9,26.5,191.9,64.0,6.2,926.0,7,2,0.1
6,3,8.4,10.3,157.7,35.3,12.5,439.0,7,2,0.1
6,1,6.5,35.1,136.1,27.9,10.4,46.0,4,4,0.16
12,0,7.9,23.9,59.0,95.0,6.4,1267.0,4,9,4.54
3,1,6.1,19.5,16.6,27.5,4.9,138.0,6,8,0.15
6,1,4.7,38.5,170.1,34.8,9.5,305.0,0,9,0.1
4,0,8.4,16.6,110.2,57.4,8.7,1421.0,9,2,11.28
11,0,7.7,31.1,93.3,27.6,13.4,1232.0,7,1,0.1
2,1,5.4,14.1,93.8,53.6,14.7,1067.0,4,2,0.18
14,1,7.5,21.1,186.0,92.0,18.2,1090.0,3,12,0.24
5,1,8.4,18.5,78.3,84.0,10.1,204.0,9,10,0.95
6,2,6.2,17.6,35.9,74.4,12.0,620.0,1,3,0.37
2,0,7.7,41.4,82.3,25.7,17.3,122.0,0,5,0.18
14,3,7.7,15.2,59.6,54.2,5.4,593.0,7,9,0.55
11,3,5.8,26.7,101.0,31.2,14.1,863.0,4,9,0.14
6,1,4.8,37.5,113.2,38.3,16.6,508.0,0,8,0.1
12,0,5.0,28.7,196.9,28.7,9.0,1231.0,5,1,2.47
4,2,5.8,21.0,18.3,27.7,18.4,435.0,4,7,6.19
2,3,5.7,31.4,95.2,30.2,17.3,993.0,5,12,0.27
8,0,6.5,40.0,17.7,75.8,3.0,810.0,4,5,2.3
11,3,5.0,33.7,75.8,31.7,1.6,1123.0,3,8,0.1
4,3,5.6,37.2,45.9,58.8,18.2,1075.0,7,9,14.97
2,3,5.1,31.1,178.7,44.2,7.9,1234.0,5,11,0.19
0,0,5.1,25.2,154.9,85.6,5.8,1061.0,9,7,0.76
11,0,7.9,38.4,69.9,57.0,17.1,358.0,9,4,0.1
11,2,4.8,38.6,112.6,30.3,10.7,962.0,5,8,0.1
11,3,8.4,16.5,8.9,53.6,4.7,914.0,9,1,0.16
0,1,5.4,25.9,187.4,36.7,14.5,1163.0,7,2,0.52
12,0,8.3,17.6,70.7,43.4,3.1,848.0,9,1,5.69
13,0,8.3,26.2,93.0,79.2,13.4,978.0,0,12,0.12
13,1,6.0,39.4,11.0,78.1,5.2,190.0,7,2,0.23
14,3,7.2,30.7,0.9,50.9,9.6,132.0,7,2,0.23
0,3,5.7,10.2,124.5,24.4,16.8,308.0,5,3,0.29
3,1,4.6,19.2,128.0,80.6,1.3,161.0,1,7,0.12
3,2,6.4,39.7,132.1,39.4,6.3,1238.0,4,9,0.17
4,2,5.8,14.3,116.9,72.2,5.1,183.0,6,2,8.43
9,1,4.6,40.8,164.0,47.4,2.1,567.0,4,10,0.2
1,2,6.4,19.4,185.4,56.6,4.1,1079.0,2,12,0.73
14,1,7.0,23.7,42.3,37.5,14.0,901.0,7,11,0.93
8,2,4.8,15.8,134.1,87.6,2.3,1500.0,7,3,0.72
4,1,7.8,16.9,143.0,92.8,12.5,1053.0,2,9,6.99
14,2,4.9,23.9,14.8,43.8,2.9,3.0,8,1,0.2
8,0,7.6,24.6,26.5,40.6,5.8,377.0,0,12,6.14
10,3,7.7,42.0,179.7,90.3,7.8,1008.0,2,11,0.14
14,1,7.5,11.3,172.8,75.4,18.5,1322.0,3,6,0.25
7,0,5.8,36.6,195.2,51.3,3.4,22.0,7,3,1.02
6,1,5.5,39.8,47.4,43.6,9.6,774.0,2,10,0.19
5,1,6.2,35.1,104.1,64.2,6.1,1382.0,6,1,0.49
1,3,8.2,39.3,83.8,74.5,6.6,115.0,5,12,0.29
4,3,5.6,30.9,148.1,67.4,16.7,1491.0,7,12,8.62
9,1,8.2,23.7,0.7,84.6,11.2,542.0,6,10,0.36
6,1,5.2,23.5,84.3,46.4,10.3,584.0,1,4,0.18
8,0,8.3,11.1,162.9,86.1,8.3,1025.0,7,4,0.68
7,1,4.7,26.1,169.1,37.9,8.5,600.0,0,12,2.2
14,0,7.9,24.7,74.8,32.6,5.7,1249.0,2,2,0.23
7,0,8.3,15.3,82.8,28.0,2.8,898.0,2,2,2.17
7,2,6.9,11.4,82.6,60.7,13.0,1494.0,5,6,2.93
9,3,8.2,17.8,33.9,60.0,11.4,228.0,8,9,0.5
5,0,7.5,34.8,163.9,29.9,9.2,297.0,3,2,0.43
5,1,5.2,29.3,154.7,82.4,15.5,819.0,7,6,0.86
14,1,4.9,37.7,55.0,35.1,3.6,825.0,1,5,0.33
7,1,6.2,34.4,1.5,63.3,1.7,361.0,3,1,3.93
10,2,8.3,28.5,170.4,78.2,4.4,174.0,7,6,0.1
6,3,6.6,33.6,44.5,42.5,4.6,147.0,1,7,0.74
2,1,5.3,26.6,114.2,48.1,14.5,403.0,7,6,0.43
14,2,7.8,19.6,91.7,61.9,1.5,687.0,8,7,0.35
4,1,5.5,34.8,32.3,25.6,15.1,793.0,6,6,8.3
6,1,5.4,28.6,83.8,33.9,0.6,503.0,0,1,0.19
13,2,4.8,18.5,157.2,28.8,3.6,927.0,9,8,0.1
6,0,5.9,37.8,200.0,86.0,10.8,1423.0,6,4,0.1
0,3,8.3,12.6,148.6,24.4,12.8,884.0,6,7,0.46
1,2,5.9,10.0,74.1,25.0,10.1,337.0,8,8,0.34
12,1,7.5,15.6,9.8,82.0,8.2,744.0,4,11,1.97
14,2,5.2,21.9,5.3,26.6,11.5,315.0,5,6,0.42
4,0,7.7,22.1,90.7,56.9,4.7,826.0,2,9,14.84
11,3,6.2,24.3,184.3,94.0,6.6,80.0,2,5,0.14
7,3,5.0,39.5,4.3,77.4,1.1,363.0,6,1,1.14
4,0,6.3,29.0,121.4,30.1,10.7,222.0,0,4,8.74
14,3,6.4,28.5,138.5,65.5,16.8,1492.0,7,8,0.47
0,0,5.6,13.1,191.2,92.3,18.4,1261.0,3,11,0.24
6,2,7.6,38.8,146.4,28.4,1.0,1327.0,9,8,0.15
10,0,4.9,18.2,85.8,85.4,1.2,282.0,5,10,0.16
13,1,4.5,41.7,4.0,35.0,7.4,682.0,1,12,0.1
9,1,4.7,38.9,138.0,67.6,13.9,1160.0,0,2,0.29
2,0,5.0,31.8,62.0,46.5,3.3,237.0,6,12,0.34
5,1,5.3,26.9,148.0,85.7,15.2,1444.0,4,9,0.75
5,2,5.1,12.8,162.3,36.5,2.9,166.0,3,10,0.38
1,0,6.8,26.6,189.0,54.2,15.9,742.0,6,1,0.3
1,3,8.3,36.6,149.0,94.2,0.6,922.0,8,3,0.18
1,0,4.9,23.2,8.0,86.0,1.8,1425.0,2,3,0.2
14,1,8.2,24.0,188.1,52.6,2.1,170.0,5,6,0.32
0,0,7.7,28.2,4.9,45.4,16.7,348.0,2,8,0.6
5,0,5.3,30.1,85.6,58.4,3.1,6.0,7,4,0.39
0,1,4.6,16.9,42.3,38.5,16.4,432.0,4,7,1.4
0,3,5.3,13.8,148.8,54.2,3.1,1015.0,1,10,0.26
11,3,6.1,10.4,76.8,60.0,4.9,1116.0,5,10,0.27
8,1,5.6,32.0,154.1,40.4,16.3,250.0,3,2,1.2
6,2,7.7,28.5,110.9,56.9,11.7,878.0,7,4,0.18
11,2,5.2,30.6,128.2,57.7,9.6,712.0,5,9,0.1
7,2,4.6,30.6,136.7,44.4,6.7,1346.0,5,9,1.5
7,3,6.3,25.1,95.8,27.0,5.1,451.0,1,4,2.19
8,1,7.0,34.0,6.8,26.9,1.7,1028.0,2,12,2.95
0,3,5.8,15.5,12.1,83.2,19.3,912.0,4,7,0.9
13,1,5.6,10.5,177.4,78.3,18.9,127.0,7,5,0.11
4,1,5.9,34.2,76.7,86.3,18.2,1124.0,5,1,24.96
10,2,8.1,37.1,72.3,91.4,10.5,150.0,9,6,0.1
2,3,7.0,21.1,189.8,24.9,11.5,889.0,4,1,0.39
5,1,7.3,13.1,3.8,90.8,17.8,1374.0,0,2,0.44
14,1,7.9,31.6,102.0,88.4,8.0,1392.0,4,3,0.25
3,2,8.1,10.1,178.6,47.6,7.7,132.0,8,4,0.15
11,3,6.3,34.0,198.8,88.1,19.0,1319.0,2,1,0.1
10,3,8.0,14.4,81.7,27.6,15.2,684.0,2,11,0.2
2,3,8.3,18.5,12.8,43.6,5.6,838.0,3,8,0.1
9,3,7.7,38.2,119.4,27.8,6.3,1349.0,7,12,0.32
1,3,7.3,15.2,137.5,57.9,18.3,69.0,8,9,0.67
3,1,8.0,20.7,197.3,36.1,19.3,937.0,5,2,0.15
3,1,5.1,36.7,18.1,44.6,19.5,453.0,7,4,0.38
13,2,7.7,36.5,56.4,74.1,1.8,589.0,6,3,0.1
3,2,7.1,35.8,45.6,67.0,13.7,1101.0,5,10,0.33
0,1,8.3,33.3,171.0,90.5,14.7,613.0,8,2,0.5
12,2,7.9,33.3,3.8,72.8,6.5,763.0,7,2,5.89
3,0,5.7,39.0,186.4,20.8,4.7,528.0,4,7,0.17
7,3,6.5,18.1,117.0,23.2,2.1,1230.0,3,3,2.34
8,3,4.6,23.9,164.7,53.3,17.6,1040.0,9,6,1.77
1,2,4.6,36.2,42.9,42.3,8.2,400.0,8,11,0.33
10,2,7.0,27.5,105.1,27.3,3.4,403.0,1,8,0.12
5,2,7.6,13.5,157.1,30.4,2.3,686.0,6,5,0.48
5,2,6.2,14.8,113.4,67.6,7.5,250.0,0,3,0.36
12,0,4.7,11.8,0.8,51.8,5.0,722.0,8,10,0.69
3,2,5.7,17.4,174.1,65.7,11.3,572.0,8,2,0.12
10,0,7.3,20.4,160.9,33.6,14.7,1345.0,5,6,0.15
8,3,4.5,12.2,17.7,33.7,8.9,24.0,9,1,1.49
4,1,8.0,28.8,89.7,61.5,14.4,792.0,9,11,17.92
3,0,7.6,27.2,172.4,57.5,14.9,594.0,4,3,0.27
7,2,5.5,41.1,54.3,35.2,0.7,1171.0,8,4,1.53
10,3,6.1,31.0,34.7,86.7,10.8,550.0,8,12,0.24
14,1,4.8,29.2,21.3,23.5,9.4,925.0,5,8,0.36
13,2,7.1,28.4,119.8,31.5,4.3,42.0,6,5,0.2
0,0,7.0,18.3,78.2,67.4,5.7,1130.0,7,7,1.49
9,0,8.0,10.5,172.4,60.1,8.2,535.0,9,5,0.34
14,1,7.5,19.0,125.9,91.4,1.6,743.0,6,3,0.25
10,3,7.3,31.0,192.9,60.7,17.0,1287.0,0,1,0.1
0,0,6.5,25.9,160.5,30.8,16.7,571.0,6,11,0.45
1,2,4.8,36.7,91.8,40.6,13.5,913.0,2,5,0.11
5,3,4.7,32.4,148.5,75.4,2.1,1237.0,9,2,0.32
0,0,5.6,40.0,84.4,50.9,3.3,1437.0,0,10,0.58
9,2,5.3,40.6,139.5,68.3,8.5,1306.0,2,7,0.31
11,3,6.5,19.8,155.4,65.2,10.9,577.0,7,3,0.14
7,3,7.1,12.3,19.8,89.0,5.7,1320.0,6,7,3.06
4,3,5.9,41.9,150.2,32.1,14.0,1076.0,8,12,6.91
4,0,8.0,10.5,141.8,92.5,15.3,1048.0,9,1,4.17
14,0,5.0,30.2,117.9,65.2,3.9,397.0,8,6,0.3
7,0,7.2,40.1,86.6,29.0,15.7,1470.0,7,11,1.4
12,1,8.1,25.2,67.5,65.5,4.0,727.0,2,11,6.49
10,1,6.8,16.3,34.3,68.1,18.5,870.0,6,3,0.22
8,3,5.3,20.8,137.9,35.4,1.5,169.0,6,3,1.22
14,3,6.6,38.9,107.3,21.8,14.7,199.0,3,5,0.47
11,0,4.6,35.4,177.2,91.3,11.9,1069.0,9,3,0.1
7,0,5.9,41.7,17.6,76.4,8.9,373.0,9,9,2.94
0,1,5.5,18.5,86.8,38.7,17.0,526.0,7,2,0.76
3,1,7.9,12.6,87.4,77.0,15.3,1188.0,5,2,0.1
1,3,6.6,20.4,30.5,26.7,13.8,196.0,3,11,1.98
3,3,6.8,22.8,16.7,87.2,17.4,1458.0,8,9,0.19
10,3,5.5,13.5,15.0,31.9,15.5,1458.0,0,9,0.25
14,3,6.0,22.6,120.4,21.0,17.6,588.0,3,10,0.61
7,3,8.4,17.1,98.1,78.8,19.5,926.0,5,11,1.5
5,3,6.9,17.5,50.1,51.0,18.0,82.0,6,5,1.21
7,0,6.5,39.8,172.0,40.4,0.7,1385.0,0,1,2.4
0,0,6.0,33.3,86.8,55.6,5.9,1264.0,5,10,0.76
2,1,4.5,12.0,79.0,23.4,2.1,114.0,9,7,0.13
3,1,7.8,40.8,190.6,73.1,19.3,979.0,1,10,0.1
9,2,7.6,19.6,46.7,75.3,18.6,962.0,3,8,0.55
9,3,7.0,31.3,47.9,32.6,10.6,1299.0,1,9,0.95
0,0,8.5,25.9,42.7,43.8,16.7,651.0,7,1,0.44
8,3,8.1,32.3,94.1,27.1,19.4,766.0,5,10,1.24
3,3,7.2,41.0,198.4,47.8,11.4,902.0,8,4,0.16
11,2,8.3,18.4,132.4,61.1,18.6,457.0,1,5,0.1
7,2,6.4,18.9,42.1,85.7,15.7,847.0,8,8,5.86
4,3,5.2,31.5,101.9,62.6,9.0,1468.0,4,6,11.85
4,2,5.6,12.6,11.3,56.4,6.9,1058.0,1,1,5.78
0,2,6.1,32.1,77.5,94.7,2.6,1056.0,9,5,2.26
14,2,4.6,23.3,137.7,69.0,10.2,942.0,8,10,0.24
9,1,8.2,11.8,91.6,33.0,10.1,480.0,2,8,0.27
13,3,5.1,15.9,192.9,60.1,9.3,731.0,7,6,0.11
3,0,5.8,15.5,36.8,76.1,12.4,777.0,2,8,0.13
3,1,6.3,17.1,165.6,72.0,18.2,232.0,4,5,0.29
6,1,5.0,24.3,93.3,80.9,7.6,718.0,3,6,0.22
4,2,8.4,23.9,88.5,72.4,10.2,395.0,7,8,10.91
0,2,5.7,41.9,180.5,58.5,16.7,1224.0,5,5,0.87
13,3,8.2,22.2,108.4,77.5,13.7,267.0,1,10,0.1
13,1,6.3,15.7,80.4,54.9,9.0,445.0,5,12,0.1
14,3,6.3,33.0,53.5,68.7,18.2,407.0,9,4,0.68
2,1,8.0,21.1,184.8,65.6,5.7,490.0,2,3,0.17
0,1,8.4,38.2,155.6,33.3,11.5,762.0,9,11,0.38
6,0,5.5,22.7,198.2,40.6,4.3,450.0,0,12,0.15
3,2,5.0,28.4,8.9,27.1,11.2,482.0,4,1,0.11
6,1,6.1,38.1,4.0,26.2,1.3,518.0,4,2,0.11
5,0,6.2,15.8,129.0,78.4,7.3,306.0,8,12,0.69
3,0,8.0,17.8,148.6,87.4,15.3,1060.0,1,12,0.12
12,2,4.9,33.8,94.3,77.8,7.1,983.0,5,4,5.93
2,3,6.9,38.3,157.3,57.7,9.4,644.0,9,2,0.34
12,2,7.4,10.2,75.8,53.7,18.5,79.0,0,9,3.88
6,2,6.6,13.1,108.5,46.5,11.9,460.0,4,7,0.22
11,2,7.3,38.9,132.3,92.2,19.3,798.0,2,2,0.1
8,3,5.4,23.0,124.5,30.5,10.9,476.0,9,1,2.27
5,0,4.7,31.3,32.8,57.4,19.3,1496.0,1,5,1.43
8,3,6.3,12.2,137.0,85.3,8.3,1493.0,0,6,2.48
6,3,4.5,23.1,68.7,50.5,13.4,904.0,3,11,0.17
8,3,4.9,21.9,30.5,84.9,12.1,1393.0,3,10,3.07
9,2,5.2,12.3,46.9,58.6,18.5,1431.0,0,8,0.38
9,2,4.8,26.3,72.4,47.7,11.4,1464.0,6,9,0.72
0,3,7.5,38.7,81.0,86.2,1.8,618.0,7,3,1.01
3,0,7.4,29.3,25.8,23.1,6.8,1214.0,8,11,0.25
14,3,6.2,13.2,83.3,94.0,3.8,88.0,8,5,0.43
11,2,6.9,29.7,102.7,93.7,16.2,1160.0,0,1,0.11
10,0,5.8,41.3,17.7,77.2,2.0,279.0,2,2,0.11
11,1,6.3,26.9,24.8,81.5,6.6,598.0,3,12,0.35
10,1,7.8,17.1,177.4,81.5,3.4,951.0,9,7,0.13
11,0,5.8,34.7,91.1,73.7,4.1,453.0,0,6,0.1
13,1,6.3,10.2,112.4,42.5,18.4,1050.0,1,10,0.1
5,3,5.1,19.8,140.8,43.0,19.6,1370.0,2,5,0.61
9,1,4.6,20.9,151.5,85.7,16.2,1290.0,9,6,0.81
6,3,6.7,38.1,171.5,53.1,16.2,656.0,1,7,0.23
1,3,5.1,22.4,41.1,33.4,11.2,296.0,6,10,1.3
7,1,7.3,25.4,0.4,25.3,19.2,525.0,8,1,4.1
7,0,4.7,37.6,99.4,90.6,3.5,67.0,6,12,0.88
5,2,8.0,36.8,92.8,72.1,5.4,506.0,2,5,0.47
3,3,8.2,17.9,104.9,40.2,11.6,1399.0,4,6,0.24
10,3,6.8,32.1,179.2,86.7,13.7,261.0,9,6,0.1
2,2,7.6,32.1,40.7,61.0,17.0,1302.0,9,5,0.49
10,3,5.5,23.9,165.0,28.7,17.8,1056.0,4,9,0.19
6,2,5.3,20.2,170.7,40.0,2.6,1002.0,9,12,0.17
3,2,6.7,31.6,159.2,61.5,4.6,1274.0,1,5,0.42
5,0,4.8,32.7,123.8,76.1,1.5,767.0,0,12,0.52
7,2,6.6,22.3,189.1,65.0,10.3,1194.0,0,10,3.61
4,3,7.1,37.8,127.5,28.1,6.8,125.0,0,6,11.53
6,2,6.5,11.4,24.0,80.5,0.6,25.0,0,9,0.18
11,1,5.5,26.5,4.1,69.7,9.6,153.0,7,2,0.1
0,3,4.6,29.0,116.7,72.5,14.1,653.0,6,4,0.51
1,1,4.9,31.0,55.7,41.7,13.3,24.0,0,10,0.38
6,3,7.0,12.1,33.8,26.0,18.1,10.0,5,11,0.23
5,2,5.9,38.8,78.9,46.6,2.4,23.0,8,1,0.23
2,2,4.9,40.2,156.7,45.6,3.2,498.0,3,12,0.1
6,3,6.4,13.0,9.6,82.7,16.7,400.0,7,10,0.12
5,2,7.2,14.6,131.7,26.1,13.0,970.0,2,2,0.4
11,2,4.9,24.3,23.5,84.6,19.4,736.0,8,5,0.13
7,1,5.1,23.3,131.0,44.2,3.8,677.0,5,2,3.26
8,2,7.1,24.7,134.6,24.6,16.1,357.0,8,5,1.82
8,0,7.9,11.7,143.8,85.6,14.3,457.0,6,1,1.61
2,3,8.5,31.4,190.4,69.6,8.9,1450.0,1,10,0.1
8,3,5.9,23.5,99.1,40.0,17.2,320.0,7,10,2.58
3,3,7.8,19.0,4.3,80.3,6.7,1369.0,9,5,0.27
2,3,5.0,27.1,160.5,53.5,18.0,1479.0,7,4,0.11
11,2,6.1,19.6,38.3,58.5,8.1,434.0,9,1,0.19
10,2,5.0,14.2,150.9,40.5,9.8,271.0,8,3,0.1
11,2,4.7,17.8,28.3,27.3,19.5,387.0,6,4,0.13
12,1,7.1,23.1,90.0,72.8,13.1,1280.0,9,1,11.14
0,2,4.6,20.6,99.8,49.3,0.8,603.0,0,12,0.73
13,2,7.5,12.2,5.3,93.7,2.8,665.0,4,2,0.1
7,2,6.0,32.1,91.7,38.3,7.9,113.0,7,1,3.22
2,2,7.6,37.7,77.0,22.9,18.5,587.0,3,9,0.13
1,1,8.2,23.5,93.3,63.9,13.9,138.0,1,8,0.36
11,0,7.8,36.8,14.1,30.7,16.6,685.0,2,3,0.1
0,3,5.9,17.1,138.4,30.7,12.3,681.0,8,7,0.9
3,3,4.7,39.0,18.5,26.7,13.1,1261.0,7,2,0.1
9,2,7.9,12.7,85.9,83.8,9.4,619.0,6,4,0.46
10,2,7.4,35.2,0.8,49.6,18.5,462.0,0,9,0.1
14,1,7.1,29.9,51.5,57.0,3.3,385.0,9,2,0.44
7,3,4.8,33.6,148.5,31.9,7.7,1359.0,4,12,1.55
13,0,6.5,30.2,124.3,89.7,8.1,1280.0,7,4,0.15
3,1,8.4,27.9,85.9,34.4,16.5,180.0,2,8,0.15
3,1,7.8,20.0,75.2,79.2,3.8,513.0,7,5,0.48
14,1,5.6,26.1,99.8,21.5,13.1,1499.0,3,8,0.4
8,1,7.6,23.8,122.1,75.0,12.4,64.0,1,4,1.44
8,2,5.0,33.8,145.3,94.0,3.3,1420.0,7,11,1.22
2,1,5.3,20.4,28.7,82.3,18.4,699.0,5,1,0.67
13,1,5.5,20.4,195.0,41.6,4.8,471.0,9,8,0.17
12,3,5.6,37.9,126.6,79.4,10.6,496.0,5,9,4.53
3,2,4.8,38.9,0.9,26.7,3.7,1187.0,3,9,0.1
10,1,7.3,18.4,141.6,33.8,12.0,1390.0,6,9,0.24
11,0,8.0,18.5,116.6,77.7,10.6,1135.0,7,3,0.11
8,1,8.4,37.4,30.4,55.4,9.9,285.0,2,3,0.94
3,2,8.4,40.4,9.4,48.9,6.9,1117.0,9,6,0.16
11,1,4.7,39.3,57.4,84.2,19.6,1248.0,7,8,0.1
6,3,5.0,38.4,32.0,65.5,17.4,209.0,0,1,0.11
10,0,5.1,15.4,5.0,66.5,6.4,1049.0,9,8,0.12
3,2,7.4,31.1,105.8,92.3,19.2,669.0,3,12,0.2
1,0,8.0,11.8,101.0,28.3,8.7,1112.0,9,9,0.53
12,2,8.2,31.1,186.4,77.2,3.2,524.0,4,6,6.2
14,2,8.3,23.9,35.4,66.8,4.1,425.0,2,9,0.54
8,0,4.7,31.4,174.2,26.8,11.1,556.0,3,2,0.64
0,2,6.9,35.9,134.8,30.6,10.2,1159.0,7,10,0.61
3,2,8.0,30.6,169.7,91.3,9.4,975.0,9,3,0.32
13,0,7.1,25.4,103.8,62.8,13.7,714.0,9,8,0.26
2,3,7.3,37.9,1.8,23.3,0.7,238.0,2,10,0.15
14,0,5.0,21.4,158.3,80.1,4.6,1457.0,3,2,0.15
4,0,5.2,20.7,59.9,38.6,15.9,167.0,1,5,8.12
3,0,6.5,21.7,85.4,33.5,9.8,1346.0,8,12,0.17
3,1,4.9,11.4,67.8,41.2,7.0,310.0,1,3,0.12
3,3,8.4,11.6,57.2,27.0,13.1,1051.0,2,1,0.14
7,2,8.3,26.1,179.2,65.0,2.3,1216.0,5,8,1.49
7,3,6.8,29.5,36.1,63.9,8.8,218.0,5,6,9.2
7,3,6.3,27.3,15.7,71.9,8.7,623.0,2,2,3.6
6,3,8.2,15.8,158.6,39.1,17.1,561.0,3,2,0.1
8,3,6.3,39.2,52.3,28.2,3.8,1433.0,2,2,1.17
3,1,5.7,22.3,76.9,75.2,2.2,131.0,5,8,0.25
0,1,5.3,17.0,55.1,72.0,14.7,817.0,6,2,0.83
4,2,7.8,20.4,4.9,93.3,4.5,766.0,7,5,5.14
2,3,5.7,26.6,116.1,38.4,6.5,641.0,0,4,0.19
4,3,5.4,19.0,139.4,39.3,1.4,54.0,1,7,7.16
12,2,5.6,32.5,14.6,40.6,18.6,239.0,5,11,2.61
1,0,4.9,41.3,31.5,72.3,2.5,301.0,9,2,0.2
6,1,7.6,35.3,154.8,67.6,6.6,137.0,7,11,0.13
8,3,5.3,33.3,137.9,50.2,10.5,1317.0,6,10,2.25
14,0,4.6,23.8,46.2,20.4,12.3,188.0,3,3,0.28
14,0,6.2,21.2,94.9,38.7,8.5,1202.0,8,10,0.59
14,3,7.9,32.7,95.3,41.3,18.2,487.0,4,9,0.49
2,2,4.9,33.7,11.7,69.1,17.7,1314.0,2,9,0.1
5,3,8.5,35.1,6.4,37.8,2.5,1335.0,0,5,0.31
10,3,7.0,26.3,120.7,66.2,8.6,1387.0,1,11,0.28
10,1,7.6,15.0,51.1,37.5,2.2,1474.0,8,11,0.27
13,1,5.3,26.8,70.7,64.7,6.7,568.0,5,8,0.17
3,1,7.2,19.7,194.9,84.8,6.4,811.0,8,4,0.29
2,3,7.1,35.7,145.4,79.1,10.9,1476.0,8,6,0.31
12,2,8.2,15.0,143.8,44.6,13.8,47.0,9,6,4.22
8,2,7.4,20.1,196.9,53.4,19.9,522.0,5,11,2.17
3,3,7.8,35.7,15.3,53.9,10.9,299.0,8,5,0.29
1,3,7.1,41.7,55.8,46.9,2.1,600.0,0,11,0.7
2,0,6.1,39.7,121.8,88.0,3.0,578.0,0,3,0.35
3,0,7.2,19.4,61.4,56.8,12.4,282.0,6,9,0.25
12,0,6.6,37.9,167.5,69.1,17.4,1137.0,4,2,9.26
4,2,4.8,21.4,158.7,24.3,0.6,1420.0,3,7,3.89
9,0,6.0,22.5,15.2,42.3,8.1,1341.0,9,7,0.7
11,0,6.9,33.4,52.5,89.5,18.6,822.0,9,9,0.11
7,0,6.8,16.9,80.5,66.0,8.6,19.0,0,11,4.52
8,1,5.1,32.0,1.2,70.9,17.3,693.0,2,7,1.77
8,3,6.3,16.2,90.5,74.0,17.2,446.0,1,11,3.42
12,0,7.7,19.1,141.6,39.8,19.6,279.0,7,2,5.34
2,1,5.6,18.3,31.6,85.7,10.9,942.0,8,12,0.32
6,3,4.9,34.6,136.0,45.0,12.0,172.0,9,11,0.1
6,3,8.3,20.9,179.7,90.7,1.0,1375.0,2,9,0.1
0,3,6.0,28.9,147.0,82.9,13.6,29.0,5,4,0.57
14,2,7.4,39.8,53.5,64.9,20.0,345.0,3,1,0.24
10,1,6.5,16.1,189.7,26.8,1.1,739.0,2,5,0.15
13,3,6.3,31.1,57.2,91.5,19.9,217.0,3,6,0.25
11,0,6.7,19.5,135.0,33.7,15.2,101.0,4,1,0.14
2,0,7.7,41.7,178.0,43.1,5.5,1469.0,6,11,0.1
0,0,8.4,31.2,4.7,72.8,4.7,251.0,4,1,0.38
10,0,4.7,26.2,116.6,45.2,12.3,234.0,3,8,0.1
4,3,5.7,40.1,58.0,63.9,18.2,100.0,1,5,9.54
14,3,4.8,26.5,150.5,91.6,18.8,808.0,9,12,0.16
14,0,5.5,30.9,19.8,84.6,10.8,500.0,9,2,0.37
12,3,4.9,12.9,79.8,42.3,7.4,479.0,9,1,2.63
13,3,4.7,16.2,82.9,23.0,6.8,946.0,5,3,0.1
6,3,8.2,10.2,96.3,71.0,18.3,502.0,2,10,0.1
7,0,5.4,34.8,165.6,38.3,5.8,643.0,1,9,2.75
13,3,4.6,29.8,2.0,86.5,16.2,1402.0,2,4,0.1
7,1,7.9,17.2,105.0,90.5,2.7,330.0,3,11,2.48
7,0,6.3,33.7,147.0,52.2,4.0,346.0,8,7,3.66
11,2,5.7,41.3,49.1,66.7,17.5,462.0,1,5,0.1
6,3,7.9,31.4,101.8,30.5,19.9,885.0,3,7,0.32
7,3,6.6,22.5,189.3,32.1,19.7,866.0,3,12,3.76
13,3,5.3,27.9,54.6,21.8,19.8,1260.0,7,2,0.1
7,2,6.8,30.3,97.5,27.7,18.4,104.0,4,2,2.41
3,1,8.0,39.8,125.0,74.0,18.5,412.0,8,4,0.32
9,0,6.7,18.1,15.9,54.1,19.5,680.0,9,8,0.32
9,3,4.7,15.8,169.0,32.1,13.8,350.0,1,6,0.64
9,3,4.8,23.0,164.2,46.1,5.8,1092.0,1,6,0.72
7,0,6.8,34.8,94.2,20.8,5.4,900.0,0,8,2.9
12,3,6.8,20.3,109.4,62.4,17.1,274.0,6,11,5.6
1,2,8.2,30.7,73.0,81.5,7.2,1140.0,3,1,0.17
2,0,6.1,29.7,169.1,71.4,12.1,1303.0,6,12,0.44
0,3,6.0,35.9,3.8,46.0,18.0,1003.0,9,2,0.68
14,3,5.6,14.2,158.0,64.9,13.1,1259.0,2,9,0.38
4,3,4.9,21.5,37.5,59.0,9.2,488.0,4,6,5.39
8,2,5.0,15.4,59.3,48.5,17.8,345.0,0,5,1.09
12,2,8.4,31.3,151.4,20.1,0.6,1019.0,0,12,3.96
10,2,6.5,13.8,177.1,25.3,8.8,1202.0,5,11,0.2
10,0,8.2,13.8,77.3,63.5,8.7,129.0,8,3,0.1
14,2,6.7,23.1,186.3,35.0,13.9,17.0,7,7,0.4
10,3,5.6,25.7,121.2,94.9,17.0,1304.0,9,7,0.11
11,2,5.1,15.7,84.8,93.0,9.5,212.0,8,3,0.1
13,1,5.7,36.1,44.2,75.4,0.7,338.0,2,9,0.15
8,0,5.9,10.0,82.8,63.4,18.0,1473.0,0,2,1.14
11,3,6.4,12.7,82.1,43.0,7.9,993.0,5,8,0.15
12,2,4.6,12.0,118.6,40.4,2.5,866.0,7,1,3.01
11,1,6.0,40.8,125.8,25.2,10.9,450.0,0,9,0.11
11,0,5.3,13.4,25.5,40.9,3.4,674.0,7,1,0.22
5,1,5.5,37.3,55.6,47.3,18.5,717.0,4,4,0.39
3,2,5.2,14.6,116.0,58.8,7.9,591.0,7,6,0.17
14,3,7.8,23.3,177.7,42.3,18.4,1045.0,7,5,0.44
6,1,7.1,19.9,49.4,49.4,4.9,1251.0,9,8,0.48
14,0,7.9,29.9,31.0,20.7,7.7,1334.0,2,10,0.99
3,3,8.3,24.7,47.2,74.5,9.0,1000.0,8,9,0.31
12,0,5.3,22.3,186.5,43.2,8.6,1315.0,7,11,2.46
7,3,6.1,12.5,34.4,25.1,7.1,262.0,7,8,3.53
14,2,4.8,38.2,48.5,80.5,5.8,414.0,2,6,0.4
6,2,6.5,29.5,182.8,58.8,15.0,1381.0,2,4,0.23
1,1,5.1,33.6,18.0,55.4,1.7,939.0,6,3,0.3
13,0,4.7,15.4,15.0,93.7,19.3,805.0,2,3,0.12
10,0,5.6,10.2,53.2,62.1,19.8,471.0,6,12,0.13
12,0,5.9,17.4,26.1,25.7,15.6,389.0,9,7,3.47
7,1,8.1,34.4,52.9,31.6,9.2,317.0,0,3,2.29
2,3,5.0,23.6,87.1,28.8,8.5,524.0,8,6,0.16
4,3,6.2,28.0,60.6,34.8,3.0,850.0,8,10,28.92
0,2,7.6,10.1,55.9,47.6,16.6,305.0,6,12,0.5
10,0,6.3,12.3,161.0,86.4,12.4,357.0,3,6,0.12
1,0,5.2,35.5,133.2,30.3,18.2,624.0,6,11,0.31
3,1,5.4,21.0,27.2,84.9,18.6,1112.0,1,10,0.26
14,0,5.1,41.0,192.0,90.5,4.8,236.0,3,1,0.12
10,2,4.6,19.3,40.7,38.3,16.9,369.0,7,3,0.1
8,0,8.1,35.5,85.2,42.0,11.1,1119.0,9,1,0.7
14,2,5.8,41.3,69.0,91.6,15.9,346.0,9,5,0.31
13,0,5.4,31.1,36.7,26.0,10.3,1146.0,4,7,0.37
1,2,5.6,38.8,10.8,79.0,8.9,687.0,9,10,0.32
14,3,5.2,19.5,28.0,64.3,13.0,1477.0,2,10,0.91
0,1,4.5,18.3,168.7,39.9,5.3,798.0,0,11,0.26
12,3,5.4,27.5,14.8,32.8,1.2,839.0,7,12,2.76
11,1,4.5,11.4,7.7,57.8,7.5,15.0,0,1,0.1
10,0,6.1,11.7,9.4,48.0,5.4,1263.0,4,12,0.26
1,2,4.9,34.7,178.6,48.3,10.4,507.0,9,6,0.1
0,3,5.0,26.0,14.2,80.2,19.3,208.0,1,7,1.1
1,1,6.3,29.3,192.1,68.9,7.4,131.0,9,12,0.65
8,1,7.5,33.6,13.2,78.8,3.1,1328.0,8,2,1.71
9,1,7.8,14.1,120.9,71.3,3.9,1480.0,0,7,0.3
2,1,5.3,27.1,125.2,41.8,4.2,40.0,5,8,0.29
9,0,6.8,15.6,83.2,44.2,15.3,103.0,4,8,0.47
11,3,8.4,33.1,37.1,79.1,16.4,1158.0,5,11,0.16
6,1,6.5,22.4,6.4,57.5,8.2,483.0,9,6,0.43
13,0,6.0,32.5,32.8,54.9,1.5,975.0,7,1,0.22
3,3,4.5,31.2,9.0,67.4,3.3,82.0,4,9,0.1
7,0,7.7,36.4,66.1,43.7,6.3,843.0,8,4,1.45
4,0,6.7,37.3,81.1,26.9,11.3,1298.0,8,8,11.3
7,0,7.4,10.3,98.1,74.6,10.7,452.0,2,8,1.67
13,0,8.0,26.9,3.9,78.8,15.6,1456.0,7,12,0.12
3,3,8.1,31.8,25.5,88.7,1.3,1259.0,4,8,0.22
13,2,4.7,13.5,58.8,82.8,11.7,702.0,6,2,0.1
5,0,6.3,25.1,5.7,66.6,17.2,995.0,3,8,0.88
2,1,5.5,27.5,80.4,65.2,1.0,182.0,4,12,0.34
0,2,4.6,19.2,85.1,25.9,19.0,1306.0,9,11,0.57
10,1,7.4,26.5,134.8,52.7,9.5,791.0,7,7,0.14
13,3,8.1,36.8,55.6,78.4,15.8,1429.0,8,8,0.16
14,3,7.8,29.3,186.0,57.4,12.7,225.0,3,1,0.24
12,1,7.4,12.5,11.0,52.1,6.0,647.0,2,9,1.72
5,1,5.7,13.9,68.0,52.3,8.3,1465.0,7,11,1.27
7,1,5.2,21.6,135.7,51.8,16.9,96.0,9,6,3.92
12,3,8.1,36.0,173.8,33.8,2.9,259.0,7,11,2.93
0,0,5.3,36.4,62.5,45.5,9.9,885.0,2,9,0.69
4,1,5.9,19.5,161.8,21.5,13.5,1212.0,6,9,7.86
1,3,7.8,16.4,148.3,26.2,10.3,547.0,9,11,0.73
8,0,8.0,20.9,9.6,22.6,2.3,853.0,6,12,1.88
10,1,7.6,17.4,103.2,23.7,8.8,788.0,7,7,0.13
5,1,5.1,13.1,129.7,77.8,11.3,701.0,9,12,0.57
0,2,5.9,18.1,15.6,52.2,8.7,491.0,6,11,0.52
4,2,7.0,30.6,136.3,71.9,17.4,1205.0,2,12,18.36
12,2,8.3,18.2,96.8,68.9,2.8,482.0,3,4,7.01
14,2,7.9,25.0,152.0,77.8,15.0,1055.0,0,12,0.22
2,1,8.1,23.5,177.0,25.7,13.7,1462.0,6,6,0.19
2,0,7.1,40.0,175.9,45.8,2.4,710.0,7,3,0.16
6,0,6.3,33.5,169.3,31.2,9.3,593.0,6,5,0.25
5,0,4.9,25.6,55.3,82.7,4.8,1245.0,5,8,1.06
7,2,4.6,41.0,142.3,64.8,11.1,202.0,4,12,0.76
2,2,8.4,14.2,165.3,63.7,15.0,1049.0,9,8,0.1
1,0,6.5,13.9,163.6,58.2,5.2,1278.0,7,1,0.42
0,1,4.9,15.4,103.4,71.2,7.9,1070.0,9,3,0.62
13,0,5.2,21.2,110.8,54.1,13.6,382.0,9,4,0.1
9,3,8.2,18.9,86.5,37.1,6.5,148.0,0,11,0.44
9,2,4.8,16.8,173.1,40.8,7.5,1412.0,2,5,0.61
14,3,6.1,39.2,146.0,93.9,12.7,278.0,2,5,0.44
10,1,7.7,32.5,94.6,56.1,10.1,172.0,1,3,0.12
0,0,5.1,38.0,164.8,27.8,7.4,859.0,3,1,0.3
14,1,4.9,21.0,25.4,48.6,6.8,695.0,3,7,0.52
3,2,5.7,40.6,153.7,68.2,5.3,561.0,9,2,0.1
14,3,8.5,24.2,63.2,32.1,10.1,749.0,8,3,0.23
1,1,6.6,31.8,193.5,22.3,17.5,323.0,4,10,0.47
2,3,6.1,14.3,176.7,27.7,12.9,1101.0,7,11,0.12
8,1,4.9,15.0,39.2,51.8,2.4,1389.0,2,12,3.58
13,3,5.0,38.4,124.3,57.5,5.2,1221.0,2,8,0.15
3,1,6.4,17.7,89.5,39.4,14.9,1106.0,2,9,0.16
9,0,7.4,35.9,78.9,22.6,15.2,373.0,7,1,0.5
5,0,5.1,19.8,193.6,37.0,16.1,1292.0,2,5,0.72
11,3,7.5,39.4,132.3,44.2,18.6,1192.0,2,11,0.14
8,3,5.4,24.1,77.7,63.1,13.6,1052.0,1,1,2.29
0,3,6.9,38.0,66.7,35.7,13.5,1098.0,6,5,1.59
9,3,7.1,40.8,75.6,46.2,17.7,1075.0,0,1,0.38
6,2,8.2,19.9,161.0,56.2,2.8,1110.0,9,1,0.1
4,1,5.3,41.0,18.1,86.5,4.1,1398.0,5,8,5.12
8,3,5.6,29.8,92.9,50.6,18.0,534.0,4,10,2.82
6,2,6.8,16.6,182.2,57.6,17.6,309.0,1,11,0.17
9,2,4.7,32.9,164.3,27.3,18.8,102.0,9,12,0.36
8,1,5.9,38.3,103.7,86.0,1.4,892.0,2,2,0.69
3,0,7.7,18.9,59.0,20.6,4.9,766.0,2,2,0.27
8,2,6.8,35.0,118.5,24.0,15.4,259.0,4,9,1.1
14,1,8.0,32.7,179.3,45.4,8.0,946.0,2,9,0.3
3,0,7.7,18.0,66.8,36.3,4.8,626.0,1,12,0.18
1,3,6.6,15.5,36.4,64.3,3.3,434.0,7,9,1.36
5,0,5.8,36.8,4.6,63.1,18.0,1084.0,6,7,0.81
8,1,7.4,16.1,73.0,59.0,12.2,1012.0,4,11,3.08
8,2,7.9,22.8,167.5,74.0,2.0,478.0,9,10,2.39
13,2,6.7,38.7,149.8,56.5,5.5,542.0,3,9,0.12
7,3,6.9,19.6,12.3,66.6,2.3,406.0,1,5,3.53
5,2,4.7,37.3,32.0,25.9,9.5,808.0,7,4,0.35
2,2,6.3,19.3,162.0,71.5,7.4,615.0,6,9,0.1
13,3,8.3,20.3,59.7,51.7,2.3,944.0,6,1,0.1
9,0,8.4,10.7,135.0,92.9,14.5,868.0,0,4,0.25
13,3,7.4,31.3,199.6,28.2,15.7,1251.0,2,1,0.14
2,3,6.8,23.9,174.8,30.0,12.8,1114.0,8,4,0.19
0,1,4.6,30.9,133.0,47.5,8.2,1324.0,8,12,0.46
7,0,5.2,33.8,90.1,78.0,11.3,522.0,9,6,2.92
12,1,5.3,38.5,143.9,77.3,5.7,455.0,2,6,7.6
9,0,7.1,37.9,192.5,69.8,1.9,712.0,5,8,0.33
1,1,5.2,31.2,193.3,50.8,2.0,1099.0,4,3,0.18
12,1,6.7,16.9,183.0,28.5,6.8,190.0,8,3,3.74
5,0,8.0,30.6,83.6,25.1,12.9,400.0,4,2,0.4
13,2,6.3,30.8,125.3,85.9,17.3,211.0,3,11,0.12
3,2,5.9,23.4,151.3,79.9,2.6,715.0,1,5,0.34
6,1,6.8,39.1,76.7,79.6,17.8,1328.0,3,6,0.24
2,0,7.7,20.4,178.7,79.0,13.9,359.0,6,9,0.17
11,3,7.4,40.0,68.2,60.3,10.2,17.0,5,6,0.1
13,2,7.7,23.5,33.7,23.4,4.2,884.0,1,11,0.13
0,0,4.7,11.8,99.9,73.7,18.4,1044.0,6,7,0.59
13,1,6.9,34.7,2.6,77.7,9.9,840.0,2,3,0.14
5,2,5.1,38.0,90.9,68.9,8.7,1051.0,4,8,0.3
8,1,7.2,23.4,99.3,66.2,12.7,836.0,8,8,1.43
13,1,7.6,19.6,16.2,20.6,8.0,1319.0,2,8,0.17
5,2,7.1,39.2,130.0,82.7,19.0,142.0,7,7,0.49
7,2,7.3,11.3,133.5,31.4,7.6,108.0,8,11,1.3
0,3,7.4,32.4,151.7,94.6,2.3,159.0,0,4,0.61
10,3,6.9,26.3,193.8,46.8,1.7,1340.0,0,1,0.14
11,3,6.4,15.5,132.5,48.6,11.4,706.0,5,4,0.13
3,2,5.5,22.7,192.2,94.2,15.8,154.0,7,1,0.15
3,0,6.1,19.3,105.4,37.8,10.2,1191.0,0,7,0.21
2,2,7.0,16.4,1.4,21.9,2.0,1159.0,3,1,0.19
12,1,5.2,20.3,186.1,35.5,15.6,1084.0,4,10,2.28
13,2,8.0,35.0,23.4,25.9,19.2,601.0,4,5,0.32
9,2,4.9,11.3,55.1,54.1,15.3,504.0,0,5,0.83
9,1,4.9,19.5,142.7,36.9,11.9,843.0,3,3,0.33
6,0,7.7,17.6,7.4,31.9,12.7,263.0,1,11,0.12
6,2,7.9,34.9,12.1,32.1,15.3,1015.0,8,1,0.13
14,0,8.3,17.9,170.0,45.3,9.2,46.0,7,9,0.24
10,0,7.6,12.5,94.2,63.1,2.3,710.0,7,5,0.11
8,1,4.9,37.1,196.1,27.6,4.6,1008.0,3,3,0.4
9,1,7.3,15.7,17.9,76.0,13.0,951.0,1,9,0.43
4,1,7.7,20.0,46.8,80.5,1.6,1480.0,3,1,16.31
14,3,5.6,13.0,186.1,60.4,13.7,254.0,1,5,0.23
7,3,6.3,41.2,106.3,81.3,15.7,653.0,0,12,2.09
1,2,6.7,30.6,157.5,43.1,6.7,863.0,8,11,0.4
6,0,6.3,16.1,50.6,62.6,10.3,400.0,2,7,0.66
10,2,5.2,18.0,19.8,54.9,6.5,139.0,6,8,0.19
8,2,7.6,18.5,78.0,78.7,3.1,71.0,4,10,2.35
10,2,5.8,16.1,92.9,32.6,12.7,112.0,6,5,0.11
6,2,8.3,18.3,165.3,71.4,9.5,1311.0,2,8,0.13
4,0,4.8,27.6,175.1,63.2,8.5,1147.0,4,8,2.8
3,3,5.8,28.4,191.9,66.5,11.2,1213.0,3,6,0.31
6,2,5.8,28.1,51.7,40.8,16.4,1100.0,0,7,0.62
11,2,5.0,37.1,52.6,77.6,18.2,873.0,1,10,0.1
8,0,8.1,32.8,10.3,74.1,15.0,461.0,1,4,0.74
13,2,5.0,28.8,52.8,36.6,0.5,50.0,8,4,0.1
10,0,5.3,26.6,190.4,60.8,18.1,1397.0,0,9,0.18
5,1,4.5,26.0,44.5,62.8,4.1,875.0,0,3,0.58
3,1,7.2,23.9,114.7,68.5,2.5,1491.0,5,9,0.19
11,1,7.2,18.3,94.6,79.7,1.1,324.0,3,1,0.16
1,2,7.1,18.6,118.1,36.5,8.5,456.0,0,6,0.43
0,1,6.4,19.6,86.2,46.9,12.3,912.0,3,1,0.76
0,3,6.7,31.3,78.8,45.5,3.9,370.0,6,6,2.4
0,0,7.5,39.5,1.9,34.7,12.5,486.0,5,11,0.39
10,2,4.9,15.2,174.7,42.7,17.0,548.0,9,11,0.14
12,1,5.5,28.5,190.0,22.2,5.7,1486.0,1,5,5.19
2,2,6.0,37.0,183.1,30.9,17.2,744.0,7,5,0.23
9,3,6.3,26.6,156.2,79.0,5.7,1372.0,9,5,0.92
5,0,8.2,41.2,41.7,29.2,13.5,1289.0,3,3,0.42
8,0,4.7,21.1,158.1,72.3,18.7,545.0,6,1,1.46
5,2,5.0,10.7,180.5,43.3,3.9,563.0,2,8,0.31
13,1,5.2,39.1,135.6,50.2,11.7,897.0,6,5,0.18
0,0,4.7,11.3,160.0,93.1,0.6,1457.0,8,5,0.32
5,2,8.1,10.9,21.8,86.3,19.1,765.0,0,10,0.58
11,3,6.5,15.7,39.2,57.9,20.0,718.0,1,9,0.38
7,1,8.1,25.2,174.6,94.7,3.6,226.0,6,4,1.25
4,1,5.8,33.3,16.4,23.0,11.0,121.0,5,8,6.25
5,0,7.3,29.7,197.1,73.3,9.7,362.0,3,6,1.09
7,2,7.0,10.4,118.6,46.0,16.8,1214.0,5,6,1.99
10,0,5.8,13.7,149.7,73.3,2.9,341.0,5,9,0.16
8,1,6.6,17.2,177.3,45.4,5.3,926.0,1,7,2.85
12,2,8.0,24.9,10.0,21.7,2.7,388.0,6,10,3.05
1,1,5.5,30.8,195.2,48.9,13.2,1060.0,6,4,0.2
10,0,7.9,11.5,21.4,61.8,9.6,1263.0,7,11,0.43
9,3,4.9,30.5,102.4,75.9,10.0,915.0,9,1,0.42
14,0,6.4,37.9,105.1,61.8,1.3,162.0,6,10,0.44
10,0,6.4,36.0,123.0,33.4,19.1,1401.0,8,1,0.1
0,3,6.6,19.0,64.4,52.3,1.7,70.0,6,10,0.95
12,1,6.7,24.9,191.1,82.0,17.8,23.0,1,9,3.94
4,3,6.2,21.2,93.1,37.8,6.0,1431.0,1,6,15.06
4,2,5.6,15.5,161.2,27.7,1.4,505.0,5,9,7.15
2,0,6.3,25.3,108.3,64.3,6.6,768.0,8,10,0.28
13,1,7.0,20.0,55.2,55.6,10.5,189.0,8,10,0.1
5,2,8.4,41.0,167.9,89.9,4.9,773.0,2,4,0.19
10,0,6.6,24.8,160.2,60.2,6.6,1095.0,1,1,0.15
4,3,8.2,24.2,44.2,20.6,2.3,919.0,9,6,7.97
2,2,6.0,13.0,31.4,44.1,3.9,1350.0,1,10,0.19
11,3,4.5,22.4,62.5,84.3,16.8,480.0,1,8,0.1
12,0,5.8,34.3,118.7,48.0,10.8,289.0,7,9,5.03
13,3,4.8,12.1,94.1,94.0,6.7,572.0,1,11,0.1
1,1,5.0,10.8,38.3,31.2,10.2,502.0,2,10,0.87
4,0,6.4,20.4,145.5,56.5,2.1,1049.0,6,11,9.83
11,1,6.1,27.8,88.2,79.5,17.9,1423.0,0,8,0.13
9,3,6.7,29.8,71.0,58.8,13.7,488.0,8,3,0.98
8,0,7.5,16.5,194.5,43.9,15.9,993.0,5,1,2.15
2,0,8.1,35.7,197.1,42.9,12.9,418.0,0,10,0.1
12,2,6.6,39.1,25.9,25.4,10.6,11.0,7,8,4.39
10,1,7.6,31.1,78.2,73.0,19.4,1296.0,5,8,0.12
5,0,7.5,40.8,50.8,63.0,5.1,1238.0,0,7,1.01
10,2,6.1,19.9,67.6,90.2,13.2,752.0,0,2,0.13
13,1,6.0,28.6,1.5,53.3,13.8,1068.0,1,3,0.15
3,3,6.2,35.0,87.9,77.9,18.4,1142.0,3,9,0.2
7,1,8.3,28.5,131.2,70.6,9.6,1388.0,5,5,2.29
7,3,5.4,22.9,28.7,83.9,0.6,779.0,9,8,4.85
5,2,6.6,22.0,163.7,59.0,4.1,608.0,5,8,0.68
1,1,8.1,14.0,171.1,30.2,8.2,640.0,2,11,0.79
7,1,7.5,12.9,28.2,37.6,8.1,1431.0,3,7,3.39
1,1,8.3,15.9,173.1,54.5,6.3,5.0,4,8,0.41
3,3,8.0,41.5,101.8,52.0,8.0,1116.0,6,3,0.14
12,0,6.2,40.7,126.0,37.3,16.7,789.0,8,4,8.17
6,2,6.8,10.1,155.3,36.4,3.1,228.0,1,8,0.17
4,2,7.4,30.5,84.6,72.0,9.9,1340.0,7,4,14.91
1,0,4.8,14.6,79.9,32.7,19.5,1037.0,7,1,0.2
3,1,5.0,19.3,63.6,68.6,15.4,789.0,9,6,0.24
1,2,6.2,21.9,59.0,67.7,16.5,1130.0,5,9,0.71
9,3,7.0,39.0,149.7,82.7,1.4,238.0,5,2,0.38
4,1,6.5,38.6,20.7,33.4,10.5,531.0,9,10,12.16
9,0,6.1,25.0,117.8,58.9,13.7,1269.0,9,12,0.42
4,0,6.5,28.4,49.9,23.9,6.6,538.0,1,7,11.42
4,2,4.9,39.0,113.5,52.7,8.7,423.0,6,7,4.58
7,3,7.5,25.4,18.7,21.1,9.3,559.0,9,11,4.5
6,1,4.8,25.5,152.8,93.2,9.7,708.0,7,11,0.12
14,2,5.7,20.8,156.0,41.6,8.0,1274.0,9,12,0.19
1,3,5.9,35.0,126.9,80.6,0.5,1282.0,4,11,0.35
11,0,6.3,15.6,137.0,87.2,12.0,834.0,6,5,0.14
11,3,8.0,22.2,169.7,44.2,0.6,63.0,7,10,0.23
6,3,8.4,26.0,125.7,33.7,7.8,1358.0,2,6,0.23
4,3,5.5,11.5,152.0,71.1,9.0,1275.0,1,10,5.87
4,1,4.8,33.5,74.9,86.8,9.7,1156.0,3,10,14.75
0,3,5.2,38.3,3.3,41.3,15.0,1141.0,8,6,0.83
2,0,6.3,37.8,139.9,75.0,15.4,742.0,8,6,0.39
0,0,8.3,32.3,195.6,31.2,14.5,330.0,7,6,0.8
4,0,5.0,35.6,31.5,30.9,7.6,1207.0,8,2,8.8
11,1,6.6,31.8,15.0,62.8,12.0,892.0,5,3,0.16
8,1,4.7,16.8,135.8,45.3,5.1,890.0,9,8,0.86
11,3,7.2,16.9,35.5,43.4,14.5,1097.0,4,7,0.22
7,3,6.7,13.7,105.2,34.7,0.5,1357.0,8,5,2.81
10,2,6.4,20.9,183.3,52.5,2.7,1039.0,2,2,0.13
5,3,5.1,15.9,180.0,69.1,11.3,534.0,6,3,0.35
12,1,6.0,30.7,111.6,54.6,14.4,265.0,1,3,13.51
0,2,4.6,10.0,85.3,70.5,2.1,50.0,3,6,0.84
10,0,5.6,37.6,151.9,32.8,9.5,390.0,6,1,0.1
2,1,6.6,28.1,9.1,46.1,14.3,790.0,5,9,0.25
1,1,6.4,41.6,117.4,84.4,9.2,57.0,7,5,0.24
8,1,6.9,41.7,158.3,79.6,1.0,1088.0,7,7,1.52
13,3,5.9,34.6,98.1,89.1,5.8,1055.0,5,7,0.25
2,1,7.2,25.3,71.7,68.8,0.9,1076.0,9,8,0.33
12,2,7.3,36.7,5.9,47.4,9.9,587.0,2,5,6.07
10,0,7.8,15.1,112.8,70.5,4.0,340.0,3,10,0.3
13,2,5.1,16.3,153.9,46.7,11.3,1446.0,0,3,0.1
9,0,5.4,36.2,183.2,70.6,15.4,318.0,3,2,0.26
1,0,5.5,12.8,143.8,29.8,9.1,337.0,9,6,0.33
6,0,7.8,15.7,95.6,31.5,16.9,1263.0,0,3,0.12
0,2,6.5,20.0,171.8,45.4,12.3,621.0,9,10,0.69
11,2,4.7,36.2,100.2,31.6,1.3,518.0,5,6,0.1
7,0,7.7,30.1,121.2,51.2,19.6,166.0,8,12,2.53
12,0,7.8,30.6,71.0,80.7,1.6,160.0,7,4,7.01
1,3,8.3,36.1,164.8,34.6,0.7,267.0,7,5,0.17
5,2,6.9,24.4,176.3,53.0,9.7,1344.0,6,3,0.5
10,2,5.5,23.6,137.4,43.4,2.0,765.0,0,9,0.16
6,3,6.9,26.5,196.9,32.1,3.3,1269.0,8,5,0.34
12,3,7.4,29.5,175.2,31.7,5.7,258.0,9,10,3.77
14,2,5.1,10.1,146.5,49.0,12.4,205.0,0,10,0.22
12,2,7.8,31.8,168.7,62.4,11.8,1122.0,5,12,2.61
12,3,4.8,32.1,99.6,61.9,11.6,59.0,0,2,7.27
12,2,5.0,22.8,72.2,63.6,5.7,661.0,7,4,5.69
3,3,6.0,29.6,60.6,27.2,12.2,1115.0,3,8,0.33
6,0,7.1,10.6,32.4,20.8,2.2,1398.0,2,1,0.16
7,1,7.7,26.7,127.6,65.2,4.5,372.0,4,10,4.04
4,0,7.0,15.5,3.1,26.0,13.5,1161.0,5,5,4.05
12,2,6.3,40.6,44.5,93.5,10.7,1064.0,0,3,8.51
6,1,7.0,24.5,197.3,91.1,9.9,959.0,4,3,0.22
10,2,6.2,21.4,53.0,26.1,12.2,335.0,6,4,0.12
0,0,5.2,21.8,49.0,80.4,14.8,481.0,4,4,0.77
13,0,5.1,21.8,77.1,75.4,13.4,6.0,3,1,0.1
5,3,7.2,13.7,188.8,55.9,6.8,1340.0,4,4,0.44
6,3,5.0,26.4,101.1,92.8,9.5,316.0,5,6,0.21
1,3,7.7,37.6,198.3,79.5,8.8,1375.0,7,11,0.34
1,1,6.2,39.0,22.8,39.6,1.8,400.0,9,3,0.5
0,2,6.0,17.4,55.8,89.7,15.0,282.0,9,8,1.76
1,2,7.2,15.4,84.9,50.0,14.3,854.0,2,7,0.43
0,3,6.5,16.3,20.6,70.2,1.0,568.0,2,1,0.52
0,2,7.3,37.9,21.9,71.5,14.3,816.0,1,4,0.47
4,3,6.0,40.0,191.1,88.2,4.9,1399.0,0,6,5.5
12,0,4.7,35.8,123.1,53.5,19.0,1141.0,4,12,3.07
5,1,6.9,13.9,193.0,76.0,6.8,679.0,1,6,0.96
5,0,8.0,25.4,150.8,45.4,4.4,1153.0,5,12,0.61
11,0,5.0,25.8,95.7,40.9,16.4,1072.0,0,12,0.1
10,3,4.5,13.0,97.9,94.1,7.3,1051.0,3,4,0.1
5,3,4.9,41.1,133.9,55.0,12.2,739.0,7,7,0.4
10,1,5.0,33.0,33.6,23.6,15.4,1090.0,5,3,0.1
8,1,7.5,24.7,178.0,20.5,4.0,849.0,8,10,2.8
5,2,6.5,16.9,31.6,30.5,6.4,1394.0,1,12,1.22
5,2,7.5,37.5,191.8,22.9,9.4,30.0,4,11,0.44
4,3,8.3,31.7,173.5,90.6,6.9,1187.0,2,7,5.45
12,0,4.8,40.4,146.2,87.0,12.7,1167.0,8,3,3.32
6,1,7.5,40.2,27.8,42.8,1.6,872.0,5,5,0.29
9,3,8.2,11.1,146.5,81.0,19.9,993.0,9,4,0.29
6,1,8.4,19.3,105.1,38.1,14.2,1107.0,0,7,0.2
3,2,5.2,37.5,8.6,70.5,0.5,1143.0,2,5,0.24
10,3,6.3,22.4,2.6,43.9,12.9,679.0,7,10,0.26
11,0,4.9,38.8,118.6,32.4,18.6,1359.0,3,8,0.1
3,3,6.1,24.9,86.7,51.4,6.0,970.0,9,3,0.29
13,2,6.0,39.8,62.6,28.2,17.5,727.0,6,1,0.12
1,0,6.2,33.0,68.6,72.8,5.6,1056.0,3,5,0.18
12,1,7.7,10.0,62.0,88.4,11.0,925.0,1,1,4.65
11,1,8.1,20.7,189.0,83.0,2.6,654.0,9,2,0.13
8,2,7.7,17.7,122.5,75.1,13.1,1460.0,2,10,2.23
9,1,6.6,17.2,79.5,68.1,9.3,899.0,7,9,0.59
10,0,5.4,25.4,67.8,84.7,19.3,711.0,4,7,0.11
7,1,7.5,26.1,36.5,90.7,9.6,133.0,5,2,6.4
13,3,8.4,37.7,184.6,22.8,16.2,92.0,0,9,0.1
6,0,8.0,39.6,102.7,46.7,3.9,11.0,8,8,0.1
5,0,8.1,15.3,130.7,59.9,9.5,623.0,0,4,0.35
3,0,7.1,20.3,68.8,87.3,19.9,743.0,0,5,0.37
2,3,8.1,26.3,135.1,90.6,9.4,876.0,7,12,0.17
10,2,8.3,38.8,91.7,74.4,20.0,1320.0,0,1,0.1
10,2,7.0,23.2,196.8,67.5,8.7,810.0,7,8,0.12
5,3,7.3,23.2,71.3,82.4,11.3,247.0,8,2,0.57
13,1,7.3,14.2,84.2,64.7,16.4,747.0,2,7,0.15
12,2,5.3,30.1,47.2,92.0,10.1,1464.0,0,3,8.45
3,0,6.0,40.9,67.2,33.9,4.7,1364.0,0,7,0.19
12,2,6.1,35.5,84.6,81.7,18.1,1213.0,1,4,11.07
7,0,5.2,29.0,107.1,50.2,11.5,417.0,4,4,1.82
1,1,8.1,21.0,66.2,90.0,11.1,1105.0,0,5,0.36
2,3,8.0,21.3,45.6,72.7,11.7,1065.0,5,8,0.26
10,3,4.5,12.8,192.0,24.4,13.4,397.0,3,10,0.11
14,0,6.8,22.4,181.4,93.6,2.3,108.0,2,7,0.41
0,2,7.7,26.6,127.8,40.0,4.6,984.0,1,2,0.52
3,3,5.4,18.7,18.0,24.5,9.0,404.0,0,9,0.16
8,1,4.8,20.9,175.5,67.4,7.1,1241.0,1,9,1.35
14,0,6.9,15.8,69.3,39.4,2.7,1247.0,8,6,0.75
4,1,5.8,21.3,42.8,72.5,13.6,1280.0,4,3,13.57
14,1,6.0,41.5,158.9,49.6,11.9,919.0,6,6,0.33
2,1,7.4,30.8,49.6,48.0,15.2,308.0,4,4,0.39
11,2,6.7,20.4,1.1,46.2,15.6,1218.0,2,11,0.25
6,0,7.0,14.8,24.9,73.6,17.2,143.0,6,1,0.2
1,1,6.6,22.4,158.1,69.4,11.8,13.0,2,8,0.44
6,2,7.9,31.9,12.3,43.2,18.8,1317.0,2,5,0.25
14,0,7.1,34.7,49.9,20.8,9.1,166.0,8,7,0.71
0,1,6.7,13.5,160.5,30.7,13.8,209.0,8,4,0.29
0,0,6.2,35.1,156.2,20.1,5.7,1301.0,9,1,0.43
14,2,8.0,10.1,74.9,46.6,3.5,833.0,2,11,0.1
0,1,5.4,32.1,0.4,23.3,17.6,647.0,0,10,0.49
9,0,4.8,34.3,95.2,37.6,3.0,591.0,3,12,0.46
4,2,6.2,30.4,196.6,51.6,13.5,894.0,3,7,7.71
1,2,4.9,26.6,146.0,70.5,5.2,176.0,8,7,0.16
11,1,7.4,17.9,149.7,52.7,11.1,278.0,2,2,0.14
14,2,4.7,14.9,76.3,60.0,15.6,781.0,4,12,0.1
6,0,6.1,13.3,138.7,28.0,3.9,1315.0,1,5,0.16
10,1,7.8,14.2,36.3,58.6,8.4,1382.0,0,7,0.19
14,0,5.8,37.0,115.6,45.0,3.1,634.0,1,8,0.28
7,2,7.4,27.4,183.1,55.4,7.0,1333.0,3,10,2.88
6,0,5.3,21.3,63.3,38.3,4.3,71.0,3,7,0.48
1,0,7.0,21.4,95.5,45.3,13.1,331.0,5,5,0.36
0,2,8.1,30.0,182.7,55.2,11.4,629.0,1,9,0.51
7,2,7.4,25.8,98.4,20.9,14.9,1498.0,4,8,2.63
1,1,6.6,19.3,74.0,72.1,12.3,368.0,2,1,0.44
14,0,4.7,21.4,54.9,59.6,3.7,566.0,8,12,0.2
8,3,7.8,12.7,121.2,69.3,18.6,149.0,5,11,2.1
2,0,6.0,22.0,88.6,55.9,3.2,477.0,9,3,0.31
3,0,7.0,17.4,172.8,50.1,7.9,661.0,6,6,0.24
10,1,5.9,40.9,192.3,44.0,9.0,415.0,8,7,0.1
7,2,7.7,13.1,155.0,60.2,8.9,172.0,2,10,2.48
4,0,7.2,26.3,105.2,38.9,12.7,812.0,5,5,7.95
2,2,6.9,35.1,99.7,81.0,20.0,304.0,5,8,0.24
0,1,6.6,34.5,114.5,27.2,9.9,629.0,4,8,0.92
11,3,7.6,41.7,5.9,42.6,5.4,326.0,9,12,0.1
9,0,8.4,38.7,190.2,61.1,0.6,690.0,8,11,0.27
4,1,6.3,13.0,148.8,64.2,12.8,1196.0,6,10,8.2
9,2,5.0,30.0,139.3,29.6,4.5,1319.0,1,11,0.39
7,1,7.8,36.9,161.0,23.0,19.8,229.0,1,2,1.53
10,2,6.9,36.7,24.0,70.7,9.7,1370.0,0,10,0.27
4,3,5.5,25.6,16.1,41.1,5.5,156.0,4,3,10.02
9,3,6.3,30.9,120.1,53.7,9.6,1489.0,5,1,0.44
11,2,4.7,10.6,175.1,74.3,14.2,510.0,5,10,0.13
3,0,5.5,18.0,182.3,81.3,15.4,824.0,1,11,0.1
6,3,6.8,39.4,86.0,80.8,11.9,103.0,5,10,0.11
7,0,7.1,10.8,52.8,51.5,17.5,201.0,1,11,2.77
10,0,6.0,27.5,187.7,90.3,2.3,698.0,8,7,0.16
1,3,8.4,12.3,183.2,29.2,9.7,126.0,9,1,0.37
10,1,4.5,34.1,126.9,22.2,12.1,870.0,5,5,0.1
8,3,5.7,16.1,153.8,80.3,14.7,168.0,0,2,1.24
5,3,7.9,19.0,92.2,24.8,7.8,1042.0,0,11,0.83
10,2,4.9,21.1,192.5,87.5,15.3,1010.0,9,10,0.12
5,2,7.4,19.2,155.4,74.5,6.9,1121.0,0,6,0.89
3,0,8.4,35.8,104.4,31.5,18.7,79.0,9,1,0.11
8,1,4.9,24.1,5.9,25.3,5.0,396.0,5,1,1.51
13,2,6.5,25.6,5.5,67.1,19.2,341.0,8,3,0.12
2,0,6.4,12.0,123.6,60.3,16.1,697.0,9,2,0.28
12,1,5.0,15.9,52.5,52.3,3.0,453.0,4,12,1.27
3,0,5.1,41.6,176.7,21.4,4.5,91.0,4,8,0.1
8,3,6.2,20.6,40.4,75.3,6.9,633.0,4,4,3.23
1,1,8.5,16.3,197.2,87.5,9.2,955.0,3,10,0.48
8,2,7.2,11.2,35.2,58.1,19.4,383.0,4,2,1.89
1,2,7.6,14.7,98.4,37.5,15.3,407.0,8,7,0.31
6,2,7.6,32.7,73.8,67.4,16.3,1047.0,1,10,0.13
11,2,7.6,41.9,163.0,89.9,11.8,92.0,4,2,0.1
5,2,6.2,39.5,107.7,20.8,2.7,204.0,5,8,0.41
8,3,5.4,28.6,104.6,24.3,8.6,1224.0,5,2,1.23
6,1,6.9,33.1,30.2,80.2,10.6,1494.0,1,9,0.37
11,3,7.2,40.9,27.6,93.6,10.4,1383.0,6,3,0.13
14,0,6.0,20.4,86.6,85.8,7.1,756.0,1,7,0.42
6,3,5.5,40.0,65.0,34.8,5.6,801.0,4,2,0.14
14,3,6.8,39.8,56.5,32.6,12.8,38.0,3,3,0.36
4,1,6.3,15.5,76.9,37.2,4.5,546.0,3,4,11.88
12,2,5.1,24.4,16.2,49.7,7.9,82.0,2,9,3.0
2,0,5.8,28.2,117.7,56.6,16.2,199.0,5,7,0.46
8,2,4.7,22.2,102.7,21.9,9.1,27.0,8,2,0.64
9,3,8.3,34.3,126.9,48.4,14.9,165.0,8,2,0.37
4,1,4.5,11.4,172.3,74.2,2.5,200.0,6,4,1.86
12,2,6.7,31.1,158.4,39.5,10.8,224.0,8,5,9.35
8,3,6.3,29.5,3.1,72.0,18.5,1254.0,7,7,2.83
8,2,7.3,33.6,148.5,46.1,3.8,1445.0,2,12,1.79
4,2,5.6,33.9,150.5,58.9,19.6,163.0,9,3,9.6
9,1,5.8,11.1,140.8,21.6,2.7,1259.0,5,7,0.43
13,2,8.3,39.4,105.5,76.5,17.1,634.0,4,8,0.14
6,2,7.8,17.9,196.9,21.8,14.9,613.0,8,3,0.13
9,3,7.4,34.1,135.3,67.1,1.8,815.0,2,8,0.45
6,1,7.8,20.9,65.5,55.2,0.9,335.0,2,10,0.25
7,2,6.7,16.0,68.0,46.1,6.7,1076.0,0,1,4.92
4,0,4.7,11.2,123.4,80.7,15.0,484.0,1,10,3.89
1,3,7.1,13.6,2.2,34.3,11.9,859.0,1,9,0.67
5,1,5.3,39.9,140.6,63.2,13.4,1409.0,3,9,0.4
13,0,7.6,37.0,110.4,89.8,12.2,50.0,4,5,0.22
14,1,5.9,10.9,198.9,77.5,15.5,213.0,5,4,0.2
14,0,7.5,15.2,69.2,66.5,5.0,1159.0,6,8,0.48
14,2,6.5,25.9,121.7,62.3,2.3,1254.0,4,3,0.26
14,3,6.6,26.6,29.8,49.7,5.4,832.0,8,3,0.62
5,3,8.5,20.4,152.8,71.8,9.7,1378.0,7,6,0.51
7,0,7.1,29.2,153.6,57.5,10.3,290.0,5,11,3.14
1,3,5.3,31.9,143.6,90.6,12.2,975.0,9,4,0.16
5,0,8.3,27.7,151.9,45.5,18.1,1360.0,2,7,0.87
3,3,8.5,38.1,128.4,24.3,5.7,333.0,4,5,0.23
12,2,5.0,26.3,15.5,35.5,13.4,1050.0,9,4,2.88
0,2,7.5,32.0,151.5,66.6,1.7,994.0,7,6,1.33
5,3,5.7,23.7,103.4,28.7,14.2,1420.0,6,6,1.11
13,1,8.0,19.1,90.4,92.1,4.1,684.0,2,7,0.11
1,3,5.4,13.4,140.1,74.8,14.3,211.0,0,3,0.37
7,1,7.3,30.6,106.0,40.7,14.9,42.0,6,1,3.42
4,0,7.1,34.5,115.3,69.4,7.2,1136.0,6,9,14.66
9,1,8.0,38.3,55.2,83.0,6.4,685.0,4,5,1.22
12,1,6.1,40.7,52.4,87.9,18.7,621.0,2,8,7.28
3,1,6.4,39.5,143.6,23.8,16.4,890.0,9,2,0.17
0,0,7.8,10.6,15.6,62.6,18.9,554.0,9,11,0.2
6,3,7.8,28.5,130.1,70.0,11.9,459.0,4,5,0.29
6,3,7.6,23.5,57.9,51.7,10.8,532.0,5,10,0.26
5,1,4.9,18.1,40.8,84.9,14.4,731.0,8,6,2.02
2,3,6.8,35.9,115.5,90.8,5.1,1097.0,2,12,0.29
10,0,6.8,12.8,188.4,84.9,17.8,417.0,2,5,0.11
4,1,5.5,25.5,125.1,26.8,19.3,6.0,6,6,8.4
8,2,4.7,17.5,166.5,62.3,14.8,997.0,2,3,0.72
1,2,6.8,24.0,113.3,70.4,15.2,619.0,2,2,0.47
14,2,7.3,22.4,49.3,44.7,9.0,1331.0,3,8,0.65
3,3,5.0,34.8,103.6,91.4,16.6,868.0,4,6,0.17
14,3,5.0,21.0,145.0,44.2,12.0,290.0,1,4,0.22
2,3,7.5,33.0,149.5,74.8,8.9,780.0,5,11,0.19
12,0,6.4,25.9,187.0,90.8,17.5,726.0,7,12,2.97
3,3,6.8,24.8,26.0,73.1,16.4,67.0,7,11,0.28
3,2,6.0,15.9,154.1,65.8,7.0,496.0,9,1,0.11
6,0,4.7,29.6,107.9,59.3,19.9,615.0,6,3,0.1
12,2,6.1,31.9,134.8,60.8,7.4,612.0,7,11,4.87
8,3,7.8,36.3,191.4,93.7,18.4,197.0,7,2,0.63
8,1,7.6,18.5,163.0,43.4,2.5,150.0,9,8,1.47
12,2,7.8,41.4,123.6,78.4,12.0,59.0,6,4,7.25
9,2,7.6,17.2,183.3,89.3,14.2,1362.0,6,8,0.33
5,2,7.2,14.1,23.6,54.4,11.3,1163.0,8,1,0.57
4,2,6.2,19.2,83.9,74.8,7.4,1084.0,9,1,23.53
0,0,4.8,24.4,81.5,21.6,16.4,782.0,7,5,1.14
5,1,7.9,11.7,179.4,63.8,17.1,1017.0,5,6,0.45
2,1,7.9,35.2,158.5,53.8,4.5,1458.0,3,4,0.15
3,3,7.0,30.8,144.6,90.6,11.7,1192.0,7,3,0.27
3,3,5.2,22.2,85.7,50.6,18.9,1209.0,6,4,0.26
11,2,5.5,20.3,34.4,30.4,18.0,626.0,8,5,0.16
13,0,7.1,30.5,39.8,57.9,6.7,283.0,4,11,0.24
9,0,4.6,29.8,104.3,68.6,13.6,1098.0,9,10,0.34
5,0,7.7,35.8,97.2,29.4,1.0,74.0,7,12,0.57
10,1,6.5,32.2,152.3,65.6,4.1,518.0,1,2,0.1
0,2,5.8,14.4,62.2,92.9,12.9,129.0,4,8,0.96
9,0,5.8,33.6,20.3,88.7,1.1,601.0,4,5,1.13
11,1,6.0,32.3,161.9,76.1,16.8,209.0,3,3,0.1
8,0,5.5,15.5,125.7,84.6,17.9,928.0,5,6,2.91
11,2,8.4,15.6,100.0,47.5,13.2,602.0,5,8,0.1
2,2,5.8,17.4,167.2,73.8,16.7,1362.0,6,2,0.14
13,3,5.1,35.6,197.7,22.1,3.9,498.0,8,9,0.1
1,0,5.8,33.9,63.4,66.3,13.5,135.0,0,2,0.14
7,3,7.2,22.9,114.2,71.8,6.9,1207.0,0,6,3.97
6,1,6.2,16.4,24.9,74.8,19.4,1471.0,9,9,0.38
0,3,8.4,24.6,193.0,51.2,16.8,728.0,2,5,0.82
13,2,6.5,41.9,151.1,52.3,5.8,100.0,7,8,0.17
10,2,4.8,12.0,57.7,75.2,4.6,1088.0,7,1,0.1
10,2,6.0,19.0,165.5,31.1,3.1,1092.0,3,7,0.14
5,3,8.2,25.6,87.4,43.4,18.2,1031.0,7,7,0.78
2,0,6.6,11.3,32.5,26.8,1.4,790.0,2,7,0.52
13,3,8.2,35.4,42.1,86.0,11.6,597.0,8,4,0.1
9,3,6.4,31.7,24.1,26.0,1.0,893.0,5,1,0.71
7,2,5.8,38.8,141.3,69.5,4.3,433.0,2,9,1.47
4,2,7.2,11.3,126.4,29.0,13.6,726.0,6,6,5.45
8,0,6.6,31.9,199.5,67.0,4.3,872.0,3,8,1.4
5,3,7.4,19.6,91.0,93.9,13.8,1343.0,6,6,1.14
1,0,5.5,25.8,197.2,92.7,18.2,716.0,6,8,0.25
11,3,5.0,10.2,32.8,41.3,19.4,38.0,2,1,0.1
8,0,7.7,29.1,158.5,25.1,8.0,423.0,8,3,1.49
5,0,5.7,24.3,82.9,32.8,12.3,641.0,8,10,1.09
10,2,7.9,10.8,8.4,55.6,15.3,697.0,8,6,0.15
0,1,5.8,24.0,164.4,90.8,11.3,1443.0,8,4,0.59
12,2,7.0,40.6,30.1,51.6,18.5,1046.0,5,1,4.43
6,2,6.3,26.5,122.0,48.1,1.8,208.0,8,8,0.37
10,3,7.0,36.6,9.3,56.4,11.8,1343.0,6,3,0.1
4,3,7.3,21.5,4.2,25.4,6.0,1217.0,5,5,7.5
11,3,7.4,39.1,107.1,34.1,17.0,812.0,3,3,0.1
4,1,4.6,40.1,123.5,29.1,8.9,1454.0,5,12,7.11
7,3,7.7,23.4,5.7,78.5,18.1,1171.0,0,5,3.33
4,2,4.9,11.6,182.8,29.8,3.5,762.0,7,7,1.68
3,2,5.3,39.3,168.6,57.3,5.8,149.0,6,3,0.2
0,2,8.2,10.2,77.1,23.3,9.0,642.0,3,10,0.56
1,3,5.8,28.1,190.8,23.5,7.0,224.0,5,7,0.31
1,0,6.3,41.2,149.0,50.2,14.6,624.0,2,10,0.37
8,2,5.4,15.9,69.0,88.5,13.5,1496.0,1,8,1.08
10,1,8.1,17.1,132.2,40.8,8.4,136.0,1,9,0.17
0,1,8.2,24.3,25.2,52.0,17.3,735.0,8,4,0.64
8,3,7.0,33.5,143.8,80.7,4.2,115.0,2,1,2.26
3,0,7.8,13.7,102.6,64.0,6.7,1401.0,3,6,0.17
10,2,5.5,33.8,98.5,74.0,19.0,12.0,1,1,0.1
13,3,6.6,29.0,78.3,71.1,17.4,945.0,9,5,0.2
14,3,7.1,23.3,188.5,88.0,9.3,375.0,0,3,0.23
10,1,6.6,38.9,73.6,36.9,17.1,458.0,9,3,0.1
5,0,7.7,33.9,168.7,77.5,6.9,1310.0,6,2,0.35
9,2,7.4,40.2,40.9,76.2,10.8,1499.0,8,8,0.45
12,3,7.9,38.4,76.4,75.0,14.1,388.0,6,2,9.04
8,0,7.2,18.7,190.8,92.6,12.7,242.0,3,4,1.26
7,3,5.4,28.3,185.1,77.0,8.2,658.0,3,4,2.09
14,2,5.7,29.1,23.0,82.4,5.7,150.0,8,6,0.59
14,1,6.6,18.2,56.4,63.9,17.5,1445.0,0,2,0.44
4,1,7.3,11.4,117.6,95.0,18.9,929.0,8,9,8.82
13,3,6.3,10.4,8.5,87.2,6.1,201.0,6,10,0.1
10,0,6.0,34.2,49.0,30.0,1.9,116.0,1,5,0.11
3,1,5.8,26.5,35.6,61.6,2.6,666.0,0,10,0.33
2,3,6.1,37.0,55.7,24.8,11.8,253.0,9,5,0.47
13,1,4.7,34.1,154.8,80.8,13.5,867.0,1,9,0.11
3,2,8.4,23.3,80.8,62.2,9.9,374.0,3,10,0.25
9,3,4.8,35.9,66.4,86.3,17.4,797.0,8,9,0.55
13,2,5.5,25.2,143.8,37.9,10.8,650.0,8,4,0.12
7,0,5.7,13.3,113.5,91.5,10.5,777.0,6,8,2.63
0,3,7.8,21.2,92.4,28.4,8.7,535.0,4,1,0.68
1,0,5.7,15.7,83.4,59.8,3.7,114.0,3,11,0.63
13,3,7.6,28.5,195.1,85.4,6.2,572.0,5,9,0.1
9,2,8.3,17.9,66.6,41.1,16.4,1061.0,4,9,0.58
10,0,4.8,18.3,135.7,66.5,18.8,393.0,6,4,0.1
0,2,6.5,14.1,35.8,61.7,17.2,903.0,7,9,0.53
2,1,4.9,23.6,194.8,86.4,13.2,817.0,5,9,0.11
13,1,4.5,16.0,82.6,21.6,4.1,866.0,1,8,0.1
1,1,7.8,41.6,114.7,20.3,12.4,438.0,4,11,0.34
10,0,5.9,30.1,141.8,78.7,6.0,1191.0,1,7,0.1
10,3,7.6,10.2,6.1,60.2,2.7,204.0,6,3,0.11
3,2,7.8,22.4,153.0,88.8,12.4,461.0,0,4,0.41
9,2,5.4,20.0,131.4,67.0,0.8,639.0,8,11,0.36
9,3,5.4,27.7,90.4,21.0,17.6,349.0,8,1,0.58
4,2,4.7,37.0,140.1,57.5,11.4,699.0,0,3,5.32
9,0,6.8,12.9,161.7,26.6,10.5,563.0,7,11,0.21
1,1,8.3,18.7,187.4,41.8,13.8,1165.0,7,8,0.37
1,1,6.9,14.1,110.7,21.8,9.4,196.0,3,8,0.51
5,0,6.2,33.4,145.6,72.1,10.3,364.0,6,5,0.67
10,1,7.2,13.6,79.9,27.2,10.0,1023.0,6,3,0.12
0,2,5.0,10.0,5.0,65.0,13.9,580.0,7,12,0.28
2,2,5.9,29.7,99.4,82.4,8.0,737.0,9,3,0.23
3,1,6.5,39.1,130.7,74.4,0.8,865.0,9,9,0.14
14,0,7.6,25.6,114.3,68.3,2.5,215.0,2,11,0.38
12,1,6.5,28.8,153.1,24.9,7.4,294.0,3,5,8.69
8,1,5.7,12.6,80.2,76.5,3.8,303.0,3,8,1.06
10,3,6.4,27.3,38.2,90.0,2.9,584.0,9,12,0.33
12,1,8.0,21.4,103.6,22.0,19.2,249.0,6,7,10.17
13,1,4.5,14.2,54.2,38.8,1.3,109.0,7,1,0.1
4,2,5.7,22.6,93.8,21.3,14.1,173.0,4,9,19.7
5,1,8.2,15.7,3.1,61.8,4.1,533.0,7,12,0.59
14,2,5.9,20.8,78.4,54.8,3.7,1086.0,2,3,0.19
9,2,7.5,18.9,13.4,61.1,4.1,954.0,5,5,0.73
10,3,8.0,14.0,29.6,25.6,3.8,1331.0,4,9,0.37
7,3,4.9,41.9,45.4,53.5,18.6,1498.0,2,8,1.97
6,0,8.0,10.4,161.3,67.6,1.0,525.0,1,9,0.1
8,3,7.5,16.1,61.3,54.7,8.4,72.0,7,8,1.2
4,0,6.6,41.9,90.6,79.8,11.5,715.0,6,7,8.78
1,0,6.3,21.9,8.4,71.7,15.5,858.0,8,11,0.79
13,3,5.1,11.6,0.3,92.2,2.9,1260.0,9,5,0.1
6,0,6.8,19.1,86.8,91.2,0.6,1127.0,6,12,0.15
7,2,7.0,28.2,3.3,68.5,19.7,927.0,9,6,3.64
5,0,6.2,35.9,160.0,23.9,13.2,1079.0,6,3,0.39
14,2,5.7,13.6,35.0,79.1,18.8,482.0,2,7,0.52
14,3,7.5,25.1,4.5,87.8,9.6,1155.0,8,11,0.38
7,3,6.3,25.4,2.5,69.4,13.3,1361.0,9,5,4.17
5,3,5.8,22.1,4.2,64.9,8.2,350.0,4,9,0.9
4,1,8.4,14.0,84.1,59.1,16.5,925.0,5,8,5.85
13,1,7.2,25.4,11.0,67.9,16.4,916.0,0,6,0.45
1,0,4.5,20.5,46.2,57.6,2.0,1283.0,5,7,0.3
13,3,5.0,21.2,94.4,47.2,16.8,1031.0,5,10,0.1
1,0,6.9,26.4,145.0,67.5,19.4,1457.0,9,10,0.55
3,0,6.5,20.5,77.2,37.4,8.2,1258.0,5,12,0.2
12,0,6.4,18.8,98.1,92.4,4.0,888.0,1,1,7.06
3,3,5.5,21.9,177.9,32.7,18.0,735.0,7,7,0.21
11,2,5.5,26.6,3.3,69.4,13.8,1164.0,4,2,0.1
2,2,7.2,15.3,129.1,92.2,17.2,378.0,4,9,0.1
2,1,4.8,30.7,80.5,74.3,16.9,1263.0,9,3,0.19
9,3,4.5,33.5,14.3,42.1,6.8,1158.0,5,10,0.23
2,0,5.4,39.8,162.4,74.4,2.3,625.0,2,11,0.17
5,1,7.1,10.2,151.1,79.6,1.5,926.0,5,3,0.28
7,3,7.2,12.5,166.5,64.5,15.2,1330.0,4,3,1.03
2,3,7.3,17.3,21.7,36.8,18.2,431.0,1,2,0.29
1,1,6.9,39.5,169.3,24.0,14.1,1010.0,0,11,0.44
0,2,4.8,36.0,11.4,85.4,19.9,822.0,7,12,0.57
4,3,7.2,35.3,66.1,70.4,6.5,1159.0,7,5,13.87
13,3,7.7,37.2,61.9,91.1,3.8,338.0,6,5,0.17
9,3,6.8,18.0,55.8,73.7,3.4,321.0,4,8,0.69
0,0,5.0,10.4,54.7,39.8,4.4,1381.0,2,10,0.39
9,2,5.0,18.5,111.6,56.8,16.1,946.0,9,5,0.65
3,1,5.5,36.2,169.6,35.0,19.8,34.0,1,7,0.21
7,3,6.6,23.3,143.2,65.7,16.7,1021.0,6,9,4.41
13,0,7.2,35.6,21.7,81.9,15.0,1443.0,7,11,0.31
10,0,7.6,36.7,144.7,74.3,4.8,648.0,2,9,0.12
5,0,6.7,29.0,28.4,75.0,18.8,1421.0,4,9,1.53
9,2,6.2,17.6,148.4,64.7,19.0,1237.0,8,9,0.41
8,2,5.7,26.3,186.9,77.8,4.0,89.0,3,1,1.93
10,3,7.2,27.1,106.1,71.3,0.7,1227.0,6,2,0.14
10,3,8.2,23.2,74.3,57.9,17.9,1166.0,0,12,0.17
11,0,5.0,12.8,11.8,75.4,13.2,534.0,5,2,0.1
5,0,6.9,14.8,41.6,33.4,10.0,469.0,2,9,1.35
1,3,8.2,18.3,20.0,23.0,2.3,249.0,3,4,0.7
12,3,8.4,34.2,144.8,58.4,3.7,954.0,4,3,8.56
8,0,5.6,27.2,76.4,76.6,9.4,385.0,1,5,2.11
6,1,7.7,10.9,157.7,67.3,8.7,40.0,1,5,0.14
1,2,6.6,29.0,19.7,64.5,8.7,509.0,9,7,0.73
12,1,6.6,17.0,140.8,94.2,11.9,340.0,9,6,5.32
12,1,5.2,34.9,46.0,66.3,17.2,893.0,6,11,4.19
13,2,4.8,30.7,76.7,35.5,4.1,93.0,8,8,0.14
8,0,5.2,33.9,66.2,66.4,1.3,500.0,8,10,2.28
1,1,5.4,35.1,195.2,22.5,7.3,779.0,5,6,0.17
5,2,7.4,18.6,122.9,20.4,13.4,929.0,6,4,0.49
12,2,7.2,36.5,136.9,23.2,0.9,835.0,5,1,8.97
4,0,8.1,29.0,61.8,94.5,4.9,1045.0,6,8,9.44
0,0,6.7,16.7,191.2,88.0,15.0,1041.0,4,2,0.41
5,3,4.8,14.7,113.6,59.3,12.0,1193.0,1,5,0.5
12,2,6.8,28.4,193.0,46.8,3.6,775.0,7,3,7.61
0,1,7.7,30.4,129.5,53.8,5.3,1075.0,9,7,1.0
14,0,4.8,37.0,180.1,23.5,2.2,1356.0,9,2,0.11
14,3,5.8,37.0,77.0,62.3,8.0,614.0,2,3,0.17
3,0,5.0,40.1,197.2,45.4,15.4,682.0,1,6,0.1
7,3,7.3,29.8,131.2,48.1,13.8,10.0,7,2,3.11
13,3,7.5,29.6,189.0,63.4,8.5,959.0,6,9,0.12
13,3,8.3,20.5,140.0,57.0,19.4,791.0,1,11,0.1
7,2,6.1,25.4,192.5,26.5,15.6,1295.0,6,1,3.87
1,2,4.8,22.4,45.3,92.9,10.8,1431.0,6,12,0.55
6,3,6.5,23.4,194.0,83.3,15.6,217.0,9,11,0.22
12,3,4.9,34.4,67.4,22.1,19.5,867.0,1,7,7.42
2,1,6.3,37.4,168.1,37.6,8.1,6.0,7,7,0.4
3,3,8.2,41.7,85.5,68.7,17.8,217.0,3,9,0.1
14,1,5.0,29.4,69.2,60.3,10.2,373.0,2,2,0.22
6,0,5.7,17.4,14.3,42.2,8.3,919.0,6,12,0.18
5,2,6.1,11.1,116.5,69.5,5.5,1290.0,6,11,0.47
6,2,5.8,35.1,162.8,55.7,2.0,1074.0,2,7,0.28
5,1,4.7,27.5,45.5,77.9,8.6,201.0,0,1,1.01
2,1,6.2,37.9,169.7,80.1,15.0,33.0,6,7,0.42
12,0,5.7,10.2,186.3,22.2,6.0,593.0,2,9,1.12
7,0,6.7,11.7,186.5,91.9,9.8,502.0,8,3,1.14
7,0,6.5,33.5,115.5,64.6,7.9,105.0,6,11,2.98
12,1,5.8,40.4,182.2,56.1,16.8,242.0,6,4,3.96
0,3,7.2,33.4,188.3,69.8,3.3,270.0,6,12,0.62
12,0,8.2,10.5,47.2,37.2,9.0,205.0,4,11,1.78
9,3,8.1,21.0,81.9,32.1,11.0,902.0,2,2,0.56
13,3,5.0,23.2,138.1,24.4,19.0,965.0,5,7,0.18
8,3,8.4,37.1,75.0,67.0,5.9,605.0,5,12,0.8
1,0,8.3,23.6,91.8,77.5,11.1,1415.0,2,9,0.53
9,3,4.5,20.5,21.0,56.1,15.7,995.0,7,7,0.57
6,0,6.8,23.2,10.4,57.1,3.3,168.0,1,10,0.18
7,0,5.6,37.1,178.1,66.7,9.4,1490.0,0,7,1.87
14,2,5.0,36.6,153.1,74.5,8.8,845.0,2,5,0.21
4,2,4.8,11.6,97.1,37.4,15.5,801.0,5,6,3.57
11,0,8.0,39.5,167.4,24.1,15.7,1340.0,5,12,0.1
14,1,8.1,36.8,142.6,31.5,1.2,776.0,7,2,0.12
11,0,5.4,39.3,28.4,60.9,6.3,358.0,4,7,0.12
4,1,8.1,11.1,71.2,70.5,15.7,1385.0,5,1,12.69
14,3,5.2,15.6,142.3,43.1,11.2,811.0,5,11,0.26
13,1,6.4,41.8,197.7,90.1,10.6,34.0,0,1,0.12
5,2,4.6,19.8,130.4,24.1,19.9,852.0,0,9,0.55
10,2,6.4,14.5,113.4,74.1,12.7,1230.0,9,12,0.18
5,0,4.7,36.3,117.9,31.7,13.7,1314.0,9,2,0.34
8,2,6.7,33.7,79.4,66.1,5.2,819.0,1,2,1.11
12,3,5.9,39.9,62.2,23.2,2.2,1117.0,4,2,8.83
7,0,7.9,12.2,159.6,28.1,16.1,1014.0,3,6,2.03
8,3,6.2,26.5,108.5,77.6,7.4,1398.0,6,11,3.61
6,0,7.4,38.8,142.1,56.9,1.3,1364.0,8,12,0.1
8,3,5.4,27.0,171.5,83.1,3.9,237.0,0,8,1.45
9,0,8.0,12.1,110.3,94.0,9.0,400.0,2,5,0.3
5,0,6.3,32.8,12.1,24.6,16.8,370.0,1,1,0.44
1,1,6.4,25.7,102.4,61.0,13.4,895.0,7,2,0.35
8,2,5.4,18.9,48.8,45.3,3.4,1298.0,5,6,3.49
14,2,5.4,20.6,95.1,84.8,10.9,1455.0,4,9,0.43
12,3,5.5,32.5,26.4,88.1,5.4,449.0,9,7,5.36
2,1,7.0,18.9,3.2,47.1,3.6,339.0,4,9,0.12
14,2,6.0,18.9,168.2,27.8,5.9,786.0,1,3,0.27
13,0,6.5,13.8,155.3,61.8,1.4,1030.0,1,11,0.1
5,0,6.7,27.3,178.8,41.8,2.8,809.0,7,9,0.88
12,0,5.4,27.3,52.8,84.1,15.4,1419.0,7,1,5.88
9,3,4.8,25.5,26.3,24.1,16.0,16.0,0,9,0.62
4,3,4.8,33.6,120.3,32.9,5.8,11.0,3,3,7.97
14,1,5.1,39.9,110.2,40.2,9.3,790.0,7,6,0.37
9,1,5.3,37.0,91.2,52.1,5.8,1203.0,9,4,0.8
12,1,6.4,12.3,103.8,84.3,16.3,1142.0,7,12,3.93
14,1,6.2,13.6,129.6,20.4,4.7,929.0,6,5,0.49
4,3,4.9,27.9,64.2,52.8,4.6,464.0,2,7,6.88
9,2,7.6,24.5,75.5,86.8,18.9,1047.0,0,10,0.61
1,3,8.0,35.7,27.3,35.6,2.7,410.0,1,2,0.36
7,3,8.4,17.1,40.8,93.0,5.8,1025.0,6,9,3.76
8,1,4.8,15.3,38.1,29.8,15.7,169.0,8,9,2.88
9,3,8.4,11.7,14.4,66.4,19.1,251.0,7,1,0.18
10,2,8.0,31.9,112.0,64.8,10.4,1289.0,3,1,0.11
8,2,8.1,40.5,192.4,75.1,14.7,80.0,2,2,0.36
10,2,5.4,27.8,120.4,66.6,5.9,933.0,0,5,0.11
7,3,7.4,38.1,42.0,58.0,5.2,96.0,2,12,3.01
0,0,6.1,39.6,176.9,45.3,11.5,493.0,6,5,0.64
1,1,5.2,10.4,165.6,38.5,14.8,146.0,5,9,0.65
7,2,4.8,15.8,24.9,31.9,4.1,77.0,1,8,1.79
2,1,4.7,31.4,107.8,66.2,13.2,1273.0,7,7,0.24
6,2,7.6,30.1,185.1,79.7,7.0,626.0,0,1,0.17
5,3,7.4,19.8,63.9,47.7,14.3,243.0,6,11,1.52
1,1,8.2,39.8,103.5,67.4,16.9,901.0,5,7,0.19
7,0,5.2,10.2,131.8,34.6,4.7,1420.0,9,2,1.4
10,3,6.1,35.2,152.5,27.6,13.9,1358.0,1,1,0.1
14,3,8.4,37.5,23.6,82.8,16.3,867.0,1,4,0.26
11,2,6.1,10.9,60.1,35.9,12.3,1163.0,5,6,0.14
4,2,4.5,34.3,73.5,64.0,15.9,107.0,4,11,11.79
9,1,8.2,12.3,9.2,93.8,2.2,402.0,5,12,0.21
3,3,6.5,21.7,113.8,63.6,12.0,1088.0,2,3,0.31
14,3,6.8,37.4,130.8,30.2,4.3,484.0,9,10,0.44
2,0,8.0,29.8,80.3,53.7,1.7,408.0,0,7,0.26
12,3,4.6,12.7,138.3,28.8,13.4,362.0,2,2,2.82
13,2,8.3,35.5,22.7,26.2,16.8,572.0,8,8,0.31
4,3,7.4,22.1,181.0,32.7,19.4,1290.0,9,8,7.51
12,0,5.5,38.6,159.9,35.2,9.3,1091.0,8,8,4.58
4,1,4.5,28.4,164.8,28.0,14.0,929.0,0,8,3.52
9,2,6.8,23.4,24.5,65.8,2.1,362.0,3,2,0.74
14,0,8.3,24.7,61.2,27.7,14.1,500.0,8,11,0.37
9,2,8.0,12.2,122.0,43.9,8.5,670.0,5,2,0.18
14,1,4.5,17.2,153.1,41.9,8.0,1418.0,7,1,0.11
2,3,5.9,26.5,145.1,23.1,1.4,292.0,7,3,0.27
9,2,6.5,37.7,25.8,47.0,0.8,981.0,3,5,1.15
11,1,6.3,41.8,77.5,23.2,18.6,156.0,6,11,0.15
12,3,4.6,13.0,83.3,66.6,4.7,1016.0,0,8,3.04
0,0,6.0,25.0,16.3,74.5,14.0,202.0,2,3,0.47
6,2,8.5,35.2,65.5,37.4,0.7,466.0,7,4,0.12
3,3,5.1,32.3,40.0,33.4,18.8,1039.0,1,11,0.26
12,1,5.3,24.5,67.5,89.2,19.3,1211.0,2,1,8.9
7,2,6.9,27.2,141.9,92.4,19.1,1397.0,5,7,3.85
4,1,6.4,18.7,16.6,88.6,12.0,611.0,5,8,5.42
4,2,6.3,23.8,100.5,94.2,7.0,1096.0,2,2,28.81
7,1,6.0,41.6,44.1,82.1,14.4,947.0,2,10,5.48
6,0,7.9,28.0,171.0,72.9,11.1,349.0,2,5,0.23
1,0,8.1,28.4,24.2,53.0,7.5,360.0,7,10,1.05
5,1,5.4,14.1,47.7,38.7,3.4,569.0,0,12,1.18
13,3,6.5,10.6,34.0,45.7,7.8,1163.0,3,1,0.1
1,2,4.7,16.8,194.0,36.6,7.8,547.0,4,12,0.36
3,2,5.6,20.8,143.6,72.8,9.7,1262.0,3,6,0.26
9,0,7.4,22.2,149.4,68.3,6.0,652.0,4,4,0.65
1,2,7.3,34.5,69.5,88.9,9.2,1349.0,5,6,0.22
2,0,6.6,22.0,102.6,33.8,15.1,768.0,4,4,0.22
6,0,4.9,36.9,67.8,25.7,19.0,835.0,2,1,0.11
11,3,7.1,31.6,186.9,93.6,18.7,107.0,1,11,0.16
6,3,5.2,29.3,44.3,57.9,18.4,31.0,4,8,0.56
7,1,4.7,18.7,115.5,86.2,1.5,1435.0,4,9,2.41
6,2,5.2,23.0,195.3,35.6,7.9,1068.0,9,8,0.27
11,3,8.0,35.7,41.5,25.4,15.4,381.0,7,1,0.1
1,1,5.9,16.4,135.0,61.8,7.9,239.0,6,11,0.76
9,3,7.7,19.4,147.5,69.3,13.1,855.0,1,5,0.64
9,3,5.3,18.7,190.4,29.8,14.3,265.0,7,7,0.51
3,2,7.1,13.4,88.9,73.1,9.8,1132.0,9,11,0.1
6,3,7.9,27.0,174.0,52.4,10.1,478.0,8,5,0.27
4,3,4.6,12.5,193.4,89.0,1.2,306.0,9,10,3.63
12,1,5.4,36.9,181.1,62.4,14.6,1000.0,2,6,6.47
5,0,7.3,37.2,11.4,58.9,18.0,1059.0,6,4,0.28
3,2,8.5,24.1,148.4,90.4,12.5,210.0,4,5,0.34
6,1,5.5,18.2,20.3,61.9,19.0,1207.0,5,10,0.23
3,2,6.9,31.5,59.4,45.6,12.3,1217.0,4,6,0.84
12,1,5.1,17.8,184.2,50.9,2.2,527.0,9,9,2.55
14,0,8.3,21.6,153.0,87.4,15.6,918.0,6,7,0.22
6,2,6.8,16.1,140.6,78.0,14.3,1128.0,6,1,0.18
10,3,8.1,29.2,169.6,73.3,19.6,834.0,2,1,0.11
14,3,6.4,29.5,110.7,44.7,10.3,953.0,5,9,0.54
12,3,7.0,17.5,154.7,51.5,18.3,1089.0,3,11,4.06
10,3,8.3,34.2,111.0,29.4,9.7,93.0,9,7,0.1
13,0,5.8,40.0,59.8,43.7,6.1,1060.0,6,12,0.15
1,1,6.1,34.3,132.0,69.3,4.0,294.0,5,5,0.25
3,1,5.2,21.3,8.6,39.7,4.7,217.0,7,1,0.16
4,0,8.1,39.5,112.8,72.6,4.7,1004.0,3,11,8.43
11,3,7.6,19.8,52.1,66.2,2.2,805.0,6,12,0.17
10,3,6.0,13.5,146.8,87.1,11.4,546.0,3,7,0.1
7,0,7.6,19.7,164.5,86.4,0.7,558.0,8,4,2.08
14,1,6.3,19.5,38.2,82.9,10.2,297.0,4,3,0.61
3,1,7.1,21.5,188.8,60.6,8.6,1143.0,8,3,0.35
3,2,6.6,29.3,136.4,46.6,7.1,353.0,2,12,0.19
8,2,5.5,19.1,63.8,44.1,13.2,863.0,3,10,2.12
7,3,5.9,23.9,50.5,23.5,3.4,772.0,5,7,7.02
0,3,4.5,20.2,50.5,91.1,8.2,236.0,6,10,0.6
9,0,8.4,34.5,49.5,24.5,18.3,513.0,0,3,0.67
6,1,7.4,37.3,20.6,43.4,15.1,819.0,9,1,0.14
13,0,7.3,28.7,188.2,81.1,16.1,49.0,7,10,0.17
1,1,4.6,30.8,105.0,58.6,17.2,771.0,2,9,0.18
1,3,6.1,12.7,166.8,72.0,4.8,64.0,6,6,0.46
10,3,6.7,26.1,184.6,32.4,11.2,1082.0,2,7,0.13
0,3,6.6,14.6,43.7,21.0,2.1,473.0,3,12,0.58
4,3,7.4,33.6,17.1,32.6,13.6,78.0,4,3,10.69
13,2,7.9,10.7,177.3,61.0,16.1,1110.0,7,2,0.1
10,1,5.0,10.2,175.8,32.9,16.9,1109.0,2,12,0.1
2,1,8.2,24.5,195.6,22.0,6.9,260.0,6,4,0.1
13,2,5.4,25.7,179.4,31.9,3.0,243.0,8,11,0.1
9,2,4.8,37.0,153.4,36.8,5.8,350.0,8,10,0.29
9,2,5.9,37.2,61.7,21.4,13.0,1105.0,2,6,1.4
4,1,8.4,21.1,39.2,71.3,9.9,1124.0,9,12,15.46
14,3,7.1,32.2,59.6,80.8,4.8,1348.0,0,10,0.65
12,1,7.5,32.3,182.2,77.4,17.3,871.0,9,4,6.45
10,1,7.5,16.0,64.8,71.2,15.1,1210.0,3,4,0.15
12,2,6.0,27.7,150.1,27.8,2.4,136.0,6,10,5.53
1,3,8.5,21.0,189.3,55.1,2.9,36.0,1,10,0.46
12,0,7.8,26.1,196.4,86.0,9.4,127.0,2,2,4.76
5,1,6.6,34.7,11.8,52.8,15.2,1176.0,1,3,0.49
1,2,7.8,33.0,64.1,67.1,9.7,215.0,4,8,0.17
5,3,8.3,33.1,0.4,45.4,0.9,760.0,6,4,0.34
14,1,7.6,17.0,51.3,27.4,13.7,167.0,4,2,0.42
5,0,8.3,12.7,177.8,37.9,17.2,63.0,1,12,0.31
4,0,7.1,41.1,47.6,30.9,11.2,567.0,9,8,6.18
9,3,8.4,28.7,125.8,63.6,12.9,1036.0,3,1,0.4
4,3,4.8,26.2,11.2,41.1,3.6,699.0,4,12,6.06
4,3,6.8,10.2,25.4,53.3,5.6,1196.0,0,9,6.19
7,3,4.9,29.1,170.3,41.3,8.4,21.0,1,12,2.0
9,2,7.7,32.2,7.4,83.1,13.5,647.0,2,4,0.66
7,0,5.4,35.2,95.3,24.7,5.8,343.0,2,5,1.45
10,2,5.2,16.6,34.2,24.1,3.9,10.0,4,3,0.14
5,2,6.8,24.7,121.9,76.2,10.5,514.0,2,3,0.51
0,1,5.4,40.7,32.1,27.5,4.7,1164.0,6,1,0.56
5,2,8.2,34.7,131.5,75.3,19.0,1140.0,1,4,0.32
13,2,6.0,11.3,199.2,73.1,18.6,1114.0,7,6,0.12
5,1,7.3,11.9,78.4,82.7,6.4,1186.0,1,8,0.44
7,0,8.1,35.8,115.5,77.1,0.9,285.0,9,11,0.87
0,3,4.6,33.9,194.8,73.4,7.6,1022.0,0,5,0.73
14,3,5.5,14.3,88.2,34.0,17.4,1397.0,4,12,0.17
2,3,7.2,39.1,191.8,28.4,11.1,1312.0,1,2,0.28
11,1,6.8,18.8,19.5,53.8,13.0,1330.0,6,2,0.32
4,2,5.7,13.5,111.8,62.0,15.4,1314.0,7,6,4.7
1,1,5.2,25.7,122.7,89.8,6.6,666.0,6,1,0.31
9,1,5.9,32.9,63.5,84.2,10.2,1100.0,2,8,0.99
1,2,7.3,39.2,54.3,82.4,6.9,361.0,6,11,0.58
13,0,6.7,30.0,123.5,49.2,7.1,1398.0,5,5,0.27
3,2,7.3,13.0,138.8,40.2,0.9,372.0,7,9,0.1
1,3,5.6,34.1,47.2,84.8,8.6,1049.0,6,7,0.27
9,2,4.7,27.9,27.2,53.6,14.6,1309.0,9,11,0.52
2,2,8.2,15.6,47.6,32.2,15.0,915.0,3,12,0.15
2,2,5.7,40.0,146.9,50.4,1.6,549.0,7,2,0.15
1,1,6.3,18.7,5.1,78.6,5.6,1314.0,7,7,0.48
2,3,5.3,15.2,196.3,40.5,19.4,1324.0,9,11,0.1
9,0,7.1,32.3,151.4,91.5,11.6,434.0,5,10,0.37
8,3,5.6,24.0,123.3,91.2,18.0,289.0,3,2,1.45
1,2,8.1,38.7,94.4,49.7,17.7,868.0,7,7,0.16
0,1,5.7,24.8,31.9,24.3,0.9,1062.0,6,6,1.69
13,2,7.3,33.1,151.7,45.7,4.6,47.0,5,3,0.11
13,2,7.0,41.8,111.5,54.7,5.8,1431.0,4,2,0.1
9,2,5.7,37.3,199.3,78.6,14.7,378.0,5,7,0.66
6,0,8.2,31.8,188.7,61.3,19.4,832.0,1,10,0.1
8,2,8.3,30.9,108.0,60.7,14.9,1316.0,6,3,0.57
14,1,8.4,13.0,67.8,32.8,9.0,1378.0,6,1,0.11
11,0,5.7,23.9,176.0,53.3,14.2,1155.0,2,3,0.11
7,0,7.6,18.7,9.4,68.4,17.8,869.0,5,1,3.69
7,2,7.6,18.9,116.4,26.2,3.4,1021.0,8,10,2.89
13,0,6.1,18.9,98.5,56.8,14.5,829.0,2,5,0.11
11,0,5.2,36.4,42.0,90.0,16.9,722.0,3,6,0.1
4,2,7.5,25.6,107.5,42.8,2.8,924.0,0,4,11.24
11,2,7.8,18.9,174.6,94.6,14.9,817.0,5,12,0.18
0,1,5.6,20.2,65.6,61.0,9.1,671.0,0,7,2.48
4,3,5.3,16.7,2.8,48.1,0.5,617.0,8,3,7.64
7,2,6.0,26.7,61.7,94.6,3.5,1356.0,8,7,7.21
12,0,5.9,38.5,197.9,21.5,4.6,545.0,9,2,3.52
0,2,5.1,38.5,182.1,78.8,10.8,1251.0,1,3,0.43
7,2,8.3,15.9,94.9,93.3,10.9,616.0,5,10,1.62
13,2,8.0,39.1,84.4,34.2,9.9,1013.0,9,8,0.15
8,1,8.2,13.2,193.4,93.5,7.2,836.0,0,4,0.94
4,0,5.9,22.3,198.9,89.8,14.5,1491.0,8,12,7.36
0,1,7.7,31.9,18.0,59.3,15.9,1390.0,9,12,0.45
10,0,6.7,10.5,194.9,40.7,7.1,1076.0,0,9,0.17
6,2,7.7,11.8,37.6,62.2,17.0,719.0,9,2,0.18
2,1,5.3,18.9,9.6,89.2,4.9,365.0,7,1,0.2
11,1,6.2,35.5,48.9,91.1,6.7,41.0,0,6,0.1
0,0,8.2,13.6,10.1,22.6,11.3,754.0,3,10,0.2
14,0,5.6,41.1,138.5,47.3,14.0,225.0,0,7,0.18
4,1,5.6,38.5,160.0,48.7,9.0,520.0,8,2,8.69
6,1,7.8,41.3,111.8,44.0,15.2,925.0,9,3,0.1
1,1,7.1,19.3,109.1,50.9,17.8,92.0,0,6,0.46
5,3,4.5,32.4,167.6,34.1,11.9,1403.0,7,2,0.22
8,0,6.8,35.9,111.6,94.2,0.8,292.0,8,6,1.58
6,3,6.3,14.8,120.6,82.3,0.9,582.0,9,5,0.18
11,0,6.1,24.4,52.6,35.1,15.7,1160.0,7,4,0.13
5,3,6.5,34.8,137.8,85.3,18.4,231.0,8,3,0.43
4,0,4.8,24.7,33.7,89.0,8.0,317.0,4,11,7.42
5,3,4.8,30.2,80.0,55.5,4.4,932.0,5,10,0.89
8,1,5.8,38.6,131.2,69.7,5.4,1249.0,1,8,0.75
11,2,6.3,11.3,115.8,81.5,14.3,1065.0,6,6,0.13
9,1,5.9,26.7,102.8,37.0,16.4,1173.0,6,2,0.48
4,0,7.2,16.7,170.7,90.5,10.8,246.0,3,5,4.59
7,1,7.7,40.5,65.0,70.1,4.0,913.0,9,8,2.45
1,1,5.2,41.3,170.5,68.2,1.3,146.0,7,9,0.32
7,3,6.8,33.8,90.5,69.8,6.2,409.0,2,1,3.55
2,3,6.0,10.0,74.4,53.6,1.2,669.0,1,7,0.21
13,3,7.0,30.3,95.7,44.8,13.2,908.0,8,7,0.27
14,1,6.0,36.5,35.5,91.1,1.8,383.0,1,5,0.92
8,0,7.4,31.1,34.2,94.9,16.5,1003.0,7,1,3.49
13,2,6.3,41.0,116.6,31.3,6.6,318.0,9,12,0.1
0,2,4.8,41.5,156.8,81.8,3.1,376.0,7,11,0.39
2,2,6.6,25.6,185.6,22.8,17.6,1001.0,7,10,0.2
14,3,8.4,13.8,103.6,38.7,9.3,510.0,1,3,0.11
14,2,4.6,11.9,64.7,56.8,19.8,638.0,0,5,0.2
5,1,4.9,38.8,15.4,26.5,0.9,158.0,1,12,0.5
6,2,6.7,20.2,185.9,21.6,3.4,628.0,2,11,0.23
11,3,5.8,37.5,103.0,87.1,17.8,1382.0,4,5,0.1
2,3,5.4,24.1,101.5,42.1,19.2,1389.0,3,7,0.28
1,1,8.3,10.4,192.3,58.1,19.3,562.0,3,2,0.35
14,0,4.7,33.9,137.2,46.1,5.4,305.0,2,9,0.31
13,3,7.6,16.8,18.2,49.1,16.0,460.0,0,2,0.1
4,3,8.0,40.7,185.6,22.3,3.4,1439.0,2,5,4.54
3,0,7.8,14.0,161.7,29.7,4.6,1036.0,1,4,0.14
10,3,7.9,21.7,29.2,74.0,1.5,602.0,2,7,0.29
13,0,4.7,17.5,179.3,40.0,4.4,322.0,9,4,0.1
8,2,5.9,19.2,131.3,64.0,3.7,1469.0,8,10,2.21
9,0,7.1,15.2,100.4,39.9,17.6,364.0,9,10,0.31
4,1,6.5,29.0,110.8,91.6,18.4,1224.0,0,3,18.07
4,1,8.3,30.5,189.0,31.6,18.0,1012.0,1,11,9.16
9,2,5.5,27.7,58.8,41.2,11.8,1220.0,6,11,0.97
4,0,7.8,32.8,9.2,85.8,7.9,1143.0,6,9,6.81
12,3,8.0,31.6,163.5,33.9,9.2,936.0,7,6,8.96
10,1,4.8,25.9,103.7,79.3,17.5,624.0,9,7,0.1
7,2,5.3,41.9,159.1,53.1,7.4,326.0,7,5,1.27
6,2,8.5,19.1,153.7,87.1,17.6,867.0,8,11,0.1
8,3,4.6,32.2,134.1,92.8,10.5,1150.0,1,8,0.71
14,3,4.9,30.5,173.1,68.8,4.7,1067.0,7,6,0.28
6,0,5.1,16.5,53.8,68.6,15.9,712.0,8,6,0.35
6,3,8.4,31.2,118.4,59.3,11.9,803.0,4,12,0.12
0,1,7.5,28.6,72.2,59.5,1.1,305.0,6,2,1.1
6,2,7.3,20.8,148.2,60.0,10.3,1500.0,9,7,0.32
5,0,4.8,23.8,58.7,26.9,2.1,190.0,5,9,0.92
4,1,7.1,38.8,191.5,57.3,14.8,1122.0,0,6,6.02
7,0,5.7,26.8,178.5,27.0,16.0,792.0,3,5,2.87
9,2,6.2,40.8,142.4,20.6,3.1,674.0,5,2,0.22
3,1,7.7,35.1,33.5,60.4,5.9,512.0,4,11,0.34
12,3,7.4,19.0,139.7,44.9,15.6,147.0,3,5,7.19
0,1,8.0,32.5,57.8,28.2,10.4,685.0,3,9,0.92
2,1,5.4,17.5,147.0,66.0,11.1,177.0,5,8,0.15
13,2,5.2,20.4,19.9,29.9,19.8,1167.0,0,5,0.25
4,1,5.9,15.3,146.4,50.2,11.4,46.0,0,8,4.48
5,3,5.5,41.0,130.0,84.9,5.9,742.0,9,6,0.56
12,0,8.1,15.8,40.5,48.2,4.5,1237.0,1,8,2.88
5,0,7.7,39.4,68.7,53.6,10.5,1298.0,3,3,0.34
0,1,7.8,32.6,68.2,67.8,4.2,1350.0,5,10,0.86
8,0,6.8,32.9,129.4,82.0,16.2,1078.0,0,8,1.34
13,1,8.2,19.0,180.3,59.0,2.5,699.0,0,2,0.1
2,2,7.5,34.3,136.9,88.7,7.8,310.0,4,11,0.15
11,2,6.0,33.0,177.5,53.2,18.3,867.0,9,2,0.1
12,2,4.8,14.9,64.2,50.6,14.3,1171.0,2,11,1.65
7,0,5.5,34.5,166.9,27.1,16.5,429.0,6,11,2.31
3,0,5.1,33.0,39.9,23.3,14.1,640.0,4,12,0.25
0,0,5.7,38.4,103.7,76.2,15.8,866.0,4,3,0.58
3,2,7.5,17.5,132.2,55.6,8.9,261.0,7,11,0.18
2,3,7.9,13.1,49.5,43.9,12.4,1038.0,7,1,0.36
12,3,8.4,40.1,168.4,66.7,5.9,612.0,8,11,2.22
8,1,6.8,30.8,95.9,84.6,5.7,641.0,9,6,2.87
9,1,5.5,18.9,106.3,29.5,16.4,1102.0,8,9,0.36
1,3,5.8,16.2,83.3,79.5,1.2,116.0,0,9,0.53
5,0,5.2,30.6,150.7,38.7,14.8,793.0,5,5,0.67
3,0,6.4,15.0,122.5,82.1,11.4,907.0,5,2,0.1
2,1,4.7,18.2,56.0,27.0,5.8,239.0,2,6,0.19
8,0,5.2,17.1,167.3,78.0,6.9,632.0,0,11,2.99
10,1,8.2,23.6,119.3,59.9,16.0,510.0,7,8,0.11
7,2,7.9,26.7,35.8,24.4,1.9,1053.0,1,6,6.53
12,3,7.1,29.6,41.0,70.1,16.8,362.0,4,6,11.07
9,3,8.4,19.1,122.6,92.3,0.7,820.0,2,2,0.27
7,0,5.9,37.3,181.7,34.6,18.1,1041.0,0,8,1.47
3,2,5.3,21.9,54.0,53.4,6.3,303.0,0,9,0.31
2,2,5.9,21.3,152.4,39.5,7.0,1093.0,4,11,0.13
1,1,8.1,29.6,174.8,29.9,9.9,1084.0,9,11,0.6
7,1,4.5,23.5,44.6,86.5,3.1,1124.0,4,7,5.17
8,2,6.6,33.5,142.3,40.9,17.7,1049.0,9,5,1.71
0,0,7.6,32.7,113.2,58.6,5.5,686.0,0,11,0.35
3,2,5.8,19.0,172.4,71.7,16.5,524.0,2,8,0.14
0,0,4.8,19.6,34.6,73.2,7.2,474.0,7,10,0.43
2,2,5.9,24.4,2.6,22.1,18.7,1222.0,6,2,0.23
3,1,5.8,13.2,122.9,68.6,15.2,1340.0,5,3,0.14
1,0,7.6,20.5,96.0,44.8,1.4,1107.0,0,11,0.65
1,0,7.1,28.6,63.5,82.6,18.9,494.0,6,1,0.33
3,2,4.7,20.7,93.3,69.6,9.4,1494.0,5,10,0.1
1,2,8.0,37.7,48.4,21.5,7.4,1446.0,2,6,0.26
7,0,5.6,18.7,23.6,66.2,11.4,1335.0,7,2,4.29
1,3,8.4,13.1,150.2,86.3,13.9,1389.0,6,11,0.76
11,2,8.3,31.7,85.9,46.8,1.9,618.0,2,5,0.1
12,1,7.8,22.6,93.9,93.1,2.6,616.0,0,9,6.34
4,0,7.3,25.7,101.5,82.5,17.9,837.0,2,8,11.11
10,3,5.9,15.5,20.7,46.9,12.5,1304.0,9,10,0.45
9,1,5.6,17.7,72.3,62.0,10.7,1055.0,3,7,1.22
6,1,8.4,37.3,40.4,45.3,7.5,1482.0,0,12,0.11
11,3,5.2,34.8,45.5,47.6,2.4,370.0,9,7,0.1
5,2,7.4,16.3,192.1,59.6,4.0,944.0,3,8,0.62
6,0,5.5,37.8,35.8,35.8,12.8,203.0,6,5,0.23
4,3,5.0,31.5,119.5,33.6,4.3,1090.0,2,10,11.52
4,1,8.1,24.3,137.8,66.8,1.8,659.0,1,12,13.89
5,2,8.4,15.5,25.3,42.1,10.5,1208.0,7,12,0.92
1,0,5.4,14.0,103.3,23.4,1.6,113.0,8,7,0.29
11,2,7.8,18.3,3.1,45.3,12.5,51.0,8,12,0.17
7,3,6.4,28.6,63.5,21.4,6.5,123.0,4,8,6.04
4,1,7.1,37.8,106.7,51.0,15.1,162.0,0,9,16.73
6,0,6.2,21.2,181.7,93.0,11.6,1161.0,1,6,0.38
2,1,6.1,23.5,178.0,52.8,18.6,584.0,9,8,0.32
0,2,7.7,37.3,152.8,71.5,10.7,790.0,6,1,0.43
5,3,6.1,12.1,158.9,77.9,8.5,225.0,8,11,0.48
6,1,6.0,38.8,33.0,45.3,12.2,612.0,8,6,0.45
5,2,8.3,34.2,36.6,28.7,6.4,681.0,3,5,1.03
12,1,5.1,26.3,157.1,83.2,0.6,966.0,9,10,4.3
0,0,5.2,35.7,148.1,62.6,5.1,201.0,4,6,0.73
11,3,4.5,18.8,177.2,58.5,15.1,291.0,6,11,0.15
5,0,7.2,41.9,57.4,59.0,0.6,1150.0,9,8,0.64
10,1,7.3,10.4,16.9,42.5,1.2,1401.0,5,2,0.21
12,1,5.2,22.5,110.6,63.3,11.2,758.0,1,2,10.9
6,1,7.7,40.1,101.0,24.4,8.3,979.0,2,3,0.1
1,3,5.5,39.2,192.2,32.8,16.2,269.0,4,4,0.16
12,0,4.7,29.4,135.4,75.2,15.3,819.0,0,10,2.11
1,3,7.3,25.2,22.8,29.8,18.4,681.0,6,4,0.73
0,3,6.9,41.4,160.0,83.1,8.2,1450.0,0,9,0.46
9,0,8.5,15.0,101.6,86.8,2.1,883.0,7,1,0.1
5,0,4.9,20.5,18.9,48.2,9.9,1304.0,4,8,1.08
14,1,4.5,13.3,171.3,85.7,17.1,1253.0,6,3,0.13
4,2,7.2,21.5,180.5,44.0,6.0,778.0,2,6,7.25
0,2,6.2,16.4,40.2,75.3,19.3,738.0,7,6,2.21
14,0,6.1,11.8,107.7,37.7,11.3,1149.0,1,4,0.21
0,3,7.3,10.1,169.4,25.2,10.1,495.0,8,7,0.67
9,3,6.0,39.9,59.4,42.1,19.7,417.0,7,10,0.79
4,0,4.9,11.1,143.2,90.3,13.1,396.0,1,1,2.76
10,2,6.4,17.3,62.3,73.9,11.5,389.0,0,11,0.28
11,3,4.9,10.9,67.6,42.8,8.9,1116.0,7,12,0.11
9,0,5.1,24.3,12.1,90.3,1.9,776.0,7,10,0.31
2,0,4.7,30.1,6.6,59.8,7.1,508.0,7,6,0.27
8,2,6.2,14.1,148.4,42.8,14.2,916.0,5,7,2.31
1,2,7.8,29.5,71.3,84.7,14.0,267.0,5,6,0.3
9,3,7.0,18.1,84.6,79.8,1.6,950.0,9,12,0.52
12,0,6.1,23.2,181.9,26.4,17.7,638.0,8,9,3.28
1,2,8.3,24.6,111.0,83.1,12.8,1279.0,1,5,0.33
1,3,6.5,20.3,55.6,31.7,10.0,1428.0,3,9,0.99
12,3,6.3,25.3,53.3,80.0,16.7,623.0,4,3,11.07
7,3,6.5,33.5,1.9,52.4,6.0,1322.0,4,8,2.94
14,3,6.6,22.8,191.9,58.4,19.9,429.0,4,11,0.46
10,3,5.7,11.8,35.8,73.4,16.2,907.0,4,6,0.12
8,1,7.2,17.1,13.2,81.6,19.1,203.0,4,7,3.04
9,2,7.5,26.5,31.4,41.5,14.0,1171.0,4,5,1.46
0,1,5.2,26.1,9.5,76.9,16.1,1127.0,1,11,0.5
5,1,4.9,17.7,193.7,32.5,16.2,1374.0,2,11,0.68
1,2,6.9,33.1,119.1,54.8,7.0,1306.0,9,2,0.22
7,3,7.5,41.5,83.1,68.6,16.8,1215.0,3,2,2.08
14,0,5.4,39.6,171.4,28.6,12.8,568.0,8,9,0.35
10,3,8.1,35.4,62.5,74.9,5.2,1105.0,2,9,0.1
7,3,8.2,41.0,183.0,71.8,7.3,1325.0,2,9,1.24
5,0,6.4,38.2,29.1,21.0,13.3,54.0,8,2,0.53
2,3,4.6,37.1,68.2,68.4,9.4,745.0,7,2,0.28
6,3,8.0,11.6,27.0,62.0,11.2,657.0,2,11,0.11
8,3,5.5,13.8,7.1,91.1,6.9,1086.0,8,6,2.83
3,1,8.1,18.7,45.6,79.2,18.9,544.0,3,5,0.51
2,1,6.7,18.8,72.3,65.7,0.6,568.0,5,6,0.24
12,0,7.8,19.5,102.6,82.7,18.0,1392.0,8,12,3.76
0,1,7.8,29.8,68.9,34.2,4.1,497.0,8,6,1.83
14,0,5.6,21.2,62.4,88.8,0.9,436.0,9,5,0.63
2,1,7.1,20.0,21.9,54.5,3.0,78.0,9,6,0.31
6,3,8.2,16.7,162.9,35.1,1.8,728.0,9,4,0.1
10,1,8.1,19.8,22.7,44.0,4.6,978.0,6,10,0.5
0,0,5.4,28.6,54.2,58.2,10.2,1208.0,8,8,1.17
3,0,4.8,25.9,94.7,88.5,4.1,603.0,8,10,0.1
14,1,6.5,30.8,43.5,71.0,12.9,756.0,5,5,1.23
9,0,4.5,39.8,84.3,44.9,4.1,885.0,7,2,0.23
3,1,7.1,40.8,194.7,77.3,2.6,541.0,1,8,0.11
1,0,5.5,21.6,75.6,74.5,5.6,433.0,5,8,0.33
2,3,6.8,18.5,170.7,75.5,5.5,199.0,6,10,0.11
1,2,7.7,19.4,77.3,31.5,8.1,632.0,7,8,0.35
3,3,8.3,38.8,83.4,80.7,12.9,692.0,4,3,0.27
5,3,6.0,22.7,65.9,49.2,15.0,287.0,5,6,1.53
7,3,6.5,33.9,22.2,44.1,2.5,247.0,7,9,5.72
14,2,7.9,16.9,112.8,30.7,9.6,408.0,3,8,0.28
5,3,8.2,13.6,62.7,24.8,3.2,1362.0,4,3,0.52
11,1,6.8,12.4,150.2,60.5,7.1,1088.0,1,11,0.32
8,1,7.6,19.1,0.9,61.2,11.1,1447.0,2,11,2.96
8,3,6.6,18.7,115.2,21.7,5.9,255.0,1,1,2.89
0,0,5.4,35.1,48.8,76.5,5.1,646.0,2,5,1.12
11,2,6.8,37.7,86.8,93.9,17.2,1287.0,3,8,0.1
3,3,7.9,27.6,137.8,89.3,17.8,216.0,4,1,0.18
9,2,4.6,12.7,173.7,79.1,1.1,1257.0,2,8,0.19
10,1,8.1,31.6,121.8,42.6,10.4,133.0,3,4,0.1
11,2,4.7,39.2,175.9,68.3,19.8,609.0,6,2,0.1
2,0,5.9,18.0,166.1,54.7,3.7,662.0,2,12,0.18
1,3,6.7,41.0,118.7,37.9,2.2,506.0,6,5,0.23
9,2,6.5,41.3,196.9,87.8,14.5,1097.0,9,4,0.4
3,3,8.2,36.7,33.3,73.3,19.2,312.0,9,7,0.4
0,1,8.4,30.7,169.2,54.8,14.9,899.0,9,1,0.44
10,1,6.1,33.4,113.9,39.5,12.6,235.0,9,8,0.12
4,3,6.9,25.5,98.9,76.3,6.6,1129.0,2,12,24.36
8,2,5.0,21.3,2.3,21.9,12.5,297.0,2,1,1.16
11,3,6.5,16.2,177.8,58.1,2.9,758.0,8,6,0.15
11,0,6.7,12.7,199.9,82.0,12.4,959.0,9,5,0.16
14,3,5.3,40.3,150.5,51.4,7.8,63.0,0,6,0.24
1,3,6.3,38.9,175.2,50.5,7.7,486.0,4,1,0.23
8,2,5.3,28.3,39.7,91.0,10.4,309.0,3,1,3.82
1,2,7.7,21.1,49.6,34.7,7.5,543.0,2,1,0.5
5,3,7.2,31.8,148.0,84.4,11.6,1483.0,5,1,0.48
11,2,5.0,26.5,13.3,26.2,10.0,986.0,5,8,0.1
13,0,5.7,29.0,194.2,71.4,12.2,669.0,9,10,0.16
2,3,4.6,22.2,122.5,67.4,11.1,865.0,0,2,0.19
14,2,7.2,33.8,43.8,73.1,8.5,189.0,3,10,0.8
4,0,5.1,41.7,176.4,53.9,3.2,720.0,5,5,3.55
0,0,6.6,11.6,179.4,84.0,10.5,60.0,6,10,0.24
11,1,7.5,41.4,63.1,90.5,8.8,378.0,7,2,0.1
2,3,6.1,13.1,177.8,68.9,2.1,155.0,5,11,0.1
13,1,6.8,26.7,11.9,39.7,13.7,752.0,6,8,0.32
8,2,5.8,34.3,176.3,58.9,17.1,170.0,0,3,0.86
10,1,7.6,29.5,43.3,71.1,18.8,959.0,1,1,0.15
14,2,7.7,33.5,167.4,78.4,4.2,528.0,0,7,0.32
13,2,5.6,38.9,170.2,20.9,13.2,143.0,1,10,0.12
6,2,6.6,10.4,70.4,92.0,0.8,908.0,0,3,0.1
10,0,7.4,32.3,128.3,27.7,15.7,192.0,2,11,0.23
11,2,7.9,38.4,119.4,69.5,3.0,1368.0,2,12,0.1
5,2,4.6,40.6,184.7,52.9,8.7,1086.0,3,3,0.18
9,0,4.5,33.4,139.5,78.7,13.6,1338.0,3,4,0.31
2,3,5.0,20.5,124.6,79.2,17.6,1341.0,2,8,0.14
6,1,6.6,12.7,159.5,30.1,16.5,501.0,1,11,0.12
0,3,6.3,13.9,59.0,74.0,16.8,104.0,1,2,0.69
13,3,4.6,25.7,75.2,70.4,16.5,22.0,0,8,0.17
10,3,8.2,22.1,101.9,50.8,1.3,582.0,6,6,0.12
13,1,5.7,26.1,99.7,44.7,3.3,1095.0,7,12,0.15
13,1,8.1,41.6,12.9,31.3,6.4,548.0,9,10,0.15
7,0,7.8,34.6,92.2,79.4,15.3,279.0,4,10,2.91
11,2,8.4,19.2,14.8,53.5,5.2,462.0,9,8,0.22
3,0,5.5,39.5,33.4,45.8,6.3,1449.0,5,9,0.2
6,2,7.6,20.7,77.4,31.7,5.0,1253.0,1,2,0.16
12,3,6.7,38.6,87.2,42.4,11.9,1169.0,2,2,11.4
7,2,5.5,15.4,83.5,28.5,9.7,1471.0,0,3,1.79
5,2,6.2,39.9,81.8,70.4,17.7,1062.0,4,11,0.44
10,3,6.4,32.6,93.9,82.6,5.5,708.0,5,3,0.1
3,3,6.8,20.3,101.6,64.2,10.1,836.0,9,11,0.15
9,3,6.4,37.5,158.0,65.2,8.4,1396.0,4,11,0.35
13,3,4.6,16.0,28.3,80.9,15.4,117.0,2,9,0.1
2,3,7.7,27.1,56.4,81.2,13.5,1000.0,3,4,0.25
3,1,5.5,12.0,87.3,43.2,3.8,431.0,1,6,0.15
9,1,7.9,32.5,12.0,73.2,19.5,428.0,0,10,0.37
5,2,7.3,15.4,121.1,30.0,5.1,1143.0,8,9,0.57
7,1,7.0,19.7,158.8,37.7,6.2,974.0,0,11,4.32
13,1,4.9,15.4,45.8,84.0,9.9,1402.0,9,1,0.1
11,3,5.9,11.9,149.3,63.3,18.0,1091.0,6,3,0.12
10,1,4.9,40.5,165.3,67.2,13.4,704.0,4,5,0.1
12,0,6.9,27.3,98.4,23.3,6.5,1233.0,6,7,12.99
1,2,7.2,17.8,4.4,51.2,10.6,198.0,6,6,0.42
3,0,4.7,28.7,178.0,67.6,6.1,240.0,8,5,0.17
9,2,4.5,13.2,132.3,89.8,14.6,990.0,2,8,0.11
1,3,5.8,20.1,186.0,52.0,18.9,1019.0,0,2,0.35
9,0,5.6,27.5,28.4,74.0,1.1,706.0,0,5,1.32
7,0,6.4,21.5,151.4,20.8,16.8,58.0,8,11,3.56
7,0,8.3,22.3,90.9,23.0,9.0,1364.0,1,7,2.16
0,3,6.7,37.4,76.9,88.1,9.0,690.0,5,7,1.99
5,1,5.9,24.0,146.3,93.5,4.5,508.0,4,4,0.54
5,2,6.4,39.7,107.9,89.8,13.1,1377.0,3,3,0.24
13,3,8.1,32.1,38.0,44.1,4.3,1240.0,2,12,0.17
0,0,7.1,39.8,81.2,36.4,5.4,1178.0,4,11,0.81
2,2,6.8,24.7,125.0,65.7,0.9,508.0,2,8,0.22
1,2,5.3,27.3,108.7,66.1,16.9,1236.0,2,12,0.43
8,1,7.3,33.9,166.0,30.8,10.9,1312.0,8,2,1.06
4,2,7.7,39.3,148.1,85.2,19.5,728.0,0,3,7.69
3,1,6.9,30.2,81.6,72.7,14.3,535.0,4,6,0.54
8,0,5.5,39.5,129.7,90.8,7.1,131.0,2,5,1.15
13,1,6.3,21.5,25.3,33.8,2.1,1358.0,2,5,0.34
6,1,5.1,34.5,112.4,44.9,7.4,182.0,3,7,0.27
4,2,5.9,18.6,95.9,29.6,11.5,396.0,6,10,18.08
2,2,5.8,23.6,166.5,77.6,8.5,50.0,2,6,0.22
4,1,4.5,15.9,94.0,35.7,10.2,434.0,4,4,5.73
13,1,7.6,36.8,195.5,73.7,8.1,164.0,0,12,0.11
4,1,7.8,40.5,16.0,69.7,2.0,434.0,1,12,7.23
7,1,5.7,21.7,43.8,79.9,6.0,510.0,9,12,6.69
12,2,5.8,32.8,176.3,66.5,19.1,811.0,9,4,4.71
4,2,7.2,26.8,74.6,83.7,1.2,1008.0,3,3,22.39
5,3,5.6,17.6,94.0,76.0,5.3,577.0,4,5,0.72
10,0,6.3,34.0,115.9,72.5,3.3,824.0,6,1,0.11
12,3,8.4,16.7,144.8,93.7,12.5,382.0,6,3,4.6
12,0,6.3,25.5,111.7,89.9,12.2,661.0,2,4,9.4
1,0,4.7,12.7,81.5,22.9,18.2,1002.0,5,11,0.36
2,3,6.6,10.9,10.3,32.0,11.1,324.0,8,7,0.23
2,3,7.0,38.3,22.0,90.0,2.2,1031.0,6,9,0.25
0,2,7.7,16.3,113.3,73.8,16.3,310.0,2,9,0.44
8,0,6.9,17.1,152.3,92.2,16.9,401.0,6,8,1.67
5,1,4.8,14.7,90.6,52.5,11.9,969.0,6,5,0.55
14,2,6.5,19.7,35.6,63.8,6.7,1075.0,5,8,0.87
12,0,8.2,20.4,77.7,31.6,5.1,1092.0,2,7,7.67
2,3,7.5,38.5,16.1,83.1,2.7,389.0,7,1,0.47
14,1,6.8,15.3,90.0,36.3,18.1,1271.0,7,11,0.38
0,3,5.1,42.0,88.0,30.9,4.7,294.0,1,5,0.62
11,1,4.8,39.2,160.5,44.1,1.7,535.0,9,1,0.1
13,1,6.7,13.0,3.7,40.8,7.0,107.0,0,11,0.1
5,3,6.9,31.5,27.9,54.0,12.9,1293.0,2,1,1.12
8,3,8.4,37.9,122.5,60.1,0.8,1170.0,1,6,0.76
6,0,6.9,35.5,97.5,48.1,2.3,1026.0,8,2,0.15
5,0,6.4,19.2,7.6,69.7,16.3,390.0,3,6,0.96
3,0,6.5,31.1,94.3,24.6,17.2,1002.0,5,2,0.15
12,0,8.4,21.8,16.4,33.6,13.5,246.0,4,8,3.22
3,0,7.9,29.9,32.3,41.4,16.4,65.0,0,6,0.63
12,0,4.5,13.8,28.5,71.5,3.3,1081.0,8,12,0.75
14,1,7.0,10.7,179.1,35.4,1.1,1064.0,3,5,0.29
13,2,5.5,21.9,197.1,62.7,13.8,316.0,3,11,0.1
14,3,6.1,39.8,142.3,57.9,11.9,239.0,8,2,0.22
10,0,5.8,32.9,171.4,75.2,19.5,935.0,8,11,0.18
0,2,7.8,37.4,3.3,81.0,12.0,328.0,7,1,0.46
0,3,7.3,11.7,18.8,40.4,10.6,1148.0,4,11,0.31
4,1,4.6,33.7,118.2,92.4,18.1,1356.0,8,5,5.71
1,1,4.8,33.6,77.9,79.5,15.3,1282.0,3,12,0.2
13,2,4.8,22.7,191.7,92.0,16.1,862.0,2,1,0.1
6,2,7.0,14.1,3.3,93.6,15.4,530.0,0,10,0.11
0,3,5.1,17.9,191.8,70.4,9.5,713.0,1,10,0.37
2,0,5.7,16.2,158.5,47.4,17.7,1409.0,2,11,0.1
7,2,6.3,24.7,185.1,43.8,3.5,1237.0,2,2,3.2
3,3,6.6,21.1,181.5,37.6,2.9,638.0,4,2,0.18
0,1,5.8,15.6,126.6,78.3,13.4,1127.0,7,5,0.77
3,2,7.1,13.2,57.5,50.1,3.0,257.0,9,6,0.37
8,0,5.6,36.5,94.0,24.2,8.2,803.0,9,4,0.71
11,1,7.2,16.5,192.8,42.5,4.5,498.0,1,7,0.16
8,0,4.9,14.3,22.8,75.1,5.1,1325.0,4,11,3.44
1,1,7.4,38.4,169.1,93.3,3.9,729.0,7,9,0.39
6,0,7.4,32.4,42.4,94.1,13.9,427.0,7,8,0.39
2,2,5.7,15.6,185.6,75.6,14.5,55.0,8,11,0.1
1,0,7.3,37.5,93.0,35.0,17.5,305.0,7,5,0.18
2,1,8.1,18.5,40.1,50.4,18.2,929.0,8,7,0.26
3,3,7.8,16.1,73.3,41.6,16.4,1262.0,1,7,0.37
11,3,7.5,20.2,62.8,67.2,10.8,494.0,5,5,0.14
10,2,6.0,27.2,0.6,58.0,1.8,257.0,4,7,0.12
5,2,8.3,36.4,61.2,85.0,1.7,1094.0,2,7,0.83
0,1,7.1,25.0,165.2,45.1,9.3,107.0,8,3,0.6
4,3,6.6,21.7,140.0,72.6,19.8,1460.0,7,3,17.45
0,0,5.9,37.6,139.5,29.0,10.7,331.0,0,7,0.82
8,0,6.7,37.4,32.2,90.9,5.5,1246.0,4,10,3.23
8,1,6.0,20.6,94.0,94.0,6.9,412.0,9,8,1.67
8,3,7.9,33.6,54.5,29.8,15.8,236.0,9,2,1.61
6,0,6.5,23.8,48.6,36.1,10.0,2.0,0,9,0.4
11,2,8.1,32.5,18.1,86.0,13.9,207.0,1,4,0.11
10,2,8.1,20.9,138.4,59.7,19.0,348.0,4,5,0.1
9,3,6.5,26.9,51.4,85.0,0.8,1247.0,5,8,0.86
10,1,6.1,21.5,87.7,81.2,9.6,204.0,8,7,0.14
4,0,5.5,23.9,80.7,38.7,6.2,194.0,9,2,18.51
13,3,7.0,32.7,182.1,66.9,14.1,1032.0,0,7,0.25
12,2,5.8,33.4,158.3,70.3,3.5,1227.0,7,10,4.01
7,2,8.3,10.6,178.5,72.4,18.7,1329.0,0,5,0.72
10,2,5.1,16.0,130.8,87.6,2.8,520.0,3,9,0.16
3,3,7.1,38.7,77.4,58.3,3.4,1199.0,6,12,0.23
0,0,8.3,20.8,186.8,45.7,16.7,170.0,7,12,0.4
12,3,7.2,35.6,38.3,35.1,16.0,1086.0,2,3,10.99
1,0,5.6,35.0,115.0,35.9,4.6,578.0,2,8,0.16
6,0,4.6,34.6,92.1,45.4,4.8,214.0,9,1,0.1
7,0,6.1,21.7,138.2,70.3,2.0,1404.0,5,1,4.99
9,3,6.4,29.5,181.8,63.7,1.9,73.0,3,4,0.82
3,3,5.2,37.9,0.1,49.5,5.2,1360.0,8,4,0.24
7,1,6.0,18.4,13.4,22.6,19.5,539.0,7,2,3.8
4,3,4.6,16.4,32.4,84.3,12.2,667.0,8,10,8.7
3,3,8.3,38.3,149.2,93.4,14.9,355.0,2,11,0.12
10,0,7.1,12.1,177.2,82.1,10.6,873.0,6,11,0.23
2,2,4.8,14.2,74.8,61.8,13.2,91.0,3,3,0.1
11,0,6.0,37.9,49.7,30.9,13.0,1387.0,8,11,0.15
14,0,8.0,20.5,44.7,64.1,11.3,235.0,0,11,0.47
10,3,6.1,30.2,132.0,26.6,19.3,173.0,6,5,0.1
5,0,6.0,41.2,180.1,83.1,0.8,1140.0,0,5,0.4
6,1,5.9,38.4,63.7,27.1,2.6,245.0,4,1,0.13
6,3,6.6,29.8,172.2,91.7,19.0,231.0,2,8,0.33
6,1,7.0,31.3,97.9,92.4,13.6,86.0,5,11,0.24
10,0,6.9,37.6,20.2,75.7,9.0,175.0,2,1,0.13
6,0,8.0,39.3,84.0,33.7,17.3,358.0,0,2,0.1
5,0,5.6,30.8,5.7,77.2,5.8,571.0,0,4,0.5
2,0,7.7,34.4,134.4,61.7,13.2,752.0,7,9,0.22
14,2,4.9,17.6,89.7,77.9,16.4,496.0,3,6,0.2
1,1,4.7,40.3,179.2,47.2,8.2,400.0,4,3,0.13
11,0,8.1,19.9,59.3,25.5,15.9,949.0,6,7,0.11
11,2,7.1,35.1,185.0,69.1,1.4,1230.0,5,9,0.11
12,2,7.6,41.2,94.8,57.1,3.1,1253.0,6,4,6.94
0,1,5.1,30.9,133.2,30.3,9.5,1018.0,6,3,0.5
14,1,4.8,25.8,26.3,50.1,7.3,887.0,8,7,0.45
3,1,8.4,24.0,150.9,31.9,17.8,411.0,0,11,0.15
0,2,6.9,35.8,47.0,84.7,3.9,460.0,5,3,1.31
0,0,6.2,30.1,4.3,38.8,7.0,904.0,7,2,0.48
10,2,5.0,36.2,53.2,42.4,5.7,651.0,5,11,0.1
5,3,5.1,12.4,30.2,21.0,20.0,930.0,0,9,0.73
10,2,4.6,39.8,37.9,74.0,13.9,41.0,3,10,0.1
3,2,7.3,33.1,113.7,51.1,12.0,217.0,8,3,0.34
1,3,6.9,27.5,63.2,59.1,9.2,561.0,7,7,0.35
8,3,5.2,21.5,183.3,21.6,5.8,369.0,6,4,1.45
3,1,4.8,21.0,33.0,36.0,16.0,798.0,6,4,0.38
7,0,6.4,29.1,13.7,71.1,18.0,153.0,3,11,3.57
6,1,7.5,38.8,199.2,86.5,18.6,1474.0,4,11,0.1
8,2,8.5,34.8,115.7,32.8,17.2,799.0,1,8,0.59
5,0,6.8,25.9,120.3,24.9,3.2,805.0,2,7,0.96
14,3,5.7,11.8,39.3,32.0,17.5,1369.0,6,6,0.48
0,2,8.4,32.6,194.7,24.2,19.0,1248.0,9,8,0.86
14,3,4.8,38.1,2.8,24.8,8.8,1144.0,0,10,0.21
13,1,5.1,33.7,87.6,84.6,11.8,321.0,5,10,0.11
4,0,6.5,20.8,122.1,27.4,6.4,1339.0,7,6,8.77
9,2,5.1,18.6,119.4,33.9,10.4,1082.0,6,1,0.31
12,2,6.4,35.8,10.5,57.7,15.4,658.0,6,5,5.84
14,2,7.9,38.8,25.3,81.2,4.3,111.0,0,5,0.7
5,0,6.1,41.2,168.1,46.9,18.1,1309.0,0,6,0.48
8,2,7.2,41.1,84.1,70.8,16.6,1431.0,3,2,0.59
2,0,5.1,22.6,147.4,59.9,3.0,550.0,0,4,0.18
0,2,6.7,19.2,166.4,21.7,6.8,177.0,1,3,0.57
11,2,7.6,17.1,2.2,30.3,5.7,769.0,0,11,0.2
3,0,5.1,28.8,50.1,85.8,18.9,662.0,1,6,0.54
5,0,7.0,12.8,50.0,23.1,8.7,1492.0,6,7,0.94
9,1,8.4,28.7,112.4,45.7,1.8,741.0,8,5,0.8
10,1,7.0,34.1,150.1,58.5,5.2,1220.0,1,3,0.11
4,3,6.7,20.0,9.1,42.7,17.8,824.0,5,12,10.56
7,2,6.9,39.4,43.6,34.2,8.8,760.0,2,9,4.31
5,0,7.4,36.2,63.4,30.5,19.1,467.0,7,10,1.16
10,1,8.5,21.9,150.0,87.9,7.9,622.0,2,4,0.12
11,2,5.6,17.1,48.6,84.0,10.0,1275.0,7,5,0.11
3,0,7.4,11.6,144.0,88.0,6.8,1383.0,9,8,0.1
14,1,7.4,12.9,196.5,65.9,19.8,1152.0,9,2,0.12
8,2,5.2,28.4,3.1,54.1,3.5,661.0,5,2,1.18
14,2,4.6,34.4,8.2,80.2,3.2,834.0,0,3,0.13
11,3,6.0,11.2,100.8,82.2,12.2,110.0,3,5,0.14
3,3,7.4,32.7,42.1,85.8,4.8,728.0,4,3,0.61
3,1,7.9,11.9,11.0,44.5,9.4,1204.0,3,6,0.2
6,2,7.3,37.3,184.2,87.4,5.9,289.0,8,1,0.1
7,0,4.6,37.4,172.5,20.2,9.3,1152.0,6,5,1.03
14,2,8.3,22.9,83.4,28.0,15.7,931.0,8,4,0.22
3,2,6.8,29.0,195.4,42.9,14.0,707.0,5,1,0.2
3,3,5.5,25.8,22.4,46.2,7.9,1429.0,4,6,0.42
10,2,8.0,17.8,103.5,68.5,7.6,886.0,2,9,0.21
5,0,5.1,15.2,195.5,69.8,3.6,906.0,4,3,0.34
10,0,7.3,33.6,169.3,54.4,11.7,239.0,2,1,0.11
2,2,7.2,19.4,2.6,34.3,16.0,1220.0,5,10,0.1
14,1,6.9,34.8,57.1,78.5,18.1,507.0,5,8,0.77
4,3,6.8,28.3,192.8,78.1,1.6,793.0,8,8,7.81
1,3,7.3,30.7,50.8,38.9,2.0,250.0,6,1,0.31
11,2,6.7,11.4,186.2,85.0,2.0,268.0,0,5,0.13
14,3,5.2,23.5,36.9,27.5,16.9,1015.0,0,2,0.48
2,1,8.4,14.9,195.3,42.5,15.6,870.0,5,11,0.1
13,0,6.3,13.9,177.2,88.3,10.7,568.0,0,11,0.1
2,0,8.3,28.2,151.6,38.4,15.2,702.0,5,2,0.28
3,1,5.1,33.1,189.2,36.1,7.2,159.0,0,4,0.33
9,3,7.2,10.2,86.6,64.0,15.4,1358.0,0,11,0.37
9,3,6.1,24.0,133.8,88.7,2.6,1009.0,5,4,0.76
4,1,6.9,35.2,34.1,58.3,16.7,243.0,3,10,21.74
1,0,5.3,20.5,105.7,68.3,10.9,752.0,3,4,0.29
7,0,5.4,30.0,84.9,66.8,6.9,1488.0,9,2,2.9
0,3,5.7,16.7,96.1,44.1,16.8,489.0,3,9,0.8
12,0,6.0,36.5,189.3,75.9,12.3,125.0,0,12,3.18
6,3,4.6,36.6,33.5,76.0,13.2,296.0,7,11,0.15
7,2,7.7,24.7,50.2,55.7,19.6,1021.0,9,9,6.9
9,2,6.9,11.4,13.1,52.0,12.3,1256.0,2,6,0.49
5,2,4.7,30.7,121.0,59.7,19.6,671.0,9,8,0.57
13,3,5.8,38.7,146.3,79.8,6.3,1198.0,1,8,0.2
9,2,5.5,38.5,47.7,55.6,13.1,692.0,1,1,0.82
1,2,8.5,32.9,80.4,88.9,2.3,1233.0,1,2,0.11
1,1,7.6,11.7,136.4,93.9,10.6,1392.0,8,5,0.36
0,3,6.1,14.1,76.9,42.1,14.0,117.0,3,1,0.58
2,2,8.0,30.8,60.8,93.3,2.3,99.0,1,8,0.22
1,2,6.0,24.2,114.9,45.0,10.3,990.0,4,2,0.43
1,3,4.6,26.4,178.1,43.0,2.6,1181.0,4,4,0.17
6,1,5.0,39.6,75.5,32.0,6.3,572.0,4,3,0.1
14,1,5.2,20.0,103.6,79.6,18.5,353.0,3,11,0.36
10,1,6.2,26.5,4.5,90.6,4.0,289.0,8,2,0.15
4,0,6.1,20.9,157.8,39.1,12.7,403.0,4,4,5.76
6,2,7.6,11.1,144.5,35.7,5.5,1258.0,0,4,0.1
5,0,7.1,11.0,69.2,80.0,12.3,437.0,7,3,0.39
0,3,7.5,31.3,67.8,67.0,14.8,513.0,4,1,1.21
4,1,4.6,17.3,5.5,42.1,12.9,165.0,7,10,6.39
0,3,5.7,19.2,74.9,88.7,8.3,636.0,9,3,0.95
0,3,5.2,13.7,103.1,73.9,16.4,1207.0,5,1,0.39
0,1,7.0,10.6,31.2,81.8,1.8,1042.0,3,10,0.42
7,0,4.6,25.7,8.1,91.3,7.6,1468.0,4,12,1.77
1,1,6.9,16.5,146.0,67.8,12.1,1030.0,5,11,0.98
5,1,5.9,26.6,120.0,47.0,17.1,1294.0,8,4,0.54
7,0,5.9,33.3,93.4,83.3,13.5,1363.0,0,3,1.53
4,0,7.8,27.1,153.0,82.3,3.5,207.0,7,10,8.47
6,3,6.7,11.3,145.1,78.2,7.1,1433.0,0,8,0.19
3,1,4.8,23.1,157.1,57.4,2.4,728.0,0,9,0.11
0,1,8.4,23.1,16.9,29.3,3.2,1433.0,8,9,0.45
8,0,7.4,15.1,133.3,71.9,0.6,120.0,4,7,2.06
8,2,5.7,30.8,90.6,84.9,1.8,1470.0,2,3,0.9
3,0,5.0,25.2,39.0,54.3,19.0,9.0,9,7,0.24
9,1,5.5,31.4,98.9,36.7,15.6,323.0,6,7,0.74
12,1,5.9,16.7,176.8,35.0,16.1,1360.0,2,4,2.5
1,3,7.3,39.1,98.1,58.1,19.5,500.0,5,2,0.2
14,3,7.8,34.5,191.5,20.4,16.0,6.0,6,8,0.38
4,0,7.3,18.1,108.9,46.1,10.7,915.0,8,4,7.18
3,1,6.7,29.3,91.0,94.1,18.7,134.0,5,6,0.4
14,1,4.8,27.4,199.5,61.2,2.7,415.0,4,12,0.14
3,2,7.8,25.1,68.0,94.1,4.5,616.0,9,6,0.56
6,2,7.5,20.6,129.3,23.6,18.9,675.0,6,8,0.28
1,0,5.3,28.5,20.9,75.7,13.2,1483.0,4,6,0.47
13,1,6.4,15.5,194.8,73.4,18.3,542.0,4,5,0.12
8,2,5.9,12.1,110.7,40.0,4.8,522.0,4,6,1.86
0,0,6.7,17.0,78.5,66.3,1.9,1194.0,1,6,1.41
2,1,4.6,17.0,158.6,49.3,5.1,840.0,5,7,0.12
8,1,4.7,29.1,77.2,56.8,9.0,255.0,2,10,1.78
6,0,5.7,30.5,47.0,80.5,16.9,454.0,6,10,0.32
14,1,7.0,31.3,173.3,40.7,1.9,1413.0,2,2,0.28
8,2,4.9,33.7,32.9,38.3,9.3,704.0,2,9,1.93
11,3,6.1,34.5,42.2,37.3,11.7,312.0,5,12,0.12
7,3,6.9,41.7,35.1,77.3,2.8,1240.0,5,3,2.57
8,2,7.8,14.0,65.4,84.7,16.9,33.0,8,6,2.07
11,3,8.2,24.6,76.0,30.1,6.7,1001.0,1,8,0.12
14,0,6.1,36.5,122.0,20.0,7.9,1078.0,2,1,0.21
11,3,5.0,37.3,0.6,23.4,2.0,1453.0,5,9,0.1
14,2,7.6,22.1,87.0,20.3,18.0,845.0,2,2,0.21
0,1,8.5,31.2,136.3,80.5,2.8,1458.0,2,9,0.31
3,2,6.8,30.5,43.9,21.9,15.2,911.0,7,4,0.74
11,0,5.6,24.2,67.8,83.0,19.2,632.0,5,7,0.12
7,1,6.5,28.9,165.8,40.4,15.5,857.0,3,10,4.86
1,1,7.9,15.3,107.5,58.2,2.5,1011.0,8,1,0.41
5,1,5.8,12.8,36.5,89.1,7.8,759.0,9,7,1.2
13,0,7.8,32.3,109.3,21.7,3.3,1318.0,9,10,0.14
3,3,4.8,15.3,60.6,47.8,19.5,1167.0,0,2,0.1
8,1,6.3,21.0,178.7,34.9,3.5,879.0,3,9,2.81
14,0,8.2,16.0,51.3,35.3,10.3,886.0,5,8,0.35
0,1,5.1,22.3,54.4,83.5,18.9,506.0,9,6,2.09
5,0,5.1,24.8,143.1,43.8,1.5,962.0,3,5,0.7
14,1,6.4,35.5,26.0,66.2,19.9,406.0,4,10,1.01
10,1,5.4,24.2,118.3,23.6,10.0,1446.0,5,11,0.23
11,1,4.8,24.5,128.4,67.4,16.5,1192.0,2,10,0.15
4,3,8.0,14.3,96.5,47.2,9.8,208.0,8,12,8.24
11,3,4.9,12.0,57.0,87.6,14.4,65.0,3,10,0.14
10,3,6.3,20.3,166.0,63.2,12.5,669.0,4,7,0.12
2,3,7.5,29.0,82.5,32.9,18.4,631.0,0,2,0.36
14,0,8.0,33.8,91.5,38.2,10.0,1228.0,0,10,0.26
3,2,8.5,41.6,43.8,70.1,0.9,534.0,3,1,0.17
14,3,6.8,39.3,142.1,58.6,10.9,249.0,1,11,0.35
9,0,5.3,38.5,173.4,65.7,0.6,1470.0,6,3,0.24
2,0,4.6,16.3,151.0,64.5,14.8,1321.0,9,1,0.14
9,3,6.4,19.7,167.0,93.8,14.1,1288.0,0,8,0.35
14,0,5.6,19.2,153.2,46.3,6.4,523.0,1,7,0.4
7,2,5.1,18.6,165.9,88.2,18.7,1338.0,2,11,2.7
8,3,6.7,28.7,164.6,65.5,2.6,1445.0,2,1,2.9
3,2,6.4,13.4,139.8,72.3,10.3,715.0,2,6,0.19
11,0,6.6,11.3,171.3,21.6,3.0,658.0,6,3,0.15
8,2,7.3,21.1,48.4,40.6,4.1,329.0,6,4,1.52
9,3,8.2,40.4,62.6,80.3,12.7,1311.0,7,9,0.41
6,2,5.9,26.5,61.7,61.8,12.4,15.0,0,11,0.26
13,1,5.4,41.9,199.5,67.0,7.3,1180.0,9,5,0.14
7,3,6.6,17.7,130.1,37.7,17.5,433.0,8,11,2.77
6,3,5.8,20.7,105.0,79.1,18.6,1428.0,0,2,0.16
9,0,4.7,27.9,188.0,68.9,8.9,139.0,1,3,0.31
11,1,5.8,10.1,156.6,87.6,15.3,966.0,8,6,0.11
9,0,7.6,38.7,52.3,57.3,10.3,1262.0,1,6,0.93
7,3,6.3,32.7,3.7,76.6,4.4,983.0,8,1,3.44
0,2,7.0,37.6,118.0,79.5,6.4,541.0,0,2,0.57
0,3,5.4,36.6,127.1,74.7,1.5,1381.0,8,9,0.54
12,0,7.4,29.7,157.1,86.9,15.9,1129.0,8,2,9.33
11,3,6.0,33.8,36.0,28.5,11.5,748.0,9,7,0.1
5,3,7.8,13.4,47.6,32.8,5.1,257.0,7,11,1.47
4,3,8.2,35.6,188.2,62.2,1.2,1155.0,3,4,5.65
7,0,6.5,22.4,197.8,54.6,12.7,967.0,5,10,4.87
12,0,6.5,35.0,103.2,76.1,19.9,1302.0,5,8,8.65
8,3,5.7,18.8,97.4,94.5,6.1,815.0,5,3,1.42
0,1,4.6,20.5,79.1,55.0,12.9,9.0,2,6,1.99
11,2,4.8,17.0,168.3,49.1,5.9,29.0,6,6,0.1
1,3,7.6,12.1,21.4,21.2,5.1,1482.0,6,1,0.74
7,1,7.4,24.9,22.1,31.4,5.6,734.0,5,4,3.08
8,3,7.7,35.4,21.8,71.9,19.8,1494.0,5,9,1.97
7,2,6.5,29.9,135.3,41.8,8.6,364.0,3,5,3.36
6,3,8.0,18.3,57.6,42.3,1.5,940.0,6,6,0.26
9,2,6.6,11.0,192.9,34.8,9.5,862.0,6,11,0.25
6,0,5.3,33.4,152.7,82.5,16.1,1156.0,9,10,0.12
11,1,6.9,19.5,25.2,61.1,9.0,1350.0,7,1,0.31
6,3,5.0,27.0,56.0,51.3,14.3,781.0,2,10,0.15
3,0,5.3,18.0,94.2,50.9,13.0,787.0,5,8,0.11
3,1,5.4,12.8,73.6,38.9,9.4,753.0,6,5,0.22
6,1,4.8,21.7,163.5,81.0,4.6,4.0,4,1,0.11
4,3,5.7,30.5,36.2,88.2,16.0,144.0,6,11,12.72
12,1,6.2,18.2,177.1,36.6,11.9,1018.0,3,8,4.84
4,3,4.6,36.9,7.6,84.9,6.8,311.0,3,11,5.49
12,2,5.5,34.7,110.1,70.9,9.7,1031.0,5,10,5.71
12,1,7.2,38.0,141.2,70.3,1.6,1040.0,2,8,9.05
2,2,7.1,21.4,65.5,54.0,3.7,432.0,3,7,0.35
2,1,5.4,38.1,120.1,24.8,10.1,1130.0,9,4,0.17
8,2,5.4,13.5,39.2,90.6,4.9,37.0,4,9,3.51
5,3,8.1,32.9,70.1,53.6,18.2,1124.0,4,6,0.7
4,2,6.1,20.4,151.0,51.8,1.6,115.0,6,3,11.79
3,3,6.4,11.5,67.6,21.5,14.7,1469.0,8,12,0.13
9,0,6.0,39.7,182.2,87.6,3.4,716.0,0,5,0.7
6,1,7.1,12.7,109.1,26.2,19.4,696.0,8,10,0.1
9,2,8.0,41.5,154.1,30.1,16.2,890.0,5,5,0.35
13,1,7.5,27.2,123.4,93.6,7.4,19.0,3,9,0.14
6,1,5.0,41.6,43.7,35.1,7.2,846.0,3,2,0.12
11,3,6.7,33.5,155.9,94.5,14.7,987.0,2,1,0.1
8,3,6.5,14.4,152.2,72.8,4.0,62.0,0,12,3.51
0,0,5.5,13.9,175.4,87.9,4.3,686.0,2,7,0.45
12,2,5.4,13.0,149.7,79.8,5.2,959.0,4,12,2.19
9,3,7.6,31.9,24.9,46.0,11.6,487.0,4,2,0.58
1,0,5.3,23.2,60.7,86.7,0.8,1314.0,5,9,0.45
12,0,6.8,21.3,86.4,59.1,0.6,652.0,0,6,9.78
3,3,6.5,19.7,145.5,73.3,18.3,1297.0,8,9,0.15
2,1,5.5,28.3,93.7,53.4,4.8,179.0,2,8,0.29
9,0,7.3,40.4,40.1,30.4,13.5,567.0,2,7,0.61
13,2,6.2,10.9,187.3,70.5,13.6,1250.0,8,4,0.1
12,0,7.5,26.3,127.2,24.5,12.3,896.0,1,12,4.13
7,1,5.7,19.8,180.5,65.9,17.4,1359.0,5,6,4.41
1,1,6.0,41.5,193.1,83.6,1.2,817.0,1,10,0.51
10,1,6.9,15.5,55.2,28.5,1.5,116.0,9,10,0.31
13,0,5.5,36.7,27.2,54.1,8.9,62.0,0,5,0.51
1,0,7.1,21.0,188.5,46.2,14.4,749.0,7,8,0.39
11,3,6.0,10.3,145.7,81.0,1.1,747.0,1,11,0.27
2,1,5.1,22.8,74.0,55.8,4.9,623.0,6,9,0.17
8,0,5.5,28.4,172.4,73.4,8.1,250.0,9,10,3.02
5,2,5.8,36.0,40.5,53.8,11.2,90.0,6,12,1.29
6,1,7.6,29.1,186.0,90.1,2.7,534.0,0,3,0.19
9,2,7.9,20.4,119.6,33.5,8.4,1368.0,5,8,0.36
8,3,8.1,17.8,18.9,86.0,12.3,1258.0,2,1,2.17
4,0,8.1,33.0,54.8,53.3,1.8,969.0,2,2,18.19
9,1,7.0,38.8,130.4,64.6,6.7,973.0,7,6,0.81
2,3,8.1,17.6,92.5,34.4,6.0,157.0,1,9,0.1
9,0,6.4,40.9,163.5,43.6,10.9,384.0,0,6,0.38
12,0,7.3,32.7,197.0,27.2,19.2,874.0,2,7,5.57
14,3,6.6,39.8,76.1,62.5,18.4,1368.0,1,6,0.47
3,3,5.2,41.4,59.1,65.4,13.3,383.0,1,7,0.24
6,2,5.0,11.8,144.1,88.1,15.5,315.0,9,5,0.1
12,3,6.6,38.6,55.7,68.3,0.8,1350.0,6,1,7.07
0,3,6.4,35.1,100.2,57.2,18.0,1387.0,4,1,0.85
3,2,6.7,13.0,160.6,80.0,12.6,858.0,7,10,0.1
2,2,6.7,27.1,140.2,33.9,15.9,654.0,3,4,0.21
8,2,7.7,14.6,126.5,88.4,9.1,147.0,8,5,1.72
8,1,5.3,26.0,23.3,53.1,7.1,1420.0,7,11,5.7
14,3,7.5,32.1,84.8,71.2,17.1,375.0,3,1,0.23
0,1,6.2,17.7,75.2,26.2,12.5,959.0,8,11,0.95
4,1,5.4,14.8,83.5,71.3,7.2,368.0,8,2,12.66
4,0,5.9,14.3,125.5,49.2,5.1,272.0,7,10,6.45
6,0,7.2,18.6,16.2,23.9,7.0,472.0,7,9,0.18
1,2,6.9,17.5,100.2,39.5,7.1,98.0,3,3,0.4
6,0,8.4,29.6,151.0,20.7,4.6,1298.0,2,4,0.1
0,1,6.4,33.9,125.3,71.2,4.0,1429.0,7,9,0.59
1,3,5.2,18.5,4.9,43.3,13.5,662.0,5,4,0.38
10,1,8.0,18.1,165.5,48.9,19.5,1186.0,5,3,0.15
3,1,7.1,31.5,154.2,74.8,15.9,1335.0,6,9,0.19
9,3,7.9,19.1,175.1,85.5,19.0,1145.0,6,2,0.29
8,3,7.6,35.3,59.5,79.6,19.8,79.0,7,9,1.07
11,2,6.4,29.5,121.2,21.4,14.1,1489.0,8,3,0.11
6,3,7.0,22.2,63.8,68.5,13.2,87.0,1,3,0.35
1,1,7.7,25.9,64.1,21.7,19.3,203.0,5,2,0.28
9,1,6.4,41.7,177.0,49.1,7.0,729.0,7,7,0.43
13,0,6.3,34.7,193.5,58.2,4.6,807.0,7,3,0.14
13,2,5.3,11.6,162.5,94.5,3.2,1000.0,4,7,0.1
9,0,5.7,11.6,146.6,90.2,14.1,1433.0,5,1,0.21
6,2,4.7,11.9,60.3,91.4,0.7,1395.0,5,1,0.1
12,3,6.1,19.6,83.3,55.8,6.4,936.0,5,3,10.7
3,0,6.3,14.3,14.1,86.8,3.9,872.0,7,2,0.1
2,3,7.5,10.8,30.3,34.8,3.5,1042.0,3,11,0.19
8,0,5.4,40.4,162.1,49.7,1.0,739.0,3,2,0.68
7,1,6.5,37.2,150.6,23.3,16.3,1198.0,7,7,2.46
5,1,6.0,16.7,31.4,74.7,13.4,426.0,0,5,1.49
10,2,7.8,35.1,172.0,49.9,12.6,1265.0,0,3,0.1
12,0,7.1,31.2,30.8,68.8,2.5,168.0,1,2,5.89
6,2,4.7,17.7,105.6,63.6,3.5,663.0,3,5,0.15
1,2,6.8,39.8,92.5,61.4,15.7,745.0,0,4,0.2
7,0,8.4,13.6,175.8,77.5,15.9,118.0,8,8,1.62
4,3,5.0,14.6,12.1,85.5,18.3,799.0,9,6,1.85
7,2,7.5,40.2,158.1,87.3,12.1,795.0,5,9,1.67
6,2,7.2,36.3,151.5,24.4,19.0,283.0,6,11,0.13
3,3,7.1,36.8,44.2,81.6,17.5,450.0,1,3,0.44
14,2,5.8,16.0,52.0,30.9,8.8,614.0,0,1,0.35
3,3,7.9,29.1,148.9,69.4,19.8,1025.0,0,10,0.19
4,0,5.7,17.5,54.1,49.3,9.3,24.0,6,3,12.35
14,3,8.2,36.2,61.9,81.2,0.6,294.0,4,9,0.37
5,0,5.9,29.4,121.4,58.0,8.7,43.0,6,8,0.76
10,2,5.3,29.0,79.8,94.4,18.7,438.0,6,2,0.11
12,1,7.3,13.5,176.7,42.0,3.1,180.0,8,5,2.73
14,1,6.2,14.4,179.8,77.0,4.7,812.0,2,2,0.25
0,0,7.1,22.8,20.1,88.1,19.8,710.0,6,4,0.44
6,0,5.6,31.3,84.4,45.4,12.2,1367.0,7,2,0.16
7,3,5.1,10.2,94.6,84.1,0.8,798.0,9,9,1.73
13,0,5.5,36.5,80.4,55.8,5.0,811.0,8,7,0.3
12,1,4.7,13.1,151.7,56.7,2.8,327.0,2,8,2.39
7,1,6.7,11.6,163.3,22.3,13.9,384.0,5,3,1.24
12,0,7.4,20.4,137.9,80.8,11.0,680.0,4,12,3.48
3,0,7.2,32.3,128.6,55.4,6.2,190.0,0,12,0.18
11,0,7.2,24.8,149.2,58.1,4.7,262.0,0,4,0.13
12,1,7.8,13.9,143.3,53.0,5.4,591.0,4,1,3.77
2,0,5.3,11.7,37.0,24.6,1.2,926.0,9,4,0.2
3,3,5.7,25.5,78.3,91.8,18.9,1020.0,9,5,0.42
13,3,7.6,19.4,139.8,34.6,19.3,248.0,0,8,0.1
5,1,8.5,31.1,41.4,83.5,16.2,1034.0,0,2,0.54
8,2,4.7,27.5,105.4,51.0,7.4,837.0,8,7,1.16
12,0,5.3,37.1,166.7,93.3,6.7,966.0,2,5,5.82
10,3,7.1,29.5,61.3,52.0,17.3,1089.0,8,10,0.26
2,2,6.4,27.4,170.6,68.1,3.7,1468.0,0,9,0.19
13,0,6.8,18.2,162.8,45.9,18.1,742.0,1,7,0.16
10,2,7.2,32.4,99.5,22.5,0.9,436.0,4,11,0.2
11,0,6.2,15.9,86.2,55.8,11.0,299.0,3,10,0.3
6,1,6.2,11.1,137.3,30.8,0.8,733.0,2,9,0.11
6,0,6.3,17.8,26.8,27.2,0.9,1102.0,9,10,0.31
10,1,5.0,34.3,110.6,56.5,17.2,1427.0,8,1,0.1
6,2,5.6,37.1,137.7,66.0,1.3,486.0,3,2,0.1
0,2,8.0,12.6,57.4,63.3,15.8,47.0,3,5,0.77
9,1,7.7,36.0,166.2,53.6,4.1,582.0,5,8,0.29
5,3,7.3,31.3,115.8,32.9,10.7,1268.0,2,1,0.48
9,0,7.1,16.0,136.4,22.5,15.0,1425.0,5,9,0.31
2,3,8.3,16.2,198.4,26.9,15.5,1244.0,6,1,0.12
11,2,7.2,40.7,93.6,52.7,12.1,695.0,5,11,0.13
8,0,4.8,36.1,145.2,22.2,10.0,321.0,7,4,0.42
4,2,6.2,36.1,45.8,90.9,1.9,793.0,0,11,17.56
10,0,5.5,26.4,176.4,32.3,18.7,770.0,6,2,0.12
5,3,6.5,14.7,157.3,26.3,4.8,637.0,1,5,0.72
12,2,7.9,19.1,174.5,55.0,11.9,235.0,5,6,4.86
7,3,5.6,16.0,25.9,84.7,17.5,675.0,1,2,3.46
6,1,5.6,26.7,177.4,61.9,1.5,1070.0,0,1,0.18
2,1,8.5,30.5,2.2,61.3,12.1,144.0,6,6,0.27
5,2,6.7,31.5,57.3,38.7,19.7,462.0,8,9,1.21
13,3,8.0,35.9,127.9,76.5,4.9,452.0,3,3,0.1
2,0,5.4,17.3,95.7,76.0,12.1,329.0,4,2,0.22
11,0,5.5,31.3,154.1,77.5,15.9,13.0,6,8,0.1
14,1,8.5,37.3,15.9,91.4,2.7,1360.0,8,11,0.28
9,2,6.4,24.0,140.7,68.0,9.2,1287.0,0,2,0.52
0,2,7.1,17.3,195.0,76.6,10.9,690.0,7,1,0.56
11,3,5.9,18.9,187.7,86.6,19.1,1100.0,9,3,0.11
0,1,6.6,34.7,18.7,47.9,12.4,795.0,9,8,0.94
2,2,7.4,15.1,175.9,59.3,19.6,742.0,7,4,0.1
8,2,4.7,17.3,50.4,44.2,2.9,1360.0,7,6,2.18
10,1,4.6,25.2,110.9,74.9,5.8,294.0,3,8,0.1
1,0,7.3,36.9,192.9,72.7,4.9,958.0,1,7,0.21
8,1,5.7,24.6,141.9,84.4,15.6,1349.0,2,9,2.38
1,2,7.2,28.9,151.4,71.4,11.3,1478.0,1,7,0.34
11,2,5.8,26.0,131.8,81.9,2.5,1430.0,3,3,0.1
6,0,6.0,15.3,110.9,31.7,5.7,582.0,2,1,0.15
7,0,5.2,13.4,109.4,33.1,11.2,1455.0,6,12,2.22
7,1,5.6,26.7,2.2,58.2,1.0,426.0,2,11,3.39
7,1,8.1,14.8,91.6,59.4,1.5,318.0,6,9,1.9
12,0,5.3,39.0,183.4,32.8,10.0,603.0,1,8,3.02
3,3,7.5,11.5,178.6,86.9,12.9,282.0,3,9,0.1
14,3,8.4,19.6,163.3,35.5,2.2,288.0,0,2,0.14
6,3,6.5,38.5,140.9,66.8,14.0,604.0,6,5,0.18
9,3,5.8,29.8,131.6,22.7,19.6,1303.0,5,10,0.48
2,0,8.1,41.2,52.2,24.7,18.4,1424.0,2,1,0.28
1,3,5.5,31.2,108.9,80.9,14.5,1160.0,1,2,0.18
8,3,6.3,11.1,181.4,52.2,10.5,1284.0,7,1,2.04
10,0,6.3,34.7,53.4,54.5,3.7,85.0,5,6,0.12
2,3,6.9,38.4,9.3,49.2,6.0,1144.0,6,1,0.4
5,1,4.8,17.7,129.4,24.7,13.3,311.0,5,9,0.58
4,2,6.3,23.0,175.3,37.5,12.6,178.0,7,2,14.42
8,2,5.3,23.3,178.0,77.6,12.2,1178.0,2,8,1.16
9,2,5.3,35.4,193.9,50.0,18.1,734.0,2,2,0.29
1,1,4.8,22.6,144.8,26.9,5.1,482.0,0,12,0.4
2,2,4.8,14.5,174.8,87.4,4.1,243.0,2,10,0.1
3,2,5.6,34.0,153.8,34.6,19.7,604.0,6,11,0.17
3,3,5.5,16.6,101.4,39.3,3.7,482.0,5,7,0.17
2,1,6.5,38.9,29.3,66.4,15.8,55.0,6,4,0.43
1,1,5.8,16.0,149.4,78.4,13.3,819.0,5,6,0.4
11,1,7.5,34.0,143.2,40.5,15.2,679.0,8,7,0.1
13,2,8.1,37.3,179.9,86.5,15.1,1204.0,4,1,0.1
10,2,4.6,24.4,25.8,36.5,2.1,1359.0,2,8,0.13
2,0,7.0,23.4,190.0,79.7,18.0,1405.0,9,2,0.4
11,3,4.9,30.8,25.4,83.0,3.9,285.0,0,12,0.12
6,0,6.3,36.5,15.4,27.2,7.9,857.0,3,3,0.25
14,1,7.7,13.1,2.3,84.2,14.3,152.0,9,10,0.38
6,3,5.5,24.3,180.2,45.8,7.1,1031.0,7,8,0.27
7,2,4.8,16.8,76.9,86.9,16.5,958.0,7,3,1.08
9,2,7.1,17.4,6.5,73.8,5.3,1035.0,5,3,0.36
14,2,4.5,19.6,5.8,20.8,5.8,422.0,5,3,0.12
14,0,4.8,15.8,88.3,24.0,10.1,561.0,9,9,0.21
3,0,4.7,34.7,130.7,67.6,6.6,899.0,5,5,0.15
13,0,6.1,13.8,104.0,92.7,4.5,97.0,6,6,0.17
5,2,8.4,18.9,109.4,27.4,6.2,977.0,4,5,0.56
10,3,6.0,13.5,160.8,47.5,0.6,488.0,9,5,0.1
13,2,7.1,36.1,167.5,37.9,12.5,10.0,6,6,0.26
4,0,7.6,40.3,47.8,70.8,2.6,407.0,5,7,5.21
8,1,8.0,12.3,126.6,81.7,6.7,160.0,1,5,1.1
14,0,6.8,10.3,40.1,69.3,15.4,733.0,8,12,0.26
13,3,8.5,17.3,116.4,67.0,12.9,292.0,0,12,0.1
3,0,5.5,11.8,126.3,62.5,12.3,770.0,5,4,0.13
8,0,5.0,36.4,15.1,68.9,9.0,1218.0,3,5,1.01
10,3,8.2,39.8,148.9,54.5,7.1,1001.0,7,10,0.11
3,0,6.0,32.3,74.7,76.5,13.6,708.0,6,3,0.38
7,0,4.6,25.3,15.5,73.0,16.9,559.0,8,7,2.47
3,3,5.1,13.5,119.4,27.1,7.6,663.0,5,11,0.1
7,3,5.0,36.9,165.9,76.7,17.0,714.0,0,8,1.01
11,2,4.5,35.9,60.2,35.2,4.5,553.0,0,6,0.1
10,0,4.9,11.8,185.6,25.2,13.9,540.0,5,5,0.1
2,0,5.5,32.2,42.2,60.2,3.8,12.0,1,9,0.39
14,3,6.0,31.3,183.3,44.8,9.7,963.0,0,9,0.52
14,3,7.9,11.1,28.1,24.9,11.0,882.0,4,10,0.46
11,0,6.2,25.0,77.9,42.1,18.7,261.0,9,6,0.14
5,3,5.4,13.3,128.6,65.9,7.1,1215.0,6,5,0.51
13,0,7.9,39.6,128.5,25.1,3.3,123.0,0,9,0.13
14,1,5.8,29.8,187.4,50.0,3.5,732.0,4,11,0.36
4,3,7.7,31.3,85.9,48.8,11.4,709.0,3,2,23.19
0,2,5.7,17.8,26.1,83.8,18.3,606.0,6,8,1.24
11,2,7.1,36.0,86.1,82.9,11.3,1470.0,4,4,0.1
10,2,5.4,10.1,107.6,93.2,20.0,115.0,5,6,0.1
0,2,6.8,22.4,160.6,67.0,4.7,1399.0,5,3,0.66
14,0,7.4,40.4,20.7,25.9,18.3,1479.0,6,1,0.18
5,1,8.0,36.1,140.3,92.6,11.1,11.0,9,8,0.65
14,2,6.1,29.3,172.0,28.2,15.0,956.0,9,5,0.47
7,3,5.5,26.5,35.2,60.0,7.3,748.0,1,3,3.82
12,1,5.8,40.7,169.0,37.4,1.7,457.0,2,3,5.02
6,2,7.2,29.8,160.3,51.3,17.6,538.0,0,7,0.32
14,3,5.7,24.0,162.5,35.0,20.0,1044.0,9,8,0.4
9,3,7.3,28.2,9.8,48.3,11.1,1424.0,2,3,0.45
11,3,8.3,15.7,28.0,69.9,8.2,1444.0,8,2,0.24
11,2,6.1,34.5,38.3,33.8,13.2,354.0,0,6,0.1
3,1,7.8,16.6,96.1,91.1,6.1,999.0,9,6,0.33
2,3,6.5,25.1,123.4,92.0,12.4,1200.0,3,5,0.39
10,1,7.5,39.7,164.1,54.2,0.9,312.0,1,8,0.1
12,3,6.6,11.8,199.2,49.5,18.8,588.0,8,7,3.91
10,3,6.0,34.7,113.8,32.4,9.0,1230.0,8,11,0.23
11,0,6.7,36.2,136.2,90.2,4.0,967.0,2,5,0.1
0,1,8.4,36.3,131.6,34.0,13.2,1477.0,4,9,0.49
14,3,5.1,29.1,178.5,88.9,6.1,1302.0,7,5,0.48
12,0,5.1,19.9,196.5,59.0,15.6,176.0,7,6,3.64
10,1,8.3,35.8,191.7,93.5,19.7,556.0,7,12,0.1
7,0,7.8,18.5,78.7,26.5,10.6,1360.0,2,6,5.14
7,2,7.6,34.1,187.5,46.0,16.5,1002.0,7,4,1.29
10,3,7.7,26.2,9.3,87.4,4.2,356.0,6,4,0.21
4,3,7.9,30.6,186.2,46.1,9.0,246.0,3,8,6.13
3,1,6.5,40.3,142.9,55.9,17.8,1297.0,5,10,0.11
13,0,5.9,11.3,76.3,50.8,9.2,251.0,3,5,0.12
4,0,7.1,41.5,125.3,23.9,2.3,359.0,7,4,7.08
13,1,6.7,16.1,39.8,90.3,7.2,1486.0,6,4,0.11
6,0,6.8,11.7,78.7,58.1,18.9,445.0,2,5,0.15
4,0,4.9,24.5,180.0,26.2,10.2,1379.0,5,6,2.8
3,2,7.2,14.5,109.4,65.8,16.0,952.0,4,12,0.1
8,2,6.9,14.3,97.0,78.0,5.4,557.0,4,11,2.68
4,1,8.2,22.7,89.6,76.6,7.7,739.0,8,8,12.31
0,0,7.9,13.6,141.8,76.7,11.5,894.0,9,1,0.17
6,1,7.7,33.4,78.9,83.9,16.8,396.0,1,10,0.13
12,0,5.5,21.3,64.8,47.0,9.5,1089.0,3,6,7.18
1,3,8.5,20.2,58.8,86.6,9.0,262.0,8,4,0.23
8,2,8.2,38.9,133.2,45.6,14.6,1464.0,3,6,0.72
14,0,6.9,18.2,191.1,65.7,2.1,1153.0,2,12,0.3
6,0,6.7,38.5,135.1,88.5,6.6,871.0,6,2,0.1
9,0,7.1,41.3,112.1,52.5,9.7,904.0,3,9,0.19
12,0,4.6,20.3,121.4,48.1,13.1,676.0,0,10,2.24
13,1,7.8,35.4,85.0,36.7,2.4,452.0,3,7,0.23
9,0,7.8,11.6,112.2,38.8,17.7,910.0,6,3,0.17
4,1,6.1,25.4,6.4,84.3,14.7,441.0,6,2,15.02
2,1,7.6,32.4,141.5,62.3,15.4,1406.0,8,6,0.42
13,0,7.8,40.7,174.1,21.8,5.7,773.0,0,5,0.15
1,2,7.2,30.8,114.8,62.9,7.6,789.0,6,9,0.33
10,1,6.5,36.6,25.5,53.5,15.7,1154.0,4,10,0.3
0,3,5.6,13.9,133.9,44.4,14.0,237.0,5,8,0.45
12,0,4.5,12.3,10.3,92.6,3.0,1006.0,9,1,1.3
11,2,6.9,23.4,172.2,56.0,18.4,1074.0,5,1,0.12
5,0,5.5,29.7,170.3,35.0,11.6,1175.0,5,6,0.96
6,0,8.2,12.6,29.4,82.7,8.6,179.0,7,11,0.1
8,3,6.8,24.5,6.3,84.1,12.6,1273.0,4,1,2.73
9,3,7.9,26.5,131.9,53.0,18.0,338.0,3,5,0.77
2,0,5.8,31.2,46.1,22.8,7.6,1488.0,3,11,0.38
14,0,5.4,15.5,59.7,39.5,15.8,1033.0,8,9,0.55
4,1,7.1,35.6,67.9,84.8,3.2,854.0,9,8,15.02
12,1,6.4,37.8,132.8,38.0,1.5,82.0,7,5,8.92
7,1,6.7,20.3,69.4,55.2,13.3,580.0,9,9,8.22
0,2,4.6,14.8,153.8,68.6,8.5,354.0,4,6,0.51
14,1,7.6,41.8,39.7,45.0,19.4,369.0,2,6,0.53
11,1,5.6,27.5,103.1,68.7,6.6,790.0,0,2,0.11
13,0,7.0,40.9,20.4,21.5,7.6,1108.0,1,2,0.27
13,2,5.3,38.1,119.3,84.5,19.1,809.0,0,10,0.1
4,1,6.3,36.0,64.1,42.9,16.8,1431.0,6,10,32.58
5,3,8.3,36.4,109.9,86.5,14.4,29.0,2,2,0.33
11,1,4.8,29.8,112.4,23.6,7.1,851.0,6,3,0.1
0,3,8.0,20.2,51.4,25.5,4.3,832.0,7,8,1.58
11,0,6.5,23.2,89.2,73.9,1.2,972.0,9,12,0.22
14,1,4.9,11.6,165.0,24.4,10.6,930.0,2,1,0.1
10,2,6.2,22.4,183.2,60.4,2.1,1343.0,1,7,0.12
4,0,5.7,16.5,187.4,37.8,11.3,1378.0,9,10,6.69
5,2,8.2,31.8,83.3,92.5,7.8,1484.0,0,3,0.36
11,0,7.3,41.2,89.0,28.9,17.0,1385.0,7,5,0.1
12,3,5.7,28.7,94.2,26.9,1.3,668.0,7,2,10.79
10,2,6.8,27.6,116.7,24.5,15.5,722.0,3,11,0.25
13,0,5.9,31.8,162.8,50.2,17.2,1233.0,4,5,0.26
5,0,6.6,36.2,154.8,74.9,12.1,1223.0,6,7,0.86
0,0,4.6,15.7,93.1,49.8,6.1,735.0,6,11,0.47
8,3,7.5,26.8,123.7,73.3,14.6,776.0,2,12,2.87
3,1,6.5,39.9,13.5,75.3,4.9,1299.0,7,8,0.15
1,0,8.4,19.8,28.9,74.8,8.4,472.0,3,8,0.67
1,0,7.9,10.9,47.8,38.8,7.9,779.0,1,10,0.86
1,2,7.5,13.7,113.2,86.8,10.7,487.0,2,4,0.4
1,0,4.8,34.7,69.5,28.4,12.6,234.0,9,4,0.1
8,2,5.0,18.3,169.9,57.7,1.5,1257.0,2,12,1.39
9,2,4.7,12.7,36.5,54.7,15.7,1354.0,6,9,0.41
6,3,7.7,17.0,140.2,60.9,4.5,491.0,2,3,0.15
6,0,7.1,36.0,50.0,75.0,10.1,10.0,7,3,0.26
5,1,8.4,32.8,94.5,40.2,11.5,219.0,3,10,0.69
7,2,7.5,30.1,164.0,51.8,3.2,857.0,1,11,2.13
10,3,7.2,28.3,166.1,20.1,6.3,659.0,3,9,0.2
13,3,7.0,30.9,42.9,86.7,13.3,1065.0,2,4,0.12
14,0,8.2,11.5,124.1,52.8,13.6,1392.0,2,9,0.14
2,0,5.1,21.4,182.2,70.6,3.8,1200.0,7,2,0.34
4,0,6.2,12.7,130.1,59.1,11.9,313.0,6,8,4.13
3,0,6.2,35.2,5.0,74.2,5.9,723.0,6,2,0.12
5,0,5.0,29.6,183.3,67.5,4.1,457.0,7,1,0.42
6,3,4.7,22.4,164.9,73.3,16.7,1160.0,9,11,0.1
9,2,5.5,31.3,22.1,52.9,19.0,1021.0,3,10,0.75
14,3,5.5,35.1,84.7,80.4,16.2,1033.0,7,11,0.31
5,1,7.0,10.9,45.3,52.3,12.0,920.0,0,6,1.26
3,1,8.1,14.1,38.4,62.3,15.4,1354.0,9,12,0.15
1,3,6.7,12.5,135.6,34.2,12.1,116.0,7,6,0.44
13,0,4.9,22.1,67.9,28.0,10.0,875.0,4,4,0.11
1,0,7.2,31.8,40.5,61.3,10.8,1016.0,8,7,0.36
8,3,6.3,17.2,183.7,61.4,5.8,996.0,4,10,3.28
6,3,8.3,18.2,169.8,78.0,5.6,552.0,3,10,0.1
9,0,6.6,33.7,33.4,83.9,16.0,160.0,4,12,0.65
3,0,5.2,33.3,9.5,23.3,8.7,1495.0,6,9,0.12
5,1,8.2,27.1,48.7,31.4,10.2,1439.0,3,6,1.96
14,3,4.9,34.4,91.2,67.8,14.7,754.0,6,11,0.25
7,0,7.9,22.2,100.4,20.5,15.7,1350.0,6,8,2.89
10,2,5.2,13.5,108.0,47.5,17.0,1481.0,5,9,0.13
10,2,8.0,17.0,36.2,56.3,16.8,1483.0,5,4,0.21
9,2,4.8,15.6,29.0,26.7,5.3,515.0,7,8,0.45
8,0,7.8,29.6,198.3,35.3,1.9,105.0,3,11,2.82
4,1,5.3,17.1,15.1,39.8,19.5,358.0,3,1,10.06
1,1,7.9,25.2,58.0,28.2,13.8,1370.0,6,12,0.49
6,3,8.3,32.5,163.4,84.8,17.2,803.0,0,6,0.18
10,2,5.1,18.4,27.2,37.8,7.6,113.0,1,1,0.19
10,3,6.3,36.5,122.4,36.2,4.0,316.0,1,12,0.1
9,3,8.1,37.1,120.0,50.8,12.6,139.0,7,10,0.3
12,3,5.9,38.2,96.9,70.1,11.0,843.0,9,12,4.95
8,1,5.8,16.8,181.9,89.9,11.0,636.0,9,9,2.38
7,2,6.6,13.0,22.1,35.7,5.6,356.0,2,8,2.6
4,0,7.7,28.6,31.1,70.3,9.3,887.0,7,9,11.42
2,0,8.4,35.7,107.6,76.3,10.6,1338.0,3,11,0.1
4,3,6.6,14.3,128.3,38.6,14.0,806.0,0,12,9.08
13,3,7.5,27.4,108.5,67.2,2.0,628.0,6,4,0.12
14,0,8.5,14.2,106.3,67.6,6.8,882.0,5,10,0.23
0,0,8.3,39.6,106.5,23.0,6.6,436.0,2,5,0.75
13,2,4.7,23.4,111.9,65.9,9.6,321.0,2,2,0.1
12,2,7.3,19.8,11.6,54.6,12.0,20.0,2,9,3.1
4,3,7.1,33.9,80.6,33.4,1.7,10.0,2,11,22.49
1,0,7.3,38.8,172.8,44.1,14.2,549.0,3,7,0.19
6,0,5.5,38.9,86.7,52.1,9.9,1298.0,8,5,0.13
13,0,5.4,14.2,78.6,82.6,7.0,1460.0,8,9,0.1
8,0,8.1,17.0,65.2,24.0,4.3,1497.0,1,2,0.91
6,1,7.3,40.2,31.1,69.9,11.6,853.0,7,7,0.35
0,2,5.7,37.1,107.8,59.2,5.0,793.0,6,11,0.76
5,0,8.3,21.7,131.8,67.0,14.4,1389.0,8,6,0.82
10,3,6.1,37.3,152.0,58.4,19.0,1423.0,8,5,0.1
10,1,8.3,39.4,138.9,27.9,4.6,806.0,8,6,0.1
13,3,5.9,38.8,75.0,94.5,13.6,1388.0,9,12,0.12
1,3,7.3,40.2,154.8,60.8,2.4,1263.0,2,11,0.41
4,1,5.1,20.4,174.4,71.3,15.4,339.0,1,2,11.57
4,3,5.5,21.3,25.7,80.8,13.9,1178.0,0,12,8.74
9,0,7.6,41.4,95.0,57.3,11.6,603.0,4,6,0.5
6,3,7.5,26.6,193.6,80.5,10.8,500.0,4,3,0.17
9,1,6.2,18.3,195.2,45.1,17.9,321.0,6,1,0.4
8,3,7.4,32.1,20.6,78.8,3.7,823.0,1,12,4.23
8,0,5.9,17.5,129.3,51.2,1.1,442.0,2,5,2.42
4,0,6.9,36.6,98.2,72.6,18.0,771.0,1,5,11.42
8,1,6.0,24.5,171.8,73.6,18.6,692.0,3,2,1.7
8,1,6.0,16.5,81.0,31.0,6.9,1469.0,6,2,1.8
6,1,8.0,12.6,160.6,34.2,6.5,1243.0,5,1,0.1
2,3,7.3,23.1,100.9,58.6,3.1,1013.0,8,5,0.22
6,1,7.2,25.0,119.3,63.0,4.0,1016.0,9,1,0.19
9,1,5.9,41.1,159.0,75.8,16.8,774.0,4,9,0.25
2,0,6.8,13.8,15.3,24.7,13.0,259.0,4,5,0.3
6,1,8.0,38.8,136.1,80.8,12.9,1057.0,5,3,0.1
4,3,6.1,41.9,41.9,26.3,19.9,1202.0,8,9,13.49
1,0,7.3,39.0,29.6,63.4,18.7,1212.0,2,7,0.37
13,0,4.7,22.4,142.6,48.7,6.1,356.0,1,4,0.11
8,2,6.5,30.7,96.8,69.9,1.6,71.0,9,10,2.17
9,2,7.4,41.1,187.8,67.9,2.9,804.0,3,11,0.22
9,2,6.0,18.2,109.8,45.2,17.6,115.0,0,1,0.35
3,2,4.9,39.0,181.2,50.8,5.2,217.0,5,1,0.1
2,0,6.6,30.5,10.2,84.2,5.3,674.0,1,10,0.26
2,0,6.3,26.7,1.5,82.0,15.2,1432.0,7,12,0.45
6,1,7.5,26.7,140.1,26.2,16.3,402.0,9,6,0.33
9,1,4.7,28.4,86.4,30.8,19.9,506.0,5,10,0.62
8,1,5.6,39.1,148.7,31.2,15.3,652.0,0,3,0.64
12,1,8.3,15.3,46.9,59.8,11.1,837.0,8,9,2.38
6,3,6.6,10.9,64.6,77.0,1.4,474.0,8,8,0.28
0,1,7.1,19.8,185.4,48.4,13.4,1473.0,2,10,0.47
14,3,6.3,29.5,190.8,71.2,18.8,1233.0,5,12,0.29
12,3,7.8,29.8,17.7,40.9,6.3,1350.0,4,7,6.13
14,0,7.2,28.2,185.8,79.2,17.9,642.0,8,10,0.49
11,3,8.3,15.4,139.6,34.4,19.8,1288.0,6,11,0.25
7,3,7.0,25.4,7.3,68.5,15.7,39.0,9,12,3.62
4,3,5.7,33.1,100.1,70.5,7.3,696.0,4,8,11.83
12,3,7.2,29.0,16.4,25.1,1.4,629.0,1,7,7.27
0,0,6.8,39.0,147.1,24.0,7.0,878.0,5,5,0.57
10,2,7.5,12.1,95.0,89.5,17.6,1164.0,6,9,0.16
0,2,5.2,31.0,109.7,87.9,12.4,547.0,7,11,0.82
6,3,7.2,32.6,20.8,30.7,11.6,54.0,4,8,0.36
13,0,6.5,17.7,176.0,41.8,16.9,804.0,8,7,0.16
0,2,4.7,16.8,132.6,62.2,11.3,1399.0,3,6,0.89
10,1,6.9,28.3,133.3,58.2,2.2,1263.0,2,7,0.15
9,0,4.6,27.7,113.4,56.6,13.2,642.0,5,12,0.33
5,2,6.4,26.0,150.3,87.8,7.5,793.0,9,9,0.69
10,2,6.0,32.8,60.5,77.9,14.1,1279.0,3,6,0.1
13,2,6.6,10.8,109.7,66.0,16.1,577.0,4,12,0.1
1,1,4.8,36.8,29.1,52.5,14.5,737.0,5,8,0.23
13,1,5.6,24.5,14.9,87.6,18.7,1411.0,3,4,0.21
9,2,8.4,27.5,71.6,38.4,6.6,988.0,6,1,0.7
3,3,7.7,16.6,147.2,83.8,2.5,981.0,8,6,0.28
10,2,5.9,25.0,137.8,52.1,4.3,137.0,2,2,0.1
13,3,7.0,34.2,40.6,21.5,16.2,64.0,7,1,0.18
4,2,8.4,10.4,48.2,54.5,18.3,403.0,5,8,4.4
14,3,6.3,22.5,107.7,68.9,6.7,852.0,4,1,0.27
5,1,6.2,34.4,96.6,41.6,16.9,402.0,1,8,0.8
14,1,5.2,36.0,171.1,63.6,6.1,616.0,7,10,0.36
1,2,6.0,27.5,38.6,45.7,14.3,1077.0,2,10,1.42
1,0,5.5,20.0,143.4,61.3,9.0,1316.0,3,6,0.29
6,0,4.9,29.8,134.2,93.9,1.2,894.0,9,3,0.1
13,3,5.0,28.9,102.5,22.2,6.5,1354.0,1,6,0.19
9,0,7.9,26.9,128.0,63.6,14.2,1350.0,5,7,0.49
0,3,4.7,38.0,34.5,74.7,11.5,439.0,0,7,1.09
7,1,7.5,30.4,14.6,71.5,3.2,311.0,5,4,1.65
13,0,7.8,30.1,9.5,74.0,4.5,546.0,6,2,0.21
8,2,5.9,31.4,158.3,76.5,4.7,841.0,4,7,1.33
12,0,8.4,31.7,47.1,73.5,7.6,391.0,8,8,5.39
7,2,8.3,27.4,99.6,89.1,4.4,1284.0,4,4,1.01
11,2,5.9,31.1,120.4,81.1,7.9,1007.0,6,6,0.1
12,2,6.3,34.0,41.2,90.2,1.3,794.0,1,7,9.69
10,0,5.9,25.5,86.5,37.6,3.3,78.0,5,2,0.11
11,2,6.2,36.2,56.0,87.0,15.0,329.0,5,4,0.1
13,3,5.4,11.0,23.9,64.5,2.7,1209.0,9,6,0.19
11,2,6.4,16.6,83.5,94.2,18.6,1210.0,0,2,0.13
7,3,7.0,12.8,65.3,94.8,19.2,221.0,3,9,3.66
8,3,6.7,23.7,120.2,33.1,9.8,1381.0,8,7,2.79
2,1,7.2,18.1,186.7,62.3,0.9,1281.0,0,4,0.11
9,0,4.6,21.2,47.2,29.3,15.2,1059.0,4,4,1.12
5,2,6.0,35.7,134.2,89.8,2.3,952.0,8,3,0.36
0,2,7.1,16.9,157.2,58.2,16.2,704.0,3,4,0.53
4,2,6.6,16.0,181.8,71.5,12.5,1258.0,1,3,8.35
13,2,6.5,34.5,64.9,65.1,12.4,1045.0,3,6,0.25
7,3,6.8,34.0,38.1,34.3,11.8,1342.0,3,4,3.79
3,1,6.2,11.2,112.8,36.4,7.2,319.0,0,7,0.15
10,2,6.6,25.3,41.3,67.9,13.0,1360.0,4,7,0.2
6,3,5.0,17.6,33.8,26.1,19.5,871.0,8,5,0.27
3,1,6.8,41.5,188.7,34.3,12.1,755.0,0,1,0.1
3,3,5.2,24.2,17.3,91.9,2.4,177.0,0,12,0.2
12,1,8.4,29.1,68.5,69.1,16.9,65.0,1,11,6.1
3,0,6.1,41.5,179.9,76.4,12.7,1118.0,5,8,0.1
7,0,8.3,13.5,12.7,31.3,19.4,24.0,6,8,1.53
0,2,7.8,15.9,133.5,86.7,7.5,1450.0,8,8,0.66
4,3,7.6,19.6,15.0,86.1,18.0,1305.0,9,2,9.71
13,1,4.6,34.1,45.8,88.6,10.6,597.0,0,9,0.11
13,1,4.8,25.0,20.2,93.5,18.3,239.0,9,12,0.23
12,2,5.0,20.1,158.5,22.4,17.9,686.0,4,8,3.69
7,3,5.8,31.6,120.7,22.8,9.5,159.0,1,8,2.52
11,1,6.0,37.2,129.3,36.2,10.1,788.0,2,2,0.1
14,1,7.8,25.4,53.8,35.0,5.0,1262.0,0,9,0.74
6,0,6.7,26.6,166.3,78.7,16.6,995.0,5,8,0.3
14,3,5.2,38.0,104.9,38.1,5.1,617.0,0,1,0.18
12,0,7.6,24.8,194.2,67.1,17.2,1104.0,9,10,2.21
12,3,7.5,10.1,43.0,85.9,7.6,2.0,8,2,5.12
0,2,6.4,14.5,87.8,60.9,4.9,1433.0,3,7,1.04
13,2,5.1,25.0,108.0,25.8,3.9,929.0,0,8,0.14
14,3,5.9,27.3,1.3,73.6,11.3,131.0,7,7,0.39
3,1,4.7,17.5,188.6,50.7,18.4,731.0,4,5,0.16
7,0,7.7,14.2,1.7,31.0,10.0,1432.0,3,8,2.23
13,3,7.3,19.9,75.5,90.0,11.6,899.0,5,3,0.1
8,0,6.0,29.8,17.9,75.2,3.0,498.0,5,6,5.62
13,0,8.2,40.2,68.4,79.1,15.5,766.0,2,2,0.1
1,3,5.6,22.3,183.4,79.2,3.5,847.0,4,9,0.57
3,2,8.2,30.0,13.5,57.2,1.3,452.0,0,3,0.23
12,3,6.1,14.6,197.0,44.3,4.0,790.0,5,7,3.7
3,3,5.0,32.2,12.1,84.3,12.5,1172.0,5,3,0.16
3,0,7.4,13.5,183.6,85.2,9.9,115.0,3,2,0.1
10,1,6.2,35.6,72.8,82.1,9.3,578.0,3,10,0.13
0,1,8.3,29.7,157.1,94.1,3.4,775.0,7,12,0.45
12,2,6.6,19.4,80.5,40.4,12.8,389.0,0,1,8.22
13,0,7.5,11.3,164.6,31.3,15.1,551.0,5,11,0.1
2,2,5.4,39.3,54.4,85.2,18.7,963.0,2,1,0.37
14,0,8.2,23.2,173.6,22.9,0.5,366.0,8,11,0.22
5,1,4.6,26.2,39.1,67.3,2.3,12.0,6,7,2.01
12,3,7.1,13.8,116.0,92.0,12.3,1331.0,3,11,3.68
4,0,8.2,11.9,84.0,51.2,18.0,290.0,8,1,9.04
4,0,6.2,36.7,68.1,58.5,14.4,851.0,3,9,16.68
13,3,8.2,13.9,83.8,35.4,3.1,1219.0,0,11,0.1
14,0,6.0,28.4,37.1,37.7,12.5,98.0,3,7,0.98
8,3,6.2,42.0,118.5,55.6,13.8,1430.0,8,11,1.72
7,0,8.0,32.3,186.7,56.7,15.2,853.0,9,10,1.87
12,0,8.5,15.0,59.2,90.4,12.3,1296.0,2,7,3.16
14,3,6.0,37.1,41.8,54.0,13.7,378.0,4,4,0.8
13,3,7.6,20.2,98.0,77.6,2.1,100.0,5,7,0.16
4,2,8.3,27.0,70.3,32.2,4.1,94.0,0,8,10.52
3,1,5.3,23.2,138.2,78.3,4.2,1145.0,2,5,0.3
14,0,6.4,31.8,92.9,85.3,15.5,686.0,8,2,0.31
10,3,6.0,29.2,171.0,66.1,14.5,1412.0,4,2,0.13
5,0,5.7,39.4,102.2,88.3,11.2,846.0,0,4,0.24
11,1,4.7,41.4,74.3,79.6,2.9,894.0,1,12,0.1
7,2,7.7,16.9,81.7,84.1,17.8,472.0,7,5,3.07
11,0,7.1,32.8,116.3,77.6,10.1,393.0,2,10,0.14
5,3,6.2,14.8,63.1,70.0,1.7,1304.0,5,5,1.03
4,3,7.8,12.7,191.9,39.1,14.3,238.0,2,8,2.57
13,1,5.7,31.8,116.2,57.8,13.8,643.0,6,2,0.14
1,3,6.7,24.5,182.8,56.5,17.9,1498.0,3,11,0.81
11,0,4.8,23.4,21.7,22.1,2.1,607.0,9,4,0.13
8,0,8.3,29.1,75.0,68.5,2.5,803.0,7,11,1.72
9,2,5.8,29.7,1.8,79.9,16.4,517.0,5,12,0.52
9,1,7.6,22.5,70.3,90.8,19.8,1444.0,4,8,0.79
9,2,8.1,15.4,188.2,80.1,10.4,60.0,0,10,0.3
9,3,5.8,11.5,132.4,93.6,8.5,1446.0,7,4,0.34
2,3,7.6,27.1,48.8,56.9,6.9,1458.0,9,7,0.65
0,3,5.8,38.4,83.1,48.9,18.9,748.0,0,8,1.53
3,2,5.8,23.3,192.8,48.5,8.0,250.0,6,10,0.15
5,1,5.6,31.0,64.1,65.8,2.4,922.0,0,5,1.29
4,1,8.3,15.5,118.2,61.7,0.8,1118.0,4,5,7.77
3,0,7.6,27.4,123.0,47.6,6.7,295.0,5,2,0.17
6,1,4.5,24.9,21.1,81.9,13.1,1494.0,3,1,0.18
3,2,6.2,28.3,25.9,63.8,7.3,1489.0,1,10,0.32
12,0,6.3,14.1,40.0,46.5,2.1,1366.0,0,8,3.53
10,3,7.7,40.0,172.5,88.8,8.9,113.0,3,12,0.11
12,2,5.0,25.9,112.6,70.3,15.2,875.0,8,4,5.62
5,0,6.1,36.3,153.7,93.2,18.9,1440.0,4,5,0.67
4,1,6.7,20.8,57.7,48.3,18.2,90.0,7,11,23.59
6,3,7.5,24.8,80.8,57.5,16.5,91.0,4,7,0.34
5,1,6.9,20.7,176.4,91.0,10.6,646.0,1,2,0.55
5,1,6.7,22.5,190.2,86.0,11.5,1070.0,4,7,1.17
9,0,5.1,31.1,36.9,57.4,18.4,112.0,7,2,0.65
5,3,4.5,41.8,66.9,91.3,17.1,1140.0,2,2,0.19
8,2,6.8,21.7,135.9,77.8,1.9,746.0,3,7,2.1
9,0,5.2,14.6,152.5,40.2,15.8,472.0,5,10,0.17
12,2,4.7,26.8,95.0,70.2,12.0,880.0,0,6,6.45
5,2,6.0,10.6,133.5,37.2,14.9,1051.0,0,7,0.46
4,2,6.4,13.0,89.7,70.2,4.8,1010.0,6,4,7.24
2,1,6.8,19.8,8.4,38.9,14.8,875.0,5,10,0.12
5,0,6.9,23.8,194.0,37.0,18.9,1318.0,6,12,0.79
9,1,6.3,15.7,151.3,38.0,16.2,1221.0,1,11,0.42
5,0,6.4,14.7,125.0,53.4,17.5,927.0,2,4,0.43
14,3,6.8,26.4,68.2,73.5,6.7,154.0,9,3,0.42
4,1,5.5,29.0,182.2,57.5,14.9,1445.0,1,7,5.83
10,2,5.2,32.5,97.4,67.5,18.6,889.0,9,7,0.1
13,1,6.5,31.4,140.8,51.0,2.7,152.0,2,9,0.15
6,1,6.2,36.8,174.9,27.4,18.2,55.0,1,3,0.18
11,0,6.2,30.2,180.8,90.5,5.7,301.0,8,8,0.1
14,2,7.5,14.2,29.4,88.5,6.0,1393.0,1,10,0.63
4,2,8.3,21.8,198.6,59.9,15.5,545.0,8,8,5.4
7,1,5.7,27.8,15.5,26.7,16.8,1206.0,8,4,2.27
2,0,6.0,16.3,5.4,71.5,18.9,1481.0,5,3,0.2
7,2,7.1,25.0,84.0,68.2,10.9,616.0,1,5,4.2
4,3,6.7,12.2,2.5,57.0,12.5,38.0,1,5,3.46
11,1,4.8,21.7,41.8,94.6,4.2,186.0,0,1,0.12
11,3,5.1,26.6,160.9,71.5,3.0,849.0,9,12,0.15
1,2,4.6,28.6,71.9,63.8,17.3,1282.0,6,4,0.15
1,2,8.5,29.6,188.6,66.3,13.2,941.0,5,6,0.16
0,2,7.2,23.3,199.2,85.0,2.9,186.0,2,4,0.67
8,3,6.7,24.2,150.9,79.6,14.7,810.0,8,10,3.46
6,0,7.6,19.9,51.5,74.1,16.5,170.0,8,2,0.24
4,2,7.7,31.8,84.1,25.8,9.3,841.0,5,9,16.73
6,3,8.1,15.7,187.0,87.2,14.4,573.0,4,10,0.1
12,0,7.3,39.7,108.9,58.8,8.3,755.0,1,10,4.84
0,3,5.0,18.5,129.2,88.1,19.8,351.0,6,10,0.36
7,1,8.5,38.8,132.6,93.9,3.3,1.0,8,12,1.03
10,1,5.7,11.2,11.6,34.8,0.7,548.0,7,4,0.13
9,0,5.6,37.0,108.7,33.8,2.8,1216.0,3,9,0.32
9,0,4.7,19.8,121.5,46.9,12.1,1074.0,6,2,0.28
2,1,5.7,21.6,134.9,83.6,3.6,426.0,9,10,0.16
3,0,8.2,30.2,71.6,51.5,7.6,1078.0,4,10,0.21
7,3,4.8,22.4,28.9,49.9,19.2,927.0,8,11,3.08
0,0,5.7,41.5,164.0,27.6,12.2,936.0,5,7,0.74
2,3,6.1,35.3,55.7,21.9,8.5,266.0,8,5,0.45
14,2,5.8,28.8,37.1,41.1,11.7,1158.0,9,8,0.62
12,2,8.5,33.6,141.7,53.6,10.3,1156.0,2,12,2.49
11,2,7.4,23.4,59.5,83.1,12.7,1215.0,4,8,0.12
6,0,5.6,26.6,51.4,22.5,11.4,287.0,1,12,0.33
8,3,6.4,15.3,188.0,57.3,11.3,1183.0,3,9,2.43
9,3,8.4,13.4,118.7,48.1,0.9,416.0,7,11,0.2
14,0,5.4,38.9,172.2,25.7,1.8,400.0,5,2,0.2
14,3,5.4,27.1,173.5,55.1,16.8,1086.0,7,12,0.25
0,3,6.1,37.6,55.5,69.6,4.7,321.0,1,7,2.18
9,3,7.9,22.7,4.1,40.8,7.0,1199.0,4,7,0.66
6,2,5.2,28.8,172.4,61.8,0.6,1200.0,6,8,0.25
3,3,6.7,28.7,4.1,46.3,11.3,1427.0,9,3,0.27
0,1,8.1,34.0,97.9,89.4,4.6,1435.0,2,7,1.48
7,3,5.1,18.4,175.9,49.7,17.6,1303.0,8,9,4.04
10,0,5.5,38.8,82.7,49.6,4.8,976.0,2,2,0.1
13,2,5.3,27.3,59.7,73.9,4.6,960.0,5,4,0.1
12,2,6.6,32.2,37.6,30.0,13.2,379.0,1,11,5.06
6,3,6.9,20.2,156.7,69.5,4.8,238.0,3,10,0.23
11,0,7.2,14.3,16.9,67.9,14.6,30.0,3,5,0.29
14,1,6.0,36.4,149.3,93.5,9.7,187.0,9,10,0.48
7,0,7.9,20.0,8.4,45.0,9.5,488.0,9,10,3.84
6,2,6.8,36.7,137.7,28.2,8.8,1137.0,4,1,0.18
5,0,8.1,12.3,101.7,61.9,14.2,68.0,8,11,0.41
11,1,6.2,40.2,33.8,25.6,1.5,387.0,6,1,0.12
9,3,5.5,12.7,63.3,56.0,5.0,1402.0,5,9,0.48
11,3,5.8,28.9,120.1,78.7,13.6,947.0,3,4,0.1
3,3,6.5,38.6,147.3,77.0,2.2,641.0,7,1,0.15
3,1,8.4,17.8,75.2,41.6,12.7,312.0,3,12,0.2
5,3,5.1,19.9,198.0,78.6,4.7,1417.0,1,2,0.39
14,0,6.8,29.6,23.7,94.0,6.0,1031.0,6,4,0.67
2,3,8.5,15.6,87.1,41.2,3.0,200.0,9,2,0.12
9,0,6.2,28.3,184.6,85.9,10.1,323.0,6,1,0.38
11,1,5.0,23.5,66.2,24.3,16.1,236.0,8,8,0.1
11,1,7.0,20.8,186.5,22.7,16.1,535.0,0,2,0.16
0,3,4.8,11.1,97.3,74.9,8.6,530.0,4,7,0.75
3,3,6.3,15.8,145.1,23.7,11.9,1459.0,3,3,0.13
3,1,8.1,23.9,14.4,33.2,19.3,369.0,4,5,0.34
11,0,7.6,18.1,44.2,42.0,19.8,1312.0,9,1,0.11
4,2,6.8,32.1,110.0,23.0,18.6,319.0,6,10,21.61
8,2,6.8,32.4,152.8,52.4,8.8,442.0,4,11,2.37
6,1,4.8,41.6,168.8,66.4,14.0,391.0,4,11,0.1
2,3,5.4,31.1,117.6,79.9,10.0,1463.0,9,6,0.33
13,0,4.7,40.5,128.1,28.6,14.7,906.0,5,12,0.1
14,2,7.5,34.2,13.8,69.3,7.3,1119.0,3,3,0.2
8,1,8.4,36.9,127.3,25.7,1.0,314.0,3,1,0.72
8,3,7.8,29.4,157.2,86.4,17.5,1330.0,9,11,2.84
10,0,5.2,36.8,113.9,31.6,10.3,900.0,4,3,0.1
10,2,5.6,22.8,155.2,90.7,16.1,122.0,2,3,0.1
13,1,7.2,16.6,194.1,25.8,6.9,987.0,2,3,0.1
3,0,4.6,20.0,7.4,87.3,1.1,968.0,3,5,0.13
7,0,6.2,34.1,157.9,54.5,4.5,1076.0,8,11,2.82
2,1,5.8,41.0,101.5,37.4,14.4,630.0,1,11,0.1
5,2,7.6,30.7,181.0,31.9,8.4,231.0,2,11,0.7
2,1,6.7,26.6,50.5,26.4,2.0,602.0,8,7,1.02
5,3,6.9,33.4,26.0,47.9,0.9,505.0,2,7,1.52
1,0,4.9,30.3,144.6,21.4,9.6,309.0,6,5,0.1
8,2,7.7,26.6,1.2,43.2,4.0,364.0,5,11,2.29
1,1,5.9,28.5,183.8,82.0,12.6,577.0,8,12,0.45
4,3,7.3,34.4,156.2,37.3,14.6,481.0,4,10,14.86
4,3,7.6,27.5,55.7,93.8,0.7,407.0,3,9,18.84
3,1,7.1,37.4,114.3,24.3,19.3,1498.0,4,11,0.17
10,3,5.0,27.3,43.5,46.3,15.7,1428.0,0,3,0.1
12,2,7.8,32.4,106.8,87.0,16.2,744.0,3,4,9.83
4,2,4.7,12.4,12.6,86.6,6.3,126.0,3,9,2.96
12,0,8.0,11.4,5.3,36.8,2.0,506.0,0,6,2.56
1,2,8.2,15.1,48.8,68.6,5.9,1439.0,4,8,0.47
6,3,7.6,13.8,50.6,88.5,4.1,1030.0,0,11,0.18
8,2,7.1,24.6,162.6,86.1,19.4,1492.0,1,5,1.64
1,0,7.1,18.3,54.5,68.9,4.6,839.0,6,7,0.61
8,0,5.6,15.5,74.9,34.5,11.7,197.0,0,5,2.39
5,1,6.0,33.5,29.8,46.9,13.5,1001.0,4,7,1.97
10,2,7.8,39.1,147.7,36.5,7.9,848.0,5,4,0.1
1,3,4.9,29.9,71.3,34.0,9.1,948.0,7,7,0.17
0,1,7.2,11.7,32.2,21.8,1.0,228.0,3,2,0.47
2,0,6.6,25.3,128.0,66.3,8.0,57.0,8,11,0.24
6,1,4.8,29.7,178.4,26.4,17.3,609.0,2,1,0.11
12,2,7.3,16.0,134.6,47.5,11.9,488.0,0,11,2.78
11,2,6.7,23.0,111.6,39.5,6.3,785.0,6,11,0.26
10,3,7.0,26.7,60.5,45.8,2.1,1028.0,4,5,0.14
2,2,4.7,16.8,124.6,62.1,16.4,828.0,2,3,0.1
0,0,8.0,18.4,10.3,26.2,6.5,589.0,7,2,0.28
12,3,7.5,25.2,94.8,58.8,5.9,1121.0,8,3,14.84
8,0,6.7,18.4,49.5,71.6,12.0,388.0,3,9,4.39
9,2,5.4,11.3,47.6,70.5,19.3,774.0,5,1,0.4
0,0,6.8,31.5,61.5,34.1,4.5,976.0,9,8,1.35
13,1,8.5,23.7,82.8,26.4,18.1,887.0,4,4,0.1
5,3,6.7,26.3,72.3,69.9,11.5,785.0,6,7,1.11
2,3,6.3,33.8,44.2,54.3,10.4,238.0,8,4,0.47
12,1,8.2,12.8,83.2,31.7,5.8,908.0,6,3,5.43
4,1,5.7,35.0,60.5,33.7,10.0,299.0,7,12,18.7
10,3,4.7,35.2,46.3,38.7,0.6,934.0,3,7,0.1
14,1,6.3,37.3,43.1,88.9,1.6,225.0,9,11,0.81
7,0,6.5,14.1,144.2,38.3,19.9,332.0,2,2,3.31
6,0,6.2,12.0,186.3,58.3,8.8,760.0,4,8,0.16
7,3,5.4,28.0,126.6,57.7,5.0,962.0,4,10,3.6
0,0,8.3,18.6,128.8,79.0,3.2,759.0,9,9,0.31
1,1,5.2,37.1,44.3,22.4,2.0,328.0,5,12,0.42
9,2,6.2,21.3,186.5,26.9,1.8,141.0,6,2,0.49
2,1,8.4,22.6,174.8,54.5,7.7,1336.0,3,2,0.19
11,0,7.0,41.6,15.9,40.0,19.4,2.0,2,11,0.31
3,1,8.5,12.6,9.9,29.6,6.0,106.0,1,9,0.1
6,3,6.3,25.2,123.7,76.2,13.2,1407.0,4,11,0.2
6,0,5.0,12.5,178.6,26.6,17.6,958.0,1,5,0.1
7,1,4.9,37.3,18.8,29.3,17.3,193.0,2,4,1.01
0,2,7.1,20.2,90.4,94.5,9.3,836.0,0,2,0.9
1,2,7.8,25.8,133.5,33.0,6.3,437.0,3,10,0.5
10,3,8.1,22.6,50.7,35.2,0.8,1225.0,9,11,0.23
5,2,6.3,15.2,22.2,75.1,2.9,198.0,4,1,0.51
9,0,5.7,38.5,60.6,84.4,7.0,161.0,3,7,1.07
6,0,6.8,29.5,97.4,52.7,0.5,1060.0,3,8,0.32
9,0,8.2,30.8,162.0,51.9,5.4,87.0,1,4,0.52
9,2,4.6,11.4,87.8,67.1,8.9,1087.0,1,9,0.28
9,3,5.0,30.1,114.6,24.5,9.9,125.0,4,12,0.36
14,2,4.6,16.4,148.0,88.6,16.8,543.0,9,11,0.17
9,0,5.5,33.3,73.5,80.4,6.8,457.0,9,11,0.76
11,3,4.8,37.0,107.0,60.4,10.0,1173.0,3,2,0.1
4,0,8.3,34.1,193.7,67.0,2.5,76.0,0,11,7.71
11,0,8.1,24.3,189.5,56.6,10.8,1154.0,1,5,0.11
8,1,4.9,31.8,174.0,84.6,18.5,750.0,9,2,0.74
12,1,6.6,35.5,98.9,28.0,10.7,981.0,6,10,7.42
11,1,6.1,27.2,121.6,83.1,5.8,667.0,6,1,0.12
7,3,8.5,39.0,88.5,29.0,0.7,433.0,3,11,0.97
12,2,5.6,22.2,116.3,56.7,11.1,852.0,0,10,6.09
7,0,7.4,27.2,33.8,66.5,3.1,346.0,2,5,6.31
12,2,7.3,32.3,170.8,51.5,7.5,983.0,2,12,3.81
4,3,5.5,22.6,6.6,63.7,1.3,698.0,8,6,5.95
4,0,6.1,22.8,101.6,28.4,12.8,1139.0,5,10,24.73
8,0,8.4,24.4,184.6,80.1,3.0,507.0,3,5,1.53
0,0,6.1,37.8,81.0,87.7,15.6,39.0,3,4,0.78
13,0,7.2,24.6,56.0,84.1,2.4,1129.0,2,12,0.12
3,3,5.5,39.2,27.2,50.6,18.9,267.0,5,12,0.16
6,1,8.4,24.8,3.2,58.6,5.7,1025.0,2,11,0.12
14,0,6.7,36.0,194.2,85.9,15.7,198.0,8,8,0.35
10,1,7.8,36.5,32.6,39.3,14.2,445.0,0,4,0.11
14,1,5.1,10.2,119.4,31.3,9.2,1449.0,0,1,0.13
6,2,7.8,14.5,36.5,50.7,5.8,34.0,5,11,0.18
9,2,6.6,35.4,72.2,65.7,4.8,257.0,1,1,0.69
11,3,5.1,12.1,8.8,59.6,9.8,960.0,0,5,0.16
3,1,6.4,41.0,48.1,53.9,8.4,412.0,2,11,0.19
14,1,7.2,27.8,27.0,81.9,3.4,1256.0,0,1,0.48
9,1,8.3,23.0,157.9,25.1,0.8,878.0,2,3,0.37
9,2,5.3,39.7,29.3,75.1,10.2,1032.0,1,5,1.0
5,3,5.5,29.3,138.1,28.5,6.4,367.0,0,7,1.07
11,1,5.3,39.2,43.6,49.8,2.4,824.0,7,6,0.1
6,1,7.5,20.2,113.0,88.8,14.1,1431.0,6,8,0.29
2,3,5.8,32.5,181.0,40.4,10.3,269.0,8,3,0.26
6,3,8.2,28.3,93.3,65.4,9.6,1275.0,9,3,0.12
1,2,6.7,20.9,55.9,94.6,16.0,194.0,2,7,0.67
11,3,5.2,23.8,171.2,80.2,6.1,691.0,5,8,0.12
14,2,6.3,34.6,124.4,57.2,5.7,1419.0,4,9,0.53
12,1,8.1,10.7,93.9,58.0,2.0,84.0,1,2,5.83
9,3,7.6,22.7,114.9,85.4,0.8,837.0,0,6,0.83
7,1,6.7,30.7,88.0,67.9,6.9,1259.0,5,1,4.54
11,1,8.4,34.6,142.0,62.6,7.9,929.0,8,7,0.1
0,0,4.6,32.9,4.7,36.2,16.6,1311.0,1,10,0.41
13,0,8.4,27.0,183.4,35.0,8.8,1377.0,7,10,0.14
6,2,7.6,13.2,43.0,80.6,1.9,702.0,9,9,0.18
13,3,5.8,25.1,62.4,83.2,7.9,308.0,5,1,0.14
3,2,6.1,13.3,139.0,90.2,16.5,396.0,8,10,0.1
12,0,6.9,20.6,46.2,27.1,4.4,931.0,0,3,6.83
5,3,6.2,20.6,112.1,91.1,12.7,375.0,2,3,0.55
1,1,8.4,39.8,124.9,87.2,19.2,782.0,2,11,0.36
3,3,8.5,27.8,79.7,56.2,19.5,647.0,8,5,0.43
2,3,6.1,40.3,20.6,84.3,12.4,970.0,1,2,0.33
10,0,7.2,22.1,133.7,46.7,19.3,873.0,8,4,0.15
0,2,8.0,15.8,16.1,64.7,0.7,177.0,2,2,0.4
10,1,5.7,38.5,45.4,56.4,13.4,526.0,0,6,0.1
7,0,8.0,19.4,170.7,90.9,19.2,462.0,7,2,1.72
2,3,8.0,16.3,78.7,54.1,11.5,679.0,6,9,0.1
9,1,5.8,31.8,140.3,89.2,1.0,1181.0,7,8,0.45
4,0,8.2,18.7,50.3,54.4,18.2,818.0,8,2,13.14
2,2,5.5,35.6,176.9,73.8,10.2,365.0,7,1,0.25
3,1,8.4,22.2,169.1,80.5,12.3,523.0,1,11,0.15
3,3,5.7,32.1,51.7,79.9,6.0,27.0,1,6,0.58
6,1,7.9,18.5,15.7,62.9,1.5,1040.0,4,12,0.21
4,1,6.2,18.0,95.1,58.4,17.5,538.0,4,7,12.86
6,1,5.8,36.8,199.4,42.4,3.7,1416.0,8,9,0.15
11,2,6.0,20.6,155.0,65.6,4.2,393.0,8,2,0.13
5,2,5.3,31.9,41.8,41.0,11.8,1493.0,5,9,1.08
2,0,6.9,39.2,158.2,55.2,16.2,251.0,5,5,0.31
7,1,5.1,10.8,77.2,22.6,13.7,670.0,5,12,2.64
7,0,5.2,24.0,16.7,60.7,5.7,1339.0,6,7,4.07
11,2,6.5,22.5,187.6,26.5,17.5,531.0,6,2,0.12
8,0,7.8,20.1,86.2,51.5,13.3,1382.0,9,10,2.77
0,1,5.0,38.7,126.5,78.4,17.5,147.0,9,2,0.37
5,1,4.8,32.9,165.9,52.8,4.7,705.0,4,3,0.33
12,2,6.9,10.2,68.6,75.9,5.3,445.0,9,1,5.98
13,2,8.4,31.4,26.8,73.0,19.3,292.0,9,4,0.2
8,3,7.5,27.8,123.9,78.3,16.0,1069.0,6,4,1.43
1,1,6.1,11.9,31.3,71.6,1.4,782.0,2,4,0.94
12,3,7.5,21.4,33.6,62.8,16.3,1046.0,0,1,6.76
11,3,6.4,23.3,49.6,22.1,7.2,357.0,3,5,0.15
7,0,7.3,36.6,153.1,27.8,15.0,84.0,3,4,0.99
12,3,5.2,17.1,196.7,24.7,16.5,1221.0,6,5,3.71
0,3,8.3,18.9,187.7,44.9,8.1,1175.0,2,8,0.62
12,0,8.1,13.6,123.6,27.8,11.9,117.0,2,7,4.62
0,0,4.6,25.2,81.6,85.0,8.3,826.0,4,9,0.78
4,2,4.9,11.1,180.7,25.8,13.5,1282.0,7,12,2.89
5,2,4.9,29.4,73.4,48.8,13.1,167.0,5,9,0.6
7,0,6.7,41.9,129.4,34.7,5.5,261.0,1,5,2.03
0,3,7.2,34.3,190.4,86.8,8.3,1070.0,9,5,0.99
4,1,6.2,29.1,103.7,44.7,18.6,564.0,7,11,22.24
10,3,5.9,41.1,51.6,40.9,7.3,1373.0,1,7,0.1
0,1,6.5,14.0,191.0,37.3,6.0,685.0,5,10,0.28
7,3,7.8,19.2,173.1,57.9,18.5,1064.0,7,1,3.79
5,2,5.2,39.0,169.9,55.0,5.8,947.0,2,4,0.2
5,2,7.8,13.6,8.3,24.9,0.5,1337.0,2,9,0.46
7,3,7.6,26.1,111.4,88.0,16.1,820.0,8,10,4.03
4,0,5.8,20.3,171.8,42.5,11.4,1046.0,4,10,9.52
4,3,7.8,11.6,189.2,38.3,12.7,729.0,7,7,2.92
0,3,8.2,30.3,96.0,20.3,5.0,1327.0,1,8,1.16
11,2,4.8,14.0,138.1,77.3,5.9,1200.0,1,9,0.11
8,2,7.1,41.3,24.5,23.3,0.6,1235.0,2,3,1.07
5,0,5.1,32.8,14.2,27.0,18.1,390.0,6,7,0.99
4,3,4.5,33.5,29.9,58.9,6.4,1035.0,1,10,11.23
1,2,7.7,36.4,57.3,91.6,6.1,289.0,7,2,0.18
14,0,8.3,16.2,19.0,25.2,14.4,458.0,1,7,0.25
5,0,5.9,30.0,160.5,27.8,8.1,656.0,2,4,0.5
6,0,5.6,21.3,137.7,23.9,10.9,1409.0,8,1,0.17
7,3,7.5,13.5,88.4,71.7,14.4,1181.0,9,4,1.65
4,2,8.3,17.0,35.0,45.1,4.7,1375.0,5,10,14.59
11,2,4.9,23.9,157.7,44.6,14.3,488.0,9,5,0.1
14,0,4.5,22.7,92.5,57.9,7.5,179.0,9,1,0.14
1,1,5.9,24.2,194.8,86.8,11.5,1193.0,1,5,0.35
9,3,7.4,31.1,121.0,65.5,16.5,177.0,1,4,0.81
11,1,7.1,19.7,48.4,25.4,6.5,1420.0,2,2,0.16
12,0,7.0,34.5,134.9,84.5,16.0,583.0,1,4,7.39
7,3,5.4,26.0,6.5,32.6,19.0,949.0,7,9,3.56
11,2,4.6,40.1,173.3,75.4,16.6,87.0,8,8,0.1
10,0,8.2,34.3,99.8,76.5,5.9,749.0,7,9,0.14
10,0,5.3,17.3,119.7,79.8,19.4,358.0,5,4,0.11
8,2,5.3,41.3,7.2,83.1,19.1,479.0,2,8,0.56
12,3,8.4,19.1,36.3,91.3,18.9,37.0,7,10,3.76
13,3,6.2,24.2,167.1,94.9,11.5,404.0,7,1,0.11
9,2,7.8,15.4,11.3,89.5,8.0,954.0,7,12,0.3
3,2,7.9,38.1,77.5,34.8,10.3,70.0,5,4,0.52
4,0,6.2,27.8,29.2,34.2,8.0,1435.0,5,4,8.52
4,0,4.6,36.4,129.7,60.2,5.5,104.0,2,11,6.79
12,0,6.7,10.4,137.3,33.2,17.6,341.0,1,4,3.7
7,2,6.9,30.9,156.6,47.4,3.8,1016.0,2,2,2.54
0,2,7.7,21.1,79.6,31.6,18.5,833.0,5,1,1.02
8,0,7.6,37.8,144.6,72.3,5.4,1277.0,0,11,1.37
3,1,6.5,29.8,135.4,80.9,9.4,22.0,7,1,0.21
11,1,8.1,20.8,93.3,36.5,7.9,1448.0,0,4,0.12
4,3,4.8,27.6,73.3,90.9,14.2,595.0,5,3,11.45
0,2,8.4,40.2,62.2,54.4,4.6,442.0,1,9,0.82
6,0,5.3,14.5,45.0,91.6,19.8,1169.0,6,5,0.23
10,3,5.7,22.0,119.3,37.6,13.2,292.0,3,9,0.17
0,3,7.9,37.6,47.7,27.7,6.6,622.0,4,1,0.78
1,0,6.7,33.6,78.3,89.6,10.6,1038.0,4,9,0.28
0,2,4.9,39.4,118.9,53.2,0.6,820.0,2,2,0.43
8,3,6.6,20.0,156.4,23.5,10.9,283.0,8,12,3.6
0,3,6.0,12.9,126.4,31.2,3.1,12.0,6,1,0.3
6,2,8.1,38.3,137.4,46.9,18.2,506.0,3,10,0.1
7,2,5.8,34.9,9.9,32.3,16.1,201.0,0,2,2.14
1,0,7.8,37.2,154.1,44.4,7.6,473.0,7,6,0.15
4,1,6.0,36.5,102.3,25.8,7.3,548.0,9,4,15.58
12,3,7.4,22.3,183.7,83.9,13.8,158.0,4,4,5.54
13,2,6.4,37.1,54.3,53.4,11.4,829.0,1,9,0.11
7,0,7.1,10.8,131.1,83.9,3.6,733.0,6,6,1.89
11,1,7.7,35.1,94.3,73.3,4.5,681.0,7,12,0.1
10,1,7.1,30.9,186.2,20.6,5.3,581.0,2,12,0.18
12,2,6.4,33.4,160.1,80.5,6.8,1475.0,2,4,9.01
7,3,4.8,27.5,133.2,22.3,17.7,709.0,5,8,1.96
5,0,5.0,30.9,94.7,84.5,11.2,625.0,4,5,0.7
1,2,4.8,29.5,75.6,94.4,15.2,670.0,9,3,0.15
9,1,4.6,32.3,188.7,86.0,17.5,659.0,6,2,0.36
10,3,8.2,29.4,96.3,39.6,2.7,279.0,3,3,0.1
10,2,5.3,27.9,29.4,90.6,18.4,394.0,1,10,0.41
14,0,4.9,21.5,187.5,70.0,19.4,806.0,4,10,0.29
9,1,7.5,40.9,123.1,27.4,16.7,859.0,9,5,0.52
12,3,5.4,26.1,135.9,43.9,4.9,1183.0,2,5,6.78
5,2,5.3,37.5,83.5,57.2,6.6,100.0,8,4,0.18
7,3,7.8,33.5,86.3,26.1,9.7,1132.0,2,5,2.43
10,1,7.5,24.8,155.4,66.7,13.7,1125.0,6,4,0.15
7,0,7.7,41.9,47.6,78.0,17.9,812.0,0,10,4.03
2,0,5.3,33.2,177.0,56.8,3.5,510.0,3,2,0.43
10,0,7.6,10.9,45.1,56.2,6.1,1332.0,6,2,0.11
13,0,7.3,20.0,54.2,34.9,14.4,1211.0,9,9,0.1
0,3,8.2,13.4,76.8,89.8,10.3,985.0,6,11,0.49
4,2,6.7,29.6,68.0,53.0,6.0,96.0,7,5,14.64
12,1,5.0,20.7,158.8,56.6,1.1,657.0,1,12,2.26
6,2,4.6,29.6,31.6,24.6,2.7,620.0,7,4,0.22
14,0,6.6,29.0,114.1,20.9,11.4,326.0,5,1,0.31
4,1,5.4,38.5,78.8,46.5,10.7,201.0,1,1,19.01
8,1,4.6,28.0,39.8,91.1,5.8,1087.0,9,1,2.81
5,0,5.7,23.5,114.2,85.5,5.2,158.0,2,2,0.49
5,1,7.4,14.0,132.1,42.6,19.5,85.0,2,3,0.47
13,0,8.2,21.8,116.8,63.7,17.9,1453.0,7,1,0.11
11,0,5.2,11.2,162.5,39.7,1.4,384.0,0,3,0.11
2,3,4.6,21.6,58.0,46.0,15.2,1440.0,7,11,0.14
0,1,6.9,42.0,184.9,42.2,15.3,1002.0,1,5,0.48
3,3,7.3,30.1,191.7,55.4,11.6,1489.0,3,6,0.39
0,1,7.3,34.4,43.8,41.3,9.3,1180.0,5,6,2.58
8,1,7.0,21.9,20.2,28.6,16.4,1154.0,6,11,6.65
8,0,7.9,38.9,55.6,29.7,12.0,1075.0,7,10,1.94
3,0,5.4,41.4,80.5,40.6,15.0,1226.0,8,12,0.1
9,1,8.4,24.6,198.6,84.4,17.9,981.0,7,9,0.36
5,3,8.4,20.8,173.1,62.3,14.5,175.0,4,6,0.86
2,3,5.7,33.2,144.6,32.0,17.9,407.0,9,4,0.17
2,1,6.8,10.7,13.1,79.0,14.3,401.0,6,8,0.21
3,0,5.1,12.4,159.8,20.6,19.9,126.0,9,8,0.1
1,2,7.1,25.8,88.4,35.0,1.2,729.0,4,6,0.34
1,1,5.3,22.5,63.3,86.5,16.1,1329.0,3,10,0.73
14,0,5.0,40.8,109.6,74.0,18.6,764.0,3,8,0.12
3,3,7.1,25.1,168.3,20.7,5.8,770.0,0,7,0.29
1,3,5.1,15.1,100.3,71.4,7.6,1015.0,1,11,0.69
7,2,5.7,18.4,108.1,62.3,5.0,1400.0,4,8,2.55
14,0,6.3,30.0,57.2,69.1,8.7,642.0,1,3,0.47
3,2,6.2,19.0,19.2,61.7,9.6,1401.0,6,2,0.23
2,1,8.4,13.5,94.8,24.2,9.3,1220.0,0,1,0.12
13,3,7.4,31.5,106.1,58.1,10.5,626.0,7,2,0.12
0,0,6.7,26.4,68.8,81.1,11.4,1357.0,1,2,0.85
2,2,5.1,30.4,8.0,62.3,5.5,392.0,8,2,0.28
10,1,5.4,27.5,16.7,91.1,6.4,620.0,0,11,0.43
11,3,8.3,16.9,114.6,30.2,8.6,1368.0,4,8,0.11
10,2,6.0,23.6,28.7,90.0,19.5,773.0,0,1,0.28
11,0,5.9,40.3,94.7,44.7,15.0,460.0,8,12,0.1
9,3,5.7,24.9,131.2,67.9,7.8,833.0,4,11,0.49
0,3,5.3,36.1,8.7,72.1,5.3,1089.0,0,8,0.86
12,1,8.0,13.0,61.6,94.3,17.8,127.0,3,12,2.88
10,1,6.5,32.1,84.7,86.0,4.8,1208.0,2,5,0.12
5,0,7.5,42.0,34.1,28.6,17.8,532.0,3,2,0.57
2,1,8.2,31.2,114.6,76.1,8.4,1131.0,8,6,0.26
14,2,4.7,25.4,18.5,86.7,6.4,585.0,3,12,0.2
8,1,7.5,21.3,63.5,32.2,4.4,200.0,8,8,1.46
10,2,8.2,33.7,13.0,38.7,20.0,738.0,2,9,0.18
2,1,6.1,36.9,145.8,49.1,10.2,577.0,8,5,0.3
5,2,4.5,22.3,6.6,23.0,17.7,437.0,7,9,0.37
8,3,8.0,29.3,196.4,30.2,3.3,745.0,9,8,0.86
0,1,5.1,41.5,192.6,59.8,15.8,512.0,9,8,0.63
13,0,7.9,18.3,30.2,45.7,3.2,802.0,8,6,0.28
6,2,7.9,31.9,12.2,93.8,9.1,1061.0,3,9,0.17
2,1,5.1,24.7,4.3,89.5,3.4,595.0,4,9,0.16
7,2,6.8,20.3,61.0,62.6,7.3,830.0,0,5,6.98
1,2,5.5,30.4,136.7,67.5,6.3,1186.0,3,8,0.17
8,0,6.6,36.1,78.1,94.1,7.1,1280.0,7,11,1.8
2,1,6.1,21.4,73.7,62.6,19.2,1317.0,9,8,0.35
2,0,7.0,33.7,138.2,40.0,8.7,22.0,6,10,0.24
1,1,6.9,19.0,154.9,92.5,16.1,19.0,5,3,0.47
1,0,6.4,11.4,44.8,45.2,5.2,443.0,1,5,0.61
8,0,6.8,35.7,124.8,89.5,17.1,52.0,6,10,1.82
9,3,7.1,20.5,35.8,71.8,2.4,125.0,0,6,2.07
1,1,5.3,39.0,144.6,87.3,18.8,499.0,2,10,0.36
5,1,5.5,19.3,117.1,58.7,12.7,1366.0,3,1,0.62
3,1,5.6,37.3,49.0,80.7,6.0,169.0,2,10,0.23
5,0,6.7,36.0,117.2,66.0,1.1,207.0,4,8,0.7
0,0,5.0,41.3,5.7,31.0,12.1,1301.0,5,10,0.29
7,3,5.3,31.7,131.0,71.3,16.5,729.0,9,6,3.25
11,0,5.8,35.7,89.6,33.5,11.4,971.0,7,7,0.1
1,1,6.2,38.6,163.4,43.2,6.5,378.0,7,7,0.24
5,0,5.4,31.8,177.6,76.5,6.2,456.0,2,8,0.68
7,1,5.1,14.8,96.8,64.5,14.8,1210.0,6,5,2.48
7,2,6.2,18.7,157.5,52.7,19.4,827.0,7,8,2.88
10,0,6.6,38.8,42.7,90.4,2.9,982.0,0,4,0.1
2,3,6.3,12.4,72.8,91.3,16.3,657.0,3,11,0.12
1,3,7.5,37.4,157.3,28.4,15.8,998.0,6,5,0.23
0,1,5.0,25.5,22.7,50.0,14.5,345.0,8,10,0.76
11,1,8.0,30.2,102.0,72.6,5.6,1475.0,6,4,0.1
7,0,7.3,26.8,176.3,28.3,18.1,204.0,6,4,1.96
4,0,7.5,33.3,88.9,70.0,10.7,1025.0,9,5,11.75
7,3,5.7,16.9,167.8,75.1,2.0,1288.0,4,5,2.52
11,2,4.5,30.0,131.7,72.8,3.5,1130.0,1,4,0.1
0,0,4.9,11.0,192.1,86.0,17.7,527.0,5,12,0.18
8,3,7.5,27.4,45.1,79.3,7.0,1286.0,3,6,4.21
4,1,5.9,17.8,45.0,80.9,6.5,1138.0,4,1,14.07
1,1,5.1,27.4,157.1,69.9,12.0,424.0,6,10,0.61
2,2,4.6,12.8,133.6,73.2,10.3,103.0,3,7,0.1
8,2,7.2,39.4,145.8,37.1,4.0,71.0,8,1,0.84
1,0,7.4,16.2,115.7,62.6,7.8,586.0,7,7,0.35
8,2,4.8,11.2,178.2,65.5,6.1,1331.0,2,12,1.07
3,2,7.3,22.6,43.4,67.7,11.7,984.0,7,5,0.84
6,3,4.7,14.8,101.7,94.6,0.6,1207.0,3,2,0.1
3,2,5.4,23.6,114.0,23.7,17.4,1156.0,3,11,0.17
12,1,5.5,24.0,104.2,62.4,6.3,1223.0,7,10,5.98
8,1,5.0,12.0,27.2,75.4,16.7,682.0,5,8,1.38
11,3,7.8,18.8,50.7,72.6,11.7,518.0,4,5,0.12
13,2,7.6,10.1,41.2,37.5,19.7,1466.0,0,4,0.1
8,1,6.7,15.9,73.6,65.7,17.7,792.0,0,8,1.87
6,2,6.5,22.0,29.5,64.2,8.4,1116.0,9,11,0.45
6,0,5.6,16.4,75.9,76.4,19.2,74.0,2,9,0.13
1,2,7.4,13.6,149.9,59.1,7.9,852.0,3,5,0.46
10,0,7.7,10.9,92.8,27.4,7.3,306.0,4,9,0.19
9,1,7.8,40.5,56.2,85.6,2.6,334.0,5,5,0.76
9,1,5.1,29.1,137.5,52.8,6.2,203.0,6,12,0.42
11,2,4.9,28.7,77.8,32.8,19.1,437.0,3,9,0.1
13,2,8.3,40.7,76.3,33.1,14.6,501.0,3,5,0.13
10,0,5.6,13.4,184.6,29.8,19.4,1449.0,2,7,0.1
6,1,5.3,12.9,92.0,32.0,18.1,1106.0,0,3,0.1
5,2,4.9,10.5,9.1,35.1,14.6,1200.0,8,1,0.17
12,2,4.8,36.4,3.4,20.4,2.6,265.0,2,2,3.26
4,1,5.9,26.7,65.8,34.2,12.2,47.0,5,11,18.71
5,2,7.8,12.6,8.5,60.0,17.7,1034.0,1,12,0.31
10,0,5.8,28.1,29.0,54.7,17.2,375.0,1,7,0.25
1,1,4.6,29.5,68.2,64.6,3.2,1270.0,6,8,0.21
4,1,6.2,29.5,54.8,48.4,7.0,245.0,2,9,24.99
1,3,4.5,13.9,38.5,20.7,9.5,1073.0,1,10,0.99
7,0,8.0,40.3,132.3,84.3,18.0,418.0,1,9,1.15
13,3,8.4,29.9,105.7,53.3,7.0,530.0,0,8,0.17
11,0,5.3,32.6,7.0,56.7,12.9,535.0,0,8,0.1
11,1,4.6,25.4,162.5,50.7,16.4,98.0,2,11,0.11
6,2,6.6,13.0,96.6,62.9,13.9,1114.0,3,8,0.19
11,1,5.3,27.1,103.5,85.1,15.5,481.0,0,3,0.1
0,0,5.5,12.2,114.3,22.1,13.1,789.0,2,8,0.35
2,2,4.8,15.3,143.8,69.7,5.4,939.0,4,9,0.1
7,0,4.6,36.3,59.2,57.4,2.8,390.0,6,1,2.61
12,1,5.1,41.4,192.4,82.4,10.0,1470.0,8,11,2.43
9,2,8.4,27.4,173.3,80.9,15.1,1341.0,1,3,0.35
7,1,7.9,32.8,98.0,33.1,7.6,1180.0,5,11,2.77
13,0,7.3,10.1,130.8,58.6,14.8,1300.0,6,3,0.1
10,0,7.6,36.5,142.9,22.9,16.7,1189.0,5,4,0.1
9,2,5.2,26.0,127.6,78.6,8.9,1432.0,9,2,0.42
5,0,8.3,17.7,197.4,45.0,11.9,328.0,2,1,0.35
11,2,5.7,15.1,193.7,38.3,3.9,523.0,6,1,0.11
13,0,6.8,14.0,152.1,55.5,14.4,1462.0,3,7,0.17
9,0,7.7,32.4,76.0,25.1,17.1,1435.0,9,5,0.89
9,3,8.3,16.4,4.7,25.5,0.8,831.0,6,3,0.28
14,2,6.7,31.0,189.8,91.8,4.4,1124.0,0,10,0.51
4,1,5.3,37.7,14.5,26.6,17.2,1162.0,8,3,9.69
7,1,8.1,37.6,121.2,67.6,14.3,887.0,3,8,0.99
1,2,5.5,41.5,133.3,45.5,2.1,529.0,5,5,0.16
6,3,7.3,28.2,66.0,52.1,4.0,1433.0,7,8,0.37
4,1,7.7,33.6,106.5,67.2,18.6,305.0,0,4,9.26
14,0,6.7,26.2,155.0,59.5,17.9,168.0,0,7,0.43
12,1,4.8,18.7,1.6,62.5,5.1,813.0,5,2,2.81
14,2,6.1,14.4,180.5,85.5,4.7,76.0,8,10,0.45
9,3,7.7,30.1,150.5,92.4,14.3,1339.0,9,2,0.39
1,0,5.3,22.5,85.3,23.6,17.2,1177.0,1,6,0.33
4,3,5.9,25.6,53.0,46.1,5.1,31.0,0,7,10.73
5,1,7.1,19.9,25.9,67.9,1.1,457.0,7,7,2.23
1,3,7.9,19.1,9.7,33.8,4.7,1100.0,0,2,0.36
7,2,7.2,18.1,59.6,44.1,19.4,471.0,9,1,6.1
1,3,5.8,21.5,85.9,39.6,11.7,1184.0,2,2,0.34
13,2,7.0,14.9,96.5,37.4,7.5,254.0,4,12,0.1
2,2,6.9,37.7,169.0,57.2,15.6,1352.0,5,2,0.27
14,0,6.6,30.3,101.6,23.5,14.8,741.0,2,5,0.56
9,0,8.2,25.9,19.3,70.8,13.3,1274.0,6,4,0.5
0,2,6.1,23.8,19.0,71.8,16.7,1278.0,6,5,0.96
14,1,6.9,11.4,95.6,83.0,11.5,1058.0,0,6,0.33
8,3,7.5,24.3,146.4,28.2,5.9,1218.0,4,5,2.34
8,3,5.6,40.1,125.9,61.5,19.8,221.0,6,2,0.7
13,3,5.7,11.8,54.2,62.6,7.0,1338.0,5,7,0.12
11,1,5.3,36.7,28.6,89.2,3.0,565.0,1,4,0.11
4,3,6.5,18.2,117.1,56.7,4.0,1438.0,7,7,9.23
7,1,7.6,30.4,155.5,78.9,6.9,656.0,6,1,3.35
12,3,4.6,16.4,99.3,87.8,11.5,1202.0,3,12,1.8
14,2,6.1,25.7,55.8,52.7,13.1,559.0,0,3,0.38
11,3,5.0,38.1,91.9,56.3,5.9,550.0,8,7,0.1
5,0,5.0,20.8,4.7,89.9,16.4,872.0,0,6,0.81
14,2,7.5,22.2,121.9,40.1,16.1,743.0,7,1,0.22
13,0,6.7,36.9,130.7,25.4,6.5,409.0,8,12,0.17
1,3,6.9,14.5,119.0,46.5,16.4,132.0,1,3,0.42
10,3,4.5,19.4,36.4,35.6,10.5,1037.0,4,9,0.16
2,0,8.3,17.0,73.3,52.2,1.8,953.0,1,12,0.11
8,1,8.1,16.3,84.6,52.6,17.1,1493.0,1,8,0.93
10,1,7.2,19.5,150.9,29.4,3.7,420.0,9,9,0.24
13,3,6.3,28.0,118.7,55.8,10.0,720.0,6,11,0.12
13,1,6.1,41.2,94.3,77.6,2.0,641.0,8,11,0.11
8,2,5.8,15.4,121.7,43.7,17.5,453.0,3,3,1.19
7,3,6.2,25.9,55.1,59.3,3.7,28.0,4,3,4.39
14,3,7.8,10.2,163.5,77.8,8.5,1137.0,6,7,0.2
4,1,6.9,38.0,7.8,72.3,15.3,702.0,4,1,14.99
11,1,5.3,13.0,141.8,36.0,10.5,860.0,9,12,0.21
10,1,5.9,30.4,65.3,37.0,18.4,1492.0,4,12,0.15
5,1,7.7,27.2,134.5,52.2,10.8,75.0,4,8,0.75
13,3,4.6,18.9,111.1,92.1,18.1,296.0,0,11,0.1
2,2,8.2,41.4,179.6,43.2,17.8,1481.0,0,3,0.1
10,0,6.4,10.5,102.1,78.9,9.8,1285.0,9,6,0.11
8,2,8.3,37.5,127.1,35.6,17.0,297.0,9,4,0.35
12,3,6.6,34.3,75.7,40.6,12.9,699.0,6,11,6.92
12,0,5.9,26.2,168.1,73.4,1.3,912.0,4,6,4.45
12,3,5.0,14.4,169.9,60.0,6.1,1363.0,3,5,1.52
10,2,7.0,14.8,165.9,59.7,7.0,1190.0,5,7,0.1
0,1,8.5,16.1,10.0,74.7,12.0,586.0,0,12,0.22
12,1,6.7,13.3,120.5,57.1,18.8,1441.0,7,9,3.43
14,0,4.6,29.9,80.3,88.2,15.2,1259.0,3,7,0.24
5,1,5.4,28.3,119.3,72.7,10.4,750.0,7,7,0.93
5,1,7.1,30.3,82.4,75.7,0.9,210.0,0,3,0.59
6,1,8.0,25.9,49.8,50.3,5.4,704.0,7,10,0.22
6,0,7.7,39.5,130.5,35.3,3.6,308.0,7,6,0.15
11,2,8.4,39.1,68.7,24.9,4.9,382.0,0,1,0.1
5,1,8.5,12.8,140.5,41.1,14.2,1308.0,3,1,0.16
7,3,4.6,17.6,112.7,68.8,15.2,1201.0,1,11,1.55
10,3,6.0,32.4,13.7,51.8,16.4,297.0,6,4,0.17
6,3,5.9,33.6,62.8,77.2,2.7,1036.0,5,2,0.19
9,2,4.6,19.8,139.8,48.1,13.4,496.0,6,5,0.57
8,0,7.1,31.6,184.8,73.7,17.8,819.0,8,3,1.17
6,3,5.0,21.3,27.7,78.5,0.6,1279.0,6,2,0.23
0,1,6.5,41.8,106.2,29.9,19.5,581.0,8,11,0.74
10,1,6.2,35.2,52.2,53.4,8.9,495.0,5,7,0.1
7,3,7.4,13.1,99.5,73.2,13.0,1417.0,1,4,1.61
10,0,7.6,29.8,41.9,35.3,14.0,385.0,2,2,0.2
11,2,6.1,25.6,109.2,31.5,7.7,707.0,1,8,0.1
4,2,8.4,25.9,90.1,67.8,16.4,825.0,1,4,12.37
5,3,7.9,29.3,112.7,57.0,19.8,1078.0,8,1,0.44
10,2,4.9,41.7,180.1,53.9,4.1,371.0,4,11,0.1
7,1,8.1,27.4,160.7,90.7,3.0,665.0,6,5,2.28
5,3,6.4,19.6,47.1,88.5,6.3,873.0,2,2,0.98
2,3,5.0,39.1,154.0,25.8,6.3,1466.0,1,8,0.13
5,2,7.8,41.7,147.0,71.2,10.7,722.0,9,4,0.19
1,3,4.8,34.7,176.7,32.7,9.1,810.0,7,2,0.12
8,3,8.1,21.2,0.5,71.6,16.5,523.0,5,12,1.55
12,3,5.7,25.4,131.3,84.9,2.9,843.0,1,7,8.27
10,0,6.7,40.6,104.3,41.0,15.9,720.0,8,5,0.1
11,2,8.2,25.7,24.1,93.8,1.6,1369.0,8,2,0.17
8,1,4.8,21.7,44.2,71.4,3.1,450.0,2,6,2.53
14,3,7.3,22.2,99.6,63.6,18.8,260.0,5,11,0.39
5,0,6.4,26.2,18.3,51.6,11.6,1246.0,9,10,1.6
0,0,7.1,30.3,35.0,38.6,18.1,601.0,3,2,0.76
5,3,5.3,33.6,37.0,56.8,12.3,1368.0,5,3,0.66
10,2,6.0,16.0,171.1,58.6,18.4,30.0,7,12,0.2
6,0,6.0,37.8,161.7,88.2,10.4,539.0,1,9,0.1
1,2,7.5,15.8,69.4,57.5,18.3,984.0,1,10,0.81
2,1,5.2,22.8,80.9,31.1,11.3,1193.0,9,1,0.29
13,3,5.5,40.4,173.7,31.2,10.7,703.0,3,1,0.1
11,0,6.2,40.1,132.1,20.6,18.9,385.0,9,4,0.1
4,2,6.2,40.9,158.3,64.8,3.0,30.0,6,10,10.65
0,1,6.1,22.2,66.2,35.0,10.8,223.0,9,6,2.21
11,2,4.7,21.7,133.7,60.6,13.0,989.0,7,9,0.11
6,3,7.8,10.7,167.0,45.1,13.0,236.0,3,7,0.19
7,0,7.7,37.5,102.3,68.8,5.5,1093.0,0,12,1.53
6,2,5.8,13.3,134.3,32.3,9.4,1434.0,9,11,0.1
8,2,5.5,17.4,74.2,20.0,10.3,1066.0,7,3,1.05
9,3,6.1,20.3,31.8,27.8,16.5,250.0,3,8,0.71
3,1,6.7,23.8,182.6,90.5,1.9,1468.0,3,12,0.18
9,3,6.9,40.4,152.8,22.8,4.3,810.0,3,4,0.38
2,1,7.5,36.9,45.3,91.1,10.7,89.0,0,9,0.34
12,2,6.2,18.9,127.8,25.6,11.9,1274.0,1,3,8.87
7,1,8.3,30.9,160.9,87.2,13.8,580.0,7,4,1.09
2,2,4.6,33.1,108.4,22.0,17.5,591.0,6,3,0.16
12,3,5.0,28.4,30.3,61.5,12.9,520.0,7,12,1.94
10,3,7.1,16.8,109.6,75.9,9.2,571.0,0,6,0.14
9,0,7.2,37.0,119.3,20.8,16.0,1228.0,4,3,0.33
7,3,6.1,32.0,43.9,59.6,15.8,611.0,8,2,5.92
14,3,4.6,23.9,107.7,79.3,12.5,1052.0,3,5,0.3
6,3,6.9,25.5,91.3,41.8,10.3,272.0,8,2,0.24
7,2,4.7,34.8,64.1,72.2,1.5,1034.0,3,3,1.18
10,1,7.8,34.6,33.2,32.2,3.8,671.0,1,4,0.17
9,0,6.5,27.4,9.4,39.6,6.8,209.0,4,1,0.43
5,3,6.5,27.0,65.7,40.7,6.0,725.0,3,6,1.7
10,3,5.5,20.6,45.1,45.0,17.4,639.0,2,7,0.12
12,3,6.7,37.5,125.7,26.4,6.6,334.0,0,2,15.61
11,0,5.0,38.6,83.6,93.4,14.1,615.0,6,4,0.1
5,0,7.6,40.6,91.4,38.1,8.4,42.0,9,3,0.21
11,2,7.6,21.6,100.3,84.1,15.2,233.0,2,10,0.19
0,1,6.8,25.4,143.3,62.9,8.2,1116.0,3,2,0.64
3,2,6.0,34.5,143.1,38.6,14.3,1456.0,5,11,0.18
11,1,7.8,29.7,97.9,43.8,10.5,558.0,6,4,0.1
3,2,5.5,29.5,154.9,77.6,10.0,556.0,7,1,0.16
10,0,4.9,41.3,32.3,71.7,16.1,146.0,2,9,0.1
7,1,8.4,12.8,24.3,29.0,4.9,244.0,9,3,0.95
13,3,4.7,28.5,76.6,34.9,0.8,586.0,2,7,0.18
8,1,5.0,12.6,161.8,61.0,6.6,847.0,1,6,1.48
12,3,6.6,18.8,159.8,44.2,0.7,55.0,3,12,4.56
2,0,5.7,14.2,111.8,59.8,4.5,99.0,5,7,0.22
3,1,8.5,25.7,9.7,78.9,16.7,633.0,0,12,0.16
13,2,4.9,30.6,161.9,32.6,2.7,222.0,2,7,0.2
12,2,7.0,21.9,126.6,89.8,16.4,1170.0,3,10,4.03
2,3,7.9,28.6,105.0,76.0,6.6,179.0,8,5,0.31
9,3,6.9,22.2,141.5,91.1,6.8,273.0,8,3,0.5
7,3,7.5,24.1,71.0,42.6,8.1,1207.0,9,11,4.36
4,3,7.5,16.1,162.6,21.0,7.8,477.0,5,3,9.9
9,1,5.8,36.6,62.9,65.3,4.7,295.0,3,11,0.77
10,2,7.6,19.0,60.4,22.8,0.9,952.0,3,4,0.13
4,1,5.3,10.5,176.0,93.4,12.0,722.0,0,12,4.83
7,2,6.3,21.0,44.6,85.0,5.0,1287.0,1,3,3.76
12,0,4.9,41.4,116.6,51.5,7.5,1172.0,6,11,2.22
12,0,6.5,15.2,29.6,71.1,7.1,1295.0,0,5,2.34
10,0,4.7,30.1,171.0,82.3,6.9,773.0,7,1,0.1
11,3,7.8,37.4,13.2,33.9,5.5,363.0,8,9,0.15
3,2,4.7,31.6,153.7,55.6,9.6,23.0,4,11,0.1
3,3,7.9,30.7,156.0,29.9,5.1,648.0,3,1,0.18
11,2,7.8,30.1,63.6,37.2,12.1,97.0,1,6,0.1
7,2,8.5,10.7,145.1,89.4,1.3,753.0,9,3,0.51
2,1,4.9,34.8,189.1,20.8,11.9,844.0,0,8,0.2
12,1,6.5,17.8,114.3,39.4,1.7,1312.0,7,1,9.4
14,0,6.8,29.1,103.7,84.3,2.1,92.0,7,5,0.56
9,3,8.2,37.4,78.3,22.5,11.0,761.0,7,9,0.42
5,3,5.9,25.2,22.2,50.3,10.0,99.0,0,8,1.29
12,3,7.6,23.6,84.3,79.4,13.5,1382.0,9,9,6.19
4,2,7.9,12.2,136.5,90.3,6.2,142.0,2,7,4.24
7,3,8.1,28.5,40.5,33.2,10.9,1110.0,5,4,2.27
13,2,6.4,22.5,71.7,27.8,18.7,427.0,2,10,0.1
0,2,7.6,33.0,108.1,42.3,14.3,654.0,7,9,0.78
9,1,5.7,41.8,105.1,66.0,11.2,1289.0,0,7,0.38
9,1,6.9,21.8,20.0,71.7,4.3,773.0,9,1,0.74
13,3,6.3,41.9,34.6,24.8,17.0,172.0,7,1,0.16
10,3,6.8,22.9,145.4,37.8,2.6,776.0,1,6,0.14
3,1,7.1,21.7,35.2,50.7,7.0,139.0,7,1,0.4
0,3,5.1,25.5,127.0,34.5,19.9,822.0,8,3,0.51
3,3,5.6,16.9,57.0,92.3,16.4,349.0,0,12,0.24
12,2,5.4,17.4,17.4,52.2,13.2,1315.0,7,10,2.36
11,0,6.4,12.1,102.4,70.0,2.5,1347.0,0,7,0.13
9,3,7.0,32.5,40.8,46.9,19.1,1306.0,3,10,0.89
12,3,6.6,35.7,73.1,82.8,17.7,601.0,2,9,7.14
2,3,7.1,19.4,137.0,50.0,3.6,1291.0,7,5,0.14
2,1,4.7,10.7,93.0,74.3,10.0,470.0,0,8,0.1
8,2,6.2,25.2,164.1,44.5,7.6,153.0,8,5,2.43
13,3,4.8,31.4,157.0,79.3,7.5,752.0,7,11,0.1
5,3,7.1,18.6,110.6,64.6,8.6,211.0,0,7,1.05
4,0,7.9,18.0,119.4,91.2,1.4,1451.0,0,3,8.21
14,2,7.6,33.6,34.5,31.3,3.8,1025.0,3,8,0.61
3,2,6.7,19.3,133.9,88.4,17.4,1070.0,1,7,0.27
7,1,7.9,24.5,117.3,77.5,12.0,950.0,2,9,4.02
13,1,7.7,17.9,129.7,85.3,3.8,1095.0,9,2,0.1
4,3,6.9,15.3,103.2,66.8,7.5,642.0,0,9,19.65
10,0,8.2,10.6,80.7,40.9,11.5,419.0,1,9,0.13
13,0,5.8,38.1,35.5,89.7,13.2,13.0,3,12,0.24
13,3,8.1,22.2,21.8,34.8,19.6,1239.0,3,8,0.26
8,2,7.7,38.6,47.4,36.8,6.8,46.0,5,6,1.66
8,0,7.2,15.9,13.2,63.2,13.6,1323.0,1,11,3.97
11,1,4.8,21.1,184.5,55.4,6.5,1180.0,5,10,0.14
14,3,4.8,21.8,102.5,58.3,10.9,996.0,0,8,0.21
1,1,7.1,32.4,8.3,85.2,9.8,544.0,8,6,0.22
1,3,5.3,19.9,156.9,62.9,11.2,1363.0,3,2,0.35
1,2,7.8,23.9,28.1,81.1,5.4,1425.0,8,12,1.1
3,3,8.4,35.8,64.8,84.8,8.0,1453.0,6,1,0.16
6,1,6.8,35.9,23.8,79.5,11.8,154.0,5,11,0.27
12,0,5.9,36.4,68.1,39.1,10.9,208.0,1,3,9.91
9,3,7.7,34.0,92.9,37.5,14.5,1424.0,5,4,0.85
13,3,5.1,14.3,107.0,29.8,16.6,1121.0,0,11,0.1
7,2,7.9,34.1,32.4,93.2,14.8,183.0,8,10,4.74
9,2,6.0,35.8,69.3,27.3,4.5,1481.0,8,3,0.73
2,0,6.9,35.5,135.8,93.1,13.7,893.0,8,9,0.23
12,1,5.4,36.2,56.6,73.8,9.7,207.0,7,11,4.71
10,3,8.5,14.3,80.0,47.5,3.1,425.0,6,2,0.1
11,1,5.4,27.7,182.9,52.8,7.0,689.0,6,1,0.1
13,2,7.1,32.0,53.1,76.5,14.1,331.0,4,4,0.12
13,0,7.0,31.6,144.0,67.4,0.8,1020.0,0,6,0.3
1,0,8.4,10.1,7.2,78.6,9.1,1026.0,6,3,0.33
8,1,6.2,40.7,192.7,35.1,13.2,985.0,3,11,1.86
10,3,5.3,38.6,69.5,68.1,7.6,1413.0,2,6,0.1
8,0,5.4,39.7,0.3,90.6,18.5,656.0,9,2,0.66
14,3,8.0,29.9,71.6,62.2,5.8,451.0,1,3,0.16
3,1,7.7,22.5,120.0,48.1,1.5,865.0,0,2,0.21
7,0,6.2,30.4,141.2,22.5,20.0,1472.0,0,1,3.94
13,3,5.0,28.7,32.1,83.7,2.2,1358.0,7,6,0.33
6,0,6.8,27.8,25.7,77.8,6.5,1394.0,9,10,0.4
8,2,8.1,32.7,179.2,20.1,13.9,124.0,8,2,0.53
3,2,5.7,31.5,172.9,74.6,16.2,5.0,4,6,0.35
4,2,8.1,29.0,179.9,23.7,14.7,915.0,8,5,6.05
3,3,5.2,19.6,170.6,88.1,18.5,1313.0,9,5,0.22
12,2,5.5,22.5,194.9,28.0,15.2,601.0,1,12,3.0
11,3,6.6,27.8,58.3,50.1,3.7,501.0,3,4,0.12
4,0,7.7,34.3,57.0,44.1,7.9,349.0,7,2,19.24
6,2,6.1,13.1,53.6,23.6,1.8,142.0,2,6,0.3
10,3,7.8,23.9,2.8,59.1,16.9,1236.0,4,1,0.14
9,1,5.7,32.4,12.6,39.7,19.5,236.0,0,11,0.45
10,3,4.5,22.9,53.1,31.6,10.5,1251.0,7,4,0.1
14,1,4.7,31.4,137.6,24.0,10.3,244.0,8,5,0.29
6,2,6.9,27.9,130.2,44.5,19.1,318.0,5,11,0.2
2,0,6.1,35.8,147.2,26.5,8.1,1428.0,0,11,0.2
13,2,5.5,10.9,41.7,86.3,7.4,778.0,7,1,0.1
2,0,7.4,18.6,128.3,25.9,2.4,1383.0,7,6,0.2
5,1,8.3,28.7,26.3,67.2,10.6,475.0,4,9,1.51
7,1,6.7,34.1,27.4,39.2,3.5,882.0,9,11,4.63
5,2,4.6,27.6,132.7,70.2,9.8,865.0,1,10,0.75
4,1,7.6,26.0,62.3,67.1,8.9,1288.0,1,8,12.1
13,2,4.9,37.2,188.7,81.1,17.9,678.0,9,3,0.1
4,1,5.9,19.3,67.5,58.3,5.3,1173.0,9,2,21.04
10,1,6.0,25.3,109.5,90.6,5.8,868.0,3,10,0.27
3,1,6.2,29.2,23.5,73.1,12.0,1321.0,5,10,0.28
3,0,5.4,40.0,70.8,84.4,15.7,548.0,8,11,0.1
13,3,6.9,38.2,69.6,91.2,6.6,934.0,3,9,0.14
3,3,6.9,39.3,186.4,59.6,16.7,292.0,4,12,0.15
3,1,5.4,12.7,148.2,57.2,12.1,675.0,3,2,0.1
2,2,5.3,25.3,100.4,31.4,7.2,653.0,1,6,0.29
13,1,5.3,31.7,107.3,24.3,6.0,1331.0,2,11,0.12
12,0,6.1,34.1,34.6,66.6,1.8,105.0,5,10,4.84
9,3,8.2,40.3,193.3,71.5,7.5,351.0,1,12,0.17
9,3,8.1,16.5,42.6,22.2,15.6,1032.0,4,1,0.59
10,1,7.0,31.5,192.7,94.2,8.4,1234.0,5,12,0.18
10,0,7.9,12.9,43.8,51.0,5.1,245.0,2,1,0.11
7,3,8.4,21.7,14.5,35.7,4.1,97.0,2,9,2.61
9,1,6.8,13.6,7.1,71.5,1.4,621.0,8,5,0.53
0,1,6.5,40.9,67.6,25.4,11.9,375.0,6,3,0.9
7,2,8.3,42.0,154.8,49.5,1.3,605.0,6,5,0.86
4,0,5.3,30.0,114.7,34.4,6.9,979.0,8,10,13.51
0,1,8.4,19.9,35.5,25.1,0.6,575.0,9,12,0.56
3,3,6.3,26.0,17.6,27.1,15.6,744.0,7,2,0.27
1,2,8.3,10.5,62.6,88.3,18.7,779.0,6,5,0.32
2,3,7.7,32.8,108.3,65.5,8.0,1237.0,6,8,0.32
10,2,8.1,20.6,4.1,30.5,8.8,289.0,5,5,0.11
14,3,7.9,19.1,162.6,78.7,19.3,508.0,6,3,0.23
14,2,8.1,10.5,161.5,79.0,13.7,745.0,1,3,0.1
12,3,5.1,40.5,23.3,39.9,1.3,1103.0,8,7,4.15
12,3,5.9,19.6,118.2,23.3,7.8,1298.0,3,9,4.73
9,0,6.4,31.3,175.0,76.5,0.6,995.0,1,4,0.68
2,2,5.3,35.7,97.8,85.1,4.9,1159.0,3,3,0.2
12,2,7.2,15.7,93.4,94.5,16.5,540.0,0,1,6.15
12,0,6.3,31.8,158.9,84.9,12.1,440.0,1,11,4.9
11,1,6.4,38.1,72.4,20.3,15.8,851.0,2,12,0.13
14,0,4.9,33.5,12.4,89.1,18.3,532.0,5,11,0.23
5,1,5.8,39.2,44.3,61.7,13.8,947.0,3,11,1.2
4,1,7.2,24.2,41.2,21.6,5.8,1041.0,9,12,18.67
3,1,7.6,15.5,121.8,69.5,15.1,616.0,1,3,0.15
0,3,6.8,27.7,165.6,61.7,4.9,736.0,9,4,0.58
9,2,7.0,33.9,82.3,52.0,16.8,639.0,0,2,0.77
14,0,7.2,34.3,174.5,81.7,4.1,162.0,2,9,0.47
10,2,6.1,13.2,129.4,25.6,5.2,416.0,7,8,0.1
0,2,5.2,38.2,183.2,53.2,19.2,259.0,9,11,0.44
0,0,8.3,30.2,115.0,87.0,11.4,767.0,5,7,0.77
14,0,6.5,26.0,165.1,66.4,10.7,1362.0,6,12,0.3
0,3,7.6,21.6,98.7,79.8,17.2,892.0,1,2,0.68
0,1,6.3,32.7,86.5,87.3,14.6,327.0,2,4,0.88
11,0,5.2,40.9,172.8,90.9,7.2,1258.0,5,9,0.1
0,1,5.4,34.8,57.8,22.3,9.6,76.0,3,1,0.88
12,0,6.0,17.7,187.4,67.9,10.6,139.0,6,6,4.95
10,2,6.1,22.3,172.1,39.3,3.1,1423.0,4,1,0.12
12,1,8.2,31.2,122.6,52.6,17.7,1445.0,1,7,13.0
10,2,7.9,24.1,77.8,35.1,18.9,1405.0,7,10,0.23
11,0,8.4,16.2,16.2,67.6,5.6,659.0,8,7,0.25
1,0,7.3,13.8,146.6,44.3,17.5,996.0,4,7,0.37
5,3,7.4,12.9,191.1,78.6,7.4,991.0,1,10,0.55
5,3,7.2,19.6,49.5,60.5,0.8,1307.0,3,1,1.0
5,0,8.1,35.2,149.2,28.1,7.7,1423.0,0,10,0.68
7,2,6.4,37.1,69.4,93.2,19.6,1162.0,7,4,1.49
10,3,6.1,20.5,158.9,86.1,15.2,367.0,2,11,0.26
12,2,7.2,38.6,50.5,42.1,16.4,1481.0,7,9,4.26
12,3,7.1,21.5,155.7,90.5,19.0,534.0,3,5,6.21
2,0,7.0,11.3,180.3,47.3,0.8,827.0,7,5,0.19
5,1,7.1,24.2,189.1,29.3,10.0,213.0,5,6,1.21
7,2,8.2,20.1,59.4,70.6,4.1,527.0,8,7,3.74
1,1,7.7,13.4,99.4,60.9,9.0,826.0,0,10,0.79
5,0,8.5,31.4,159.3,88.9,17.2,60.0,3,10,0.54
0,1,8.0,12.5,171.2,54.7,4.7,799.0,1,9,0.22
6,2,8.1,11.5,4.6,77.8,8.7,1489.0,0,10,0.1
8,3,7.8,10.1,49.3,29.8,9.4,627.0,0,12,3.4
6,1,5.0,27.0,123.7,86.8,14.2,484.0,0,11,0.11
2,0,7.1,37.6,130.5,86.2,11.2,1448.0,1,7,0.35
2,3,5.4,16.5,180.0,79.2,7.4,392.0,4,2,0.18
8,0,6.6,36.2,117.0,48.7,0.7,165.0,2,1,1.37
14,3,7.9,19.1,65.3,55.3,19.4,761.0,4,7,0.52
2,3,4.9,20.5,84.3,80.9,18.1,1425.0,5,12,0.14
4,1,7.8,36.5,149.7,81.4,13.7,1254.0,8,11,9.48
3,0,5.6,14.2,140.4,82.3,4.1,1193.0,5,10,0.1
10,0,8.1,23.5,5.3,72.0,9.4,477.0,1,2,0.12
0,1,7.7,11.1,156.6,58.7,17.4,1045.0,1,7,0.49
14,3,4.5,32.7,98.3,77.9,11.5,1165.0,1,1,0.14
7,3,6.4,21.6,65.8,30.3,14.8,1235.0,9,4,3.76
14,1,4.6,17.4,124.5,75.6,14.9,812.0,6,5,0.23
0,2,7.7,23.0,80.3,69.2,9.8,1175.0,9,6,2.3
0,2,7.2,13.3,4.3,54.6,15.8,671.0,4,11,0.31
0,1,5.8,38.4,28.6,73.5,17.2,1210.0,4,6,1.32
11,1,5.3,14.8,170.8,88.7,5.0,1232.0,1,6,0.12
7,3,6.9,31.8,70.3,76.8,14.7,404.0,6,6,5.6
7,0,6.8,24.0,151.7,51.9,10.1,42.0,3,12,3.7
2,2,6.0,13.2,28.1,49.3,10.9,619.0,8,11,0.19
2,0,5.4,37.9,147.0,70.4,4.1,1150.0,4,4,0.17
9,2,5.2,25.1,50.9,89.3,9.2,705.0,0,8,0.71
0,1,8.1,33.9,188.5,29.9,7.5,245.0,1,10,0.5
0,2,4.9,20.3,52.8,50.4,12.3,516.0,0,3,1.11
12,1,7.1,25.5,95.9,23.6,8.2,614.0,6,8,12.94
1,2,5.7,13.3,157.2,65.2,6.7,872.0,7,10,0.74
3,3,5.7,30.3,139.0,57.7,5.7,653.0,5,3,0.22
11,3,4.9,19.9,122.5,88.6,2.9,274.0,6,8,0.1
13,1,6.9,10.6,56.1,87.5,1.0,601.0,0,4,0.1
11,3,4.5,39.0,172.5,29.7,4.9,824.0,2,12,0.1
10,0,4.5,41.7,95.2,64.9,19.9,185.0,7,12,0.1
5,3,8.4,14.5,168.7,73.8,16.4,538.0,3,7,0.73
3,1,4.7,20.9,60.5,66.4,4.7,109.0,6,12,0.17
10,3,6.6,21.6,86.4,50.7,19.6,1460.0,0,8,0.14
7,2,5.3,27.4,41.0,53.7,5.4,974.0,9,11,5.29
3,2,4.5,11.7,68.8,65.9,18.0,1418.0,4,10,0.1
3,2,8.4,38.4,176.8,35.5,14.2,1274.0,0,8,0.12
5,1,5.0,27.6,85.1,41.3,13.2,416.0,5,9,0.81
13,0,7.6,27.8,178.2,91.1,11.6,1118.0,6,7,0.26
9,1,7.8,37.1,66.9,66.2,11.0,598.0,7,10,0.61
11,2,5.7,28.8,33.1,47.6,14.3,51.0,2,5,0.12
13,3,5.5,39.9,137.3,40.0,19.3,1367.0,6,8,0.21
9,2,5.0,37.6,52.8,23.4,7.2,929.0,1,5,1.21
0,2,4.8,32.9,29.0,22.6,7.1,17.0,4,5,1.3
0,1,5.0,13.9,95.7,54.8,8.9,317.0,2,2,0.34
14,1,5.6,40.8,36.2,82.1,2.7,297.0,2,4,0.35
5,1,7.2,38.9,12.8,41.6,18.0,667.0,9,11,0.59
0,0,5.4,28.5,181.3,85.8,11.8,287.0,4,5,0.59
9,0,5.5,13.9,99.6,71.7,16.3,73.0,2,8,0.21
0,1,7.3,15.7,130.6,47.7,18.5,1012.0,2,10,0.51
5,2,4.8,40.7,145.3,31.9,9.2,1297.0,4,3,0.18
1,3,7.4,30.8,16.3,54.7,16.5,466.0,0,7,0.33
10,0,6.1,13.9,159.1,85.7,11.4,210.0,5,2,0.12
6,2,4.7,29.1,83.6,47.8,5.9,1089.0,9,1,0.11
1,1,4.9,34.5,193.2,83.9,19.0,754.0,7,2,0.11
9,1,6.5,31.5,167.0,21.5,9.5,850.0,1,3,0.53
9,1,7.0,22.4,165.9,26.2,0.8,1017.0,8,8,0.53
3,2,5.2,10.1,120.8,80.8,5.2,970.0,9,1,0.1
13,0,6.2,14.5,141.9,34.2,2.0,338.0,5,7,0.16
5,0,7.7,15.3,20.0,25.8,9.4,267.0,8,4,0.47
1,0,6.0,17.9,111.7,61.6,16.6,507.0,8,11,0.7
8,0,7.8,33.6,128.6,27.3,7.8,1386.0,7,3,1.2
7,0,8.3,21.0,30.3,22.3,4.2,838.0,0,2,4.17
14,1,8.4,24.0,7.1,38.9,7.1,538.0,4,10,0.3
10,2,7.4,18.2,74.5,63.4,1.4,378.0,0,2,0.12
3,1,7.8,25.6,109.2,63.5,13.2,951.0,2,9,0.2
0,3,5.5,28.0,83.4,87.3,5.1,447.0,2,12,1.16
3,0,7.6,38.3,188.6,23.8,8.1,131.0,3,1,0.12
8,0,5.2,16.2,199.1,58.2,16.2,98.0,2,10,2.85
0,2,5.7,27.4,171.3,63.8,2.8,928.0,9,11,0.72
2,1,5.0,19.8,170.9,69.7,10.2,625.0,8,9,0.1
1,0,6.1,10.3,153.1,48.0,16.8,155.0,4,7,0.37
9,2,5.4,10.0,173.3,44.0,6.9,1276.0,0,5,0.38
4,1,6.6,40.0,156.3,60.3,5.3,151.0,0,8,5.67
12,3,4.5,29.4,81.3,31.0,7.0,717.0,7,11,3.4
10,3,6.5,21.0,87.7,77.1,16.0,863.0,9,1,0.12
9,2,5.0,18.4,182.7,90.0,3.4,1234.0,1,1,0.28
11,0,6.9,12.9,156.0,73.2,10.7,190.0,5,10,0.3
5,1,5.4,41.8,119.4,20.2,11.3,1170.0,9,3,0.21
9,2,7.5,13.9,16.4,33.5,5.7,975.0,4,5,0.49
14,2,7.5,24.0,134.0,91.6,19.5,500.0,4,5,0.39
2,0,7.8,28.7,19.2,27.5,19.0,1304.0,5,10,0.3
10,0,6.4,35.5,181.7,29.7,8.9,249.0,8,4,0.1
6,2,7.1,24.0,180.0,67.6,17.4,1217.0,5,1,0.16
10,2,7.2,27.4,91.7,80.0,11.6,191.0,3,8,0.13
10,1,5.2,31.3,172.5,94.9,8.6,916.0,2,6,0.1
9,3,8.0,40.5,176.1,39.7,1.2,755.0,4,12,0.19
3,2,4.8,31.6,33.5,75.4,5.3,1184.0,5,2,0.2
5,2,8.3,35.9,126.5,64.6,12.5,183.0,0,11,0.57
4,2,5.3,15.0,170.8,81.0,14.2,521.0,1,1,5.37
7,1,7.5,16.7,196.1,59.5,17.8,959.0,6,4,1.81
14,0,6.2,22.0,86.3,42.8,5.2,982.0,6,4,0.48
6,1,7.3,31.7,108.6,33.6,9.7,366.0,8,1,0.16
5,3,7.5,24.8,17.6,84.6,15.0,496.0,4,2,0.79
2,2,5.6,29.6,134.5,30.6,17.9,968.0,0,2,0.31
1,1,6.6,15.3,68.8,40.5,4.5,325.0,0,8,0.48
5,3,5.7,16.0,108.4,81.8,3.4,1091.0,1,5,0.66
4,1,8.1,19.1,196.4,74.0,6.8,725.0,2,1,8.76
14,2,4.7,40.6,150.0,69.8,9.1,864.0,0,6,0.12
1,3,8.2,20.3,68.3,48.2,1.7,541.0,8,12,0.6
8,3,4.9,17.9,178.4,33.2,9.3,244.0,0,2,0.82
3,2,5.0,17.9,182.8,62.7,12.5,80.0,0,10,0.1
11,2,7.2,12.9,37.7,68.3,16.3,621.0,0,9,0.3
0,3,7.3,13.3,46.2,33.5,13.9,515.0,8,12,0.56
6,1,5.7,40.0,128.2,64.3,10.6,1055.0,7,1,0.1
14,2,5.5,22.9,188.4,92.2,8.1,950.0,0,3,0.2
14,3,7.1,23.1,38.4,62.6,15.9,420.0,1,9,0.91
3,3,7.7,15.3,16.0,39.4,11.1,320.0,3,1,0.1
7,2,7.1,31.1,191.9,34.1,8.8,200.0,8,12,2.0
9,3,7.1,28.7,51.2,65.5,13.5,1165.0,6,6,1.74
6,3,5.0,28.8,144.6,67.8,1.3,777.0,9,4,0.11
9,0,5.2,30.0,102.9,50.4,19.5,1129.0,3,5,0.6
10,1,5.6,13.4,184.9,65.2,0.6,699.0,1,8,0.1
2,1,8.1,14.0,87.6,33.5,18.3,782.0,1,8,0.11
5,2,6.7,26.3,22.4,45.9,3.8,761.0,5,3,0.71
11,1,8.2,39.8,113.4,58.5,5.2,776.0,2,5,0.1
5,3,5.2,11.4,193.1,25.0,15.4,1389.0,6,9,0.32
7,2,5.3,10.9,169.7,68.0,5.8,1207.0,5,3,0.73
13,1,4.7,34.5,23.9,50.6,4.4,1402.0,7,3,0.22
3,1,6.8,11.5,149.6,87.7,8.8,75.0,2,5,0.19
11,1,6.5,31.1,9.0,24.1,13.8,1385.0,4,2,0.11
8,2,5.3,12.9,198.7,85.7,13.4,1450.0,5,8,0.98
2,1,6.9,21.2,19.6,56.8,18.4,334.0,8,10,0.3
3,0,5.4,23.7,38.7,31.5,9.3,1188.0,8,3,0.38
1,1,4.9,31.2,197.5,75.7,6.3,239.0,8,3,0.12
9,0,8.2,21.5,129.6,28.6,11.8,118.0,4,5,0.6
8,3,6.3,24.9,68.0,83.9,3.1,1086.0,1,6,3.23
3,3,7.8,19.0,149.2,43.9,9.1,1227.0,8,10,0.13
7,2,5.0,38.6,142.7,60.7,9.7,1331.0,0,5,0.83
4,0,4.8,24.1,137.1,86.5,6.5,1339.0,3,9,6.44
10,2,5.2,34.2,12.1,75.1,12.0,293.0,5,3,0.11
3,3,7.1,30.7,50.7,57.2,9.4,1322.0,5,2,0.37
14,3,4.6,16.1,30.5,87.3,14.1,862.0,5,3,0.24
11,3,7.5,26.4,68.0,28.4,10.7,36.0,8,12,0.2
14,0,5.8,30.0,180.6,46.7,7.4,450.0,7,6,0.42
10,1,6.7,28.7,2.4,86.1,14.2,98.0,0,9,0.21
1,1,6.3,38.2,33.0,60.3,0.6,1089.0,1,12,0.73
9,2,7.6,33.2,21.2,44.0,18.8,263.0,8,12,0.62
8,2,6.9,30.8,82.0,36.7,2.2,640.0,2,12,2.17
7,2,4.7,17.1,76.9,76.9,19.3,272.0,8,5,1.81
4,2,6.9,13.7,194.5,40.0,9.2,176.0,2,8,3.7
1,1,7.9,36.0,132.5,65.2,1.1,160.0,8,3,0.18
11,2,7.2,42.0,149.4,82.9,17.4,153.0,7,7,0.1
1,1,4.6,25.8,115.0,33.4,4.1,1373.0,1,9,0.28
4,3,5.8,10.1,36.8,68.5,4.6,1061.0,7,5,4.01
14,1,7.9,12.2,81.2,48.0,9.7,848.0,9,6,0.25
12,0,5.4,24.7,36.0,34.0,3.6,1119.0,5,6,7.91
3,0,6.5,17.4,195.2,83.6,10.3,5.0,0,4,0.27
10,1,7.3,33.7,177.4,86.4,3.6,1124.0,1,5,0.11
13,1,7.5,21.0,78.2,73.0,19.0,1262.0,5,4,0.12
1,1,6.1,18.0,17.0,31.8,12.6,762.0,6,4,0.7
9,1,5.2,33.4,103.4,34.4,2.3,967.0,7,12,0.38
10,3,6.4,38.1,135.6,71.5,14.3,203.0,3,11,0.13
10,2,7.5,13.1,21.6,76.7,19.3,571.0,9,3,0.2
8,3,6.7,23.8,184.8,45.2,10.4,1355.0,8,8,1.54
0,1,6.0,25.8,194.1,81.3,6.6,881.0,8,7,1.09
12,2,7.6,38.2,199.3,78.5,12.7,43.0,2,10,2.39
8,1,7.0,37.8,199.7,38.4,9.1,206.0,7,12,1.79
12,2,8.3,22.7,171.5,74.6,14.8,937.0,5,12,2.94
0,0,8.5,30.2,173.2,48.2,3.8,106.0,1,12,0.24
14,3,8.5,36.2,49.7,63.3,13.2,1366.0,5,10,0.47
2,2,7.9,15.4,33.4,72.2,1.1,310.0,6,2,0.3
10,2,7.6,27.6,169.6,43.5,11.7,667.0,9,7,0.12
7,3,7.6,26.2,128.3,83.9,1.4,1111.0,0,7,3.63
5,3,4.9,23.7,196.7,71.7,18.7,424.0,7,5,0.71
4,3,7.7,10.5,149.8,34.9,4.4,1019.0,8,3,4.82
14,1,6.5,23.5,15.4,71.9,17.7,1085.0,7,9,0.9
5,3,6.4,32.7,35.7,78.8,14.8,602.0,7,3,0.89
13,0,4.7,19.4,172.0,27.1,15.3,815.0,4,2,0.1
5,0,7.2,10.6,39.2,29.9,9.9,308.0,3,4,0.55
14,3,7.4,21.7,183.8,40.6,16.7,923.0,4,11,0.35
2,0,7.1,22.7,19.0,78.0,1.9,895.0,8,9,0.28
13,2,5.5,40.8,199.1,85.7,12.4,38.0,6,5,0.15
8,2,7.6,38.8,33.2,32.9,3.6,236.0,2,6,2.19
8,2,6.0,38.3,165.3,66.1,10.8,972.0,2,3,0.74
3,2,7.5,31.7,67.6,38.4,0.6,1264.0,7,7,0.51
12,3,8.1,28.0,133.2,82.8,14.3,1198.0,8,3,8.25
3,1,8.0,36.7,79.4,92.6,10.5,1396.0,2,10,0.24
9,0,5.3,31.1,149.6,43.6,5.0,520.0,8,3,0.34
8,3,6.2,26.1,115.0,49.2,5.6,541.0,3,12,3.12
12,1,8.3,17.3,194.9,40.9,9.4,1312.0,6,6,4.73
14,3,5.5,20.2,88.9,43.3,17.3,300.0,5,5,0.43
0,2,7.7,37.1,108.1,73.5,0.8,1047.0,4,11,0.6
0,2,4.7,18.1,73.5,51.4,18.9,923.0,1,5,1.45
2,1,6.6,32.6,158.6,74.6,3.4,671.0,3,12,0.37
4,3,5.9,12.5,14.1,21.7,2.4,182.0,1,5,3.1
0,0,7.6,33.2,183.1,46.7,14.0,286.0,1,1,0.37
3,0,7.7,27.0,87.1,72.3,16.4,1348.0,8,11,0.17
4,2,5.1,12.0,71.2,70.6,9.4,1404.0,5,3,9.1
11,0,8.4,19.4,15.6,45.1,11.6,190.0,3,2,0.21
3,0,6.5,41.1,95.4,35.2,9.1,1285.0,0,4,0.17
13,2,6.2,15.2,77.0,23.9,14.7,850.0,5,11,0.1
9,3,5.7,39.7,57.6,23.0,9.5,460.0,2,4,1.18
11,3,6.2,41.3,61.3,21.3,8.8,887.0,2,2,0.1
7,3,6.7,38.9,44.8,63.7,11.4,1246.0,1,1,4.78
8,0,6.8,32.7,86.2,44.3,16.0,198.0,0,5,2.23
2,2,7.1,35.1,136.7,93.3,10.3,835.0,0,12,0.2
1,3,6.9,12.4,183.1,35.8,16.3,832.0,4,10,0.83
2,0,6.9,29.8,54.1,57.0,12.8,668.0,2,2,0.73
1,0,4.8,17.0,66.8,31.9,10.9,879.0,4,11,0.4
3,3,5.4,14.1,63.5,65.6,19.6,828.0,4,4,0.22
0,1,6.6,33.6,26.2,57.6,18.8,211.0,5,9,0.92
4,3,4.5,29.5,112.1,87.4,13.2,894.0,6,1,11.47
4,3,5.5,40.2,93.2,47.5,6.5,400.0,3,3,14.14
3,3,4.9,19.8,1.0,92.6,11.3,414.0,9,8,0.1
11,2,6.5,16.8,134.7,29.6,7.6,811.0,5,10,0.26
5,0,6.0,25.5,132.8,93.4,6.6,711.0,7,10,1.01
0,2,7.8,38.4,65.2,33.8,7.0,1500.0,0,6,1.74
5,2,7.0,25.2,145.3,62.3,10.1,267.0,3,1,0.42
0,0,7.7,12.8,189.9,88.7,6.3,76.0,8,5,0.3
10,0,4.8,24.2,116.0,45.5,5.9,1047.0,0,10,0.15
13,1,6.6,17.3,55.4,34.8,3.9,226.0,9,6,0.14
5,2,4.9,16.6,75.4,90.1,5.6,1212.0,4,4,0.33
12,3,6.8,35.7,14.6,25.6,15.3,742.0,0,10,3.55
7,1,5.5,34.5,167.4,74.6,16.7,74.0,1,10,3.07
11,3,4.5,38.1,130.1,85.6,11.2,247.0,8,4,0.1
3,1,6.5,25.5,70.9,30.9,12.8,190.0,4,7,0.45
6,2,5.4,41.4,118.3,34.0,3.0,115.0,8,5,0.15
0,1,7.2,29.9,136.3,81.0,1.5,1413.0,5,8,1.04
11,0,6.8,36.8,122.9,20.4,12.4,720.0,5,2,0.1
3,3,8.5,17.8,179.9,77.1,3.0,1269.0,5,4,0.23
14,0,8.3,28.0,55.2,86.8,17.6,1134.0,1,9,0.45
12,1,8.1,10.9,15.3,23.8,4.5,647.0,3,6,2.71
8,1,7.5,20.6,113.3,89.9,5.1,1293.0,0,4,1.27
8,0,6.1,20.1,100.8,39.0,3.9,513.0,3,7,2.66
6,3,7.4,22.8,40.1,59.5,9.2,270.0,6,11,0.37
2,1,4.6,36.5,68.2,82.5,5.1,788.0,1,11,0.15
5,0,6.8,23.4,66.6,46.1,2.0,287.0,9,9,1.26
8,1,5.9,24.6,20.4,81.7,13.9,1333.0,1,12,5.41
8,2,6.5,38.7,192.1,65.6,5.4,750.0,9,10,1.49
7,3,4.6,24.1,102.5,41.1,13.7,409.0,2,2,2.04
1,0,7.9,11.8,164.3,53.6,6.4,764.0,4,9,0.48
3,3,5.3,39.1,14.0,28.4,19.5,318.0,0,10,0.11
3,2,7.2,14.6,101.2,76.2,7.5,1053.0,5,9,0.1
9,2,4.9,15.6,35.8,56.6,7.6,198.0,9,6,1.27
9,0,6.3,24.9,17.5,68.7,18.0,351.0,9,4,0.69
7,3,6.8,20.3,138.0,77.5,4.7,1446.0,1,3,2.57
9,2,5.9,39.9,75.5,25.7,3.4,49.0,8,11,0.53
3,2,7.7,36.8,163.8,47.5,16.4,1484.0,1,8,0.17
9,1,7.0,29.0,110.9,47.4,10.7,440.0,0,11,0.5
0,3,4.7,20.0,10.7,94.9,5.4,1063.0,0,12,0.54
11,2,5.4,27.9,154.4,39.4,2.0,582.0,2,3,0.1
3,1,4.8,11.2,141.8,22.9,14.8,763.0,4,12,0.1
11,1,4.8,18.4,72.6,64.4,8.1,792.0,1,1,0.1
10,2,6.3,39.3,115.2,66.8,12.7,636.0,6,10,0.12
8,1,5.4,30.9,85.1,40.2,5.9,912.0,6,4,1.21
2,1,4.7,10.9,183.9,90.1,17.6,84.0,5,1,0.13
14,2,6.4,27.8,26.1,77.3,6.2,1317.0,7,10,1.0
10,3,7.4,12.1,186.3,26.2,5.6,386.0,1,2,0.11
10,3,5.0,15.7,87.9,63.8,14.4,1067.0,9,1,0.1
3,0,6.0,20.6,140.0,87.6,4.9,1334.0,0,6,0.25
14,1,6.0,38.6,117.9,92.9,14.5,23.0,6,9,0.5
14,3,6.7,32.7,160.1,74.5,10.4,1293.0,4,10,0.52
6,3,5.6,32.3,194.0,91.3,7.4,967.0,5,8,0.23
3,2,7.3,24.2,34.3,93.0,2.3,1317.0,2,3,0.65
9,3,6.4,35.3,96.5,26.0,1.8,349.0,9,8,0.63
12,2,6.1,21.3,114.8,88.7,15.5,224.0,3,12,5.67
13,3,7.9,23.4,147.3,42.5,4.6,165.0,2,3,0.1
1,2,6.3,15.0,177.0,77.3,15.1,730.0,6,9,0.73
4,2,5.3,28.5,129.8,44.8,9.0,711.0,0,8,7.92
12,1,7.4,15.3,142.3,41.5,14.4,1435.0,8,4,4.34
10,3,6.9,14.1,25.2,27.8,17.5,292.0,9,2,0.22
14,3,6.8,18.9,159.8,46.0,14.2,24.0,5,11,0.46
1,0,7.5,29.9,36.6,45.0,14.6,925.0,3,4,0.59
9,2,6.7,18.7,151.0,48.8,4.4,124.0,4,1,0.38
13,2,6.7,13.4,82.2,71.7,9.9,1361.0,6,11,0.1
0,0,4.7,22.6,180.3,58.3,8.7,727.0,7,4,0.36
5,2,6.8,31.3,24.4,77.5,17.9,1436.0,8,6,1.39
2,0,7.8,17.4,59.0,40.1,12.2,181.0,3,10,0.15
13,0,6.1,16.0,33.2,87.6,9.5,333.0,5,9,0.11
9,0,5.3,24.7,174.4,34.8,17.4,1468.0,2,9,0.3
11,0,8.3,31.6,94.0,44.4,17.2,96.0,8,7,0.1
0,1,6.7,14.2,78.5,51.2,5.2,762.0,5,12,0.56
10,3,8.5,28.0,92.9,57.0,16.8,669.0,5,3,0.1
14,0,5.5,41.3,109.9,88.6,13.0,467.0,2,5,0.23
9,2,4.6,39.5,185.9,89.8,9.7,61.0,4,8,0.32
13,1,5.6,21.7,189.2,50.3,17.5,1483.0,2,10,0.1
6,0,7.8,27.8,102.6,50.4,11.4,104.0,3,6,0.33
9,1,7.4,30.4,77.0,93.4,4.0,330.0,5,3,0.77
8,1,7.1,30.4,162.7,40.6,16.9,237.0,5,7,1.81
8,1,6.5,18.1,166.7,21.6,10.9,471.0,2,6,3.51
7,0,7.5,33.2,111.4,69.3,11.5,118.0,9,8,2.51
0,0,5.5,33.2,15.6,41.0,2.1,120.0,4,10,0.45
10,2,6.6,35.1,127.3,40.6,5.3,481.0,5,2,0.1
0,0,8.3,36.9,128.9,28.6,12.2,142.0,9,4,0.4
6,1,8.4,26.0,21.5,70.4,3.1,1460.0,5,9,0.17
8,2,7.7,26.0,7.8,74.9,12.7,586.0,1,2,1.11
6,0,6.3,33.1,34.1,44.8,6.9,387.0,6,1,0.32
13,0,7.3,33.7,154.9,38.6,12.7,258.0,8,4,0.16
5,0,5.5,21.3,74.5,65.1,13.1,974.0,9,11,1.13
3,2,7.9,23.6,167.7,60.4,18.6,1349.0,9,8,0.21
12,3,7.7,30.7,42.3,33.4,16.5,1015.0,0,4,6.81
9,2,5.7,28.2,0.7,86.6,19.5,583.0,9,8,0.49
8,3,6.7,39.5,17.9,70.7,19.0,250.0,4,12,2.39
7,0,6.6,41.3,94.6,53.5,17.7,655.0,6,2,1.91
12,0,8.4,39.9,53.6,20.6,1.2,996.0,8,4,4.64
14,1,5.6,19.6,90.9,76.4,14.5,1139.0,4,6,0.45
4,2,8.0,23.4,104.0,71.4,10.7,24.0,6,12,18.05
1,3,5.0,32.2,1.4,67.2,17.4,35.0,1,8,0.11
0,3,8.5,25.6,50.5,53.0,4.2,185.0,2,3,0.63
5,1,6.7,33.3,51.9,42.7,1.5,256.0,3,2,0.99
7,3,7.1,31.8,174.6,91.0,18.8,1277.0,0,2,2.42
9,3,5.7,37.3,1.3,44.2,2.7,903.0,7,10,0.39
14,0,6.6,26.7,63.0,51.6,1.7,1030.0,9,7,0.65
2,3,7.3,36.2,112.0,67.7,9.7,88.0,5,10,0.15
10,3,5.1,26.1,130.4,56.8,13.3,842.0,5,5,0.11
2,1,7.1,20.3,77.3,50.1,1.6,1448.0,9,1,0.33
8,0,7.3,31.1,199.0,70.4,6.1,721.0,4,10,2.46
1,0,5.0,30.1,9.8,25.3,0.7,1056.0,9,8,0.1
6,2,7.8,41.3,79.5,44.7,0.9,1464.0,8,6,0.17
9,0,5.5,18.4,199.4,21.2,5.2,634.0,5,6,0.62
5,3,5.0,33.2,176.4,24.2,4.3,17.0,6,10,0.67
1,2,7.7,17.4,193.8,72.2,11.0,656.0,2,12,0.5
4,2,8.0,38.2,168.8,23.2,14.1,1481.0,8,3,6.75
8,1,5.3,22.6,79.3,35.9,7.1,1328.0,2,12,2.7
9,3,7.2,10.2,113.8,31.7,7.0,378.0,7,10,0.22
12,3,5.4,26.6,46.4,81.5,11.0,1058.0,0,2,8.89
14,0,6.1,15.3,123.8,65.0,7.8,444.0,1,4,0.38
10,0,4.5,22.5,146.5,70.5,15.5,1191.0,2,9,0.11
8,0,6.3,27.6,124.7,38.8,1.7,1056.0,3,11,3.28
10,3,5.8,40.1,44.5,86.8,14.3,715.0,6,6,0.1
14,0,4.6,30.3,49.4,89.7,5.7,284.0,3,9,0.53
12,2,4.6,31.1,103.0,76.3,3.9,945.0,5,7,7.29
13,1,8.0,12.1,83.3,94.1,14.2,630.0,4,10,0.1
6,1,7.8,39.3,72.1,74.9,10.6,5.0,8,2,0.1
10,2,5.8,21.0,145.7,44.4,8.9,1282.0,6,1,0.1
14,3,6.5,10.4,168.0,86.1,2.1,963.0,4,3,0.13
5,2,7.5,28.6,138.1,32.1,8.3,1446.0,4,5,0.68
11,3,6.8,16.3,181.8,38.1,3.9,895.0,5,8,0.15
5,0,5.1,41.4,107.6,64.1,15.3,72.0,8,6,0.39
10,1,5.1,10.6,13.6,65.6,14.9,689.0,7,11,0.28
3,3,5.9,15.0,52.7,54.7,0.5,702.0,0,12,0.15
7,2,8.5,35.0,74.2,93.2,6.8,223.0,2,5,1.11
6,1,4.8,12.2,53.3,80.4,2.4,709.0,4,5,0.14
13,2,4.8,32.4,153.9,57.5,3.7,640.0,2,4,0.1
9,0,7.7,23.2,165.4,63.2,13.1,729.0,6,5,0.7
3,1,5.4,13.0,36.3,29.6,3.7,709.0,2,5,0.33
8,0,8.5,12.8,6.6,91.6,19.6,435.0,1,7,1.2
0,2,7.3,27.3,67.8,45.6,5.0,857.0,1,2,1.2
1,2,6.1,32.1,34.7,52.6,11.2,1140.0,7,5,0.45
9,1,5.0,16.1,64.1,45.3,4.0,1240.0,8,2,0.69
5,1,6.0,33.4,153.3,31.2,5.4,599.0,3,7,0.84
7,1,8.1,20.2,20.4,22.0,3.3,174.0,0,9,4.12
8,0,5.2,14.3,28.4,88.7,15.3,726.0,8,4,2.93
3,0,5.0,25.1,45.6,81.7,0.9,19.0,0,6,0.31
14,3,7.7,37.2,130.4,89.9,17.7,829.0,6,5,0.36
5,0,7.4,37.3,180.9,22.0,18.3,1273.0,0,1,0.26
13,1,6.5,12.6,100.4,51.3,15.7,641.0,8,7,0.14
13,3,6.6,23.3,199.4,81.3,19.0,39.0,7,10,0.1
12,2,4.6,31.7,114.8,20.7,15.2,1266.0,3,12,3.83
5,3,4.7,10.5,17.1,34.1,18.1,218.0,4,11,0.57
8,2,5.0,22.3,100.7,40.0,14.4,102.0,8,4,0.76
4,1,7.1,10.6,162.4,94.0,11.1,1347.0,0,7,3.39
5,1,5.8,30.3,133.8,49.6,12.6,93.0,6,3,0.57
10,2,7.7,29.2,88.4,51.0,7.1,778.0,7,4,0.12
2,3,5.1,33.9,29.3,71.4,18.8,1332.0,8,5,0.52
11,0,4.8,40.5,75.0,79.1,9.3,232.0,3,8,0.1
2,2,8.4,18.7,60.0,56.4,9.4,686.0,3,1,0.13
6,2,7.2,29.9,7.0,68.7,7.3,377.0,0,4,0.16
0,1,7.9,30.6,92.2,42.7,13.1,143.0,3,11,0.72
9,2,6.4,11.8,92.0,27.2,11.1,980.0,2,1,0.36
13,2,6.8,40.2,117.5,40.0,14.4,1290.0,1,6,0.21
7,0,6.9,33.5,115.8,51.7,13.2,670.0,9,4,1.75
5,3,8.3,10.3,192.6,62.9,3.9,619.0,7,3,0.23
14,2,5.5,21.3,131.9,77.4,13.9,393.0,3,4,0.34
10,2,7.6,11.9,91.3,34.9,4.7,1226.0,1,1,0.11
14,0,6.6,10.3,89.8,76.8,5.3,1448.0,7,8,0.23
7,0,5.0,31.7,106.7,48.1,2.6,890.0,9,11,1.45
5,3,6.2,19.9,16.6,32.8,7.2,9.0,0,9,1.18
2,0,4.9,19.0,157.8,89.4,18.5,189.0,7,11,0.1
11,0,5.6,30.8,151.1,77.5,1.8,520.0,1,5,0.1
5,2,8.3,28.0,90.3,60.2,18.0,884.0,5,5,0.58
12,1,7.5,12.0,49.9,82.6,8.4,582.0,4,4,4.64
13,1,6.5,30.4,85.2,94.6,8.8,528.0,9,8,0.21
14,1,6.7,28.0,172.8,25.6,10.1,671.0,5,12,0.28
0,1,6.9,37.0,176.6,75.7,8.5,982.0,2,8,1.02
0,1,5.9,36.4,53.7,37.9,15.0,48.0,0,5,2.01
5,3,5.8,13.5,18.5,39.5,6.5,205.0,1,10,1.17
11,2,8.2,20.4,127.3,87.8,18.4,645.0,1,8,0.11
13,1,7.0,14.5,196.7,56.9,14.1,394.0,1,5,0.11
5,3,5.2,22.8,108.8,36.3,15.1,301.0,4,6,0.81
7,0,6.8,10.8,21.9,44.5,10.3,68.0,3,9,3.84
5,2,6.9,20.7,97.4,93.2,4.8,813.0,5,12,0.68
10,1,5.7,38.4,100.4,42.8,9.6,953.0,2,12,0.1
8,0,6.5,37.3,28.0,39.4,9.9,1208.0,3,9,2.92
0,0,6.9,29.5,198.8,56.2,12.6,1196.0,7,12,0.42
4,1,4.6,28.0,97.6,30.4,11.3,468.0,8,9,12.88
12,3,5.6,25.3,122.7,27.9,17.2,1336.0,2,11,5.78
4,2,4.6,34.2,188.1,38.8,19.8,267.0,1,1,6.69
6,1,7.1,35.0,31.3,84.6,2.0,1002.0,5,6,0.59
5,0,4.8,27.8,68.6,75.0,16.3,161.0,3,10,1.29
9,2,7.0,25.6,27.2,23.7,3.2,355.0,3,9,0.74
14,2,6.2,10.7,117.8,85.1,13.6,1119.0,6,1,0.12
12,3,5.2,27.4,107.7,23.6,12.2,1189.0,6,9,5.15
13,2,8.4,24.5,19.6,65.9,16.9,1255.0,7,1,0.14
10,1,5.1,20.9,37.0,71.5,15.0,1142.0,3,10,0.35
5,2,5.3,18.7,28.9,71.5,17.7,106.0,8,12,1.11
13,0,7.6,24.5,90.6,33.2,4.3,385.0,4,5,0.18
0,0,4.7,36.6,71.6,85.4,5.2,770.0,2,1,0.69
7,3,7.2,18.7,57.3,49.9,17.7,824.0,9,9,7.64
0,2,5.1,32.1,68.7,36.3,6.7,1409.0,5,1,1.08
3,2,8.1,17.1,15.0,89.4,9.6,652.0,4,10,0.12
8,0,6.1,25.1,6.7,35.9,12.6,910.0,5,2,1.89
10,3,8.2,31.0,135.8,71.0,9.1,1195.0,8,7,0.1
8,2,8.1,12.1,51.5,29.8,5.7,268.0,3,8,0.83
0,3,7.6,23.4,163.7,74.6,18.0,763.0,2,12,0.53
14,3,6.6,17.6,4.4,26.0,6.3,647.0,4,11,0.4
12,3,5.9,10.7,131.0,76.0,8.2,817.0,6,11,2.19
11,3,7.8,30.5,75.5,25.1,9.7,54.0,9,4,0.1
9,1,8.2,28.7,184.2,57.7,2.6,1231.0,7,5,0.81
7,1,5.7,18.7,7.4,28.1,10.6,144.0,0,7,4.07
9,3,5.0,37.5,82.6,87.9,3.9,30.0,8,2,0.41
7,1,4.6,16.6,93.1,49.0,13.3,1422.0,3,4,1.1
10,2,7.3,12.5,86.5,85.1,13.7,937.0,1,12,0.15
9,3,8.2,26.8,56.0,64.3,10.1,1264.0,5,11,0.75
10,0,7.5,10.1,176.8,67.9,14.1,1270.0,6,8,0.11
10,3,7.2,18.0,121.4,71.5,17.7,250.0,2,5,0.14
9,2,6.5,24.1,65.5,67.6,4.4,434.0,8,9,0.99
9,1,7.4,28.2,198.2,66.1,18.4,446.0,7,2,0.49
9,0,6.4,33.3,114.0,23.0,10.9,490.0,4,12,0.4
5,0,7.6,25.3,108.1,28.1,6.7,353.0,0,4,0.42
8,1,6.0,31.1,156.4,35.8,12.1,719.0,1,3,1.41
1,3,7.8,12.3,43.8,46.4,16.0,71.0,7,11,1.06
14,0,6.8,28.5,38.6,28.0,0.5,997.0,4,12,0.62
10,1,5.8,32.6,48.8,67.2,3.2,1233.0,9,7,0.1
12,1,5.8,11.0,24.5,22.8,5.9,973.0,3,9,1.61
8,2,4.9,19.7,72.8,84.9,12.0,1307.0,5,6,1.49
0,3,7.8,16.0,24.5,88.4,10.8,1065.0,5,5,0.95
3,0,8.3,13.5,51.1,85.2,0.6,768.0,1,5,0.24
1,2,7.4,25.8,65.4,28.1,11.9,1347.0,4,4,0.31
8,2,4.8,28.7,61.7,82.8,19.9,328.0,0,12,1.45
6,2,7.4,28.1,198.5,65.4,16.5,575.0,6,9,0.16
14,2,8.0,30.1,54.6,81.9,14.6,1321.0,7,11,0.31
8,0,8.0,15.8,132.3,83.0,6.4,1385.0,7,2,0.83
6,1,6.3,29.1,144.0,89.4,5.8,387.0,8,10,0.21
7,0,7.9,18.1,13.0,36.6,18.8,1039.0,5,6,3.72
3,0,8.3,37.6,12.0,59.7,10.2,1022.0,6,1,0.1
2,3,6.1,23.5,11.4,92.0,9.4,227.0,4,8,0.27
12,1,4.8,26.4,71.0,42.3,1.2,710.0,7,12,3.71
0,2,7.7,20.1,17.9,25.2,5.2,1112.0,6,12,0.54
9,0,6.7,31.1,130.1,90.2,2.3,780.0,3,6,0.85
9,1,6.9,36.8,27.5,71.6,14.9,227.0,6,3,0.56
11,3,7.5,14.3,115.4,77.7,19.6,1348.0,3,11,0.28
4,0,7.0,12.5,115.7,47.1,8.0,1361.0,0,1,8.11
7,0,7.2,37.4,48.3,27.2,5.5,1467.0,5,2,3.18
3,1,6.5,21.6,188.8,89.9,5.1,395.0,7,9,0.21
14,1,5.5,20.8,131.8,79.7,14.2,491.0,0,4,0.35
8,3,4.7,20.7,174.9,67.7,11.8,1010.0,0,2,0.75
8,3,6.9,15.9,55.9,49.4,10.4,1052.0,5,2,2.53
7,3,6.8,16.9,71.8,72.7,9.1,1313.0,5,11,4.7
2,3,7.7,24.2,194.4,51.0,1.6,1409.0,5,5,0.24
3,1,6.7,27.0,180.1,27.4,14.5,160.0,2,11,0.18
3,0,7.2,12.9,135.4,57.7,19.4,333.0,2,8,0.1
3,2,4.7,11.9,68.3,36.2,4.5,850.0,1,6,0.16
6,3,7.6,25.5,20.9,76.5,15.2,368.0,1,4,0.24
6,3,5.0,29.5,60.3,44.8,14.8,53.0,1,5,0.28
0,2,5.0,41.0,127.0,86.1,14.4,243.0,9,9,0.41
10,0,4.8,22.5,96.9,90.1,6.1,340.0,7,12,0.11
11,0,7.8,13.6,150.2,20.5,2.4,711.0,4,6,0.11
1,1,7.9,23.4,197.8,38.8,7.3,1082.0,7,9,0.62
9,1,6.9,31.0,70.1,87.3,11.9,1393.0,8,2,1.02
4,3,5.6,11.0,67.2,32.0,17.8,1001.0,2,3,9.92
2,0,5.4,36.2,25.3,76.7,14.5,119.0,5,5,0.58
8,1,7.3,13.0,174.4,20.8,3.0,735.0,6,11,2.72
10,2,7.6,38.9,182.3,85.7,7.7,951.0,4,5,0.1
1,2,5.4,11.7,90.5,50.9,11.9,34.0,7,3,0.33
4,1,5.1,38.1,45.9,29.2,9.1,1.0,3,5,7.47
6,1,5.6,39.9,164.7,39.9,10.4,1449.0,2,9,0.1
7,2,6.0,37.6,158.9,84.0,10.4,803.0,7,10,1.97
11,1,5.1,35.3,191.6,56.3,18.8,1459.0,6,6,0.1
2,3,7.2,20.5,41.2,60.9,12.4,888.0,5,12,0.45
5,1,6.9,32.3,37.3,93.6,13.8,1100.0,4,9,1.59
14,1,7.0,34.8,188.0,65.6,11.0,447.0,2,10,0.57
14,2,6.8,20.5,97.9,90.0,13.4,295.0,1,1,0.23
8,1,4.8,32.6,146.5,52.1,4.9,1489.0,4,8,0.77
2,1,5.5,36.0,18.6,39.5,17.1,1424.0,4,12,0.42
5,1,5.1,27.7,58.4,77.0,13.8,1021.0,4,12,1.19
5,3,7.9,32.2,156.4,30.8,7.8,5.0,5,11,0.65
6,0,7.1,31.1,131.1,22.0,5.4,464.0,4,7,0.31
11,1,6.5,26.1,143.7,44.6,16.1,496.0,5,9,0.2
14,2,6.6,15.5,142.9,28.3,0.9,1024.0,3,6,0.42
6,0,5.8,10.3,106.2,73.9,1.0,1404.0,7,9,0.1
9,0,5.5,21.0,15.7,88.9,3.0,1273.0,5,6,0.74
1,0,4.6,21.0,184.7,64.0,16.5,1236.0,0,1,0.18
11,2,7.3,26.3,55.9,55.6,8.8,776.0,3,12,0.17
3,2,4.9,31.1,121.4,58.1,3.9,1177.0,5,9,0.1
10,0,4.9,19.1,180.1,23.2,12.8,1402.0,8,12,0.12
13,1,5.8,18.0,32.8,57.7,17.3,1110.0,5,10,0.12
10,0,5.0,34.7,116.5,35.8,15.6,280.0,7,3,0.1
11,0,5.7,30.3,70.2,56.5,5.1,567.0,2,9,0.1
13,1,6.5,41.1,145.1,23.7,9.9,22.0,6,10,0.11
4,1,6.8,13.6,159.8,79.1,11.1,431.0,0,1,7.43
5,1,7.3,21.5,24.1,93.4,3.4,1480.0,2,6,1.61
13,0,5.4,35.2,125.4,88.7,19.0,166.0,8,9,0.13
3,1,6.0,28.3,163.0,62.3,10.1,1280.0,3,4,0.37
0,3,6.1,27.4,36.7,50.3,11.0,432.0,9,7,1.85
11,0,6.3,26.8,172.3,91.1,18.5,17.0,3,3,0.11
0,1,6.0,28.3,101.5,65.3,7.1,985.0,9,4,0.96
2,3,6.4,39.1,42.4,33.3,5.7,600.0,8,7,0.72
14,1,8.2,26.1,129.1,45.2,4.7,624.0,3,4,0.23
7,0,6.0,26.9,115.5,26.1,4.7,692.0,2,3,2.22
1,3,8.5,17.9,111.6,59.8,9.7,1183.0,0,12,0.36
11,0,5.5,23.5,104.0,53.5,11.7,1478.0,0,4,0.11
5,3,5.6,28.9,144.7,87.1,18.3,348.0,4,1,0.48
1,0,5.5,12.3,143.9,49.5,0.9,868.0,3,5,0.32
14,0,6.8,32.6,136.6,23.9,11.1,315.0,1,11,0.46
2,3,7.3,34.3,170.2,58.8,14.1,537.0,7,2,0.39
10,3,5.7,23.0,56.0,91.8,1.7,294.0,4,1,0.11
0,3,8.2,19.9,159.0,77.3,2.5,344.0,2,3,0.43
9,2,7.1,13.1,86.5,80.3,10.0,903.0,2,7,0.58
6,3,4.7,34.0,42.7,47.8,9.7,249.0,6,10,0.18
0,2,7.8,20.9,63.9,71.1,0.8,1399.0,6,12,0.96
9,0,6.5,26.5,155.9,80.6,6.9,1094.0,4,4,0.66
2,1,4.8,20.2,91.5,53.2,14.7,289.0,1,6,0.19
3,2,8.0,11.8,24.9,42.8,6.5,1012.0,9,10,0.14
12,3,6.5,38.0,150.9,33.4,10.9,201.0,2,12,5.61
0,2,6.7,29.5,7.1,26.5,8.7,1231.0,4,3,0.68
4,0,6.9,39.8,22.2,80.8,1.9,782.0,5,11,7.71
1,0,7.5,25.7,21.9,84.6,16.0,1180.0,8,2,0.61
6,3,6.5,15.9,36.3,82.7,16.6,468.0,1,2,0.34
4,2,6.2,23.3,13.0,79.4,12.4,573.0,1,9,10.69
14,1,6.1,41.2,89.0,41.3,18.3,262.0,2,1,0.14
8,0,5.1,37.6,80.6,73.3,9.5,244.0,5,1,1.14
6,3,8.2,12.5,114.8,70.7,17.3,1328.0,0,10,0.1
4,3,6.7,23.6,173.9,52.2,13.8,316.0,8,5,6.52
10,1,8.4,15.7,134.3,82.7,8.9,205.0,7,4,0.12
13,0,5.9,38.0,174.5,82.8,8.3,14.0,6,10,0.17
1,2,6.8,27.2,32.6,65.1,9.1,521.0,5,11,1.27
12,0,5.3,11.8,53.6,63.0,4.7,100.0,1,11,1.98
7,0,7.7,37.9,110.0,77.1,4.0,1245.0,7,4,0.98
12,3,6.7,39.3,40.6,35.4,10.0,827.0,2,4,7.11
5,1,5.5,36.9,71.2,72.2,9.8,559.0,6,4,0.49
8,1,7.4,12.4,127.0,35.3,13.0,269.0,3,9,1.86
9,2,8.1,14.1,38.3,30.8,6.6,1491.0,6,1,0.41
7,1,7.3,29.5,68.2,63.0,14.8,1064.0,7,8,5.26
10,2,7.8,28.2,198.6,50.0,18.4,82.0,1,11,0.25
5,3,6.7,17.7,3.6,53.7,9.2,724.0,3,2,0.38
5,0,6.6,32.7,42.9,48.2,2.3,496.0,8,4,0.83
6,3,5.9,18.3,112.9,84.7,13.9,979.0,2,4,0.14
4,2,6.4,22.2,131.0,42.2,2.7,1099.0,9,9,18.23
4,0,4.6,13.9,13.1,25.6,17.0,844.0,2,11,2.11
8,0,5.7,29.3,111.0,53.9,5.1,247.0,9,6,3.05
8,2,8.1,31.4,31.6,64.3,11.3,62.0,1,2,1.02
4,3,7.2,17.2,23.1,24.2,12.8,618.0,2,5,6.13
14,3,6.7,29.1,154.7,46.3,2.5,1073.0,1,9,0.58
13,0,5.8,31.6,114.8,27.2,15.7,879.0,0,3,0.17
13,2,6.2,32.5,15.2,86.1,6.3,1370.0,1,11,0.26
10,1,7.4,16.4,111.7,56.4,1.5,951.0,9,8,0.13
8,0,8.3,38.5,94.5,22.2,8.8,1154.0,1,3,0.44
6,1,7.8,15.0,9.3,53.8,1.1,1383.0,5,4,0.1
13,2,7.7,36.7,18.6,67.4,8.2,759.0,4,1,0.2
10,3,4.9,35.2,161.4,33.1,18.1,1023.0,3,9,0.1
10,0,5.0,38.0,48.1,32.2,3.8,1436.0,2,9,0.1
4,2,7.6,25.0,184.9,77.5,14.8,1484.0,8,5,5.45
14,3,5.3,28.5,108.1,40.5,4.3,590.0,0,5,0.48
13,1,5.3,24.7,52.8,55.5,16.5,166.0,0,7,0.16
4,0,6.5,15.3,148.7,31.3,5.1,691.0,7,12,7.88
6,2,5.4,35.1,1.2,86.5,14.9,1140.0,3,9,0.13
9,3,5.3,27.8,12.6,67.1,17.6,165.0,0,11,0.35
9,2,5.8,17.6,126.8,25.6,14.8,47.0,1,8,0.4
8,3,5.0,24.6,79.7,20.2,4.5,172.0,0,4,0.8
7,1,7.0,13.7,163.9,91.9,13.9,136.0,5,9,3.99
7,3,6.9,10.6,114.8,70.0,20.0,580.0,8,1,2.55
12,3,8.1,31.3,26.6,28.2,15.6,488.0,2,4,4.28
5,3,7.3,14.4,190.3,20.5,6.6,617.0,6,2,0.44
3,1,6.4,30.5,180.9,27.4,2.6,1143.0,1,3,0.3
3,3,5.0,24.1,32.9,40.0,17.6,829.0,4,4,0.39
14,0,7.9,41.8,170.4,35.2,2.1,622.0,6,8,0.18
11,1,7.5,36.9,9.6,44.2,16.6,155.0,7,10,0.21
11,2,8.4,21.1,179.1,79.3,9.2,883.0,5,7,0.1
12,2,5.2,35.2,51.2,49.7,8.2,208.0,2,3,8.06
11,1,6.7,37.2,36.4,74.6,5.9,221.0,2,5,0.12
8,3,4.7,34.9,15.5,54.4,2.3,1421.0,9,4,0.93
3,1,6.1,39.9,168.3,61.3,10.6,1468.0,4,11,0.17
5,2,5.7,41.4,131.6,43.2,3.5,927.0,9,9,0.4
3,3,7.6,24.9,197.3,70.3,10.6,1264.0,8,5,0.36
6,1,7.1,15.6,70.6,71.0,7.1,178.0,7,8,0.23
11,1,7.7,39.2,176.1,25.5,17.8,83.0,9,12,0.1
13,3,8.4,31.2,8.2,73.6,15.6,544.0,4,9,0.11
11,2,8.4,15.2,37.3,22.8,12.5,464.0,3,9,0.23
14,3,5.5,36.4,133.9,74.7,0.7,12.0,8,4,0.27
10,0,6.0,25.9,170.2,42.4,10.7,1048.0,0,10,0.27
7,1,4.7,15.7,185.0,82.0,4.7,254.0,0,1,2.08
13,3,6.1,12.2,57.6,74.8,6.7,835.0,3,8,0.1
6,0,7.8,29.6,198.5,63.1,4.8,662.0,5,12,0.15
1,2,6.3,39.9,81.9,58.6,5.7,213.0,1,4,0.19
7,1,5.9,25.8,24.7,50.2,7.2,729.0,4,5,5.14
4,1,7.6,23.3,177.3,82.7,12.1,406.0,8,8,6.05
9,2,8.2,23.8,160.4,62.9,19.1,395.0,6,5,0.82
10,3,7.6,11.2,132.0,34.7,5.9,303.0,0,6,0.11
3,0,7.7,20.1,40.1,50.9,11.3,789.0,4,4,0.55
2,0,7.5,34.9,69.3,33.4,11.8,1000.0,0,7,0.67
1,1,7.6,34.8,18.4,34.2,16.9,554.0,9,2,0.31
11,0,7.5,22.1,139.3,61.5,10.1,93.0,8,1,0.15
10,3,5.5,11.7,114.2,37.5,6.7,270.0,0,9,0.15
6,3,5.3,14.0,95.6,41.8,13.9,1090.0,7,11,0.1
2,1,5.7,24.1,45.9,54.6,13.0,147.0,4,11,0.32
5,0,5.4,22.7,72.5,71.1,13.6,301.0,9,7,0.8
13,0,7.7,27.4,119.9,90.4,14.1,1471.0,8,2,0.13
3,3,8.2,24.8,49.1,68.2,10.3,1264.0,0,7,0.45
5,0,8.0,41.7,191.6,57.4,14.9,1109.0,4,1,0.21
13,0,7.7,31.8,61.9,26.9,4.1,1043.0,3,11,0.12
1,1,8.3,17.9,51.7,78.8,7.6,1305.0,6,12,0.82
13,2,4.7,31.0,120.8,87.2,10.4,940.0,2,9,0.1
14,2,4.6,17.1,41.1,94.1,5.6,231.0,7,7,0.34
6,1,6.9,10.3,67.3,87.1,9.2,1045.0,4,12,0.19
11,3,5.4,27.8,78.5,86.2,2.6,8.0,0,3,0.1
0,0,6.8,20.6,141.0,50.5,1.6,148.0,0,11,0.48
14,0,7.2,29.1,46.0,23.2,2.1,1306.0,5,6,0.92
14,3,6.3,26.4,88.6,59.8,5.1,608.0,2,8,0.48
7,2,7.9,39.0,132.4,20.1,5.0,785.0,2,5,1.17
10,0,7.0,10.3,194.2,43.8,14.9,391.0,4,7,0.12
9,0,7.3,12.0,102.1,87.9,11.9,1137.0,4,7,0.31
11,3,5.1,22.7,179.0,53.4,19.8,276.0,4,7,0.11
11,1,8.3,34.2,183.5,35.4,2.7,846.0,2,12,0.1
7,1,7.0,27.1,79.5,56.2,15.0,730.0,4,4,4.02
0,3,6.8,28.8,35.0,61.4,6.8,423.0,8,10,0.9
14,1,4.9,25.7,101.9,44.5,5.1,1357.0,5,3,0.16
3,2,6.7,33.5,133.8,26.4,3.7,567.0,6,1,0.2
0,0,6.9,29.7,195.7,63.6,15.8,193.0,4,10,0.5
6,1,4.6,31.6,65.8,39.8,17.7,638.0,3,2,0.17
2,2,4.7,11.2,12.6,74.0,11.8,137.0,6,6,0.1
12,1,4.9,12.2,160.0,80.6,3.2,1030.0,3,1,2.22
0,2,6.2,29.0,174.3,84.1,16.8,547.0,3,3,0.63
0,1,7.9,36.8,86.1,25.9,13.5,449.0,2,1,0.75
0,2,5.7,36.8,20.6,35.2,10.3,1470.0,3,1,0.71
9,2,6.4,10.4,171.1,73.0,17.7,1469.0,9,7,0.35
3,2,7.5,16.6,141.0,29.0,18.4,1128.0,0,6,0.34
8,2,5.5,40.9,74.9,87.4,3.9,1073.0,9,2,0.57
9,2,7.1,20.7,143.5,37.0,2.9,544.0,5,4,0.71
7,2,5.0,41.4,52.2,23.5,19.1,820.0,2,7,2.12
4,3,6.7,21.4,185.1,81.5,9.3,657.0,2,11,11.22
7,0,5.5,28.7,40.5,63.3,3.0,1456.0,8,2,6.47
5,3,7.0,22.7,140.6,90.7,11.6,716.0,5,6,1.12
10,0,4.5,33.7,85.4,88.7,3.1,922.0,9,12,0.1
2,0,7.9,33.1,103.3,47.3,7.2,95.0,9,11,0.21
13,3,7.9,19.4,38.1,89.8,11.4,860.0,8,7,0.15
11,1,6.9,15.4,145.2,25.7,4.9,60.0,6,4,0.16
10,0,6.2,15.5,104.6,27.1,14.7,655.0,7,11,0.3
3,0,8.1,29.0,144.5,37.8,1.3,882.0,8,7,0.21
12,3,7.4,28.8,54.5,65.8,4.6,26.0,3,1,7.71
12,2,4.9,21.7,199.8,90.5,16.0,684.0,1,9,1.41
3,3,8.4,10.5,63.6,61.5,19.6,277.0,8,6,0.22
10,2,4.9,25.6,162.2,44.9,3.6,621.0,9,7,0.1
10,3,5.4,38.5,93.5,65.8,5.8,809.0,7,5,0.1
9,1,6.6,26.3,178.8,45.5,2.3,1319.0,1,2,0.48
5,3,5.8,34.6,163.4,34.8,16.7,412.0,6,12,0.7
14,0,6.6,24.7,135.0,87.2,13.8,471.0,7,5,0.52
8,3,7.9,15.6,5.0,39.7,3.4,1058.0,0,8,1.32
0,3,6.9,11.6,151.4,51.0,7.8,1460.0,3,12,0.32
9,2,6.3,35.7,157.3,71.2,12.5,545.0,9,12,0.35
13,2,5.5,21.6,70.3,49.2,6.2,323.0,8,4,0.1
1,2,6.2,31.1,74.3,89.6,15.7,278.0,0,12,0.35
4,1,6.9,32.4,106.1,39.3,15.0,1164.0,5,9,18.61
2,1,8.2,27.8,56.3,71.1,17.6,1478.0,7,4,0.19
8,1,7.0,11.2,152.5,54.2,8.0,331.0,9,1,2.32
2,3,7.0,41.3,25.3,40.7,10.9,133.0,3,10,0.22
1,2,8.1,39.3,7.1,79.0,1.3,260.0,3,8,0.17
11,3,5.2,37.8,157.9,56.7,5.7,677.0,9,10,0.12
14,2,4.9,40.6,85.8,92.2,8.6,20.0,1,7,0.11
3,2,4.9,32.0,178.7,71.5,12.5,1355.0,0,4,0.2
1,3,5.0,20.9,95.0,81.4,16.9,1030.0,0,12,0.34
5,2,6.1,23.2,155.3,64.5,15.2,64.0,8,2,0.5
7,0,8.4,15.0,105.4,67.7,15.4,761.0,9,10,2.06
13,1,8.3,31.6,12.8,62.7,3.3,890.0,8,7,0.34
13,3,6.0,33.3,110.5,33.3,16.7,640.0,5,7,0.25
11,3,5.4,19.0,156.5,37.3,9.8,1452.0,2,5,0.12
8,1,7.5,26.5,121.0,21.9,3.4,160.0,3,8,1.34
5,3,5.9,10.6,21.4,72.7,19.9,96.0,2,8,0.67
2,2,4.8,23.6,76.0,85.7,12.0,208.0,5,4,0.1
3,2,7.0,32.1,14.2,51.5,14.5,1395.0,3,3,0.33
10,0,4.6,41.6,27.0,75.0,7.0,75.0,3,8,0.1
6,3,8.2,27.4,84.0,34.5,4.7,1393.0,0,11,0.11
1,3,7.1,31.8,139.9,46.5,6.6,959.0,8,11,0.42
1,2,7.5,37.9,21.1,85.9,9.5,1188.0,0,4,0.39
5,0,7.1,25.1,173.6,51.8,8.5,1160.0,6,6,1.1
6,3,7.0,27.5,61.6,72.6,17.9,679.0,7,10,0.34
10,2,5.9,22.5,88.8,71.1,11.8,567.0,5,8,0.11
3,1,5.9,35.0,76.0,45.6,10.3,1371.0,2,2,0.25
5,3,7.6,16.6,77.0,29.4,4.0,324.0,2,2,0.34
9,3,6.3,20.5,167.8,47.0,10.2,366.0,9,3,0.51
10,1,7.7,25.5,105.3,43.0,11.5,368.0,9,7,0.14
7,1,7.0,39.9,65.9,84.1,12.8,1209.0,1,6,3.8
0,3,7.0,23.4,26.5,69.9,1.1,1337.0,6,9,0.94
13,1,4.8,10.7,175.8,31.2,13.4,1069.0,9,9,0.1
0,3,6.9,40.0,107.9,31.9,12.2,673.0,0,3,0.74
1,3,8.5,22.5,65.0,36.8,15.5,1175.0,0,6,0.24
8,0,6.2,37.6,135.4,48.7,8.8,1496.0,7,4,0.96
12,0,7.0,27.2,72.4,87.8,11.6,189.0,3,10,6.16
6,1,6.9,15.2,10.3,23.6,14.2,693.0,8,6,0.39
0,2,4.5,28.3,102.3,59.4,14.1,447.0,3,1,0.47
12,0,7.1,28.1,130.6,63.2,12.5,1340.0,2,3,9.77
1,1,6.4,26.7,137.2,69.8,0.8,255.0,9,1,0.38
2,0,4.5,34.7,137.2,67.3,5.6,698.0,5,11,0.12
0,0,8.1,37.6,14.3,52.5,15.4,338.0,8,12,0.3
6,2,5.7,41.0,104.1,72.6,17.0,5.0,4,11,0.1
5,2,6.7,29.2,198.0,41.4,12.4,68.0,9,2,0.51
10,2,5.7,31.6,88.2,57.4,13.9,1055.0,3,7,0.1
9,3,5.4,24.5,117.0,73.9,18.1,688.0,7,5,0.77
1,3,4.7,30.7,180.7,23.9,12.7,1144.0,7,10,0.25
5,2,8.0,21.1,135.8,68.4,13.6,794.0,9,3,0.4
13,1,7.3,29.4,38.4,41.7,1.7,854.0,7,7,0.41
3,3,4.7,28.1,63.0,20.9,1.8,593.0,9,10,0.2
11,1,7.9,17.5,110.2,38.7,14.9,1100.0,6,2,0.12
0,3,5.8,19.5,124.2,76.9,2.8,1152.0,1,9,0.45
2,1,7.7,19.7,144.3,91.4,8.4,341.0,4,12,0.17
8,3,6.4,31.0,173.7,31.4,14.9,609.0,1,3,1.39
6,3,6.6,15.9,47.3,39.9,10.9,1220.0,4,7,0.75
8,2,4.5,12.3,82.4,57.1,16.1,1301.0,4,5,0.92
12,1,7.6,15.9,154.6,52.1,17.1,747.0,8,11,2.07
2,1,8.2,17.6,133.7,53.6,7.4,1341.0,4,12,0.11
1,0,5.9,41.1,119.9,68.8,16.1,1454.0,0,5,0.14
2,1,6.7,26.7,68.8,35.2,18.2,665.0,4,1,0.73
14,0,5.1,27.8,49.6,21.0,17.5,1153.0,2,4,0.78
6,1,6.0,27.1,87.0,71.1,19.3,1422.0,3,8,0.38
4,2,6.8,30.7,100.4,25.0,9.9,1296.0,8,11,21.21
2,1,6.9,37.6,69.9,66.2,10.0,1480.0,4,11,0.32
1,3,6.4,20.6,43.6,82.6,9.8,870.0,4,11,1.47
9,0,8.3,34.2,80.9,33.8,12.6,1298.0,2,8,0.5
13,1,7.0,41.9,22.7,32.8,19.0,669.0,4,12,0.21
7,3,4.8,33.6,47.1,89.2,5.3,1165.0,9,8,2.75
8,3,7.3,27.4,150.3,81.3,10.1,564.0,7,12,2.78
2,1,4.6,17.6,106.0,93.2,0.8,1174.0,0,10,0.1
4,0,8.2,35.0,27.8,47.9,18.5,1296.0,5,11,6.75
8,2,5.1,23.3,71.1,68.8,5.2,718.0,1,9,1.79
4,0,5.7,24.7,31.8,44.5,7.5,1078.0,2,12,10.55
3,0,5.6,40.0,121.6,56.5,17.9,923.0,8,10,0.1
5,2,7.0,28.4,15.5,75.4,5.0,1186.0,1,10,1.49
10,1,7.8,40.9,89.3,63.9,14.0,981.0,0,4,0.1
13,3,4.9,36.9,95.1,26.1,2.5,358.0,6,3,0.1
1,3,7.6,27.1,162.6,25.2,10.2,458.0,1,11,0.57
8,0,7.1,14.3,195.7,81.6,15.2,968.0,4,10,2.93
8,3,4.6,25.0,179.0,64.2,13.1,1308.0,5,12,1.71
12,2,7.3,21.0,149.9,92.2,3.9,1462.0,0,7,7.98
10,1,8.4,13.1,45.4,51.2,7.2,616.0,8,8,0.1
1,1,7.9,37.6,60.2,52.5,11.3,472.0,2,1,0.2
12,1,7.1,24.0,173.2,84.8,9.0,1475.0,4,7,7.25
13,0,5.1,31.4,137.5,75.6,6.2,468.0,4,12,0.12
5,1,4.8,10.2,58.4,71.3,8.8,9.0,3,1,0.32
5,3,7.3,15.9,2.0,77.3,7.7,747.0,3,7,0.75
8,0,6.7,32.4,14.4,84.5,11.0,765.0,3,1,3.37
8,0,4.8,30.1,172.1,75.9,4.8,315.0,6,1,1.14
0,2,8.4,29.9,21.5,64.8,4.8,344.0,2,10,0.52
5,3,6.9,17.6,54.2,24.7,17.0,1106.0,6,1,0.61
11,3,7.4,38.1,172.8,64.7,9.4,297.0,0,1,0.1
5,2,6.6,25.2,63.0,33.1,14.5,529.0,8,6,1.44
14,1,6.1,31.3,60.5,56.0,2.1,456.0,6,10,0.85
13,2,5.1,17.2,50.2,28.8,17.8,786.0,5,2,0.1
0,0,7.6,13.7,77.2,39.6,11.3,1113.0,4,7,0.72
4,2,7.6,29.3,38.4,55.8,1.4,233.0,0,9,12.56
11,0,7.5,10.1,105.8,49.4,15.3,514.0,6,7,0.13
10,3,6.7,27.9,153.0,44.7,13.1,460.0,1,10,0.29
2,3,7.6,22.6,119.8,49.4,4.4,361.0,3,6,0.3
9,0,7.4,39.9,9.2,61.8,11.3,1356.0,7,6,0.63
7,2,8.2,25.7,133.3,41.2,7.6,51.0,3,3,0.98
8,2,8.4,36.4,150.3,73.2,13.2,1110.0,1,9,0.56
12,0,7.8,12.7,79.7,75.9,10.2,24.0,3,7,4.93
12,0,8.2,10.4,98.1,90.7,4.5,1492.0,5,1,3.97
4,1,7.5,28.4,67.9,67.8,14.5,1251.0,8,3,23.92
1,3,6.4,32.5,100.2,66.0,18.4,335.0,6,9,0.35
10,0,5.6,16.0,5.6,78.0,9.3,711.0,0,11,0.23
10,2,7.0,20.7,30.8,87.9,17.5,1179.0,7,10,0.55
4,3,5.7,38.9,132.4,42.9,18.3,838.0,5,1,13.23
4,1,7.1,18.4,85.4,92.3,3.6,87.0,9,5,12.59
10,0,5.9,35.7,56.8,84.0,8.6,195.0,0,3,0.1
14,3,6.3,18.6,188.3,46.4,14.5,145.0,6,12,0.27
13,1,4.9,29.9,92.5,84.3,11.5,1394.0,9,8,0.17
3,3,5.8,15.2,120.8,59.7,19.1,371.0,6,9,0.1
8,2,5.9,41.5,53.1,55.4,13.9,25.0,9,4,0.82
3,0,8.2,30.8,199.9,42.0,19.8,42.0,0,6,0.26
1,3,8.4,37.4,185.2,70.2,18.5,1104.0,0,8,0.17
2,0,4.9,18.7,24.2,66.2,5.0,1013.0,2,9,0.1
12,3,5.0,12.4,130.1,23.9,12.0,343.0,5,2,2.67
11,1,6.2,21.2,68.8,20.8,16.3,1447.0,0,6,0.14
6,2,7.2,19.2,40.8,80.1,4.3,1131.0,3,8,0.47
1,2,7.9,27.9,12.8,83.2,18.3,1371.0,7,10,0.81
6,2,7.7,20.7,41.1,22.6,8.0,1042.0,6,2,0.36
4,2,7.4,22.1,155.0,47.8,1.2,639.0,3,11,11.85
2,2,8.3,23.9,75.9,51.2,17.1,276.0,0,1,0.15
0,2,6.2,17.5,25.4,73.8,3.6,1420.0,5,5,1.18
0,3,4.9,26.8,94.4,92.5,5.9,907.0,2,2,0.78
9,2,5.4,37.5,103.6,59.8,1.3,578.0,7,11,0.32
6,0,8.1,19.8,178.2,67.7,3.8,414.0,3,10,0.1
2,2,4.9,30.5,103.8,22.5,14.7,870.0,5,12,0.16
4,0,6.1,41.7,7.2,77.2,17.7,883.0,0,10,9.39
14,1,6.9,38.0,192.0,87.9,16.0,1243.0,6,9,0.52
12,2,7.6,15.9,37.2,33.3,12.9,425.0,3,7,4.34
10,3,5.6,16.5,51.9,71.2,6.7,755.0,7,2,0.11
5,2,5.2,11.6,195.3,61.3,16.3,170.0,2,8,0.32
14,2,6.5,17.0,130.6,91.8,12.3,1138.0,8,8,0.35
1,2,4.5,28.9,56.9,85.6,12.4,684.0,8,5,0.16
4,3,4.6,17.2,16.2,75.2,19.1,1420.0,7,7,2.71
10,2,5.6,20.9,187.7,49.2,19.4,1431.0,6,12,0.15
11,1,7.1,37.9,74.4,86.2,18.1,537.0,4,12,0.11
13,2,4.8,41.4,81.0,25.5,16.0,278.0,7,12,0.1
12,1,6.4,11.7,5.6,31.6,8.4,1092.0,4,8,3.08
5,3,6.7,16.7,139.9,73.6,17.6,1334.0,0,9,0.73
9,1,6.9,11.9,174.3,42.7,13.5,1231.0,8,4,0.4
5,2,5.7,16.9,164.7,24.2,14.8,187.0,3,6,0.82
13,3,4.7,23.2,57.8,77.0,15.5,193.0,0,2,0.1
10,2,5.8,31.7,128.4,86.8,12.2,102.0,9,8,0.1
6,3,8.0,16.2,165.5,91.3,8.1,947.0,7,6,0.17
1,0,7.3,32.8,70.4,88.8,19.0,198.0,9,12,0.32
4,2,5.3,34.9,45.4,55.9,10.0,1071.0,9,2,18.42
8,3,6.4,26.4,90.9,93.6,17.9,870.0,5,8,1.69
9,1,5.2,25.6,195.3,36.9,1.2,223.0,1,5,0.72
6,1,6.1,34.6,134.7,36.9,14.2,502.0,4,11,0.17
5,1,5.7,30.5,87.4,55.3,13.2,891.0,9,12,0.84
7,3,8.0,27.8,21.5,22.0,3.7,1367.0,7,5,2.87
2,1,5.9,13.6,90.1,75.7,15.8,874.0,0,6,0.2
2,3,4.8,22.6,108.0,86.6,11.8,77.0,6,11,0.1
6,3,8.5,39.5,142.6,51.1,12.3,867.0,1,5,0.1
5,2,6.2,17.1,129.8,73.2,8.1,344.0,2,8,0.6
5,0,4.7,32.0,77.5,38.6,11.2,482.0,3,4,0.41
7,3,7.6,23.2,174.6,43.6,6.7,640.0,6,3,1.81
12,0,7.1,37.5,7.7,29.3,5.2,760.0,9,1,4.8
7,3,7.0,41.7,47.9,67.5,14.8,1359.0,6,1,4.71
1,3,7.0,41.0,146.8,83.7,6.4,1427.0,2,1,0.23
9,2,7.5,31.3,36.4,78.2,2.8,809.0,8,2,0.95
3,3,5.7,13.0,88.4,64.9,6.9,933.0,2,2,0.1
14,0,5.6,34.3,12.2,93.8,15.8,257.0,7,2,0.23
4,0,6.0,26.7,9.7,63.3,19.2,1205.0,3,3,9.51
9,1,7.4,21.0,175.3,86.4,4.3,169.0,3,11,0.5
1,2,5.5,39.9,38.3,22.6,6.2,837.0,8,7,0.37
7,2,8.4,41.6,148.0,23.6,6.3,1020.0,6,4,0.5
9,2,5.2,20.8,168.6,89.4,1.1,470.0,2,3,0.41
11,2,6.6,24.6,57.2,82.3,5.6,1424.0,7,1,0.13
8,3,5.7,39.6,161.6,91.8,4.5,560.0,9,4,0.68
2,3,6.0,35.2,78.2,59.9,0.7,478.0,7,8,0.29
14,3,6.4,10.7,2.6,52.3,17.0,758.0,5,11,0.23
3,0,6.7,19.1,61.8,25.2,11.3,52.0,7,11,0.25
9,1,8.1,25.4,169.5,57.7,12.4,253.0,4,7,0.67
4,3,7.4,17.4,17.9,50.4,2.3,338.0,5,6,5.86
11,2,4.6,33.2,148.2,74.5,5.0,1343.0,3,11,0.1
9,0,6.5,20.7,120.3,39.4,9.0,1024.0,6,3,0.43
10,2,6.5,10.9,79.0,90.8,16.5,935.0,5,2,0.11
2,1,7.7,33.2,32.2,56.7,10.5,914.0,5,2,0.84
10,0,7.7,28.6,131.2,90.1,8.3,1345.0,7,1,0.13
4,1,8.1,21.9,79.1,20.6,14.3,566.0,7,2,23.44
4,3,6.3,17.5,78.2,79.0,7.6,153.0,6,11,17.51
12,3,7.2,37.2,23.9,57.0,9.2,436.0,1,12,3.47
3,1,6.5,11.8,48.0,54.3,13.2,903.0,7,8,0.21
13,2,5.8,18.1,71.8,25.1,3.6,370.0,3,1,0.1
11,0,7.8,20.1,40.2,23.0,8.4,905.0,3,11,0.37
12,3,8.3,37.6,89.9,31.6,4.3,15.0,5,3,12.52
9,3,5.9,33.4,41.8,88.8,14.0,704.0,3,8,1.04
0,0,7.9,30.5,49.5,33.7,18.1,1435.0,1,10,0.74
11,1,4.5,23.9,110.1,55.9,3.8,208.0,7,8,0.1
8,3,5.5,33.3,146.2,45.9,6.3,37.0,2,7,1.58
3,2,7.8,40.3,75.5,75.1,17.0,1091.0,0,10,0.16
9,2,5.7,33.6,108.3,79.4,19.7,59.0,4,3,0.5
14,3,6.4,13.8,23.6,68.4,15.0,697.0,0,6,0.62
2,0,8.5,25.5,157.0,32.2,1.3,213.0,1,2,0.28
10,0,5.2,22.8,82.3,83.7,16.7,1023.0,2,10,0.25
10,1,7.4,12.9,193.7,52.4,5.8,165.0,8,1,0.12
0,0,4.6,29.4,22.1,56.6,17.2,1249.0,4,5,0.58
4,0,7.4,33.8,189.6,63.4,6.6,500.0,6,7,6.18
2,0,6.6,13.2,37.9,58.4,11.8,747.0,6,9,0.26
4,3,6.3,10.7,56.4,38.2,17.3,337.0,7,8,6.51
11,3,4.8,10.9,161.8,68.2,15.8,526.0,6,12,0.11
7,0,5.3,30.5,125.7,90.2,14.9,736.0,5,12,2.22
7,0,8.0,39.1,40.2,90.9,8.6,1227.0,7,2,1.96
14,1,7.9,41.3,46.1,79.4,10.0,908.0,3,3,0.24
7,1,5.6,21.8,162.7,59.7,13.4,418.0,5,11,3.05
3,0,7.9,14.1,125.9,86.5,1.9,1179.0,4,6,0.17
10,3,5.8,18.4,55.6,68.5,0.5,318.0,3,5,0.11
14,0,7.1,36.6,87.5,91.4,18.5,615.0,2,9,0.38
10,2,6.9,10.1,159.7,74.3,19.7,823.0,8,6,0.1
4,1,6.5,26.9,17.2,35.1,16.6,920.0,6,2,13.88
11,2,6.1,11.2,133.2,69.1,8.2,546.0,7,6,0.13
13,1,7.6,27.2,32.5,54.0,9.3,954.0,1,1,0.17
3,2,5.4,15.2,73.1,75.5,6.6,887.0,0,10,0.12
7,3,7.6,32.3,179.7,67.6,11.7,1002.0,9,5,2.6
13,2,5.5,38.1,123.7,64.3,15.8,764.0,6,6,0.23
5,3,7.6,31.1,72.6,81.9,15.0,1310.0,8,5,0.61
11,1,5.3,11.3,152.3,21.8,5.7,563.0,3,4,0.11
6,1,8.1,20.8,82.4,37.8,13.1,1362.0,1,5,0.19
3,1,8.1,24.9,50.0,34.4,5.2,20.0,7,6,0.65
5,0,5.6,27.2,21.4,68.5,5.6,1039.0,7,12,1.16
11,3,4.7,37.9,173.2,70.4,19.6,546.0,2,9,0.1
9,1,7.2,35.1,0.8,53.5,11.9,456.0,3,6,0.75
0,3,5.2,14.2,47.1,76.7,6.2,727.0,9,2,0.53
5,3,5.2,39.9,175.7,51.6,6.6,224.0,9,12,0.37
5,3,6.3,13.9,1.5,94.8,9.4,556.0,3,6,0.82
7,2,7.2,12.9,30.6,36.5,6.1,258.0,8,11,2.34
6,1,7.7,25.9,149.1,79.6,9.7,878.0,4,8,0.27
7,0,4.7,20.0,142.7,90.9,4.9,290.0,9,4,1.28
2,3,4.9,29.5,61.0,61.1,4.1,1308.0,1,12,0.26
4,1,5.6,10.6,15.7,74.4,0.7,878.0,3,1,5.5
5,0,6.7,32.3,19.5,58.4,4.3,849.0,7,1,0.59
6,1,8.2,28.5,139.4,40.6,11.7,981.0,2,4,0.12
12,3,5.4,40.3,133.2,28.9,6.1,345.0,9,7,7.24
11,3,6.3,12.0,30.0,69.0,10.3,1241.0,1,9,0.45
11,1,5.9,12.6,125.2,89.6,10.1,555.0,9,7,0.13
9,2,8.3,19.4,141.3,54.9,16.8,845.0,3,11,0.31
5,1,6.2,37.5,133.4,86.3,17.5,1346.0,9,2,0.29
13,1,7.3,36.3,1.6,46.9,0.7,1318.0,0,1,0.15
12,0,5.7,38.8,176.3,26.2,9.2,816.0,7,9,1.75
3,1,5.7,33.4,65.5,67.7,5.5,728.0,8,2,0.25
8,2,5.8,13.7,169.9,66.5,14.7,655.0,5,9,1.91
10,0,7.1,12.2,184.0,38.0,8.7,489.0,5,5,0.11
0,0,7.8,18.2,94.9,78.2,15.2,646.0,5,2,0.41
7,0,5.2,11.3,140.8,32.4,13.1,1151.0,4,11,1.52
12,1,5.5,14.8,28.7,83.4,6.5,951.0,1,11,1.64
5,1,7.4,17.9,156.9,78.8,11.9,1299.0,4,12,0.72
3,3,7.0,37.9,1.0,80.0,18.5,1126.0,6,6,0.31
0,0,8.3,24.5,167.3,84.4,19.3,1325.0,6,3,0.35
6,0,7.9,38.2,43.6,44.4,10.0,207.0,4,6,0.28
12,0,4.6,26.8,103.6,90.8,1.8,592.0,8,2,5.69
1,2,5.0,31.7,150.9,40.7,5.2,1254.0,1,2,0.1
7,2,6.1,14.7,10.9,25.4,5.9,593.0,5,1,2.95
9,3,5.4,15.3,179.0,29.3,10.6,1332.0,1,9,0.3
7,1,5.6,14.3,117.6,70.3,2.9,338.0,0,2,2.74
7,0,7.5,24.0,111.6,68.3,14.8,702.0,2,10,4.05
14,3,8.1,27.0,164.0,62.7,13.6,637.0,2,12,0.15
4,2,7.3,41.8,19.6,24.9,8.5,720.0,2,5,5.32
4,2,7.9,28.3,186.4,83.4,16.3,558.0,1,10,11.43
2,2,6.2,16.0,30.6,31.3,17.2,1240.0,0,3,0.27
13,0,6.4,16.3,156.6,31.1,14.1,514.0,5,1,0.1
1,2,6.1,18.4,38.3,30.8,13.7,1127.0,4,12,1.42
6,2,6.0,39.4,156.4,42.8,19.4,1296.0,6,9,0.1
8,2,7.9,39.8,43.8,61.6,1.6,67.0,7,9,1.3
7,2,5.7,27.1,27.3,77.0,12.4,480.0,4,3,2.63
0,2,7.8,36.4,123.6,62.2,17.4,1462.0,7,6,0.95
8,0,7.8,39.3,107.9,73.8,17.7,1090.0,7,4,0.7
8,0,6.8,35.2,22.3,29.5,12.0,661.0,8,6,3.26
1,2,6.7,16.0,0.4,59.2,3.3,253.0,5,5,0.39
9,3,5.6,23.1,154.9,58.9,5.9,1118.0,5,9,0.51
4,1,7.4,18.5,37.6,48.4,8.3,712.0,7,6,8.28
3,2,6.8,18.6,21.2,31.7,19.2,642.0,4,12,0.26
12,1,6.4,21.7,157.4,35.5,14.4,963.0,2,9,4.06
1,0,7.9,35.8,54.9,45.4,9.3,1358.0,6,9,0.38
5,1,5.2,39.7,58.1,91.2,5.4,603.0,5,5,0.54
1,3,6.1,32.0,76.9,56.5,1.0,314.0,4,5,0.21
8,3,5.9,32.8,96.7,74.6,16.2,606.0,0,6,1.94
14,1,6.3,15.5,64.5,74.0,10.2,1311.0,6,4,0.54
6,2,6.5,34.4,22.7,46.9,17.8,1453.0,7,6,0.51
11,1,6.7,21.1,195.4,85.3,16.6,536.0,0,2,0.14
11,2,7.0,27.4,152.2,84.2,15.3,1233.0,1,3,0.1
5,3,5.3,30.0,154.3,91.0,2.4,279.0,1,1,0.38
14,1,6.1,16.5,52.8,32.5,15.8,249.0,6,9,0.78
13,2,4.8,23.5,18.3,68.7,2.6,233.0,6,5,0.26
13,2,7.9,18.1,51.6,77.6,9.3,787.0,6,9,0.1
12,2,6.0,35.1,160.8,46.0,11.3,1129.0,6,11,5.81
10,2,6.7,37.9,173.8,57.9,10.5,1318.0,8,6,0.1
10,3,7.5,18.3,166.8,80.1,19.7,1374.0,1,9,0.2
8,0,7.8,14.6,28.0,82.6,2.2,480.0,5,6,5.92
2,2,7.9,35.1,78.1,23.7,10.2,747.0,6,7,0.23
6,3,5.9,19.9,194.2,29.5,2.6,1091.0,9,8,0.22
3,2,5.0,21.2,76.3,63.7,16.9,1470.0,8,10,0.15
7,3,6.1,31.5,15.8,54.4,4.9,220.0,8,10,3.97
8,0,6.3,10.3,99.2,65.3,16.3,308.0,9,2,1.42
7,2,7.1,27.0,84.2,63.2,8.6,920.0,1,4,1.64
12,0,8.3,30.3,57.2,73.5,11.1,475.0,0,3,6.8
9,0,6.8,26.8,145.8,43.1,1.6,935.0,4,4,0.66
1,0,5.0,40.8,19.0,72.9,4.9,815.0,3,7,0.16
11,1,5.9,20.9,180.7,46.6,9.2,1133.0,7,2,0.11
4,2,5.3,17.9,171.9,93.6,19.0,608.0,5,10,9.72
10,0,5.3,28.5,187.9,56.0,8.2,1395.0,9,1,0.11
0,1,5.8,40.2,199.7,33.4,9.8,852.0,6,5,0.7
12,1,5.6,23.9,160.9,91.3,4.1,174.0,7,6,8.97
13,1,7.4,13.6,153.4,70.6,19.0,198.0,0,12,0.1
5,2,8.4,34.7,108.0,55.3,15.4,202.0,6,7,0.59
0,3,5.9,22.2,30.1,69.6,12.5,745.0,2,6,1.87
3,1,5.4,41.7,197.4,75.1,19.6,922.0,7,12,0.1
5,2,5.7,35.0,18.8,74.0,6.8,502.0,5,8,0.81
10,0,5.9,36.1,21.7,81.6,8.7,1232.0,0,10,0.22
10,2,4.5,40.6,183.1,20.3,5.9,1191.0,5,2,0.1
13,3,4.6,39.1,4.3,45.8,10.1,94.0,4,12,0.1
14,2,4.7,24.7,156.1,44.1,10.9,666.0,1,2,0.12
11,2,5.1,26.0,185.2,39.6,8.6,507.0,7,10,0.17
4,1,5.2,25.9,42.5,46.0,8.7,811.0,0,1,18.18
11,2,6.2,26.9,133.1,37.4,17.3,1044.0,8,7,0.1
6,2,7.8,41.3,111.3,94.9,12.3,1010.0,4,4,0.1
0,2,7.8,14.4,138.2,23.2,14.1,1397.0,2,9,0.27
5,1,6.7,26.3,118.4,42.0,13.3,113.0,9,5,0.88
6,3,5.6,12.4,174.3,91.1,2.9,700.0,8,7,0.17
10,0,7.0,22.6,145.4,86.0,13.2,161.0,7,12,0.22
1,1,6.6,27.0,114.2,44.0,7.0,956.0,0,11,0.79
7,1,7.7,31.7,104.6,25.0,10.2,1173.0,9,8,2.68
3,1,5.2,26.6,35.6,69.2,17.6,1027.0,7,7,0.47
7,1,5.2,12.3,125.9,39.7,13.0,234.0,9,7,1.97
5,0,7.5,15.6,174.4,48.2,17.8,236.0,5,11,0.92
6,1,4.9,30.5,155.5,37.0,4.5,715.0,2,2,0.11
4,1,5.0,33.3,62.3,43.8,11.7,113.0,3,3,12.5
7,3,6.5,19.8,26.7,37.8,2.8,827.0,2,11,5.44
6,1,5.9,29.8,15.3,89.9,2.1,759.0,5,5,0.42
0,0,8.3,25.9,89.5,43.4,18.6,146.0,1,10,0.59
12,2,7.4,17.1,49.6,47.5,18.9,832.0,5,2,8.3
0,2,6.5,26.5,106.6,89.9,13.2,409.0,8,10,0.92
6,1,5.0,17.7,70.6,75.8,19.9,1017.0,5,4,0.1
10,3,6.4,33.6,19.1,33.3,19.9,418.0,0,11,0.39
0,3,5.5,22.1,34.8,58.6,11.4,488.0,1,3,0.98
4,3,4.6,31.2,34.8,23.0,4.5,1003.0,8,5,5.38
10,0,6.9,36.0,160.5,38.9,13.7,575.0,8,11,0.15
11,3,7.9,16.2,114.5,78.1,15.7,231.0,7,8,0.11
7,2,8.3,15.7,24.9,74.8,13.7,1402.0,3,12,1.73
13,1,5.0,11.3,22.5,38.9,10.7,1474.0,1,2,0.11
11,2,7.0,15.9,159.0,72.4,4.5,1058.0,8,11,0.26
9,2,6.9,33.6,153.7,90.2,5.1,176.0,7,9,0.44
6,1,6.1,24.6,155.5,85.4,13.9,133.0,1,10,0.23
14,1,6.8,41.0,149.2,44.7,5.4,1057.0,9,8,0.26
0,2,5.8,29.8,85.7,28.0,4.1,1306.0,2,12,1.07
8,3,6.8,39.6,29.5,89.3,4.2,479.0,3,10,3.0
0,2,6.9,29.6,122.5,90.4,4.7,240.0,5,3,0.68
0,3,7.8,37.0,49.0,84.4,15.1,1134.0,8,11,0.95
11,0,7.1,34.3,33.4,39.8,4.2,168.0,2,2,0.1
12,2,8.3,34.5,122.6,71.1,14.0,962.0,2,8,8.59
2,2,6.8,35.0,58.1,66.6,6.1,472.0,5,3,0.46
4,0,5.6,29.1,135.6,57.0,17.3,226.0,2,10,12.52
1,1,6.1,28.2,143.9,30.9,11.2,459.0,3,11,0.8
3,1,5.0,14.9,99.9,80.2,6.0,154.0,2,8,0.1
1,3,7.3,20.6,4.7,47.7,12.5,1049.0,7,8,0.42
1,0,6.0,16.9,30.8,23.5,4.1,1128.0,5,5,0.77
1,1,6.7,20.7,119.2,76.8,11.1,310.0,8,12,0.75
10,1,5.9,32.9,101.9,70.2,18.6,338.0,1,3,0.1
1,2,6.0,12.3,20.9,89.1,10.8,1034.0,6,2,0.9
12,0,4.6,36.9,161.6,24.1,16.1,463.0,3,2,4.56
11,1,8.3,17.3,148.3,54.0,2.2,1316.0,2,12,0.19
0,2,5.4,37.7,156.9,88.4,7.1,367.0,1,7,0.88
10,3,4.5,41.1,179.6,33.9,10.5,351.0,0,2,0.1
0,3,6.1,27.6,127.6,47.4,9.8,1073.0,5,4,0.63
5,3,7.5,23.8,188.6,23.5,2.8,808.0,9,10,1.03
0,2,8.5,24.9,66.3,84.6,19.7,813.0,6,12,0.67
7,3,6.7,37.6,39.1,27.6,0.7,1158.0,8,12,3.57
13,3,5.3,18.0,83.5,57.8,19.7,1223.0,1,12,0.1
5,2,7.7,38.3,1.1,51.3,15.3,800.0,0,8,0.28
10,3,6.3,17.9,110.7,66.2,15.2,1171.0,8,12,0.23
13,2,5.6,21.6,91.4,52.9,17.4,1421.0,5,5,0.16
4,3,6.1,25.0,197.0,86.4,5.9,648.0,9,3,11.14
10,2,6.6,10.4,65.6,25.9,19.6,370.0,7,10,0.21
11,3,6.5,41.2,151.5,61.1,14.6,1458.0,4,7,0.1
5,1,7.1,41.4,74.5,45.8,13.3,374.0,2,8,0.48
8,1,4.8,14.1,156.0,83.6,16.8,72.0,0,7,1.27
10,0,6.9,30.9,91.5,22.6,4.9,1258.0,2,7,0.12
2,2,5.6,24.8,169.8,51.6,19.7,344.0,2,9,0.11
3,0,8.0,22.5,31.0,91.1,18.4,502.0,1,3,0.51
8,0,8.0,19.8,128.9,56.8,1.5,1264.0,7,12,1.87
12,0,5.2,34.4,171.5,63.0,6.1,914.0,0,12,2.29
4,0,6.6,23.8,170.6,27.7,7.1,634.0,1,6,6.15
4,0,6.5,19.8,18.2,53.4,9.9,592.0,8,10,9.44
13,1,4.6,34.1,74.9,66.4,10.2,1055.0,5,6,0.24
4,3,7.4,33.7,90.1,41.4,4.5,95.0,9,1,28.23
4,1,5.4,21.7,196.9,29.0,9.7,162.0,0,12,10.32
7,1,6.5,24.9,117.7,90.9,18.6,328.0,6,2,4.6
14,1,4.8,23.1,182.9,44.9,0.9,1046.0,4,12,0.15
3,2,7.0,37.7,116.5,94.9,11.2,1168.0,9,12,0.15
2,2,8.3,18.0,77.1,79.8,16.8,832.0,1,3,0.1
0,0,7.8,17.3,116.2,65.8,3.2,932.0,9,12,0.3
14,2,7.3,23.8,30.7,37.6,3.2,145.0,3,2,0.43
9,3,7.5,22.8,54.7,54.6,19.2,256.0,8,5,1.96
2,3,7.8,32.3,88.1,62.2,4.2,1146.0,6,7,0.39
10,3,7.0,32.3,133.2,63.9,10.0,237.0,4,8,0.1
6,2,8.3,32.7,90.3,36.0,6.6,1132.0,3,6,0.18
6,1,5.5,29.7,103.7,73.8,14.0,86.0,2,2,0.18
8,0,6.1,23.2,17.9,34.8,11.7,1234.0,2,8,2.83
7,2,7.8,11.8,133.2,30.2,8.4,1445.0,8,4,0.83
0,2,6.1,15.4,108.8,26.0,8.3,1167.0,2,11,0.75
3,2,5.7,29.5,49.0,54.1,13.8,763.0,6,4,0.6
2,2,7.1,17.2,126.6,35.0,15.0,60.0,1,6,0.15
0,0,6.9,37.6,29.4,77.6,1.7,977.0,3,3,0.51
0,3,5.4,15.8,119.7,56.1,2.0,1477.0,0,9,0.41
11,0,5.7,22.7,19.4,75.6,7.0,177.0,4,2,0.25
1,0,6.4,34.0,83.7,40.4,19.2,780.0,3,4,0.19
9,0,4.7,12.9,43.7,91.2,4.2,295.0,3,7,0.46
14,3,6.3,37.1,15.5,81.9,16.0,1174.0,8,10,0.65
11,0,5.3,14.1,67.9,54.6,6.5,288.0,0,10,0.23
10,0,8.5,24.1,169.4,59.2,9.5,1490.0,7,9,0.17
11,2,7.8,20.5,167.6,48.7,4.9,1460.0,9,9,0.15
6,0,8.1,40.6,192.6,84.1,13.2,522.0,9,8,0.1
14,3,6.6,18.0,104.2,35.9,1.8,1391.0,8,1,0.29
7,1,6.1,27.8,95.8,59.3,5.0,1151.0,7,10,4.98
4,0,5.4,38.7,121.5,51.7,15.8,771.0,1,9,9.44
0,0,6.3,38.2,115.6,54.5,16.3,462.0,4,5,0.62
10,1,6.2,25.9,13.0,39.6,19.3,1133.0,0,8,0.2
14,0,6.1,32.6,20.6,59.2,7.8,52.0,8,4,0.69
13,2,6.0,18.0,83.1,67.7,14.8,481.0,3,11,0.1
2,2,8.1,22.4,108.7,20.8,2.1,46.0,3,9,0.1
8,2,4.7,10.2,192.1,24.1,5.3,989.0,1,3,0.56
5,2,8.3,11.6,136.5,81.5,3.3,1312.0,5,9,0.32
5,3,7.7,16.5,166.4,28.2,16.1,262.0,5,11,0.65
14,2,6.0,12.3,40.2,43.6,1.6,1169.0,5,3,0.23
8,3,8.4,36.7,196.0,90.3,7.1,422.0,1,2,0.44
2,1,5.8,18.5,134.6,77.4,19.9,598.0,4,9,0.1
10,1,6.1,17.5,186.3,36.5,7.3,643.0,0,8,0.14
12,2,8.4,14.6,141.5,73.2,12.8,466.0,4,2,3.85
0,1,7.5,12.3,173.4,84.5,19.2,775.0,5,7,0.59
8,3,8.0,23.7,75.1,45.9,6.9,585.0,0,3,0.75
13,3,6.9,25.1,122.9,38.3,4.2,481.0,5,2,0.12
12,0,4.6,11.2,110.9,89.5,8.0,640.0,7,8,2.61
1,0,7.0,32.0,123.1,30.0,12.2,1042.0,3,1,0.18
1,2,7.7,24.9,89.7,69.3,7.5,595.0,3,9,0.51
1,2,7.9,21.0,154.2,78.1,4.5,566.0,7,4,0.32
8,0,5.4,22.8,99.8,42.3,16.2,659.0,8,12,2.65
4,3,7.4,15.5,52.7,79.5,14.1,862.0,3,4,12.13
1,1,7.5,30.3,2.2,70.4,4.2,748.0,6,11,0.48
10,3,5.7,25.1,183.7,40.6,17.0,1280.0,5,7,0.11
12,2,6.0,37.9,66.8,93.7,2.8,826.0,3,10,7.5
6,2,6.9,19.9,38.7,38.0,1.7,1334.0,8,10,0.37
8,2,6.8,11.4,168.4,33.2,12.1,602.0,3,2,1.07
13,0,7.5,35.6,72.8,43.7,7.8,1076.0,6,6,0.33
1,0,8.3,39.7,92.8,63.7,4.8,1271.0,0,1,0.15
1,3,8.5,14.8,41.7,84.0,8.8,220.0,0,12,0.73
2,0,6.1,40.0,89.4,90.9,7.0,165.0,1,8,0.23
4,0,7.8,37.8,175.4,77.3,6.3,1243.0,6,6,4.66
2,1,8.3,20.5,103.9,27.4,10.0,129.0,3,7,0.19
10,1,7.1,30.8,34.2,65.5,10.0,1245.0,3,2,0.18
8,1,4.7,23.7,108.6,31.3,10.5,188.0,7,6,1.92
3,1,4.5,25.3,69.6,69.8,6.3,780.0,8,1,0.15
2,2,5.9,39.8,64.5,25.9,3.4,57.0,9,2,0.34
9,3,6.4,38.0,0.7,91.5,11.5,793.0,5,6,0.79
3,0,8.2,18.7,187.4,77.5,19.2,5.0,3,3,0.16
10,0,5.6,11.1,40.4,63.5,9.8,671.0,5,4,0.14
8,3,7.6,29.8,153.1,68.5,2.1,1308.0,7,9,2.03
10,0,8.0,17.6,140.1,92.4,2.0,1445.0,6,11,0.31
8,1,6.8,14.7,153.9,86.1,18.5,1091.0,2,12,3.67
1,1,8.1,21.8,20.3,69.1,17.8,1104.0,0,6,0.72
10,0,7.2,29.0,182.3,47.3,5.8,473.0,6,6,0.15
1,3,6.8,38.6,150.6,22.0,14.2,923.0,8,4,0.21
5,0,6.9,29.0,121.8,57.6,16.4,856.0,2,7,0.99
9,0,7.9,24.9,153.0,59.8,9.0,88.0,8,11,0.29
11,3,6.7,20.1,44.0,90.7,13.5,663.0,8,3,0.13
8,3,5.4,21.8,194.3,40.4,2.0,621.0,1,11,2.85
7,0,7.0,18.3,12.2,56.9,8.3,1104.0,2,11,3.8
8,0,5.2,25.9,57.3,39.3,9.2,967.0,3,12,2.65
12,1,5.3,28.6,79.2,30.6,15.5,981.0,8,11,5.71
6,1,5.4,17.2,5.4,55.6,2.8,1077.0,2,3,0.14
12,3,8.1,36.9,163.9,56.2,8.0,1414.0,8,8,7.11
3,2,5.0,13.6,146.2,31.8,3.3,1124.0,3,7,0.1
3,2,5.9,28.2,167.7,82.4,19.9,693.0,1,3,0.23
8,1,7.4,13.3,160.9,82.1,0.9,414.0,9,7,2.12
6,0,7.8,14.6,168.6,61.4,17.9,1217.0,3,3,0.1
1,0,7.8,11.6,52.5,90.4,10.6,738.0,5,12,0.79
11,1,8.3,22.7,67.4,79.9,9.5,987.0,5,1,0.13
7,0,5.6,17.5,38.4,33.2,19.5,1062.0,1,7,6.65
9,2,8.1,18.3,136.1,28.8,18.5,126.0,9,12,0.29
4,2,6.9,13.9,198.9,44.0,7.7,495.0,3,9,5.97
11,2,4.7,41.9,26.2,30.7,4.6,581.0,8,4,0.1
2,3,6.9,35.2,94.9,63.5,11.8,60.0,3,3,0.3
10,1,6.8,33.8,129.0,33.9,0.5,582.0,1,1,0.11
14,1,6.2,22.3,41.8,48.9,5.8,1370.0,6,3,0.66
10,0,7.3,27.0,24.9,61.5,2.2,842.0,4,8,0.29
5,2,7.6,22.2,198.7,68.1,1.3,951.0,8,7,0.7
10,0,7.6,25.2,26.9,48.2,10.0,96.0,0,12,0.46
8,3,5.3,10.4,108.2,92.5,9.6,494.0,8,9,1.63
8,0,4.7,10.8,77.7,42.1,19.4,1479.0,5,7,1.14
8,3,5.3,30.7,190.7,27.5,3.9,1362.0,8,3,1.16
1,1,5.7,29.8,135.6,45.8,14.6,586.0,3,2,0.29
9,1,8.3,21.9,77.9,68.5,10.0,117.0,9,11,0.59
3,0,7.8,17.6,194.0,32.2,12.3,665.0,4,1,0.14
5,2,5.0,26.7,147.6,60.5,10.6,829.0,3,5,0.64
10,0,4.9,39.1,18.8,47.3,2.3,1171.0,9,4,0.1
5,0,7.9,21.0,134.8,76.7,6.6,237.0,4,9,0.69
11,1,7.2,24.6,183.0,84.5,13.9,1114.0,4,8,0.15
5,0,7.2,12.7,130.0,40.7,19.3,867.0,2,5,0.38
14,0,6.7,37.0,114.1,92.3,19.2,1060.0,1,5,0.43
14,1,6.0,26.8,79.3,44.6,3.6,1326.0,0,2,0.29
13,0,6.4,17.1,183.1,80.9,9.9,330.0,5,4,0.1
14,3,5.7,13.3,130.0,35.8,4.7,1367.0,4,12,0.17
8,1,6.3,13.9,41.3,67.2,1.7,1155.0,3,1,5.2
1,3,7.6,30.1,198.8,25.9,19.2,567.0,5,11,0.37
10,0,4.8,33.9,84.0,83.7,13.3,117.0,0,12,0.1
8,3,5.7,33.4,115.3,26.3,9.6,1214.0,1,6,1.96
3,0,7.2,30.1,92.8,31.9,12.6,1391.0,9,2,0.15
0,1,6.6,32.3,36.5,22.9,17.5,361.0,4,9,0.9
2,1,8.1,16.8,149.3,75.5,5.7,1286.0,5,5,0.1
10,3,7.5,20.3,101.9,62.5,4.2,1236.0,5,8,0.13
5,1,6.0,40.8,54.1,85.0,7.3,371.0,9,5,0.67
13,3,7.3,29.2,14.2,65.4,12.9,142.0,4,3,0.18
1,1,4.5,24.7,145.5,43.8,16.3,282.0,9,6,0.24
4,0,6.4,34.9,146.9,35.7,18.7,1154.0,5,4,5.46
6,1,4.7,34.0,65.0,84.3,12.3,426.0,7,1,0.13
6,2,5.4,18.9,6.9,66.0,2.8,541.0,4,2,0.14
3,1,8.0,15.4,90.1,59.9,13.8,1164.0,6,12,0.1
6,0,6.1,17.3,147.7,82.3,6.6,1143.0,7,11,0.14
3,0,4.9,26.5,32.2,37.7,19.3,557.0,8,7,0.27
3,2,8.3,18.9,173.8,48.4,10.0,124.0,2,6,0.28
4,1,6.1,41.5,60.8,29.5,10.5,126.0,5,5,12.38
3,2,5.8,26.0,98.0,83.9,10.6,111.0,3,1,0.17
4,0,6.5,29.3,115.9,39.8,14.9,987.0,4,7,7.87
1,1,6.6,12.4,29.5,27.1,15.5,576.0,8,2,0.99
1,0,7.4,33.5,152.5,66.5,9.7,989.0,6,5,0.19
4,0,8.2,18.2,194.3,75.6,18.3,378.0,7,9,5.92
12,3,5.4,13.9,168.1,59.8,0.9,698.0,1,11,1.5
1,2,5.7,16.2,194.6,39.6,16.3,90.0,1,3,0.34
9,3,5.0,39.6,149.5,70.8,13.1,130.0,6,2,0.29
8,2,7.5,32.0,107.2,82.8,18.5,1277.0,6,1,1.54
14,1,8.2,18.3,149.1,49.5,19.8,92.0,2,10,0.31
14,0,8.2,35.5,104.3,46.8,11.0,85.0,7,7,0.18
0,3,5.3,38.8,48.3,74.3,15.8,1105.0,6,12,0.78
5,1,6.0,16.8,45.8,74.4,12.1,1401.0,4,8,1.63
2,1,7.3,30.2,56.8,20.6,3.8,634.0,1,12,0.51
2,0,7.3,27.7,143.0,31.8,10.1,567.0,6,1,0.4
11,3,7.9,37.6,26.1,36.9,19.3,443.0,3,4,0.12
2,0,8.3,20.6,96.3,47.3,17.0,391.0,3,12,0.16
6,0,7.6,26.0,19.1,54.2,1.0,583.0,5,4,0.24
9,3,7.0,22.5,199.2,94.7,11.1,835.0,3,1,0.45
6,0,6.9,33.1,154.0,59.5,6.1,951.0,2,5,0.24
11,2,5.0,40.2,105.0,79.2,10.9,341.0,6,5,0.1
4,0,7.8,14.4,1.1,76.4,8.9,940.0,2,10,4.4
9,1,4.8,25.8,197.8,52.1,6.5,1336.0,5,11,0.43
7,3,6.7,19.1,34.8,84.7,5.6,17.0,0,7,8.97
4,0,7.8,30.4,181.5,58.2,4.8,882.0,5,8,4.45
9,2,7.6,21.8,146.0,38.6,2.5,1423.0,9,2,0.41
6,2,8.3,36.6,27.2,34.6,6.9,1322.0,5,9,0.16
4,1,5.0,28.1,61.2,78.9,2.6,760.0,3,11,11.79
14,3,5.2,39.3,53.7,37.6,7.0,193.0,2,11,0.41
4,1,7.2,19.1,191.6,58.8,7.5,419.0,1,3,10.08
12,0,4.9,28.2,199.2,91.3,8.2,1464.0,7,6,3.3
13,3,4.9,30.4,4.3,80.8,8.0,83.0,4,12,0.1
14,3,6.5,40.8,27.7,65.2,19.1,477.0,1,2,0.29
7,2,5.5,26.7,110.3,20.9,2.2,1243.0,3,6,3.27
1,1,8.2,12.5,198.0,28.0,10.7,958.0,8,9,0.55
9,2,5.5,14.1,37.6,71.4,14.6,560.0,3,8,0.44
13,1,6.2,21.7,57.7,61.1,9.5,1417.0,4,5,0.2
7,1,6.5,15.7,138.9,28.9,19.5,930.0,6,3,1.96
1,3,7.9,15.4,192.5,62.6,5.0,44.0,5,11,0.67
3,0,7.9,25.5,71.1,62.2,5.8,493.0,7,5,0.44
5,2,8.2,26.8,7.8,55.8,14.5,121.0,6,7,0.69
14,1,6.0,35.4,25.2,81.0,7.8,528.0,8,1,0.5
9,0,4.9,40.8,82.7,65.3,5.0,109.0,8,10,0.22
7,3,5.4,32.9,64.6,62.0,15.1,272.0,3,4,2.13
5,0,6.4,27.3,91.3,41.4,19.5,1043.0,9,6,1.13
3,3,6.9,41.6,43.4,35.5,7.6,380.0,7,4,0.32
0,2,8.0,34.2,51.9,65.1,15.5,90.0,0,8,1.71
2,0,7.0,37.4,170.2,24.9,5.4,951.0,1,2,0.41
11,3,7.8,28.0,123.9,39.6,12.9,906.0,3,11,0.17
5,1,7.4,31.1,157.4,75.4,17.8,1176.0,7,7,1.22
1,1,4.9,17.7,120.0,59.3,7.6,883.0,1,1,0.22
9,0,5.5,13.9,185.9,23.0,7.8,1325.0,9,2,0.2
6,3,6.3,41.9,72.3,74.7,12.9,11.0,2,4,0.11
12,3,8.2,39.6,35.4,73.7,5.4,313.0,8,12,3.25
8,1,7.0,38.3,137.7,26.8,5.5,718.0,5,4,0.94
0,2,8.0,38.6,124.5,42.8,11.2,1346.0,4,11,0.39
11,1,7.5,12.9,22.8,63.9,3.6,492.0,8,8,0.28
14,2,5.5,19.0,25.6,39.5,19.2,152.0,2,6,0.83
10,1,8.3,16.3,60.4,28.4,5.1,1362.0,5,5,0.11
7,2,7.2,23.7,106.7,34.2,16.1,100.0,7,10,2.9
4,2,5.8,23.9,98.1,62.7,15.7,1487.0,2,6,11.46
7,3,5.6,31.6,139.3,89.2,2.8,361.0,5,3,1.56
14,0,4.8,15.6,185.3,46.8,19.5,519.0,8,4,0.18
5,0,8.4,27.2,130.7,82.4,1.4,181.0,6,4,0.41
3,1,5.7,15.2,8.7,53.2,0.8,243.0,0,11,0.1
8,2,5.5,11.5,47.2,33.8,13.2,151.0,9,2,1.48
13,1,4.6,25.1,156.4,24.9,6.3,1283.0,0,9,0.12
10,1,4.9,17.9,94.6,21.8,1.0,395.0,6,7,0.1
3,2,8.3,10.7,23.3,63.4,4.4,331.0,6,5,0.26
12,3,5.8,36.5,191.4,44.1,14.9,1216.0,0,4,4.17
6,1,5.0,10.5,164.4,38.4,11.9,300.0,1,10,0.1
9,3,6.5,15.5,177.9,59.1,14.8,706.0,8,10,0.38
8,0,5.9,32.7,168.7,79.8,18.6,635.0,4,12,2.42
10,1,4.7,36.9,114.0,59.3,14.4,1062.0,0,6,0.1
12,3,5.3,27.4,136.5,66.9,5.2,123.0,6,3,9.23
13,1,5.5,33.5,88.2,75.5,9.0,1179.0,9,6,0.3
6,2,8.1,31.2,176.0,88.5,6.9,13.0,1,7,0.21
0,1,4.5,15.5,96.6,83.6,19.7,454.0,6,11,0.36
13,1,6.0,17.5,59.3,21.3,10.3,198.0,5,11,0.1
10,1,6.6,36.1,110.2,27.4,13.6,1344.0,9,4,0.1
12,2,6.4,15.9,20.7,92.9,12.5,1164.0,9,1,3.12
11,1,5.5,26.5,93.0,37.8,17.4,1051.0,9,5,0.1
13,1,8.3,17.7,21.3,35.0,5.6,1255.0,1,4,0.11
2,3,7.2,20.8,46.4,85.3,14.6,4.0,3,4,0.27
5,0,5.4,29.5,94.7,29.0,3.1,3.0,2,3,0.4
12,3,8.1,35.0,72.2,50.5,18.9,187.0,7,1,9.4
5,3,4.6,21.8,40.8,53.4,19.2,466.0,4,8,1.37
12,2,8.4,33.0,100.6,91.8,8.0,1217.0,7,1,8.88
5,1,6.4,12.8,103.7,86.5,5.8,1202.0,9,6,0.63
2,1,5.8,19.2,168.0,28.9,17.8,765.0,3,8,0.15
10,2,7.6,37.0,117.4,78.5,18.5,137.0,2,4,0.1
1,3,5.3,26.8,81.6,71.7,19.1,1140.0,7,11,0.55
9,0,6.8,28.8,62.8,63.7,10.0,298.0,3,8,0.79
7,3,7.8,16.5,17.5,62.8,13.2,144.0,0,4,2.31
3,1,6.0,34.4,2.4,91.4,11.2,914.0,6,7,0.29
5,2,4.7,20.8,141.9,41.8,4.0,350.0,6,8,0.57
7,0,7.4,18.2,190.0,85.9,17.4,1435.0,0,10,3.53
1,3,5.3,11.2,152.3,84.4,7.2,695.0,3,12,0.52
10,0,6.7,38.9,55.2,53.3,11.6,825.0,0,12,0.12
12,0,6.4,21.4,129.7,58.6,15.3,1422.0,0,10,3.29
2,0,6.0,21.9,149.2,35.7,19.8,1236.0,0,10,0.21
7,3,7.4,40.0,126.4,29.1,4.7,519.0,6,12,1.64
4,1,8.4,38.8,84.3,85.7,8.1,968.0,7,5,10.18
6,0,6.9,21.5,136.1,42.1,16.7,1413.0,5,11,0.18
0,0,6.0,32.8,56.5,74.4,19.1,968.0,2,12,0.99
8,1,7.8,27.4,137.4,56.2,9.9,602.0,9,6,2.67
13,0,5.3,25.6,184.1,93.8,2.1,834.0,8,4,0.12
5,0,8.4,35.2,112.4,92.5,8.4,1434.0,2,3,0.32
1,3,7.7,24.0,133.0,73.1,2.5,1323.0,0,11,0.76
4,3,5.1,11.7,155.6,68.5,7.7,368.0,1,5,2.82
2,0,7.9,36.8,73.9,31.4,9.6,152.0,2,5,0.29
12,0,7.1,13.5,42.8,25.1,17.9,81.0,8,8,3.61
7,0,6.8,34.9,136.2,35.9,12.1,1130.0,5,4,1.86
8,3,6.7,24.3,181.5,47.1,6.2,319.0,8,9,2.49
11,1,7.1,28.5,32.5,71.7,19.9,1304.0,9,12,0.29
8,1,6.7,31.7,148.1,35.9,12.7,1273.0,6,8,1.38
5,2,5.8,30.7,32.8,79.3,11.7,422.0,6,2,0.86
6,2,6.5,26.0,199.7,58.7,5.5,1286.0,1,7,0.42
0,0,7.3,35.1,180.7,62.3,15.6,1209.0,3,7,1.02
2,1,7.5,14.1,86.9,49.1,14.8,30.0,5,4,0.11
4,1,7.7,34.3,191.2,85.7,3.5,63.0,9,12,9.87
11,1,4.5,21.7,137.6,60.6,12.6,527.0,2,1,0.1
0,0,7.2,28.4,164.3,90.2,5.7,1361.0,5,12,0.5
14,0,7.9,15.2,58.5,65.6,14.4,791.0,0,3,0.28
6,0,7.1,24.3,40.9,24.4,3.6,359.0,1,8,0.51
1,1,5.4,24.5,28.5,38.2,7.8,599.0,1,11,1.43
8,3,5.1,40.2,98.0,81.6,18.3,482.0,4,2,0.67
1,3,7.3,41.9,57.5,70.5,7.3,1330.0,4,9,0.33
4,0,8.3,14.5,122.2,29.9,17.6,1317.0,7,8,3.52
2,2,4.9,27.6,91.7,69.9,19.1,1050.0,6,12,0.16
6,3,6.9,41.3,127.0,60.8,0.5,1054.0,5,12,0.11
11,3,7.8,29.6,39.2,52.9,8.3,1445.0,8,1,0.14
1,2,6.1,10.4,173.4,86.1,12.5,419.0,6,11,0.89
11,3,5.2,13.7,152.3,88.7,7.0,1003.0,2,3,0.12
3,2,5.3,39.6,76.4,77.6,8.8,455.0,5,11,0.2
5,1,7.2,13.5,39.7,90.8,8.7,474.0,5,1,0.95
8,3,6.6,26.2,152.3,68.4,12.8,327.0,7,12,3.6
6,0,6.3,22.5,77.6,37.8,16.8,83.0,1,1,0.18
2,0,7.7,35.2,87.3,61.7,16.1,1071.0,2,12,0.27
13,1,7.7,23.7,1.4,59.3,11.5,1392.0,3,11,0.1
13,1,5.0,11.3,122.8,42.4,4.8,737.0,4,11,0.1
8,3,5.7,39.2,38.6,48.1,1.5,1190.0,4,12,2.67
2,0,7.7,39.7,106.1,50.9,11.7,581.0,6,4,0.15
3,3,5.1,23.8,67.9,53.8,14.1,232.0,9,2,0.24
11,3,6.3,39.9,91.7,36.9,9.0,891.0,2,4,0.1
8,0,5.6,13.0,81.6,78.9,19.2,172.0,7,1,2.29
8,0,7.4,17.8,129.6,76.1,2.4,249.0,6,2,1.39
9,0,4.8,28.4,120.6,29.0,19.2,1241.0,3,11,0.3
3,1,8.1,34.4,17.7,60.5,2.6,1183.0,3,1,0.23
2,0,5.0,24.6,77.8,52.9,11.3,456.0,6,7,0.22
0,3,7.9,31.7,181.0,45.3,19.3,1204.0,6,12,0.5
9,2,6.0,30.3,114.1,33.7,2.9,1190.0,5,2,0.47
11,2,5.5,38.0,113.1,92.0,17.5,1116.0,2,3,0.1
10,0,7.6,12.8,137.6,34.9,17.0,1159.0,5,12,0.17
6,2,7.6,27.3,147.4,56.2,4.7,281.0,0,7,0.35
6,2,5.8,33.1,118.2,79.3,16.6,1002.0,3,8,0.24
12,1,7.1,40.6,73.1,43.2,16.1,178.0,4,9,5.81
3,2,7.7,21.9,52.2,85.1,10.9,1168.0,0,5,0.75
10,2,4.9,13.2,21.4,77.3,11.8,1368.0,6,12,0.16
10,2,6.0,27.9,22.5,77.0,8.6,1281.0,9,5,0.24
3,1,7.1,35.2,38.6,58.0,1.4,760.0,0,4,0.7
11,0,5.8,13.9,126.1,26.5,17.3,1494.0,1,7,0.12
5,3,5.0,15.9,53.8,89.5,8.3,421.0,8,1,0.5
1,1,8.5,30.6,185.9,36.0,18.9,387.0,5,12,0.17
3,2,7.0,18.4,83.8,27.8,18.1,1307.0,9,2,0.26
9,0,7.3,21.5,134.9,85.6,4.3,1050.0,0,2,0.38
5,2,7.4,19.3,4.1,48.9,4.7,1126.0,0,11,0.96
7,2,7.2,18.2,174.9,65.9,18.2,1236.0,6,7,3.38
2,2,4.5,14.9,171.7,85.8,11.7,62.0,2,12,0.1
10,0,6.3,26.4,48.6,31.4,5.3,647.0,5,11,0.28
6,1,5.4,39.3,181.2,54.1,9.4,876.0,0,3,0.1
13,0,5.6,39.2,25.1,85.6,9.3,896.0,8,10,0.3
9,1,5.3,11.7,174.0,62.6,13.6,1196.0,4,3,0.21
13,2,7.1,28.4,159.0,83.7,3.9,867.0,4,9,0.12
3,3,6.2,10.5,115.5,47.6,15.4,1074.0,8,6,0.19
2,2,7.1,18.0,179.9,71.7,10.4,557.0,5,8,0.11
11,3,6.6,31.6,156.4,45.9,12.9,1303.0,5,2,0.1
12,2,7.2,15.2,56.3,48.8,2.3,1083.0,8,7,5.81
3,0,6.0,20.3,167.1,80.8,5.5,1276.0,4,7,0.22
10,3,5.5,20.8,53.0,21.7,14.1,246.0,6,2,0.11
2,2,7.1,41.0,125.7,38.0,19.7,663.0,6,8,0.12
3,1,6.0,27.1,144.4,94.2,4.7,539.0,6,8,0.2
5,3,4.7,38.7,157.9,73.4,11.7,493.0,2,1,0.21
1,2,5.7,13.9,114.1,90.1,13.1,699.0,0,3,0.34
13,0,7.6,24.1,167.4,53.8,9.0,1106.0,4,9,0.11
0,2,6.8,15.2,101.9,20.3,15.4,2.0,9,8,1.36
8,0,7.1,12.0,113.6,26.2,13.0,759.0,7,7,1.75
5,0,8.4,13.2,115.8,83.6,18.6,865.0,0,11,0.74
1,1,7.9,34.1,12.7,82.1,4.1,1226.0,6,10,0.61
4,1,5.9,12.9,109.1,45.9,10.6,1164.0,5,9,7.65
1,3,6.0,39.6,92.5,87.4,13.2,388.0,9,8,0.24
3,3,7.6,12.4,150.9,56.6,3.6,1221.0,7,9,0.1
1,3,8.0,24.8,85.6,66.1,5.1,2.0,3,9,0.54
10,0,6.0,10.5,13.4,27.4,19.9,314.0,1,1,0.17
13,3,4.8,14.3,182.3,26.6,7.1,523.0,6,5,0.1
10,2,5.1,28.7,110.8,79.8,4.5,1452.0,3,10,0.19
14,1,6.3,21.2,149.3,39.8,4.8,470.0,9,3,0.28
14,1,7.3,12.4,19.3,59.9,2.4,1067.0,7,3,0.19
4,0,5.8,42.0,133.6,23.8,11.7,1006.0,9,3,8.69
10,3,8.1,36.0,33.9,91.0,4.2,182.0,5,6,0.1
11,0,5.9,20.0,166.8,20.2,9.6,1025.0,5,6,0.11
0,2,7.4,32.6,134.7,65.6,3.0,322.0,9,8,0.96
2,1,8.1,35.4,28.8,33.9,11.2,1222.0,5,5,0.3
13,1,5.2,38.4,63.7,87.5,2.8,1191.0,3,1,0.11
10,0,8.4,26.7,99.0,76.2,2.8,568.0,5,3,0.12
4,3,4.9,38.8,182.0,38.6,12.8,1130.0,9,6,2.96
5,2,6.9,30.6,4.2,59.1,5.5,1429.0,7,3,0.46
3,1,7.7,20.8,55.5,90.8,6.9,204.0,2,6,0.65
0,2,7.9,15.5,191.8,26.2,9.8,393.0,6,9,0.44
7,1,6.7,38.8,114.8,53.1,17.2,113.0,8,7,2.67
14,1,7.5,32.8,98.4,46.6,5.1,12.0,6,8,0.4
4,1,7.4,20.4,184.9,31.4,14.8,564.0,6,10,15.81
12,1,4.8,13.0,8.1,67.9,14.2,680.0,0,7,2.01
0,0,5.7,39.0,35.2,92.5,8.9,746.0,1,10,0.53
5,2,7.2,26.1,170.4,43.6,5.3,1254.0,9,9,0.78
10,2,6.5,35.3,94.0,47.5,20.0,162.0,4,9,0.1
14,3,5.3,10.9,81.1,77.2,3.9,1167.0,7,10,0.24
2,3,7.0,32.3,110.7,60.2,16.6,911.0,9,6,0.49
4,3,5.3,18.3,97.1,44.9,11.4,564.0,2,10,18.52
4,2,6.6,13.0,36.9,40.0,18.7,870.0,4,7,4.95
10,1,7.8,24.5,57.9,88.2,7.6,1238.0,9,7,0.15
3,0,8.2,11.9,63.4,72.6,8.4,517.0,3,7,0.16
2,3,8.0,26.6,161.3,51.9,17.3,811.0,0,8,0.17
4,3,6.3,40.2,81.7,51.3,3.9,690.0,7,9,18.24
14,3,4.7,31.7,147.9,74.9,16.5,1100.0,1,6,0.3
5,0,4.6,32.6,33.6,48.3,2.4,182.0,8,7,1.24
6,3,6.2,13.0,57.2,65.7,3.1,996.0,9,10,0.16
5,0,8.1,27.4,193.1,51.4,2.4,1003.0,5,6,0.87
6,1,6.9,31.9,105.3,91.3,12.3,847.0,7,8,0.38
11,1,4.8,23.3,2.9,71.1,8.1,516.0,4,11,0.14
14,2,7.6,36.9,7.5,90.0,15.8,996.0,7,2,0.17
3,3,8.4,17.8,67.8,65.6,16.7,700.0,2,7,0.27
6,0,5.4,37.5,153.5,24.3,15.8,1331.0,0,1,0.1
13,2,7.9,12.3,146.5,41.1,14.4,334.0,4,12,0.1
4,2,6.5,14.6,106.3,88.6,4.9,165.0,2,8,5.34
8,3,7.8,40.6,23.5,76.5,3.5,889.0,2,2,1.45
8,2,7.7,34.7,113.1,78.5,9.4,304.0,4,8,0.89
9,2,5.0,39.6,181.7,57.6,6.1,591.0,1,11,0.28
2,2,7.0,14.0,121.7,54.0,15.4,1300.0,1,3,0.15
2,0,6.9,27.7,119.5,29.9,8.2,1477.0,3,8,0.43
6,0,5.2,40.2,82.9,85.4,14.9,766.0,3,11,0.1
10,2,7.6,11.4,98.3,81.7,13.2,609.0,1,4,0.1
11,2,5.4,28.6,77.6,49.9,6.4,1077.0,4,3,0.1
3,0,8.0,38.1,5.0,91.5,16.8,335.0,2,2,0.13
8,3,7.9,41.4,153.7,37.3,2.7,824.0,9,1,1.01
0,1,8.0,14.0,47.6,83.8,3.9,207.0,6,1,0.45
11,3,5.2,26.5,40.2,32.2,19.2,722.0,4,10,0.3
7,1,7.2,25.7,161.5,23.0,8.0,1131.0,3,12,3.19
9,0,6.4,29.0,174.1,30.5,2.8,396.0,8,7,0.63
13,3,7.9,22.0,127.9,54.7,5.0,799.0,8,11,0.1
3,1,7.1,26.3,58.6,65.8,5.4,507.0,0,6,0.87
13,1,6.6,29.6,123.7,39.3,18.3,22.0,3,5,0.21
11,2,5.5,38.2,0.4,31.8,5.1,1413.0,6,12,0.1
1,1,5.4,15.1,182.6,59.7,13.8,683.0,1,1,0.35
14,3,5.7,30.9,48.6,90.3,12.5,1449.0,1,6,0.84
14,0,7.6,14.9,89.8,62.1,5.9,1257.0,5,9,0.37
6,0,4.7,18.1,108.0,49.6,6.3,32.0,4,3,0.1
4,2,6.4,20.8,190.7,24.0,1.7,520.0,6,3,10.69
3,2,4.8,38.5,166.3,38.1,1.0,839.0,5,4,0.15
6,1,7.0,30.9,18.3,91.9,4.1,847.0,0,8,0.55
0,3,5.8,30.7,129.4,57.7,3.7,1446.0,0,9,0.64
11,0,6.7,36.3,13.2,88.6,3.5,322.0,3,7,0.1
8,0,4.7,27.4,154.8,65.8,19.2,576.0,6,5,1.36
13,2,7.1,13.3,89.5,42.0,15.2,1496.0,1,9,0.1
5,3,7.5,32.9,184.4,38.2,4.1,1342.0,5,6,0.78
12,0,7.5,25.7,182.6,58.4,17.8,10.0,1,1,4.44
7,2,6.7,29.1,110.9,59.6,8.2,83.0,2,10,4.0
4,1,5.4,20.7,147.2,44.3,11.0,295.0,7,11,9.47
4,0,5.6,29.0,125.2,54.7,17.3,236.0,1,5,6.61
4,3,5.6,15.7,77.7,67.9,8.9,404.0,1,4,8.89
10,2,6.9,11.7,32.2,51.2,6.9,190.0,9,11,0.31
0,3,6.2,34.1,112.8,46.7,19.2,954.0,1,7,1.26
5,0,7.6,17.8,192.5,23.1,10.7,429.0,7,10,0.73
9,1,8.3,35.1,53.5,69.6,9.3,115.0,0,12,0.61
4,0,5.4,35.0,82.1,22.1,19.5,450.0,4,12,13.21
5,3,4.9,31.3,85.6,51.4,12.6,174.0,4,10,0.78
7,1,7.2,16.4,106.7,27.6,16.4,267.0,0,12,2.45
4,0,6.4,28.7,117.2,70.4,17.0,432.0,5,1,18.35
6,1,6.5,25.3,133.9,57.6,13.4,225.0,4,9,0.23
7,1,6.8,36.7,195.5,72.2,12.1,544.0,6,2,1.91
8,3,8.0,16.8,54.6,74.8,15.6,315.0,4,12,2.46
7,0,4.6,12.3,161.3,70.6,16.0,155.0,1,11,0.88
8,1,8.1,20.5,106.0,95.0,19.8,715.0,5,7,1.51
5,3,8.2,18.1,65.1,45.7,11.5,912.0,5,7,1.24
11,0,8.3,14.8,182.7,20.2,18.0,1206.0,1,6,0.1
10,3,5.5,40.8,47.5,42.6,8.1,307.0,4,7,0.1
10,2,6.8,22.9,131.1,68.2,5.1,97.0,6,10,0.28
2,1,7.4,10.7,18.2,69.1,12.9,434.0,1,12,0.24
7,2,4.7,14.6,36.6,89.9,6.3,908.0,6,8,2.49
3,1,5.0,41.3,82.5,39.1,6.1,1289.0,4,5,0.14
14,1,5.8,27.5,194.8,94.4,19.1,1379.0,3,7,0.42
0,2,7.4,33.7,2.8,72.9,16.3,596.0,8,6,1.31
0,2,4.6,19.1,126.3,55.5,1.8,1393.0,6,3,0.44
4,3,4.5,18.4,162.7,91.6,15.4,994.0,7,7,2.89
11,1,6.1,17.9,139.5,24.5,11.6,1460.0,4,5,0.16
1,1,7.9,40.8,111.2,60.2,13.7,638.0,1,8,0.2
8,2,8.5,16.5,187.8,72.2,10.6,164.0,2,4,0.63
3,2,7.0,25.2,143.6,36.6,1.9,156.0,9,1,0.2
7,0,7.4,38.0,109.4,70.2,19.0,897.0,9,10,2.03
8,3,6.3,34.6,102.7,70.9,9.9,940.0,1,12,2.4
12,0,8.4,29.4,164.6,24.6,13.9,716.0,7,5,5.76
10,1,6.7,40.0,129.2,92.7,9.6,275.0,4,6,0.1
6,2,4.7,36.3,40.1,21.3,3.1,409.0,9,10,0.17
11,2,5.3,23.6,140.5,93.4,5.1,1197.0,8,9,0.18
8,2,6.5,34.0,137.4,33.8,16.8,764.0,2,8,1.09
12,1,7.5,28.2,146.9,34.5,2.4,954.0,0,11,5.68
9,0,4.6,36.7,51.3,68.7,8.0,1300.0,6,6,0.95
11,2,7.1,38.7,44.6,81.3,13.0,395.0,9,7,0.1
1,0,6.4,27.3,66.3,47.7,5.6,562.0,6,2,0.29
2,3,7.6,27.0,78.1,25.7,9.4,579.0,0,11,0.17
6,0,7.5,38.8,2.0,54.3,18.8,837.0,9,5,0.13
14,0,5.5,25.8,23.7,72.0,3.3,1215.0,4,9,0.71
12,0,7.1,38.5,85.7,51.3,15.9,549.0,0,7,10.15
7,0,7.0,19.9,4.1,75.3,5.3,673.0,6,4,2.15
5,3,7.4,26.4,117.0,70.7,3.7,1256.0,7,4,0.56
0,1,8.4,24.8,38.2,46.1,8.4,1280.0,1,3,0.66
14,2,7.1,25.5,29.6,73.2,9.3,20.0,7,4,0.65
6,0,4.9,33.0,65.1,76.6,10.7,1284.0,4,10,0.11
7,3,4.8,19.9,121.0,78.7,13.9,379.0,4,2,1.87
10,1,6.8,10.9,170.0,91.5,11.2,150.0,0,12,0.18
8,0,6.1,20.4,191.8,36.3,4.9,670.0,5,2,1.8
2,3,5.7,37.7,127.2,49.1,1.6,893.0,5,4,0.14
13,3,7.5,10.2,88.8,67.0,4.2,269.0,1,10,0.1
5,2,8.0,31.9,60.4,43.6,2.4,11.0,0,11,1.1
1,0,8.3,39.9,76.0,20.9,6.6,1220.0,8,2,0.15
2,1,6.1,10.3,80.3,57.7,19.1,1312.0,0,1,0.27
3,2,8.2,11.4,56.0,77.5,17.0,716.0,7,5,0.34
3,0,5.1,40.7,166.8,52.1,18.3,1468.0,7,2,0.1
14,3,5.9,13.7,102.1,81.0,9.5,169.0,2,2,0.19
14,1,8.4,15.2,12.9,92.3,2.3,1365.0,4,6,0.24
14,0,8.1,39.1,94.0,37.8,14.0,1331.0,1,11,0.19
4,1,6.7,30.2,37.2,91.7,5.8,98.0,0,12,18.3
2,2,6.0,30.9,134.8,60.1,1.0,710.0,5,7,0.41
5,1,5.8,38.3,4.1,56.9,16.2,775.0,7,5,0.42
3,1,5.7,20.6,139.7,22.6,16.5,265.0,4,4,0.26
8,2,7.0,38.2,138.4,30.3,8.1,169.0,5,7,1.15
10,1,5.9,31.0,2.4,40.2,12.2,107.0,1,1,0.1
3,1,6.9,13.6,195.0,37.7,11.5,144.0,4,8,0.1
13,2,6.0,37.5,42.4,54.3,12.1,59.0,4,3,0.13
9,1,6.1,31.6,144.9,34.4,2.9,1313.0,6,10,0.46
9,3,8.0,23.9,43.5,26.9,14.0,1432.0,1,4,1.17
13,1,5.7,26.3,45.6,51.8,3.2,325.0,8,5,0.22
11,3,8.1,20.1,11.3,68.3,14.4,104.0,3,7,0.16
6,2,5.7,34.9,68.5,41.2,17.6,502.0,5,3,0.22
7,2,5.2,10.9,19.4,39.6,13.5,1433.0,7,11,1.76
5,2,6.9,39.6,75.2,93.9,1.5,982.0,3,10,0.43
12,0,6.9,23.3,196.4,69.9,9.1,1039.0,4,11,2.95
7,1,5.2,16.2,78.3,32.7,12.7,252.0,7,7,5.23
8,0,7.9,12.0,26.9,78.6,12.2,374.0,6,2,2.39
10,2,4.7,17.7,52.0,55.8,6.1,162.0,3,9,0.11
7,1,7.0,29.3,133.1,81.5,14.0,721.0,1,5,4.25
10,1,5.9,24.0,188.7,71.8,6.5,1470.0,7,1,0.11
2,1,4.9,18.9,102.3,90.7,5.1,1261.0,8,8,0.1
5,2,8.3,38.5,90.8,46.2,16.2,404.0,3,11,0.38
5,1,5.1,17.2,33.6,76.3,3.8,1294.0,8,2,0.78
0,0,6.1,33.1,18.9,94.3,7.2,824.0,2,10,0.51
14,1,7.2,25.8,171.6,29.6,7.5,37.0,7,9,0.51
1,2,6.8,28.6,167.0,32.5,3.4,1200.0,1,1,0.33
0,0,5.7,11.9,100.5,41.4,17.5,373.0,1,5,0.61
2,0,5.9,40.2,59.5,70.9,3.8,156.0,2,10,0.14
6,1,7.2,33.2,155.6,22.6,17.2,102.0,7,4,0.14
3,2,5.0,32.8,154.9,93.5,8.0,1043.0,0,2,0.11
10,3,4.6,22.7,95.8,94.7,16.6,76.0,9,10,0.12
10,3,5.2,34.6,182.4,57.0,4.2,1332.0,0,12,0.14
14,2,6.3,29.3,149.6,50.2,8.0,1332.0,7,2,0.25
0,0,6.8,24.1,132.7,22.4,12.5,699.0,5,9,0.48
5,2,7.9,35.9,112.3,25.7,16.3,386.0,8,10,0.57
0,3,5.1,13.5,158.7,49.5,12.8,386.0,8,7,0.46
11,2,4.5,38.9,2.9,29.1,13.0,692.0,7,11,0.1
13,1,6.9,40.7,4.2,85.0,19.0,1330.0,9,3,0.12
4,3,7.5,18.6,123.0,62.2,18.3,919.0,3,5,8.03
11,2,4.9,12.8,105.4,59.0,6.5,127.0,6,9,0.1
12,3,7.9,12.5,12.6,67.8,13.9,651.0,7,2,3.09
9,2,7.3,12.6,113.3,80.6,11.5,1018.0,0,2,0.25
4,2,7.8,20.7,197.5,75.4,17.9,994.0,4,10,11.77
3,0,6.6,19.3,156.2,68.1,15.1,1360.0,7,9,0.14
5,0,6.3,13.5,80.6,58.9,7.8,1059.0,0,6,0.76
14,3,8.3,41.1,110.2,41.5,15.5,1465.0,4,8,0.1
9,1,4.8,18.9,84.7,35.4,16.3,600.0,7,11,0.43
14,0,6.5,10.5,64.4,48.5,6.2,502.0,0,7,0.34
2,3,8.4,16.8,20.5,92.1,10.2,732.0,7,7,0.16
9,0,5.5,15.9,192.3,46.5,17.1,879.0,9,2,0.3
4,2,6.0,40.4,23.2,64.3,5.3,22.0,5,7,5.53
0,0,7.7,26.5,8.4,94.4,14.7,462.0,0,2,0.36
5,0,4.5,16.8,83.0,35.0,6.9,358.0,6,4,0.21
3,0,7.3,27.1,182.3,47.7,7.2,910.0,1,11,0.16
10,3,5.7,18.7,26.2,25.9,7.0,1350.0,4,11,0.45
5,2,8.0,28.9,164.3,46.7,18.3,249.0,9,4,0.4
3,3,6.8,16.7,129.9,57.6,8.0,997.0,1,8,0.16
13,0,7.9,11.8,49.3,29.3,14.7,825.0,3,2,0.1
1,1,4.6,33.2,162.5,45.6,15.4,177.0,9,11,0.26
11,0,7.9,21.0,144.9,39.5,9.6,89.0,1,7,0.12
7,3,6.1,22.8,90.4,30.6,10.9,1010.0,7,10,5.01
8,0,7.9,34.9,77.0,54.7,17.3,981.0,7,6,2.09
14,0,7.7,38.9,31.9,81.7,4.8,662.0,3,5,0.77
4,1,4.5,32.3,79.1,46.1,5.8,1111.0,3,2,15.01
13,1,6.1,11.2,132.9,70.7,3.4,490.0,7,9,0.1
7,2,6.7,39.3,10.1,61.6,3.8,444.0,0,7,1.84
4,3,5.3,10.3,111.6,23.6,19.2,139.0,3,11,6.61
5,3,7.0,10.1,44.1,62.4,2.9,671.0,7,11,1.14
13,2,6.6,25.7,69.5,26.7,9.7,302.0,8,4,0.12
7,0,7.4,34.9,135.8,75.0,17.7,458.0,3,10,2.8
13,0,4.6,16.4,113.4,45.8,17.0,460.0,1,8,0.1
10,0,7.8,10.4,181.5,30.3,18.9,782.0,0,5,0.12
13,0,5.7,29.4,181.7,54.3,17.6,1206.0,6,8,0.23
5,1,7.4,24.6,172.4,81.6,3.2,723.0,6,10,1.12
12,3,6.9,22.0,157.4,60.3,18.5,919.0,9,10,4.88
7,3,4.9,34.0,124.3,78.2,1.4,1088.0,7,5,1.44
7,1,7.5,11.0,108.1,32.1,12.2,109.0,6,1,2.01
4,2,5.5,35.6,82.3,92.5,18.1,1342.0,1,10,23.91
12,3,7.6,25.1,7.6,73.1,5.3,766.0,6,3,6.06
7,3,5.4,23.8,51.2,91.2,5.2,1215.0,4,10,8.33
8,2,8.1,38.0,59.8,91.2,9.1,888.0,7,10,0.66
1,1,7.8,36.4,44.8,61.6,10.9,1445.0,0,9,0.42
3,1,7.7,15.9,184.9,34.9,4.4,1421.0,7,7,0.15
8,3,7.9,37.7,22.0,90.3,6.4,162.0,7,2,1.22
4,0,4.6,24.6,42.1,67.2,1.9,707.0,9,7,4.59
8,3,6.9,33.7,106.5,85.7,19.6,1113.0,2,1,2.01
11,2,7.1,37.8,16.4,31.5,7.5,310.0,0,5,0.14
8,1,7.2,29.8,171.4,89.0,18.7,503.0,8,2,1.37
0,0,7.5,16.2,34.2,42.0,13.1,174.0,0,3,0.51
2,0,7.1,31.8,43.9,75.3,12.2,737.0,0,8,0.72
12,1,5.1,16.2,6.0,31.1,0.5,958.0,2,6,2.76
10,3,8.3,34.7,90.8,73.4,6.4,1315.0,1,5,0.1
13,2,7.3,15.2,87.8,73.0,17.9,720.0,7,6,0.12
9,2,5.4,26.3,125.2,24.4,1.2,192.0,4,10,0.36
13,1,5.7,30.3,27.3,79.2,2.5,1201.0,3,9,0.3
10,2,8.2,10.2,105.2,43.5,5.9,1250.0,0,8,0.1
4,3,5.2,30.7,89.3,53.5,4.8,728.0,3,5,12.11
11,2,6.0,34.2,134.9,51.5,1.5,444.0,4,5,0.1
12,3,7.4,40.9,150.9,79.2,5.3,338.0,4,9,4.57
14,2,8.3,19.0,124.1,92.5,8.4,954.0,1,10,0.27
12,2,6.5,33.4,198.6,27.6,1.6,1040.0,7,5,5.47
14,0,6.5,26.0,46.7,43.9,15.3,1184.0,2,11,0.89
10,3,8.3,10.9,82.9,62.6,13.3,447.0,0,11,0.19
4,3,8.4,37.7,116.2,35.7,2.4,1189.0,1,10,15.71
13,2,7.4,14.1,185.3,90.9,5.5,385.0,9,5,0.1
12,0,6.2,11.1,46.1,43.7,17.9,39.0,3,8,3.76
5,2,4.7,37.5,132.6,28.5,15.3,159.0,3,4,0.21
1,2,4.6,32.4,81.1,25.9,19.4,271.0,9,1,0.1
6,3,8.0,36.1,155.6,58.5,7.4,333.0,6,5,0.14
14,2,5.3,40.0,194.8,64.7,3.0,1109.0,4,12,0.1
13,1,7.7,21.3,89.9,82.3,12.0,554.0,1,9,0.1
2,2,4.6,23.1,95.5,51.0,6.5,574.0,5,6,0.15
13,2,7.5,28.6,70.5,90.5,8.0,685.0,9,7,0.22
2,1,7.1,29.0,82.4,24.3,14.3,554.0,8,8,0.32
9,2,7.0,13.7,29.2,44.7,12.0,1241.0,2,2,0.35
1,1,7.8,10.3,36.9,91.1,19.5,1348.0,6,5,0.77
5,2,4.7,30.6,152.9,76.8,15.7,815.0,2,5,0.56
3,1,6.8,36.7,58.8,57.6,7.5,479.0,6,1,0.32
13,0,5.9,13.8,155.6,83.2,14.9,924.0,4,11,0.1
6,0,8.4,33.7,114.6,67.8,3.9,1423.0,9,1,0.1
6,0,4.8,18.5,77.4,53.0,9.9,808.0,8,3,0.1
12,2,7.6,16.1,12.4,62.5,1.5,236.0,3,10,1.46
5,1,6.3,20.9,110.3,29.7,16.1,1125.0,5,7,1.05
13,3,7.3,24.8,164.9,67.0,4.7,633.0,7,2,0.1
12,0,8.1,21.0,45.7,23.5,15.2,626.0,4,6,5.48
13,3,7.0,23.4,179.4,35.8,7.3,75.0,2,12,0.1
10,2,7.1,18.3,85.5,72.8,13.0,902.0,7,1,0.13
11,3,4.8,35.4,49.6,26.8,18.9,543.0,1,8,0.1
5,0,6.9,35.7,80.8,25.4,19.1,50.0,1,9,0.61
0,3,7.0,23.7,74.0,73.0,0.6,959.0,9,10,1.22
6,3,7.3,41.0,78.8,55.8,11.9,752.0,4,12,0.1
1,2,5.3,23.6,132.9,89.2,1.0,704.0,4,2,0.31
0,0,4.8,22.7,54.8,39.3,17.3,243.0,3,5,1.24
7,3,4.9,19.2,102.9,87.0,5.9,1370.0,5,12,1.74
4,2,6.8,22.7,165.4,63.0,12.7,686.0,6,5,7.21
8,0,4.6,39.3,165.9,81.3,10.9,339.0,8,8,0.45
8,1,6.0,22.9,179.1,76.4,3.9,436.0,4,5,2.78
13,0,7.7,26.1,136.2,27.2,18.5,33.0,7,3,0.12
4,1,4.9,33.8,101.1,83.3,5.7,985.0,5,4,7.46
13,0,4.7,33.9,13.1,71.1,14.5,369.0,7,9,0.19
8,2,7.9,18.7,134.5,78.1,8.5,458.0,2,5,1.79
9,1,4.6,17.0,101.9,47.9,11.1,932.0,0,6,0.62
7,2,6.8,41.2,151.3,47.0,9.4,1153.0,1,10,1.81
7,0,5.4,16.1,56.6,78.2,8.3,1125.0,7,1,6.5
7,3,7.8,25.8,155.4,51.0,7.0,1229.0,7,10,3.54
6,1,5.2,29.8,31.0,22.7,3.2,399.0,1,11,0.33
7,1,7.7,39.3,56.4,54.4,12.2,8.0,7,12,3.67
4,0,5.6,30.3,51.1,62.1,8.6,1275.0,8,9,15.19
2,1,8.5,15.7,28.8,59.5,17.8,220.0,7,9,0.12
5,0,4.9,17.5,115.0,66.9,4.4,642.0,3,7,0.66
8,3,6.6,26.1,49.9,85.9,12.2,1428.0,2,8,2.43
1,1,7.6,15.1,52.3,60.6,3.4,529.0,2,8,0.58
12,2,6.6,33.2,115.3,82.0,15.7,655.0,8,8,11.24
6,2,7.5,14.7,161.4,51.3,15.6,113.0,4,9,0.1
1,1,6.9,21.2,47.8,70.6,12.6,220.0,1,10,1.52
8,0,8.2,17.0,21.5,25.6,12.6,21.0,1,11,3.74
3,1,8.5,27.4,176.0,39.2,13.2,194.0,8,9,0.16
1,1,6.0,33.4,0.7,25.2,7.3,1169.0,5,2,0.24
14,0,7.4,15.9,12.6,62.5,9.9,583.0,4,5,0.34
14,0,8.0,35.8,142.2,20.1,16.4,107.0,7,6,0.22
11,0,7.1,32.8,12.3,75.1,5.0,770.0,0,1,0.11
8,0,6.7,21.7,14.9,68.0,5.1,868.0,3,5,4.49
3,2,8.5,15.3,176.7,30.5,8.7,803.0,4,11,0.1
1,2,6.7,14.7,196.0,58.5,5.1,755.0,3,4,0.45
7,0,7.5,26.4,75.5,68.9,4.5,1016.0,1,2,4.16
1,1,7.4,13.7,51.5,31.8,1.8,813.0,7,9,1.2
14,1,6.3,32.6,79.9,35.4,8.7,74.0,6,10,0.54
9,1,6.9,28.1,185.4,33.4,17.5,1288.0,2,12,0.52
14,2,5.1,12.7,99.8,94.9,4.5,145.0,1,8,0.15
4,3,5.1,38.1,36.7,70.1,14.3,783.0,9,1,14.48
9,3,5.2,33.3,113.1,63.8,9.4,1423.0,6,12,0.41
7,2,7.7,32.4,124.4,81.9,17.2,1321.0,6,4,1.31
9,1,6.7,33.7,83.5,67.5,1.4,1245.0,1,12,0.75
0,0,8.1,29.9,125.3,26.6,2.1,1484.0,4,1,0.4
3,3,4.8,41.9,32.3,51.2,13.2,1140.0,3,4,0.19
4,3,4.8,32.1,78.9,43.5,11.4,437.0,5,3,11.4
8,3,5.3,39.1,20.1,49.5,7.9,434.0,5,6,2.45
0,1,8.0,28.0,24.9,36.6,7.0,106.0,4,2,0.72
10,2,4.7,25.0,61.6,44.8,9.5,1024.0,9,11,0.13
5,3,8.3,20.3,165.3,37.0,12.6,531.0,4,4,0.38
2,3,5.9,15.5,8.8,56.0,12.0,485.0,2,1,0.19
9,1,8.1,32.7,158.2,45.1,12.2,683.0,5,2,0.4
13,3,4.6,38.1,190.3,75.6,4.8,819.0,0,10,0.1
9,3,7.8,40.5,93.0,33.3,5.1,416.0,7,5,0.6
4,3,5.2,22.3,151.8,24.5,17.8,416.0,3,1,12.23
9,1,7.7,40.0,50.9,90.9,11.6,1486.0,8,3,0.42
2,3,4.7,34.8,136.5,65.0,8.1,736.0,7,2,0.23
3,0,5.6,27.7,44.8,74.3,16.7,827.0,1,8,0.26
7,2,4.8,23.2,132.7,79.3,7.2,456.0,1,2,1.53
9,0,8.0,12.5,168.5,60.9,16.0,592.0,5,10,0.17
12,3,6.5,12.3,74.9,27.3,9.8,1097.0,4,7,7.77
6,3,7.6,41.3,62.7,47.7,7.8,631.0,4,6,0.26
7,3,6.8,28.5,54.5,46.5,20.0,456.0,7,2,7.76
11,2,8.2,13.9,127.9,28.4,7.5,625.0,3,1,0.1
14,0,4.6,33.5,194.2,23.2,19.2,1220.0,0,10,0.26
4,0,7.5,31.7,145.8,59.2,12.2,440.0,8,11,9.83
13,0,4.7,19.1,121.9,55.2,16.8,308.0,1,7,0.12
2,2,5.0,31.4,194.2,71.3,1.4,68.0,3,6,0.17
9,2,7.1,19.3,115.7,68.8,8.4,430.0,8,3,0.41
11,1,6.9,12.3,4.3,41.5,14.8,101.0,6,4,0.15
4,0,8.4,24.4,87.9,21.4,8.4,324.0,3,8,9.68
2,3,6.5,29.5,172.6,89.5,9.8,1163.0,3,7,0.49
9,2,7.1,16.9,19.3,81.6,13.9,721.0,5,9,0.39
14,1,6.7,31.4,168.1,53.3,2.7,1277.0,6,4,0.48
8,3,6.3,27.2,198.9,37.3,4.2,74.0,1,1,2.88
3,1,8.1,31.2,9.7,40.3,4.9,1423.0,2,11,0.16
7,3,6.7,27.2,61.6,31.0,11.9,1158.0,4,5,7.8
0,3,7.1,23.9,194.7,42.0,9.4,1180.0,3,11,0.64
0,1,6.4,38.3,69.6,87.2,19.6,910.0,6,6,1.92
0,0,4.5,14.1,134.5,73.3,5.0,1224.0,6,11,0.12
12,0,8.1,15.8,84.4,32.2,1.3,1303.0,9,8,3.55
13,1,7.5,39.4,77.4,83.8,2.7,333.0,9,8,0.25
11,3,7.8,21.3,123.6,80.3,1.3,914.0,0,10,0.25
14,2,4.9,33.2,89.5,76.7,17.8,502.0,5,1,0.12
6,3,7.6,31.7,38.3,51.3,16.6,652.0,1,12,0.37
7,1,6.3,31.9,54.9,83.3,2.7,1399.0,7,1,8.78
2,1,8.0,16.8,38.8,45.9,1.3,1278.0,2,5,0.19
2,3,7.0,18.9,80.2,87.0,13.5,762.0,7,5,0.16
0,2,6.0,16.5,165.6,37.9,16.6,1494.0,0,3,0.57
4,1,8.0,28.4,25.4,94.1,4.9,1260.0,7,11,8.8
0,0,7.2,31.2,86.8,45.5,13.3,301.0,5,3,0.65
11,3,6.6,29.9,196.4,48.9,6.8,995.0,1,4,0.12
5,0,6.6,26.8,80.4,66.3,4.9,12.0,0,9,0.8
10,2,5.9,18.0,111.2,67.7,1.3,793.0,1,6,0.11
6,0,7.6,15.3,77.3,43.4,3.1,1079.0,4,3,0.12
8,2,5.9,18.3,137.4,82.6,4.6,594.0,6,10,2.05
6,1,5.5,35.3,136.5,60.0,13.6,243.0,3,4,0.14
8,0,5.5,15.3,89.5,59.5,5.3,1050.0,0,9,2.35
9,1,7.5,33.8,19.7,22.0,12.9,513.0,7,11,0.74
3,3,6.4,41.4,70.4,85.6,10.1,1394.0,9,6,0.29
2,3,5.9,21.4,194.8,24.2,8.3,337.0,4,5,0.23
9,2,4.9,28.4,68.7,37.4,8.9,1312.0,7,6,1.61
9,3,4.9,41.4,32.0,34.0,9.9,400.0,4,2,0.29
6,3,7.1,13.0,16.1,53.7,7.5,605.0,7,1,0.13
11,0,6.4,35.9,126.4,40.3,0.6,1199.0,5,2,0.1
6,0,8.5,17.4,38.9,90.2,9.2,498.0,2,8,0.26
4,1,5.5,22.1,10.7,86.0,17.7,283.0,8,6,6.0
1,2,7.0,13.0,177.3,80.4,13.2,1013.0,4,9,0.74
12,2,6.4,41.1,156.0,53.2,14.1,445.0,1,2,8.42
6,2,4.9,29.2,99.3,82.2,20.0,933.0,4,8,0.18
10,1,6.5,32.0,150.6,56.7,6.3,556.0,8,3,0.12
5,2,7.9,14.1,127.1,25.2,5.9,964.0,2,7,0.61
10,2,7.0,10.7,154.9,29.4,4.8,911.0,9,10,0.22
10,2,5.6,30.2,26.9,30.5,16.8,287.0,4,7,0.15
11,0,5.9,38.9,90.3,81.1,5.9,69.0,5,1,0.1
3,2,8.1,22.7,77.3,36.6,0.8,503.0,7,12,0.23
6,0,7.6,26.2,43.3,65.7,5.8,1482.0,4,12,0.28
12,1,5.3,10.4,11.1,23.2,9.3,979.0,3,8,2.27
3,3,4.6,23.4,70.1,93.4,7.1,1484.0,3,4,0.24
7,1,5.1,22.8,95.9,77.1,14.2,829.0,0,8,3.39
3,0,5.4,38.7,88.2,54.9,11.9,1315.0,5,4,0.2
13,1,6.8,12.7,124.6,26.2,8.4,1335.0,7,1,0.1
14,1,7.7,38.5,34.1,53.2,5.4,1112.0,4,12,0.37
9,3,5.8,34.9,161.8,70.0,4.9,41.0,5,10,0.46
1,0,8.5,27.9,44.7,40.6,10.8,321.0,3,6,0.25
10,3,8.1,27.2,87.2,92.6,2.9,766.0,7,2,0.11
11,2,5.3,40.9,132.6,89.4,17.2,741.0,5,2,0.1
5,2,7.8,16.1,16.9,36.1,2.5,1499.0,5,11,0.86
8,3,7.1,41.1,96.1,67.9,1.9,585.0,2,11,1.4
11,0,7.1,40.9,34.5,74.4,9.5,207.0,3,3,0.1
7,1,7.5,23.8,30.2,60.2,15.1,883.0,2,8,6.85
7,2,5.5,40.0,60.5,82.6,2.6,1244.0,3,10,3.06
2,0,8.4,27.9,34.0,87.6,6.4,646.0,8,5,0.43
4,3,8.3,35.1,153.4,62.3,8.7,506.0,9,3,8.93
10,2,6.7,18.6,50.4,70.2,9.7,933.0,2,5,0.13
9,2,5.7,26.2,175.0,28.8,14.5,992.0,8,1,0.52
6,2,6.9,17.0,1.3,30.4,13.9,373.0,4,6,0.37
0,2,7.6,18.3,66.4,72.4,6.9,1498.0,6,12,0.85
7,0,5.5,34.6,85.7,42.1,8.6,557.0,4,1,3.03
6,2,7.4,14.7,53.7,42.0,5.8,655.0,9,2,0.12
6,0,8.0,17.8,26.2,30.9,8.0,132.0,4,8,0.27
0,2,4.7,33.5,198.1,47.2,7.5,75.0,1,3,0.52
7,3,7.2,22.5,20.4,21.8,7.8,1386.0,1,11,4.86
0,1,6.5,27.1,49.5,88.4,4.7,631.0,9,5,2.04
11,1,6.5,19.5,37.0,33.3,8.2,1442.0,0,2,0.22
4,1,7.7,39.3,48.0,92.9,17.0,864.0,5,4,6.51
7,3,5.9,31.6,117.8,55.4,10.4,1055.0,7,4,1.61
13,0,5.2,23.6,78.7,64.6,8.9,488.0,0,10,0.1
11,0,6.4,41.4,190.6,82.6,6.1,422.0,2,3,0.1
11,3,6.6,26.6,176.7,75.8,15.4,27.0,2,4,0.12
11,2,7.9,26.2,30.5,78.7,7.9,944.0,4,7,0.15
13,1,8.3,40.2,31.1,32.2,6.1,1101.0,1,11,0.18
8,0,7.2,40.5,59.4,37.7,2.8,1298.0,9,3,0.73
9,1,6.3,24.1,26.6,78.1,6.4,700.0,3,1,0.82
9,3,7.3,37.4,74.0,39.7,4.6,582.0,2,7,0.95
12,2,6.6,11.0,96.7,88.7,18.6,102.0,4,12,3.84
14,0,4.9,19.0,11.5,63.7,5.5,500.0,3,7,0.21
4,0,7.4,18.6,35.7,45.5,12.9,1297.0,4,5,6.09
13,0,7.7,27.7,33.6,94.7,18.8,93.0,3,12,0.18
14,2,4.6,17.6,71.3,43.9,14.1,401.0,4,4,0.18
2,0,7.9,12.3,39.7,50.0,3.0,189.0,2,10,0.2
10,1,4.8,23.9,152.7,21.6,7.7,155.0,9,2,0.1
2,0,6.9,22.9,146.3,28.2,10.6,157.0,6,2,0.42
2,3,6.8,36.4,46.6,41.6,13.6,507.0,0,8,0.6
7,3,6.5,11.0,14.5,29.4,0.6,615.0,9,9,2.19
5,3,7.7,22.1,54.2,55.6,6.3,146.0,1,1,0.61
6,1,7.4,14.9,115.8,67.3,2.5,501.0,5,6,0.18
11,1,6.1,40.7,23.3,54.2,17.6,851.0,9,8,0.15
1,1,4.8,20.1,101.3,35.5,3.9,570.0,4,10,0.5
3,2,5.4,12.2,135.3,21.3,4.4,601.0,4,7,0.14
1,2,6.5,15.1,77.6,69.0,18.1,815.0,5,9,0.64
4,1,4.7,31.8,110.8,87.6,17.1,120.0,9,10,11.49
4,2,8.1,23.4,47.1,93.8,5.3,1149.0,3,5,8.51
4,3,5.3,27.0,17.2,40.6,14.3,1355.0,0,4,5.63
14,2,7.9,36.8,82.6,82.1,6.3,84.0,8,3,0.16
7,3,6.5,14.8,49.7,44.1,1.4,706.0,6,4,3.63
14,0,5.2,19.6,173.8,75.7,18.6,1026.0,9,12,0.21
14,1,7.5,22.7,95.2,48.9,16.3,557.0,2,5,0.48
0,1,7.5,11.2,33.8,83.7,6.0,1312.0,0,8,0.77
1,3,4.8,28.6,107.4,94.7,15.3,1350.0,8,11,0.34
2,0,8.2,40.4,101.6,53.8,6.5,509.0,1,8,0.1
3,0,7.0,20.6,168.5,22.7,18.1,445.0,1,11,0.14
7,0,5.1,31.6,23.1,50.9,4.7,1275.0,9,9,4.37
13,1,6.6,34.5,188.8,89.5,5.2,179.0,7,4,0.13
14,0,5.9,26.0,115.6,64.7,12.1,989.0,7,9,0.43
6,0,8.1,28.2,78.7,49.3,15.0,204.0,1,2,0.1
7,2,5.8,23.2,169.9,53.7,8.1,897.0,4,12,2.36
14,0,7.1,26.5,71.8,83.7,11.9,1148.0,4,9,0.48
12,0,7.7,37.4,102.6,61.5,15.1,975.0,5,2,9.28
7,2,5.2,34.2,103.1,44.5,1.5,719.0,7,12,1.88
0,2,8.3,31.1,45.1,35.7,6.7,1365.0,3,4,1.15
4,3,5.9,34.4,75.6,86.5,1.0,1257.0,8,8,10.44
7,1,8.1,20.4,165.0,53.7,11.1,134.0,9,1,2.78
12,1,5.8,13.8,157.9,83.4,16.0,1025.0,0,9,2.24
2,3,8.2,32.1,144.1,35.7,3.7,276.0,2,5,0.18
1,2,7.8,21.6,194.8,73.4,7.6,129.0,9,11,0.68
9,3,7.4,41.1,55.5,48.1,15.5,30.0,3,9,0.51
5,3,8.3,28.4,123.0,49.1,7.9,211.0,6,4,0.45
12,0,6.4,34.7,192.2,21.4,15.2,772.0,1,8,4.71
6,1,4.6,24.2,160.3,75.7,7.3,1107.0,2,3,0.12
14,1,7.7,19.8,190.5,24.3,19.8,761.0,4,2,0.22
11,3,5.6,17.3,146.4,71.2,9.4,763.0,7,8,0.12
0,0,7.5,14.3,53.1,42.1,12.8,26.0,9,8,0.7
13,2,7.6,30.5,37.5,41.0,2.9,866.0,1,4,0.15
8,3,5.3,18.7,112.5,61.2,8.9,1319.0,2,3,1.35
7,3,5.2,33.9,6.9,92.4,18.4,1090.0,0,12,2.37
12,3,6.1,35.0,182.1,28.4,5.3,896.0,4,10,3.21
2,1,7.0,12.6,98.2,42.6,18.0,254.0,4,11,0.13
6,1,4.7,36.2,44.1,72.8,19.3,1199.0,4,3,0.18
13,1,6.9,28.4,29.7,30.1,15.9,227.0,0,8,0.49
12,2,5.3,36.0,12.0,63.0,4.6,494.0,2,3,5.67
10,2,5.0,24.0,154.8,80.0,1.0,1037.0,0,4,0.1
4,1,4.6,29.7,109.5,80.9,6.2,65.0,6,11,9.7
8,0,7.2,11.0,82.0,50.4,13.3,743.0,2,11,2.41
3,3,4.9,12.7,152.0,63.5,17.6,326.0,5,4,0.1
14,0,6.8,25.7,102.0,50.6,5.6,1091.0,2,7,0.48
4,0,8.1,39.6,84.1,76.6,7.5,121.0,1,10,14.52
5,0,4.7,26.9,180.1,21.9,3.9,1272.0,2,5,0.69
11,2,5.3,21.3,142.9,64.8,17.0,52.0,1,3,0.1
2,2,7.1,17.6,106.0,54.3,6.9,580.0,0,4,0.1
9,2,5.1,17.4,83.6,37.5,4.7,1170.0,5,7,0.71
3,2,8.1,16.1,95.6,32.5,13.2,1181.0,2,5,0.24
11,3,7.0,20.3,193.7,70.0,8.4,975.0,3,7,0.14
14,1,5.9,41.2,114.0,70.4,9.8,520.0,7,9,0.22
3,0,5.3,12.1,12.8,38.9,10.5,883.0,5,7,0.11
2,2,7.0,15.5,38.6,70.2,17.2,912.0,7,4,0.19
12,1,5.2,26.6,107.0,55.0,2.2,396.0,0,12,6.53
9,2,7.9,17.3,36.5,22.3,19.7,844.0,7,12,0.62
14,1,4.6,21.3,72.0,38.2,16.8,1216.0,9,1,0.14
13,1,7.6,23.2,114.1,68.6,14.9,315.0,0,5,0.14
9,0,8.4,30.2,100.5,72.7,0.9,1420.0,6,6,0.63
5,1,7.3,18.7,184.1,43.0,2.0,506.0,9,4,0.62
10,3,5.9,34.7,59.8,69.8,1.0,606.0,9,2,0.1
10,1,6.5,21.1,13.2,68.9,11.3,485.0,9,8,0.22
14,0,6.3,23.1,43.9,37.4,6.6,422.0,6,9,1.04
10,0,7.6,28.1,19.6,69.1,15.5,774.0,9,8,0.27
3,3,6.3,32.5,130.1,23.1,3.4,744.0,4,5,0.37
3,1,8.5,27.7,99.6,61.0,18.8,508.0,0,2,0.16
11,1,5.5,29.2,40.7,27.9,11.7,1327.0,4,12,0.23
7,2,6.2,17.8,22.7,84.3,12.3,136.0,3,10,4.99
2,0,8.1,40.1,40.3,46.8,5.9,497.0,1,11,0.14
8,0,6.1,29.4,193.4,43.7,15.4,1361.0,4,4,1.78
10,2,7.2,36.8,75.9,77.0,9.9,791.0,4,5,0.1
6,1,5.7,17.9,74.1,94.7,6.2,319.0,5,10,0.15
12,1,8.1,22.6,133.4,20.8,13.6,1479.0,7,7,9.5
14,2,4.7,22.2,164.5,70.7,14.6,1285.0,9,7,0.2
11,0,5.3,12.8,86.3,35.8,10.2,175.0,9,5,0.12
14,1,5.6,31.0,34.8,74.4,9.5,1407.0,7,10,1.01
8,1,7.8,19.7,103.6,64.2,1.9,205.0,7,6,2.99
14,0,7.9,32.4,167.1,78.0,9.3,1074.0,5,4,0.35
4,2,6.7,13.6,194.7,47.7,9.1,124.0,6,1,6.63
1,2,6.9,40.8,85.3,92.9,7.2,215.0,0,1,0.2
10,3,5.0,26.4,65.7,84.2,5.0,289.0,0,2,0.1
0,1,7.5,15.0,149.7,72.1,8.9,429.0,3,5,0.45
1,1,4.7,16.1,153.6,55.2,9.6,242.0,1,6,0.21
10,3,6.5,22.4,165.5,47.0,9.3,1023.0,7,9,0.24
6,2,5.6,37.2,182.6,88.6,5.3,449.0,3,6,0.16
11,2,6.5,23.7,174.6,77.1,10.4,482.0,3,10,0.24
3,2,6.4,37.1,156.6,62.4,13.9,1411.0,0,9,0.17
13,3,6.1,22.3,101.1,33.7,6.8,315.0,1,8,0.17
9,0,7.8,31.6,176.4,90.9,19.3,495.0,9,4,0.54
9,0,4.7,22.3,190.7,66.6,6.0,975.0,2,6,0.6
4,2,7.0,10.1,81.4,57.1,12.4,1124.0,8,6,6.45
9,2,6.5,12.8,98.0,37.4,14.7,541.0,2,3,0.36
12,0,7.2,16.6,144.7,45.2,11.3,937.0,1,8,3.76
0,3,4.9,38.6,189.9,40.5,15.3,1465.0,3,12,0.43
3,0,4.6,25.6,27.5,79.6,7.4,32.0,6,4,0.25
2,2,7.4,12.3,83.7,47.6,15.9,419.0,2,3,0.12
10,2,8.3,22.4,46.5,60.9,8.4,1476.0,4,12,0.16
0,2,4.9,20.1,38.6,59.6,3.4,791.0,8,1,0.86
2,3,6.5,14.4,14.5,71.0,0.7,1081.0,2,2,0.31
7,1,6.0,21.8,10.0,84.8,2.4,720.0,3,6,4.93
8,0,8.3,12.6,51.9,23.3,14.1,143.0,7,9,1.62
2,1,4.8,22.5,14.8,74.9,15.1,1290.0,1,8,0.25
2,3,8.4,30.6,137.6,20.1,2.1,1261.0,2,11,0.11
6,0,7.8,34.7,30.5,90.4,8.5,406.0,3,4,0.24
4,0,6.1,30.8,79.9,80.0,15.7,64.0,6,11,17.49
14,3,4.9,25.4,126.7,32.0,16.0,237.0,0,3,0.14
12,2,7.3,34.6,119.2,91.8,16.2,399.0,1,6,13.86
11,0,6.2,25.2,135.9,51.6,9.7,1230.0,8,3,0.11
3,1,7.1,36.0,129.7,65.8,1.9,662.0,5,8,0.16
10,2,5.7,29.4,81.5,40.3,18.2,958.0,6,3,0.1
5,3,6.6,19.3,33.1,91.6,12.4,335.0,9,9,1.8
7,1,4.6,14.5,83.2,63.4,11.0,306.0,7,7,3.43
2,3,8.4,26.4,138.5,35.1,6.6,1027.0,7,5,0.2
9,1,5.4,10.8,71.6,23.8,12.1,1382.0,9,9,0.41
1,3,8.1,30.9,178.3,56.2,3.1,977.0,5,7,0.17
6,0,6.1,22.0,96.7,47.9,3.9,193.0,6,9,0.2
2,0,5.8,20.9,96.3,49.7,1.6,707.0,4,6,0.33
14,1,4.7,23.2,4.4,75.7,5.8,337.0,3,4,0.22
0,0,5.1,32.8,11.1,55.8,17.5,653.0,5,9,0.38
6,3,4.7,27.9,129.9,57.4,16.5,901.0,7,1,0.11
11,1,7.4,19.8,199.2,29.6,17.1,959.0,5,10,0.29
10,3,5.6,30.9,198.4,47.4,14.1,530.0,9,8,0.1
8,2,6.6,37.5,179.8,54.5,11.2,460.0,6,7,1.14
1,3,4.7,19.0,52.7,46.7,14.0,1364.0,2,8,0.33
2,1,7.1,18.5,87.6,29.3,2.9,1377.0,7,6,0.18
1,1,5.3,41.8,159.2,62.0,14.8,285.0,3,3,0.21
13,2,4.6,36.9,86.3,87.9,11.5,990.0,9,5,0.15
11,1,4.6,18.7,23.1,55.5,13.6,1463.0,2,6,0.15
10,0,7.4,17.3,51.7,55.0,15.7,791.0,4,8,0.15
6,2,5.0,16.1,22.6,94.3,5.9,669.0,3,4,0.14
4,2,6.2,21.0,158.7,47.4,5.1,58.0,2,7,7.11
5,1,6.4,23.0,7.5,24.2,2.6,452.0,9,5,0.98
7,1,7.9,10.9,83.1,42.3,16.4,1034.0,7,1,2.86
2,3,6.6,29.0,107.8,23.9,8.9,1057.0,6,8,0.36
0,0,6.2,14.1,51.4,40.2,17.5,475.0,5,9,0.46
0,1,7.8,11.9,99.9,81.0,18.6,379.0,2,5,0.6
9,2,8.3,20.4,69.1,62.5,17.1,1105.0,2,3,0.81
4,3,4.8,30.7,38.3,71.0,12.0,658.0,2,10,10.51
9,1,4.8,15.0,177.9,75.1,10.3,1075.0,9,3,0.2
3,0,8.0,27.5,193.8,51.4,0.8,768.0,7,2,0.17
8,0,7.0,11.9,17.0,60.7,5.1,1478.0,7,7,3.62
4,2,5.8,33.2,37.7,37.6,12.7,290.0,2,9,12.8
10,0,4.7,17.4,98.6,45.2,4.6,1233.0,0,12,0.11
9,0,7.4,37.6,125.0,79.4,6.0,560.0,1,5,0.65
9,3,5.2,34.9,17.8,55.6,13.7,292.0,9,8,0.37
12,1,7.6,17.4,118.6,69.1,5.9,534.0,9,2,9.25
4,0,7.8,15.8,158.3,56.4,6.6,730.0,6,2,7.61
4,2,6.5,11.0,169.8,31.6,8.8,805.0,7,8,3.86
10,2,6.0,27.2,58.8,28.5,14.0,497.0,2,8,0.12
2,0,6.4,22.2,30.4,76.2,7.5,534.0,5,9,0.43
4,2,7.3,18.9,158.3,70.7,6.3,278.0,1,5,5.59
5,3,7.3,16.9,38.5,37.2,12.0,430.0,9,12,1.4
13,0,6.9,31.5,187.2,24.3,19.8,925.0,2,2,0.16
1,3,5.0,29.9,89.3,48.7,3.3,734.0,0,4,0.19
10,1,4.6,13.3,118.9,31.0,9.8,707.0,8,6,0.1
11,2,7.4,37.4,85.2,86.9,7.8,191.0,0,7,0.1
12,0,6.6,29.2,178.9,41.8,18.7,1034.0,5,10,3.28
10,2,7.5,27.4,121.5,67.0,11.2,1136.0,0,1,0.12
12,3,6.6,10.8,96.7,20.8,4.3,921.0,6,9,3.76
7,3,6.3,21.0,97.8,67.2,17.5,970.0,2,5,3.46
2,2,6.6,11.1,86.2,35.8,6.2,1150.0,2,8,0.14
11,3,6.3,37.3,63.3,52.9,3.4,134.0,2,5,0.1
1,0,7.1,31.7,101.2,53.3,17.3,447.0,8,6,0.18
2,3,6.3,25.8,166.5,45.1,16.3,287.0,6,1,0.44
14,0,8.2,26.0,47.7,29.0,2.5,257.0,1,8,0.45
3,1,5.3,24.8,7.2,51.8,7.3,957.0,8,11,0.15
6,2,5.4,25.1,81.9,77.6,9.2,615.0,3,5,0.26
4,1,8.4,23.0,192.8,29.4,14.4,440.0,2,6,5.44
2,2,7.5,15.7,57.0,68.6,17.8,566.0,6,6,0.2
13,1,7.3,34.4,169.0,61.0,7.6,1192.0,2,4,0.14
7,3,8.5,39.0,30.2,94.2,18.2,1246.0,3,2,1.81
9,2,4.8,34.5,90.9,93.5,11.9,1007.0,5,8,0.61
3,2,6.4,21.5,129.8,75.0,11.7,913.0,6,6,0.38
9,2,7.2,35.9,36.6,56.6,2.3,418.0,5,3,0.76
13,0,7.9,16.1,110.7,54.4,18.0,915.0,9,11,0.1
6,1,7.4,38.1,174.5,86.9,13.9,1300.0,5,8,0.14
7,0,6.5,41.1,161.6,86.6,3.8,285.0,1,3,1.11
13,0,5.7,26.5,157.9,72.6,5.3,137.0,0,4,0.14
9,2,5.1,23.4,59.3,74.7,18.3,819.0,4,12,0.83
11,3,5.9,22.7,131.6,54.5,17.4,1147.0,4,6,0.12
11,0,4.7,11.7,69.8,66.5,5.1,58.0,7,11,0.15
1,1,8.0,29.9,179.3,34.6,18.6,1442.0,7,6,0.32
8,3,6.6,30.8,56.9,49.1,17.6,946.0,8,10,2.64
0,2,4.6,28.4,38.2,81.6,6.4,1051.0,5,9,0.72
1,2,6.3,12.4,95.4,38.0,2.2,531.0,3,10,0.84
10,3,4.6,15.5,17.5,46.3,8.2,772.0,5,3,0.15
1,1,5.8,34.2,15.7,57.5,8.7,607.0,1,1,0.26
3,2,5.0,28.4,67.3,41.5,12.9,427.0,8,2,0.14
9,2,4.6,19.0,34.1,87.6,7.7,531.0,4,6,0.95
11,0,6.7,41.5,138.1,25.6,9.1,1419.0,0,6,0.1
5,1,5.2,13.6,68.4,77.3,19.3,729.0,5,11,1.05
4,1,8.5,24.9,139.9,38.6,1.9,497.0,6,8,6.05
0,2,5.4,35.4,151.0,59.4,6.1,477.0,9,8,0.77
6,1,6.1,34.9,9.2,59.5,8.7,273.0,9,11,0.17
0,1,7.2,28.3,54.0,47.1,1.1,402.0,5,7,2.55
5,3,7.6,38.1,177.0,91.7,16.4,939.0,3,4,0.21
14,3,5.0,26.0,165.4,38.7,5.9,158.0,9,6,0.27
2,0,7.2,23.0,21.8,43.0,12.0,1155.0,9,2,0.51
13,0,5.8,18.6,59.0,80.2,5.3,1042.0,2,5,0.13
7,1,5.7,12.3,168.3,54.6,3.0,1172.0,9,5,1.53
5,1,5.1,20.0,127.2,60.5,14.7,1294.0,7,11,0.92
14,1,5.9,16.8,18.9,22.0,17.1,252.0,4,11,0.43
14,0,5.7,39.8,150.8,35.1,12.0,690.0,1,11,0.28
0,3,7.2,22.2,172.9,64.6,0.9,1295.0,6,3,0.67
0,2,5.5,27.1,47.1,23.8,5.2,1500.0,0,5,2.01
4,2,5.3,31.1,40.1,58.3,6.3,1110.0,6,8,8.51
9,2,6.0,29.7,55.1,51.1,7.4,843.0,7,11,1.03
9,0,7.9,19.7,40.0,87.0,14.9,71.0,4,5,1.1
10,2,6.2,39.5,123.9,78.2,4.8,187.0,7,6,0.1
10,0,5.6,14.0,63.9,85.6,11.1,583.0,4,4,0.1
14,1,7.0,14.9,184.3,23.7,4.4,67.0,5,6,0.5
10,1,7.3,41.0,156.9,81.0,18.5,908.0,3,2,0.1
8,2,7.6,38.2,23.0,74.0,16.5,1368.0,7,12,2.46
3,2,4.5,15.2,94.9,68.8,6.4,1174.0,1,10,0.1
7,3,5.3,34.8,159.5,81.7,3.9,699.0,9,12,2.52
0,1,6.8,17.4,35.0,51.2,2.0,817.0,4,1,0.75
6,0,6.7,23.8,171.4,94.4,14.1,22.0,9,11,0.19
9,2,5.9,35.5,38.9,67.5,17.4,224.0,4,11,0.76
5,1,7.1,39.9,86.6,49.7,17.7,1131.0,0,11,0.62
1,1,8.2,41.1,146.0,24.3,6.4,799.0,5,3,0.18
13,1,4.9,19.1,143.1,28.2,17.4,1098.0,5,10,0.1
8,0,7.1,41.8,22.8,66.3,9.8,1347.0,2,11,2.99
14,3,7.7,20.6,37.3,82.5,2.9,1316.0,6,4,0.66
14,1,8.2,25.1,164.2,44.1,14.7,261.0,5,8,0.23
4,1,7.4,32.2,37.8,38.9,1.9,1328.0,0,3,17.45
2,0,5.5,16.4,114.5,61.8,11.5,106.0,9,8,0.15
8,2,4.7,34.7,116.1,22.2,16.3,1004.0,0,1,0.87
1,3,8.2,25.9,179.2,27.0,1.2,151.0,1,8,0.3
6,0,5.3,29.9,137.2,87.1,7.1,407.0,2,4,0.16
7,3,8.1,23.4,124.8,92.7,9.0,1259.0,8,9,2.48
1,1,7.8,26.9,81.2,72.1,18.2,901.0,7,8,0.28
4,2,4.6,27.6,9.8,88.4,6.6,1346.0,3,7,3.59
13,0,7.9,35.1,90.4,44.4,12.6,570.0,8,7,0.24
11,2,8.0,28.6,1.0,88.3,4.7,457.0,9,10,0.16
6,1,6.0,10.1,66.2,75.6,5.8,893.0,2,5,0.26
3,1,4.9,35.3,157.6,90.9,15.0,660.0,8,4,0.17
11,3,6.4,31.3,108.8,47.8,16.4,449.0,3,2,0.1
0,3,6.0,32.2,63.9,39.6,6.2,291.0,9,6,2.49
12,0,6.5,24.3,119.2,21.7,4.1,527.0,0,5,10.51
4,1,6.8,15.6,14.0,20.8,1.1,931.0,3,4,5.56
2,3,5.4,10.7,31.4,89.4,0.7,1499.0,3,9,0.17
13,3,5.7,40.7,16.5,42.3,10.1,946.0,3,8,0.34
7,3,4.5,36.5,141.3,32.0,5.3,1209.0,6,6,1.25
11,0,7.6,22.7,113.5,88.9,18.8,670.0,8,7,0.12
8,1,5.3,35.8,104.9,33.8,5.0,630.0,2,7,1.15
7,3,8.1,40.7,87.4,88.8,13.5,767.0,6,6,1.17
0,3,6.2,37.1,91.2,38.2,5.3,1362.0,1,6,1.36
10,1,5.4,10.7,28.6,56.6,4.0,839.0,7,7,0.19
1,3,5.0,17.2,150.2,57.9,7.1,712.0,3,9,0.35
7,3,4.8,17.3,23.7,85.0,18.7,928.0,8,8,2.46
5,1,6.2,13.9,28.3,31.3,8.8,813.0,1,8,1.47
12,0,6.1,40.8,53.3,26.6,13.0,276.0,9,4,5.5
1,1,7.8,36.5,9.4,34.3,16.9,1170.0,5,4,0.19
13,1,7.4,31.5,148.8,54.4,19.5,1414.0,1,7,0.29
3,0,7.1,33.9,17.4,26.4,15.5,21.0,5,12,0.24
11,1,5.8,14.2,124.6,20.1,10.4,105.0,3,3,0.13
9,3,8.4,33.0,35.4,48.5,7.8,243.0,3,10,0.71
4,0,5.0,18.9,198.9,68.0,9.7,303.0,8,3,3.34
8,0,5.5,33.7,102.1,21.8,5.6,1386.0,5,4,1.14
12,3,5.5,21.8,191.0,47.3,9.3,1126.0,2,4,3.41
13,3,5.1,13.3,3.8,38.8,15.1,586.0,2,12,0.1
4,1,7.8,22.3,49.3,55.7,9.6,741.0,1,9,17.37
7,1,7.3,34.2,73.7,92.7,19.8,1150.0,0,5,4.41
1,1,7.6,31.0,128.2,91.7,4.0,26.0,7,5,0.18
12,2,4.8,15.1,116.6,83.9,14.5,32.0,1,1,2.96
0,0,7.2,25.6,30.0,69.7,13.1,1442.0,2,3,0.7
6,0,7.2,20.1,43.6,65.7,18.2,1068.0,5,11,0.29
0,2,4.8,12.9,171.1,40.3,14.1,628.0,8,12,0.24
11,2,5.1,12.1,77.4,30.3,19.5,619.0,0,12,0.17
6,3,5.2,35.9,134.0,70.5,12.5,1054.0,0,8,0.21
8,0,5.3,37.3,59.9,57.0,2.7,136.0,8,3,0.77
6,0,8.2,14.9,145.1,40.8,5.6,751.0,2,11,0.1
12,2,6.1,18.3,51.2,62.1,3.1,774.0,8,4,7.12
8,1,6.7,27.4,0.4,38.0,13.3,617.0,1,5,2.57
7,1,6.6,17.8,34.4,56.6,14.5,1329.0,6,3,4.14
14,1,5.6,39.6,109.3,21.0,12.1,1263.0,6,6,0.35
0,0,7.6,12.0,2.5,60.0,16.7,462.0,4,8,0.3
14,0,8.3,30.9,145.6,74.1,12.8,176.0,3,7,0.22
8,0,6.7,25.2,159.2,58.4,5.8,81.0,7,12,3.64
7,0,8.1,31.0,106.9,39.9,7.8,1265.0,5,11,1.43
3,3,7.2,35.5,37.4,92.5,7.0,381.0,6,9,0.29
6,0,6.0,13.2,138.2,27.7,19.6,69.0,6,9,0.1
3,3,7.6,25.8,154.8,52.5,6.1,834.0,8,7,0.31
2,2,5.7,29.1,33.1,76.8,14.2,1428.0,6,8,0.46
8,3,6.9,35.5,23.6,44.7,14.2,838.0,3,2,1.75
2,2,5.1,33.8,95.3,70.9,16.4,123.0,2,9,0.15
2,1,6.2,29.6,168.2,55.1,5.9,71.0,2,4,0.25
1,3,6.6,35.9,119.8,70.5,15.1,454.0,9,5,0.21
4,2,7.0,18.7,98.7,66.2,2.0,876.0,2,5,11.36
14,3,5.8,40.5,147.8,58.4,13.8,498.0,6,5,0.21
13,3,5.9,16.7,176.0,67.3,19.3,754.0,9,6,0.13
9,0,5.4,32.5,113.9,32.0,5.1,1028.0,0,6,0.66
14,3,5.3,19.7,59.4,53.3,3.1,1342.0,4,7,0.55
11,3,8.3,26.4,165.9,63.8,12.0,1315.0,8,4,0.1
3,1,4.6,12.8,122.1,95.0,6.2,112.0,7,6,0.11
9,0,7.9,16.1,105.7,87.6,11.4,924.0,7,6,0.56
2,2,7.5,15.1,143.8,41.1,8.0,573.0,5,3,0.12
14,1,7.2,16.3,111.7,65.4,19.8,172.0,6,4,0.32
11,0,5.5,21.2,64.8,40.6,11.3,293.0,9,6,0.12
13,1,5.0,10.6,138.1,37.3,0.7,232.0,8,7,0.12
11,0,5.3,20.1,141.5,57.8,19.7,1356.0,4,2,0.12
13,1,6.6,25.3,114.8,69.4,2.8,212.0,3,12,0.14
2,1,4.6,23.9,54.4,42.0,17.4,681.0,6,12,0.23
7,2,7.7,35.3,72.0,81.6,11.1,1430.0,1,7,2.18
5,1,6.2,15.9,178.1,70.1,5.9,970.0,1,5,0.72
4,2,5.0,28.0,35.2,76.8,15.0,1478.0,8,8,5.82
3,3,7.5,25.7,118.3,49.9,5.4,538.0,3,9,0.19
0,2,7.0,19.8,88.8,33.1,7.4,1126.0,5,7,1.57
1,2,4.5,34.8,113.9,22.2,8.7,874.0,0,3,0.11
2,3,4.9,35.9,63.9,67.8,3.2,478.0,3,2,0.27
6,2,7.9,22.8,61.1,24.2,1.3,442.0,3,4,0.28
5,2,8.0,16.3,143.2,89.4,7.7,1237.0,3,5,0.49
0,3,8.4,38.1,105.3,24.5,14.9,1195.0,9,10,0.65
9,0,5.9,21.9,30.1,60.5,11.2,95.0,2,4,1.0
1,3,6.9,15.7,0.2,21.7,15.9,1483.0,2,9,0.78
4,3,6.9,29.2,79.8,93.3,13.4,1499.0,2,12,21.99
8,1,8.2,18.9,142.7,42.2,17.2,344.0,3,4,0.91
2,2,7.9,10.6,26.2,49.8,5.3,225.0,1,7,0.29
7,3,6.2,15.2,120.2,78.9,6.9,938.0,4,10,3.82
1,1,8.3,12.5,37.8,38.2,18.1,1453.0,0,9,1.15
5,3,6.1,25.8,145.8,57.9,18.1,1020.0,5,12,0.91
8,2,4.6,29.1,65.9,73.2,0.8,1283.0,2,1,1.21
10,2,7.1,16.8,139.6,62.8,18.2,1492.0,0,10,0.24
10,2,4.7,23.8,94.3,53.2,3.4,124.0,3,3,0.1
11,3,5.8,17.9,169.2,72.4,13.1,872.0,1,12,0.2
3,1,6.9,15.9,118.5,74.5,13.1,1079.0,0,9,0.1
2,1,7.7,19.0,149.8,30.8,6.6,1471.0,6,4,0.1
12,1,5.2,18.2,103.2,51.0,11.1,1332.0,8,5,7.26
0,1,5.4,36.2,94.6,62.5,3.0,980.0,0,6,1.35
3,3,8.2,27.3,92.6,79.9,15.2,107.0,8,5,0.31
5,0,5.2,32.0,182.0,54.5,3.3,900.0,3,5,0.72
13,1,6.6,22.3,163.7,73.5,16.3,586.0,5,8,0.18
1,3,5.2,29.2,125.6,86.3,15.9,1063.0,6,3,0.3
5,2,5.5,36.5,171.7,44.1,19.4,1370.0,6,10,0.69
9,1,4.7,25.3,84.1,22.8,2.1,905.0,5,3,0.66
4,1,7.0,15.4,55.5,83.2,1.3,6.0,7,7,12.69
7,3,7.2,36.3,100.1,68.3,17.8,1401.0,3,10,1.87
0,2,8.3,20.5,178.8,38.5,8.5,952.0,3,10,0.48
8,1,5.1,39.6,143.7,54.6,2.6,1106.0,3,8,0.67
10,3,7.4,40.2,185.1,47.9,19.6,737.0,0,11,0.12
4,1,7.4,40.3,85.2,52.5,8.6,1268.0,9,12,17.98
0,0,6.1,25.0,135.3,37.2,16.0,406.0,8,9,0.47
10,3,8.3,14.8,143.0,87.1,14.9,5.0,1,9,0.14
6,0,5.2,31.5,162.6,73.3,16.0,1496.0,4,5,0.24
9,3,5.0,29.6,75.6,34.4,3.2,1370.0,5,5,1.14
5,2,5.9,40.6,8.8,39.5,12.0,158.0,2,10,0.48
10,2,7.7,26.4,63.5,62.0,5.4,208.0,3,4,0.13
8,1,6.9,38.0,104.2,52.3,8.7,1330.0,9,5,1.44
12,0,8.4,20.8,103.8,68.0,13.6,1198.0,5,11,3.7
6,0,6.9,40.9,98.6,89.6,2.5,1372.0,2,12,0.1
12,2,7.8,13.5,134.8,47.1,1.8,702.0,7,8,3.68
1,2,7.2,15.9,145.4,40.5,12.8,552.0,6,1,0.39
11,2,5.3,29.3,138.4,88.2,6.4,403.0,9,9,0.13
6,1,5.9,31.6,115.0,46.9,7.4,1293.0,7,12,0.18
11,1,6.6,38.4,30.8,54.9,5.0,769.0,1,7,0.14
4,0,5.3,39.5,44.0,22.1,19.4,366.0,8,4,5.39
13,1,5.3,31.3,98.2,26.5,3.9,1097.0,5,11,0.12
3,3,7.8,30.1,143.5,46.7,14.0,906.0,1,5,0.36
10,1,7.7,20.5,42.2,88.5,7.1,926.0,5,8,0.15
4,2,6.6,32.9,132.9,78.5,17.4,618.0,0,5,11.22
0,1,7.6,11.6,111.2,54.3,18.1,337.0,7,7,0.78
6,3,5.0,31.0,115.5,37.4,11.4,1059.0,5,8,0.18
4,1,4.7,10.6,175.6,20.5,19.1,777.0,3,9,3.18
13,1,8.2,27.6,27.7,76.2,18.9,1478.0,9,9,0.22
2,0,7.9,18.8,43.7,94.9,5.9,939.0,4,1,0.4
4,1,7.9,14.4,52.0,90.2,8.9,505.0,9,11,10.25
0,0,6.6,19.8,20.2,68.8,10.7,1363.0,9,10,0.34
0,1,4.6,17.3,181.4,53.8,2.5,97.0,9,12,0.38
12,3,5.8,23.8,18.1,64.7,5.5,291.0,5,10,3.04
14,1,5.1,38.9,178.5,51.8,13.1,1244.0,0,8,0.28
1,3,6.2,36.2,184.1,63.7,15.4,1289.0,0,12,0.36
13,3,5.6,30.7,68.8,42.9,1.4,1160.0,0,2,0.14
9,0,7.2,39.7,82.9,39.3,3.5,248.0,1,5,0.87
12,0,4.8,14.4,2.1,28.8,5.0,754.0,0,6,1.47
14,3,6.3,41.3,131.0,23.5,8.5,499.0,5,2,0.14
4,2,4.6,33.8,150.9,37.8,4.9,508.0,4,5,3.38
10,3,5.9,24.3,114.2,41.5,6.2,867.0,4,9,0.18
8,3,6.3,23.4,143.7,24.0,18.0,623.0,3,1,2.58
6,2,6.6,13.3,178.5,92.0,3.5,618.0,5,11,0.11
9,3,5.9,20.7,52.2,89.7,4.7,1267.0,2,7,1.51
6,3,7.4,39.3,42.3,81.0,8.1,1498.0,3,3,0.16
13,0,7.7,18.6,33.6,32.0,13.4,658.0,5,12,0.1
1,2,7.8,26.7,100.0,44.3,17.0,1339.0,6,3,0.3
6,2,7.6,32.3,40.8,24.5,9.9,8.0,1,1,0.28
9,3,7.4,20.2,160.8,29.6,6.7,773.0,0,7,0.73
10,0,4.9,21.9,186.9,48.2,11.6,904.0,8,2,0.1
11,3,6.7,29.8,54.3,51.1,5.4,1216.0,8,2,0.12
7,1,8.2,22.2,47.2,84.9,19.8,1322.0,2,4,2.5
2,3,7.6,34.7,57.1,25.2,1.0,528.0,1,3,0.42
12,0,8.3,21.8,165.4,55.9,19.0,197.0,4,12,2.9
1,2,8.2,37.8,95.1,27.7,16.9,2.0,5,2,0.18
8,3,4.6,37.6,121.8,35.8,15.1,1133.0,7,12,0.82
1,0,7.2,20.3,169.5,93.7,6.9,773.0,2,10,0.8
4,1,6.0,19.7,64.0,57.2,9.8,949.0,7,3,20.11
2,1,6.7,18.0,12.3,91.4,3.2,1072.0,3,2,0.27
4,1,4.8,33.0,85.5,43.7,7.1,628.0,8,6,6.98
9,2,6.8,25.6,156.3,58.8,2.5,458.0,2,8,0.46
10,0,6.1,12.0,100.2,76.3,4.9,1281.0,3,1,0.11
10,3,8.5,39.7,64.7,93.0,16.0,1038.0,2,3,0.1
13,0,7.9,28.9,4.4,35.6,2.3,1427.0,3,6,0.26
12,1,7.0,16.4,32.3,82.5,17.2,1075.0,3,2,3.84
10,3,4.9,36.1,77.4,41.1,0.5,614.0,8,1,0.1
8,0,5.8,39.8,150.5,43.4,12.0,1334.0,6,8,0.68
11,3,5.7,28.7,21.3,89.7,13.4,909.0,4,8,0.2
5,3,6.7,40.5,181.0,49.1,1.5,516.0,0,3,0.27
5,1,8.3,19.4,141.5,27.2,2.9,691.0,8,7,0.92
4,1,7.7,41.8,107.0,54.9,3.6,965.0,2,12,10.4
3,0,6.4,26.6,70.6,54.0,16.5,188.0,8,2,0.25
1,0,8.1,15.2,139.3,46.4,2.4,301.0,0,4,0.33
3,2,6.2,18.4,112.5,91.0,18.3,930.0,9,8,0.15
8,2,6.5,13.3,163.0,70.7,11.9,1199.0,8,4,1.39
7,0,8.2,13.2,28.7,52.2,16.7,1267.0,8,2,2.44
0,1,7.3,38.1,35.9,59.0,3.5,394.0,3,6,1.56
10,3,4.8,15.6,85.9,68.5,7.6,299.0,8,4,0.1
13,0,5.6,32.6,81.7,80.8,4.4,785.0,1,2,0.15
9,2,6.3,18.3,143.0,84.8,16.7,819.0,6,4,0.56
7,3,5.1,15.9,113.9,24.7,14.7,842.0,1,9,3.06
8,2,5.5,22.0,46.1,62.1,14.3,469.0,2,5,2.84
5,3,7.2,17.4,170.6,41.3,3.7,1460.0,2,1,0.45
2,3,5.0,17.7,63.5,44.3,11.9,1139.0,9,6,0.17
8,2,6.7,34.4,11.0,32.5,6.2,1422.0,5,12,2.44
3,0,8.4,26.7,108.9,46.2,3.9,1040.0,7,10,0.13
7,1,7.7,40.1,158.9,61.4,19.3,336.0,3,5,1.79
10,2,6.7,32.5,38.1,20.4,3.6,1110.0,4,2,0.15
11,2,8.1,29.9,66.1,31.6,3.4,393.0,2,8,0.1
2,2,7.7,26.5,25.8,73.8,4.7,10.0,5,8,0.46
8,2,4.5,13.8,158.0,84.0,8.3,726.0,4,7,1.21
3,2,7.0,22.6,75.2,23.4,12.4,1034.0,4,6,0.61
11,0,8.2,19.9,9.5,51.2,6.9,1101.0,0,5,0.17
14,3,8.1,25.0,6.9,45.7,7.6,624.0,9,2,0.13
14,3,7.3,22.1,54.1,50.3,4.4,775.0,7,4,0.57
13,1,4.9,30.5,3.4,62.1,4.5,128.0,8,7,0.23
9,3,5.4,31.9,22.2,77.6,15.7,93.0,0,8,0.54
4,0,5.9,26.9,190.5,66.9,12.4,269.0,1,8,4.63
4,0,5.3,11.3,79.1,53.7,18.5,1126.0,5,2,8.73
10,2,5.0,24.8,30.1,55.5,5.3,1286.0,7,11,0.26
14,1,7.9,19.8,61.6,26.7,11.6,337.0,2,3,0.37
2,0,8.2,27.6,46.8,94.0,12.7,598.0,9,7,0.48
14,1,6.3,13.8,75.4,88.7,16.0,1369.0,7,3,0.25
10,1,5.2,33.6,85.0,94.2,15.4,81.0,7,5,0.1
8,1,5.7,38.1,112.4,58.4,4.8,288.0,6,3,0.7
3,3,5.3,29.7,8.7,63.4,4.0,644.0,6,8,0.14
6,0,6.0,31.0,104.5,56.3,8.0,486.0,6,3,0.18
3,2,4.6,23.8,169.7,50.5,13.3,752.0,8,8,0.1
2,2,6.0,38.7,95.7,76.4,0.8,1205.0,0,2,0.29
8,3,8.2,14.5,20.0,94.6,13.1,181.0,3,8,1.51
12,1,4.6,18.4,47.7,58.7,11.6,436.0,0,8,3.59
10,1,5.7,27.2,130.5,66.8,6.7,932.0,1,12,0.17
9,2,6.8,17.8,171.5,50.3,1.9,148.0,7,2,0.41
9,2,6.7,31.6,166.5,20.8,17.6,1032.0,5,10,0.48
11,0,8.5,40.0,35.3,59.4,1.7,536.0,9,10,0.11
7,1,6.8,33.9,153.5,92.0,3.2,763.0,7,4,2.26
6,1,5.5,35.8,69.3,75.2,1.2,347.0,6,3,0.23
0,1,6.8,32.0,2.0,54.0,7.5,458.0,5,2,0.63
9,0,4.8,23.6,95.7,81.2,11.3,411.0,1,2,0.48
11,3,6.4,24.1,130.1,67.7,6.6,980.0,5,2,0.15
4,2,7.6,16.4,39.6,29.3,11.6,1055.0,6,6,6.4
11,0,5.6,32.4,49.4,53.9,17.4,74.0,1,7,0.1
9,3,5.4,21.1,90.6,83.3,7.1,789.0,9,12,0.58
6,3,7.8,15.8,154.7,38.8,15.2,327.0,9,2,0.14
3,2,7.2,11.8,69.7,41.5,16.3,580.0,3,7,0.23
2,1,4.7,17.1,133.9,24.1,14.9,571.0,8,10,0.1
10,2,6.7,19.9,36.5,40.2,3.5,570.0,4,6,0.21
13,0,5.5,11.7,63.0,65.8,2.7,348.0,8,10,0.1
4,2,5.5,13.7,163.6,73.3,1.6,1224.0,1,9,4.86
7,0,7.8,40.1,118.3,35.8,19.8,493.0,3,12,1.55
2,2,6.2,39.8,178.6,92.9,6.0,356.0,5,3,0.23
6,2,8.2,36.4,80.5,49.6,4.6,970.0,6,10,0.1
12,1,7.0,29.1,73.0,41.3,2.9,1470.0,4,8,11.32
7,0,7.3,37.6,3.7,83.9,15.1,646.0,3,3,0.93
3,2,7.4,30.6,147.7,33.7,19.2,838.0,5,7,0.33
9,0,5.2,10.7,10.2,23.2,17.3,456.0,9,1,0.15
4,2,4.7,39.6,135.8,80.3,19.5,1201.0,9,10,7.95
12,2,6.7,31.6,160.1,94.9,7.7,768.0,0,11,5.66
2,2,4.7,40.5,87.0,86.0,2.5,914.0,2,2,0.1
0,3,4.8,35.7,165.4,48.3,18.6,273.0,1,7,0.97
2,1,6.9,16.5,160.6,81.8,3.5,286.0,4,9,0.12
14,2,6.5,10.1,177.9,52.0,1.9,392.0,4,3,0.13
5,2,5.8,32.7,199.8,21.1,2.6,834.0,7,1,0.34
12,3,5.5,28.0,88.7,74.1,7.2,750.0,2,5,8.9
13,0,4.7,21.1,161.6,33.8,7.1,1431.0,0,6,0.22
9,2,8.1,30.6,164.1,65.8,4.7,788.0,1,11,0.42
10,1,6.5,39.1,36.0,21.5,5.1,545.0,6,11,0.22
13,2,7.3,10.9,68.2,60.2,9.2,1124.0,1,3,0.1
4,1,4.6,39.4,15.4,73.8,5.9,861.0,2,12,5.26
13,1,5.7,11.7,132.5,62.5,7.4,680.0,4,12,0.1
7,3,6.7,21.1,154.0,38.4,2.2,299.0,3,7,4.97
4,3,6.1,24.6,171.7,21.0,18.8,635.0,1,1,15.51
5,2,5.7,38.8,75.3,34.9,11.1,147.0,3,7,0.43
12,2,5.2,27.9,136.8,62.2,17.6,895.0,2,5,7.49
6,0,5.9,31.3,123.0,93.2,13.1,685.0,8,12,0.14
3,2,4.7,24.4,134.8,37.7,10.7,1232.0,7,11,0.1
3,2,7.0,34.8,16.5,46.4,1.3,168.0,4,1,0.22
12,1,8.5,17.9,70.6,43.7,13.1,368.0,8,3,6.46
9,3,7.3,24.4,34.1,79.2,4.4,499.0,6,2,0.72
0,1,4.9,29.8,31.1,47.1,3.2,38.0,5,3,0.71
8,2,5.3,14.9,127.9,77.4,14.7,208.0,8,9,1.83
5,3,8.1,17.4,46.8,38.3,19.4,328.0,0,5,1.1
12,0,6.8,31.2,15.4,34.3,15.4,1011.0,2,12,2.96
2,1,7.6,38.0,77.0,31.7,18.9,433.0,3,1,0.33
7,3,6.7,28.2,8.9,92.4,16.8,680.0,9,8,3.81
6,1,8.5,31.6,16.5,71.7,9.2,653.0,7,8,0.26
8,3,6.1,28.2,60.2,46.4,10.2,734.0,2,2,1.74
7,0,8.4,35.5,135.4,78.8,1.0,1423.0,9,8,0.88
14,3,6.1,30.5,159.3,46.7,1.4,21.0,7,8,0.48
5,3,7.0,21.7,138.5,27.9,8.5,146.0,3,4,0.49
12,0,5.5,30.9,100.7,86.5,16.8,311.0,6,1,8.18
6,2,6.5,33.9,164.4,66.3,4.3,1446.0,8,10,0.18
1,2,5.1,37.4,146.9,29.4,19.3,645.0,5,4,0.18
1,1,4.9,24.8,188.3,30.6,7.4,594.0,5,7,0.23
4,3,7.3,41.1,43.1,28.8,2.9,1340.0,2,5,7.91
13,3,5.4,36.2,192.5,52.1,0.9,1048.0,5,3,0.1
13,0,6.9,13.0,119.6,41.2,13.4,670.0,0,5,0.14
5,1,6.6,22.7,155.9,88.6,10.7,929.0,8,6,1.15
12,3,6.5,20.0,16.2,48.7,4.8,599.0,0,11,3.13
10,0,6.8,16.5,18.6,55.6,19.5,764.0,0,7,0.27
14,2,4.6,12.0,62.3,44.9,8.5,797.0,5,8,0.15
14,3,8.5,29.4,123.5,59.4,7.6,1438.0,8,10,0.26
13,2,6.9,16.1,1.7,26.9,5.7,670.0,0,10,0.1
13,1,6.8,17.2,147.0,55.3,17.5,700.0,1,12,0.1
5,1,5.2,28.2,199.2,92.4,10.4,65.0,7,5,0.77
13,1,7.9,22.6,52.8,30.4,3.2,1404.0,9,11,0.1
6,3,6.5,10.9,177.9,27.6,11.2,777.0,7,4,0.11
14,0,7.1,15.1,177.6,85.2,8.1,236.0,4,9,0.35
8,3,6.9,22.5,2.3,43.1,14.1,1475.0,7,2,1.79
10,2,5.0,30.7,133.1,56.1,0.7,514.0,2,10,0.1
10,2,6.0,20.1,197.8,73.3,17.2,81.0,4,7,0.12
0,1,5.8,20.4,70.2,50.8,17.2,1095.0,9,4,1.28
1,3,7.7,13.6,160.4,38.1,1.3,681.0,2,5,0.36
3,1,6.1,10.3,26.9,57.6,8.8,353.0,1,8,0.15
14,2,7.5,31.5,13.0,44.3,11.9,989.0,1,10,0.44
0,2,5.7,31.8,38.1,80.2,13.5,1465.0,9,7,2.01
6,3,5.8,20.8,24.8,43.6,4.3,426.0,6,9,0.33
7,2,6.5,18.6,169.4,46.8,16.5,1333.0,0,5,3.12
4,3,4.7,23.8,64.9,89.5,17.7,568.0,2,4,7.06
9,0,8.0,31.5,119.6,30.2,10.2,184.0,9,11,0.29
2,1,7.4,18.2,131.9,44.7,8.9,1310.0,2,2,0.2
8,2,4.9,13.8,140.5,78.5,8.2,553.0,9,11,1.52
9,0,6.4,31.8,104.0,20.8,12.4,439.0,4,4,0.62
6,3,4.8,16.7,83.5,32.4,2.7,1361.0,8,4,0.1
9,0,6.5,37.4,95.7,91.0,13.0,457.0,7,3,0.51
4,2,5.9,39.6,145.2,49.5,6.6,1328.0,4,6,4.26
6,2,7.6,34.3,169.3,30.0,1.1,851.0,9,7,0.27
0,0,6.4,36.6,152.1,89.5,19.6,277.0,5,2,0.47
10,1,7.0,11.7,119.6,37.3,17.4,587.0,1,11,0.24
3,1,4.8,22.8,157.9,90.9,5.6,1109.0,1,4,0.21
13,3,8.4,28.6,120.9,41.7,1.5,183.0,4,9,0.1
12,3,5.6,15.4,72.9,29.0,10.3,1221.0,1,5,4.47
7,1,5.3,25.0,6.2,45.7,12.4,455.0,5,1,4.52
14,1,7.0,40.6,68.0,76.4,6.7,1007.0,8,3,0.23
9,0,4.9,32.3,29.6,21.2,13.5,1247.0,7,3,0.52
12,0,6.7,20.1,167.5,86.7,5.3,1030.0,6,1,6.33
4,3,7.3,39.4,27.7,34.2,0.7,1346.0,9,6,6.13
5,0,5.6,31.1,179.4,21.2,14.0,1244.0,8,10,0.97
2,2,5.2,37.1,144.4,60.7,15.9,557.0,0,5,0.19
11,0,6.5,21.1,94.9,44.1,18.1,545.0,4,5,0.13
12,2,7.5,41.3,5.9,21.7,13.5,1061.0,4,10,3.06
5,3,6.3,26.4,79.4,23.3,13.8,1448.0,4,2,0.49
2,1,6.8,21.1,189.9,60.9,16.2,86.0,6,3,0.32
10,0,8.1,40.3,87.1,93.7,9.5,615.0,2,5,0.1
0,2,7.9,24.3,135.4,84.0,15.1,134.0,8,2,0.47
8,2,6.1,41.1,122.9,29.1,12.1,791.0,0,2,0.7
1,0,4.8,23.6,2.4,66.3,8.1,407.0,4,10,0.39
5,3,5.1,30.7,95.5,53.2,4.3,223.0,5,11,0.92
14,0,7.2,24.3,60.3,43.4,7.5,445.0,7,12,0.36
11,3,8.2,15.8,177.7,41.5,8.6,1445.0,9,8,0.11
6,0,6.6,25.0,94.6,82.4,19.5,1361.0,7,4,0.2
1,3,4.7,13.1,17.2,51.7,12.3,476.0,6,11,0.71
11,2,6.2,16.8,98.6,59.2,17.2,1160.0,3,7,0.13
12,1,7.7,12.0,10.0,93.9,4.3,992.0,7,9,1.41
14,0,4.6,15.0,40.4,47.6,4.9,963.0,2,1,0.22
12,2,7.1,21.1,6.7,21.6,19.9,885.0,2,4,4.63
11,0,5.8,41.2,130.9,39.3,9.9,667.0,5,9,0.1
13,3,7.2,20.4,137.6,66.5,7.1,875.0,0,6,0.22
6,0,4.9,35.1,12.1,47.1,8.5,1475.0,6,1,0.1
2,2,5.1,17.8,99.8,21.6,19.8,881.0,0,8,0.11
12,3,7.4,29.9,104.8,24.2,5.3,840.0,7,9,6.75
8,2,8.1,13.5,19.6,78.7,20.0,944.0,0,1,2.43
9,0,6.7,23.0,83.1,64.0,9.6,675.0,9,11,0.59
8,0,7.0,19.9,111.3,59.4,12.3,1417.0,1,2,1.69
12,2,6.0,24.5,140.8,82.1,1.0,1439.0,1,11,4.99
6,1,6.4,26.1,179.2,39.0,5.8,1230.0,1,3,0.24
9,0,4.8,26.3,161.1,29.9,9.9,171.0,4,4,0.52
4,1,6.5,16.0,141.5,72.2,4.1,1078.0,9,1,11.1
7,2,6.0,16.7,127.8,45.5,1.0,388.0,4,1,3.09
6,0,7.8,25.6,58.9,59.3,17.0,530.0,4,7,0.42
2,2,6.6,14.5,28.7,31.2,1.4,1456.0,9,8,0.31
11,1,6.0,17.1,67.1,54.5,6.7,1076.0,0,6,0.16
1,2,7.2,42.0,126.8,70.0,10.7,280.0,2,6,0.21
2,0,7.4,14.4,83.0,36.9,19.9,864.0,6,7,0.22
2,2,8.4,12.9,130.9,52.7,2.2,29.0,9,10,0.1
0,1,7.0,27.5,74.8,67.9,15.4,1058.0,1,9,1.17
8,3,6.4,10.1,167.0,94.9,8.6,657.0,5,3,1.33
0,2,6.7,36.9,56.1,36.5,3.1,1179.0,9,1,1.43
11,0,4.6,28.6,22.8,90.9,5.2,771.0,3,8,0.13
6,2,6.9,40.5,184.1,82.7,12.8,268.0,8,2,0.11
0,1,5.8,34.2,110.2,57.8,14.0,1369.0,4,11,0.97
8,1,5.2,35.3,87.7,67.2,2.6,609.0,3,6,1.35
11,1,8.2,26.7,38.5,77.1,16.8,1234.0,1,12,0.23
12,1,4.9,10.2,164.9,21.3,2.6,251.0,1,1,2.43
0,3,4.5,13.5,160.2,73.5,8.1,1032.0,5,11,0.16
10,0,6.3,36.6,112.1,65.4,18.5,16.0,3,6,0.1
3,1,6.3,32.7,194.2,76.7,15.7,888.0,0,3,0.34
5,1,8.1,36.3,173.1,35.6,18.7,21.0,0,9,0.61
10,1,7.6,33.6,151.6,20.8,13.0,586.0,2,2,0.11
7,2,5.9,23.1,67.4,94.0,3.7,284.0,4,3,2.29
2,3,5.5,37.3,183.4,56.6,16.0,469.0,6,9,0.14
14,0,5.3,23.1,44.0,29.7,18.4,111.0,4,8,0.76
9,1,4.6,20.5,32.4,42.7,7.2,1311.0,4,5,1.29
12,2,7.4,28.1,21.5,22.5,17.6,525.0,9,10,3.29
1,1,4.8,33.8,67.9,92.9,6.5,516.0,0,10,0.22
8,1,8.4,14.8,176.7,67.4,8.3,655.0,5,5,1.45
5,1,7.6,23.8,145.9,40.5,11.7,1072.0,6,7,1.01
7,1,6.5,20.9,0.1,85.4,11.4,390.0,4,10,4.94
0,0,5.4,29.5,62.4,27.4,11.2,1251.0,4,5,1.08
14,0,8.2,28.1,14.7,73.9,16.0,96.0,3,11,0.34
7,0,5.6,29.3,141.1,73.5,1.8,1265.0,1,2,3.25
9,1,6.6,39.7,13.1,51.2,11.0,352.0,4,8,0.39
1,2,6.2,32.6,198.0,36.8,6.3,666.0,4,8,0.22
10,2,4.6,37.0,195.7,62.6,4.1,1097.0,0,5,0.1
7,0,5.6,25.9,194.0,78.5,3.6,638.0,6,11,3.16
6,1,6.8,37.9,142.9,21.8,3.9,471.0,6,10,0.12
7,1,5.5,31.0,190.3,85.7,10.2,888.0,6,12,2.73
8,2,8.2,22.7,79.6,60.5,16.3,126.0,8,8,0.69
9,3,8.0,26.9,193.7,89.1,1.3,513.0,9,2,0.35
7,0,6.4,21.5,164.6,79.9,4.5,474.0,5,2,3.7
7,0,6.7,34.7,160.1,90.6,1.7,824.0,5,1,3.6
4,2,6.1,27.4,8.1,88.1,10.9,113.0,1,2,14.92
6,1,6.0,19.1,42.9,69.2,3.5,640.0,2,8,0.58
6,2,8.4,28.6,37.2,40.9,9.6,383.0,9,2,0.22
8,3,7.9,14.2,133.9,22.0,15.1,935.0,4,12,2.87
14,0,6.6,15.5,155.9,55.9,1.4,904.0,3,12,0.21
5,2,7.8,17.0,37.2,85.7,18.9,350.0,9,11,1.18
8,3,7.5,21.5,113.6,42.6,10.2,1174.0,2,3,1.38
10,0,4.7,36.4,3.1,83.3,1.6,789.0,0,2,0.1
1,1,6.9,25.9,21.2,71.8,5.3,1079.0,0,7,0.81
9,0,5.3,33.1,80.4,38.9,16.6,1483.0,5,8,0.44
3,1,5.6,31.4,59.3,63.5,19.7,64.0,6,9,0.3
6,3,5.5,41.4,5.6,87.3,3.1,628.0,7,2,0.1
3,0,6.1,22.8,152.0,79.1,7.4,1468.0,1,3,0.27
6,0,7.9,16.1,26.6,29.9,4.5,91.0,2,3,0.22
3,3,7.8,26.8,67.6,75.6,19.3,299.0,1,3,0.47
7,1,6.1,28.2,164.0,81.9,2.4,1345.0,9,11,4.28
6,3,7.4,13.3,43.7,47.0,7.0,462.0,7,2,0.18
2,0,5.4,11.0,175.2,58.2,9.0,211.0,3,11,0.11
0,0,5.0,11.6,84.5,34.2,7.1,981.0,6,9,0.26
2,3,7.6,25.2,97.5,24.3,13.9,85.0,5,5,0.3
5,2,7.6,16.8,66.2,47.6,7.9,450.0,2,8,0.66
12,2,8.5,10.1,146.9,90.2,10.6,934.0,4,2,2.9
9,3,8.0,27.2,88.2,37.7,4.0,729.0,7,5,1.25
0,1,8.4,18.8,152.9,70.5,8.6,279.0,9,11,0.37
10,1,7.9,25.0,50.7,25.1,1.9,48.0,4,11,0.27
5,3,6.3,18.0,19.1,55.9,2.0,221.0,0,5,1.37
1,3,8.4,16.6,182.6,28.8,10.4,1125.0,6,4,0.38
2,2,6.3,13.0,29.4,79.5,0.6,1474.0,8,4,0.19
9,1,5.5,35.1,52.8,29.4,17.0,913.0,2,1,0.75
14,1,8.3,18.4,162.0,76.2,18.9,704.0,4,3,0.16
12,3,7.7,34.2,150.6,66.3,9.6,258.0,1,11,4.12
12,1,4.5,33.1,91.4,90.7,4.1,51.0,0,9,3.5
2,1,5.9,10.4,32.7,37.5,9.9,1174.0,9,7,0.36
2,3,8.3,29.4,170.3,69.4,8.1,433.0,5,11,0.12
3,2,6.4,30.5,92.7,42.1,8.3,176.0,5,8,0.18
2,0,5.9,21.6,163.7,57.7,3.3,587.0,1,3,0.26
1,1,7.9,26.5,62.7,68.5,10.0,412.0,2,12,0.48
5,2,4.8,36.5,189.5,63.8,16.6,71.0,8,1,0.32
9,2,5.4,10.4,176.6,47.3,18.5,170.0,1,5,0.37
7,1,4.5,36.2,104.2,58.3,17.0,42.0,2,10,1.21
10,3,8.5,18.1,100.5,29.0,5.7,1254.0,1,8,0.1
7,0,7.7,37.9,192.2,55.6,9.3,755.0,1,9,1.96
2,1,7.5,35.6,17.1,54.2,19.8,345.0,4,10,0.23
10,2,7.4,18.7,5.6,71.0,12.9,822.0,9,12,0.21
12,1,6.2,31.1,22.9,35.9,7.0,679.0,9,12,3.62
5,1,7.0,33.4,185.5,28.4,19.4,1041.0,5,6,0.88
7,3,5.4,22.9,67.4,79.8,9.5,1077.0,2,4,2.77
4,2,8.4,16.6,3.0,79.9,17.8,1009.0,1,6,4.89
0,0,5.6,32.8,69.2,33.5,0.8,683.0,3,9,0.87
11,3,5.7,42.0,69.0,41.5,11.9,160.0,5,5,0.1
4,2,5.6,20.5,10.9,75.1,2.4,1437.0,5,9,9.41
0,3,7.4,22.0,168.1,23.5,11.2,47.0,9,7,1.21
13,1,6.9,40.3,140.3,64.2,2.2,1098.0,9,1,0.11
4,3,6.0,18.8,133.7,25.6,3.4,1461.0,6,5,8.3
4,0,8.0,20.7,49.9,77.8,8.7,64.0,8,11,15.49
11,2,6.1,40.7,192.5,85.5,16.3,1017.0,2,2,0.1
0,1,6.7,30.9,196.3,23.0,15.7,228.0,7,1,0.55
7,2,7.8,22.4,109.8,31.2,10.3,1160.0,8,11,2.46
6,1,6.4,14.3,139.1,64.1,7.2,63.0,3,10,0.11
1,3,7.9,32.6,189.3,41.7,17.4,539.0,7,2,0.17
6,3,6.4,41.8,48.5,25.4,14.7,459.0,6,4,0.23
3,3,7.2,27.6,168.8,51.2,15.3,487.0,1,9,0.17
0,0,5.3,22.8,133.0,37.6,8.7,1313.0,6,1,0.39
9,0,8.0,14.8,87.5,49.4,19.0,900.0,8,6,0.48
6,1,5.1,15.9,114.3,29.9,16.0,799.0,2,5,0.21
14,2,7.0,20.2,50.5,74.4,19.3,825.0,9,10,1.04
6,2,5.4,36.0,49.4,20.6,14.6,365.0,7,1,0.29
13,1,7.7,10.5,133.9,60.0,17.7,745.0,1,10,0.1
9,2,7.8,33.9,50.8,81.2,4.4,1253.0,3,4,1.27
12,3,7.4,12.0,8.9,59.2,14.1,728.0,4,1,2.73
1,1,8.1,12.5,37.7,57.8,18.5,786.0,1,5,0.71
7,1,8.0,20.0,7.3,23.0,16.4,713.0,7,5,2.08
2,2,4.9,29.4,93.1,36.7,8.7,1228.0,9,5,0.14
14,1,5.2,20.5,41.0,88.0,14.7,330.0,4,11,0.82
2,0,7.7,21.4,83.9,60.6,3.3,1079.0,6,12,0.27
0,2,8.1,12.8,148.1,50.1,11.4,1407.0,4,7,0.49
14,0,6.7,37.3,125.0,58.8,18.7,1491.0,4,2,0.24
3,1,4.9,16.2,197.1,25.9,15.5,1072.0,2,6,0.15
12,0,8.0,31.4,27.7,34.9,9.8,596.0,8,3,4.85
14,3,8.2,15.4,102.0,71.6,2.1,313.0,3,6,0.24
14,3,5.5,30.9,73.4,70.7,12.0,987.0,7,1,0.22
1,0,5.5,15.9,195.4,52.7,11.1,123.0,9,9,0.45
8,2,6.5,28.4,128.4,48.5,11.2,1173.0,1,3,1.31
6,0,8.3,27.1,104.3,49.6,1.4,864.0,6,2,0.1
6,1,7.2,22.6,34.0,40.1,7.3,39.0,1,12,0.38
4,0,5.8,17.4,188.4,33.5,18.6,133.0,5,2,6.97
4,3,7.5,26.2,121.0,66.5,17.7,1460.0,9,7,11.07
6,1,8.2,20.0,58.2,45.2,15.9,1072.0,9,11,0.18
3,2,5.7,31.7,160.0,61.4,14.7,311.0,7,1,0.15
8,3,6.6,12.6,67.4,64.1,13.2,20.0,9,8,1.29
9,3,7.0,27.0,143.5,80.0,10.0,595.0,8,2,0.45
2,1,7.2,34.6,74.3,36.5,8.8,1498.0,9,4,0.2
4,1,5.1,20.7,186.2,71.8,7.1,47.0,5,3,9.33
6,0,7.0,39.4,105.4,83.9,9.4,443.0,4,5,0.16
7,3,8.1,41.0,192.5,63.1,17.5,384.0,9,7,1.15
6,3,5.1,22.5,95.5,51.3,12.3,263.0,6,4,0.19
14,2,5.5,32.4,162.3,91.0,2.6,130.0,4,9,0.4
1,3,5.9,40.0,80.7,28.3,18.4,937.0,1,7,0.19
10,0,5.4,33.7,175.0,79.2,18.3,432.0,9,10,0.2
7,3,5.1,17.3,52.2,47.4,14.4,342.0,3,11,4.99
7,0,7.0,30.5,192.5,66.4,2.2,1015.0,8,2,3.0
6,1,7.5,42.0,61.9,63.6,19.6,1310.0,1,4,0.13
4,2,5.7,34.7,149.6,38.0,6.4,345.0,0,3,9.99
8,0,7.5,21.9,62.1,30.0,18.5,1009.0,8,8,1.43
13,3,6.0,15.7,77.6,79.2,17.1,1468.0,4,12,0.1
10,1,5.3,21.7,160.6,47.5,4.8,349.0,6,12,0.17
9,3,7.3,17.3,69.9,48.0,2.1,363.0,9,7,1.12
10,3,6.6,33.2,193.9,42.4,13.8,343.0,4,7,0.11
2,2,8.2,35.2,60.0,43.4,18.3,554.0,4,12,0.17
14,1,5.8,29.2,105.0,67.2,5.9,1390.0,9,4,0.37
8,1,6.4,15.0,153.9,86.4,6.3,525.0,9,2,1.63
5,0,5.2,17.1,108.7,74.0,1.8,1339.0,0,5,0.48
3,2,5.4,35.6,58.5,87.3,10.3,944.0,1,11,0.27
8,3,6.7,30.9,147.2,83.7,14.7,496.0,7,8,1.35
4,3,6.9,28.8,190.3,88.3,15.3,95.0,9,4,7.81
11,2,6.3,33.3,97.1,25.1,4.6,1195.0,3,4,0.1
3,3,7.9,16.0,61.2,79.2,0.9,265.0,9,10,0.19
2,1,7.0,18.5,97.6,81.6,1.9,221.0,0,5,0.22
5,0,7.5,24.4,23.4,88.2,9.2,793.0,2,11,1.48
10,1,8.0,17.5,40.9,37.1,5.9,1372.0,4,4,0.21
14,3,5.4,11.4,109.2,78.8,7.6,826.0,1,9,0.24
4,1,4.6,35.7,60.1,34.2,10.2,1379.0,1,12,12.46
8,3,5.2,13.3,17.3,86.5,7.9,1092.0,0,12,3.82
2,1,7.0,11.7,9.5,38.0,0.9,1017.0,1,1,0.24
14,0,4.6,30.0,29.0,33.4,3.5,550.0,7,7,0.47
3,0,8.0,20.6,156.8,67.4,11.1,1390.0,3,8,0.12
4,0,6.2,13.8,61.0,28.0,1.9,654.0,8,12,9.42
6,1,6.1,18.8,192.8,88.7,11.4,190.0,2,1,0.18
4,3,6.7,27.4,62.6,67.4,18.0,662.0,9,4,13.94
8,0,7.3,17.5,63.6,25.2,16.4,27.0,2,2,1.35
4,3,5.1,31.3,165.7,51.5,1.6,675.0,6,7,6.11
6,0,7.0,13.9,37.6,88.3,5.4,159.0,6,6,0.34
9,0,6.5,39.8,129.6,59.2,17.3,612.0,3,8,0.31
14,0,4.8,38.5,193.4,42.3,4.1,704.0,2,6,0.25
13,3,8.4,17.5,117.3,92.0,9.9,1256.0,7,8,0.1
11,2,6.4,24.8,13.0,39.2,2.4,1258.0,3,9,0.3
2,2,6.8,17.8,83.3,94.1,15.1,625.0,0,5,0.16
7,3,7.8,31.9,101.9,23.9,12.3,104.0,2,9,2.74
5,0,5.4,14.0,68.3,29.6,2.9,1400.0,0,4,0.45
9,2,8.0,31.8,23.3,62.4,1.0,852.0,0,11,0.61
6,0,7.5,23.0,194.7,83.8,19.3,487.0,7,11,0.17
2,3,6.0,10.4,170.5,89.6,3.6,1198.0,1,1,0.23
0,2,8.0,20.7,175.3,63.2,9.9,1250.0,2,9,0.57
13,2,5.9,12.9,195.7,52.0,3.5,566.0,4,8,0.1
13,2,6.9,36.7,127.7,42.5,14.6,1009.0,5,4,0.13
0,2,7.9,27.1,1.5,51.3,9.7,663.0,1,4,0.49
8,0,4.8,35.4,122.7,37.0,11.0,1348.0,1,2,0.42
1,1,6.4,31.8,149.6,58.0,9.5,754.0,5,7,0.22
2,0,6.2,14.2,40.6,49.1,2.2,46.0,8,1,0.51
0,3,7.7,29.2,92.5,61.9,11.8,151.0,6,2,0.68
0,2,6.2,25.5,168.2,51.0,18.3,932.0,1,11,0.66
3,3,6.2,24.1,192.2,31.7,1.1,1145.0,1,3,0.27
5,2,7.9,35.0,119.1,46.2,2.3,276.0,2,1,0.33
11,1,6.0,12.5,97.3,62.2,4.9,1431.0,0,8,0.16
5,3,8.2,23.6,74.6,33.0,18.5,1015.0,6,8,0.69
13,2,4.5,38.2,15.8,74.3,1.5,1210.0,6,9,0.11
12,2,4.9,13.6,40.9,32.0,2.8,329.0,2,5,2.31
7,2,8.0,20.2,94.2,82.2,16.6,785.0,1,2,1.45
1,1,8.2,16.5,101.3,27.6,17.2,1098.0,3,11,0.68
4,1,4.9,11.5,46.2,47.2,3.8,575.0,8,4,2.89
13,2,5.9,36.9,2.7,89.4,6.9,637.0,4,8,0.19
8,3,4.9,12.3,133.0,66.7,10.2,634.0,5,10,1.38
5,0,6.4,12.7,131.4,67.4,3.7,881.0,8,9,0.44
13,1,5.4,37.0,19.1,25.6,2.1,678.0,3,2,0.21
11,2,7.0,11.9,127.3,74.8,19.9,70.0,6,7,0.12
3,2,8.2,36.3,25.4,55.7,6.4,1308.0,9,10,0.18
9,0,4.9,39.2,16.3,24.8,9.8,170.0,3,11,0.26
11,0,5.4,32.0,149.6,62.4,13.6,903.0,2,11,0.12
2,3,7.1,19.3,101.2,63.5,8.1,1126.0,2,1,0.19
1,2,6.3,41.3,78.1,64.1,9.6,558.0,8,9,0.31
4,3,7.3,18.5,147.0,79.8,4.4,492.0,7,6,5.75
0,0,7.5,36.4,133.3,64.0,1.5,535.0,7,1,0.5
3,1,7.9,37.1,164.1,68.1,12.2,457.0,0,3,0.24
12,1,8.3,40.3,4.5,60.9,2.6,1001.0,8,3,4.6
12,1,6.2,19.9,143.8,81.8,12.7,1263.0,1,10,4.89
13,0,8.2,31.4,195.5,70.4,0.8,1437.0,6,11,0.14
2,2,6.3,26.3,190.4,50.6,14.0,159.0,2,10,0.19
4,0,4.5,27.9,127.1,79.4,4.2,1095.0,6,5,4.36
13,0,7.4,10.4,194.1,22.7,2.2,772.0,1,12,0.1
3,1,6.1,31.7,76.3,65.5,7.1,821.0,3,3,0.46
11,0,4.9,19.1,112.5,40.0,6.3,360.0,5,6,0.1
6,1,4.6,10.8,183.7,85.5,16.5,803.0,6,11,0.1
5,0,8.1,40.5,138.4,63.1,8.1,1196.0,3,4,0.21
6,0,5.8,40.3,49.6,28.7,10.9,492.0,3,5,0.22
8,3,5.1,13.1,168.6,65.7,18.6,500.0,1,3,1.26
2,0,6.9,14.3,172.0,86.1,17.3,281.0,5,10,0.13
1,0,5.4,32.3,124.6,71.9,0.9,903.0,5,12,0.26
14,2,7.2,36.8,104.3,20.5,3.4,901.0,3,8,0.25
12,3,5.5,22.0,198.1,76.7,14.7,1202.0,6,9,3.05
6,0,7.5,35.6,131.7,48.5,2.5,1429.0,1,10,0.11
13,1,7.9,36.1,150.2,26.3,3.4,1291.0,1,1,0.12
0,0,7.8,41.5,64.8,30.8,7.5,1029.0,3,8,1.04
9,0,5.8,27.7,97.1,53.8,4.0,1297.0,7,5,1.23
6,2,7.7,42.0,175.1,59.0,4.8,1407.0,6,5,0.13
2,2,7.0,13.3,28.1,48.3,15.8,685.0,7,5,0.32
14,1,7.1,31.3,199.6,40.8,0.9,322.0,7,12,0.23
4,2,4.5,23.9,106.8,77.9,6.9,113.0,6,6,5.42
11,1,6.6,40.8,21.1,47.8,10.2,122.0,9,10,0.31
14,3,6.3,39.6,82.9,56.0,11.1,1010.0,3,7,0.36
10,3,6.0,30.0,199.2,52.2,7.7,440.0,2,9,0.22
14,3,5.0,39.3,73.0,45.2,14.3,165.0,6,6,0.22
0,3,8.2,22.5,186.4,68.7,18.5,373.0,7,4,0.52
0,2,7.7,27.6,129.6,91.5,8.3,666.0,0,5,0.92
0,2,7.2,28.4,37.3,37.8,17.1,473.0,7,5,1.55
0,1,7.7,16.8,161.4,21.4,15.9,542.0,9,5,0.58
11,0,8.0,35.1,55.9,73.5,10.8,802.0,6,2,0.1
3,1,5.2,35.9,77.3,63.9,2.8,1413.0,8,8,0.18
4,0,7.1,34.6,42.4,62.7,18.7,268.0,1,4,8.54
14,1,7.7,18.0,14.6,53.2,16.3,88.0,3,10,0.78
14,2,7.2,23.0,73.3,86.6,4.5,181.0,1,8,0.35
11,2,5.5,19.8,46.5,60.7,13.3,1274.0,8,2,0.11
9,2,5.5,28.0,60.5,74.4,18.4,727.0,5,2,0.86
12,2,5.7,22.8,12.3,31.2,2.4,772.0,3,11,2.75
0,3,5.7,15.2,8.0,37.7,1.0,104.0,5,6,0.97
11,0,8.0,26.6,25.0,56.1,5.8,1415.0,2,12,0.29
4,1,8.0,41.1,13.9,90.7,2.5,1209.0,6,3,7.37
0,2,4.5,13.1,173.4,42.4,15.1,797.0,1,1,0.17
0,1,8.0,12.3,38.1,40.6,7.2,684.0,4,4,0.34
8,3,7.8,25.2,167.2,75.9,5.5,852.0,1,9,2.18
6,0,5.0,23.2,49.4,33.8,17.4,603.0,3,12,0.2
5,2,7.1,13.6,36.0,27.7,7.7,303.0,8,1,0.68
1,2,7.0,25.2,36.2,44.3,18.1,346.0,0,7,0.67
10,1,6.4,39.1,55.8,72.9,6.4,1335.0,0,1,0.1
1,3,4.8,15.2,41.5,49.7,10.3,628.0,5,1,0.43
0,1,6.5,40.7,181.0,49.1,9.2,464.0,4,1,0.49
14,1,6.3,26.0,1.7,83.3,10.1,242.0,1,4,0.52
2,2,6.0,41.8,167.9,56.0,9.0,354.0,9,5,0.15
12,3,5.6,32.9,135.1,60.6,16.0,1295.0,1,8,6.22
1,2,5.6,22.6,155.8,86.7,15.8,164.0,7,9,0.57
9,0,6.2,33.1,153.6,94.6,8.6,210.0,4,8,0.38
9,3,5.5,34.8,34.5,47.4,16.1,366.0,7,6,2.05
1,2,4.7,20.8,167.5,61.4,11.2,1494.0,4,10,0.4
6,1,6.0,13.5,128.2,69.3,14.7,871.0,9,8,0.2
7,1,6.6,40.3,53.7,46.2,18.4,276.0,0,12,4.12
6,2,4.7,11.5,131.3,47.7,2.5,20.0,8,5,0.1
14,2,8.0,26.4,135.3,72.1,5.5,1389.0,6,10,0.27
1,3,5.0,21.0,64.6,75.8,9.7,184.0,0,8,0.24
10,1,6.9,12.0,9.7,62.1,7.9,638.0,0,11,0.37
6,0,6.2,28.6,120.0,51.0,9.0,745.0,4,2,0.2
12,0,4.7,31.2,35.3,68.9,8.5,658.0,0,3,4.08
0,2,8.3,20.1,172.6,67.5,0.9,464.0,4,11,0.49
1,1,6.9,14.1,97.7,77.1,5.0,229.0,4,11,0.91
8,3,7.3,27.6,140.9,93.0,12.8,77.0,9,4,1.31
9,0,6.7,30.4,63.2,23.6,1.9,1277.0,7,8,0.73
0,1,8.4,13.0,60.8,50.1,18.4,537.0,5,9,0.52
3,0,6.6,35.2,35.9,35.0,9.8,20.0,8,5,0.54
2,0,4.7,35.0,103.5,32.1,14.8,410.0,8,7,0.27
8,2,6.6,32.0,22.9,83.0,3.7,1303.0,1,2,2.08
0,0,7.7,21.1,198.3,23.3,12.2,421.0,4,8,0.61
2,0,4.9,41.0,197.0,90.3,7.9,1410.0,3,11,0.1
13,0,5.9,34.1,29.6,50.8,15.6,745.0,4,3,0.29
1,3,7.1,26.2,109.6,50.9,13.4,352.0,3,11,0.68
5,0,6.9,28.7,22.8,68.7,14.2,1061.0,2,9,1.15
2,2,5.6,19.3,85.6,87.1,8.2,281.0,6,6,0.16
11,0,8.5,18.8,177.5,60.0,19.2,1310.0,8,2,0.1
8,1,6.2,38.3,189.2,64.3,10.9,1200.0,9,10,1.68
1,2,7.5,39.5,51.1,56.5,14.4,465.0,6,4,0.32
14,0,7.2,36.9,19.7,56.7,6.4,758.0,8,10,0.5
11,1,5.4,25.0,95.2,34.2,18.7,1405.0,3,6,0.12
1,2,5.1,14.1,200.0,75.9,17.4,1384.0,3,1,0.33
8,3,6.2,31.9,3.4,56.2,17.4,351.0,0,4,1.31
9,0,7.0,11.0,152.0,92.9,19.5,39.0,1,4,0.3
6,0,6.2,23.9,11.1,50.8,16.3,836.0,9,2,0.21
6,1,6.1,18.3,195.3,28.9,7.9,1325.0,2,9,0.18
13,0,7.9,26.2,28.1,77.0,17.4,1190.0,7,8,0.41
5,2,6.6,10.4,89.3,79.0,20.0,913.0,8,2,0.23
1,1,8.4,26.4,126.0,34.7,8.7,431.0,5,4,0.31
12,1,7.8,13.6,42.9,48.7,1.9,579.0,0,2,4.78
1,0,7.5,21.9,10.2,59.9,15.3,475.0,9,3,0.36
3,0,6.5,26.4,25.7,45.2,4.1,205.0,1,9,0.25
10,1,8.4,12.6,101.1,35.6,18.5,1013.0,9,6,0.1
3,0,6.3,20.7,58.3,84.6,3.2,1116.0,3,4,0.47
8,3,7.1,39.6,121.0,51.7,10.4,404.0,1,4,0.67
13,1,7.8,17.8,106.4,52.4,2.1,1406.0,6,2,0.1
14,2,4.6,28.1,36.3,71.5,19.0,146.0,5,1,0.28
2,0,7.5,19.7,161.8,87.6,10.6,876.0,6,2,0.21
12,1,5.0,14.3,118.1,25.5,4.4,675.0,6,5,3.25
10,0,7.2,27.2,157.3,90.1,5.6,1453.0,3,12,0.25
2,3,5.1,18.4,38.8,59.7,4.7,1334.0,3,6,0.38
0,3,4.5,18.2,72.8,38.3,12.2,1414.0,0,1,0.54
13,0,5.0,34.4,3.7,67.1,0.8,277.0,1,7,0.26
0,0,4.7,20.2,74.3,51.1,10.3,1161.0,2,4,0.81
1,0,6.1,18.0,62.6,81.3,4.2,950.0,7,4,0.41
11,3,5.8,19.5,30.5,40.4,9.5,677.0,2,10,0.5
10,3,6.6,35.6,93.7,26.7,9.4,1066.0,5,10,0.13
9,1,6.2,41.2,112.1,26.3,3.9,211.0,6,12,0.27
3,3,6.7,11.2,76.2,66.5,19.8,1288.0,6,9,0.14
11,3,6.3,35.6,127.5,42.2,4.9,71.0,2,5,0.1
1,3,7.2,16.8,126.2,23.6,10.8,474.0,9,3,0.46
3,0,6.1,11.2,123.7,61.8,8.6,1265.0,9,2,0.1
2,1,5.3,12.2,191.3,94.9,14.7,1492.0,8,7,0.21
10,0,6.0,27.7,82.3,58.5,7.5,579.0,7,11,0.27
5,1,6.7,14.6,43.3,24.3,18.3,1050.0,2,6,2.01
11,3,8.0,22.0,186.8,47.0,12.4,457.0,5,11,0.24
12,3,6.2,14.9,32.9,31.9,11.2,1071.0,4,5,2.59
13,2,6.2,15.0,14.0,28.1,9.3,103.0,0,11,0.1
4,2,6.8,39.2,121.5,64.9,14.5,596.0,5,10,15.44
3,3,5.1,28.9,37.0,26.1,12.6,719.0,2,6,0.54
10,1,5.4,11.2,87.6,56.2,15.6,302.0,3,4,0.1
6,3,5.7,27.5,104.9,89.3,14.2,792.0,5,11,0.19
9,0,8.4,21.2,37.3,63.8,5.0,731.0,5,4,0.95
6,2,6.0,28.0,95.9,23.3,15.8,205.0,1,10,0.21
6,3,6.8,15.7,58.5,78.6,11.2,225.0,0,2,0.27
13,1,5.7,29.9,6.8,71.4,9.8,635.0,0,10,0.14
5,2,5.4,36.6,85.2,92.3,8.7,1218.0,7,7,0.57
1,1,5.2,18.6,157.8,66.3,16.1,793.0,6,9,0.59
0,0,7.1,28.0,198.4,61.9,18.9,1137.0,8,10,0.49
9,0,6.3,12.7,165.4,43.0,19.5,1326.0,1,8,0.22
3,3,6.3,14.4,99.0,23.6,5.8,1258.0,1,5,0.17
1,2,7.1,40.3,22.0,35.3,19.8,490.0,1,11,0.87
2,0,6.8,15.7,91.7,79.2,10.3,1024.0,9,3,0.22
4,0,6.9,34.8,156.3,51.0,6.9,35.0,8,2,12.06
9,0,8.2,20.2,114.7,21.4,10.8,176.0,6,5,0.7
12,3,7.5,28.3,119.9,44.6,4.2,1466.0,0,11,7.78
0,2,7.7,13.1,0.0,30.5,8.7,760.0,5,12,0.29
6,0,6.6,20.6,181.0,32.9,18.1,981.0,6,10,0.18
14,2,5.7,16.6,175.9,24.1,17.3,922.0,2,4,0.24
1,2,4.5,37.5,31.9,20.7,13.4,1392.0,2,1,0.2
14,3,5.4,15.4,0.4,37.7,3.9,401.0,4,8,0.29
3,3,8.4,32.9,173.3,89.5,13.1,727.0,1,7,0.21
2,0,6.3,19.0,84.2,66.4,7.1,1223.0,6,12,0.2
12,3,7.1,13.5,8.8,89.2,2.2,996.0,5,10,1.72
10,2,6.1,14.0,153.2,80.9,10.8,404.0,8,6,0.11
0,2,7.6,22.4,71.5,90.3,14.6,928.0,5,9,1.15
3,3,6.6,11.7,67.4,32.7,15.2,1207.0,4,6,0.29
7,2,5.1,13.2,137.0,45.4,7.1,890.0,0,5,1.97
13,2,5.4,39.5,106.3,33.4,2.8,1043.0,2,6,0.18
5,0,8.1,31.8,193.7,93.7,18.9,1261.0,5,2,0.39
4,0,7.6,24.1,133.4,66.0,12.3,962.0,6,1,14.3
14,3,8.5,15.4,32.2,84.9,8.2,1406.0,4,1,0.24
8,1,5.9,18.2,28.2,87.5,18.4,837.0,5,9,4.35
12,2,6.8,17.4,43.6,45.5,1.1,1111.0,7,6,9.09
2,0,7.9,12.6,7.7,48.2,10.2,173.0,1,2,0.21
14,2,6.8,24.4,2.3,50.3,7.2,136.0,0,1,0.27
6,0,8.2,26.9,100.7,25.3,12.0,1461.0,3,11,0.1
4,0,6.1,15.2,38.4,67.3,18.2,225.0,2,5,6.53
3,1,4.8,23.2,32.3,78.9,9.6,410.0,4,11,0.2
11,2,7.1,35.3,164.8,61.8,13.9,230.0,2,4,0.1
1,2,7.9,41.7,140.9,83.1,3.4,1200.0,3,9,0.27
7,1,6.3,33.8,80.1,64.1,11.6,204.0,5,8,4.58
13,0,4.9,39.3,189.1,55.5,11.5,1489.0,2,6,0.25
4,2,6.5,33.6,6.7,42.3,14.9,1256.0,0,6,7.8
9,3,5.9,16.0,183.1,72.8,17.5,1349.0,9,4,0.59
8,0,4.6,28.1,141.6,37.9,1.5,733.0,0,7,1.46
2,0,4.8,16.6,72.7,78.8,16.7,957.0,4,8,0.1
10,0,6.4,11.3,65.4,94.6,7.3,1488.0,1,9,0.2
9,3,4.6,39.2,146.8,44.6,10.6,1065.0,8,9,0.3
1,1,7.1,11.7,194.3,45.0,19.9,541.0,3,5,0.44
14,1,6.3,27.0,92.9,48.0,5.5,275.0,5,5,0.55
1,1,7.7,39.8,56.2,68.8,8.5,1481.0,4,11,0.39
13,1,6.8,11.2,93.1,37.8,3.9,1454.0,4,4,0.1
0,1,6.9,12.2,3.1,85.0,19.8,1108.0,2,4,0.33
0,0,7.6,16.6,145.9,86.8,6.3,463.0,3,2,0.28
12,3,6.1,19.5,108.8,31.5,9.6,970.0,1,3,11.81
1,2,6.1,27.3,90.0,22.0,3.7,1314.0,7,12,0.58
1,3,7.7,34.9,83.6,74.2,10.7,577.0,1,9,0.3
0,3,6.3,14.1,91.1,24.7,6.1,71.0,3,1,0.43
1,2,7.1,29.4,137.9,91.4,15.0,669.0,0,4,0.38
6,0,6.1,15.1,109.6,37.5,20.0,91.0,8,12,0.14
1,1,5.3,34.5,32.4,47.4,12.0,739.0,9,6,0.38
0,0,6.7,26.3,146.5,38.5,18.2,820.0,2,4,0.46
10,1,5.0,30.7,16.3,39.7,7.9,866.0,8,10,0.22
8,3,6.2,26.7,170.5,59.8,12.1,154.0,6,10,3.64
6,2,7.3,12.5,107.4,37.5,2.2,465.0,2,9,0.1
9,1,5.9,10.8,48.9,56.8,15.5,844.0,6,2,0.49
9,2,6.9,14.8,167.6,82.2,6.4,2.0,3,11,0.22
7,3,6.7,18.4,19.7,68.8,19.5,207.0,1,5,5.3
10,3,6.3,17.9,107.9,82.3,11.8,638.0,6,4,0.13
11,1,7.1,16.4,113.5,93.9,6.1,1321.0,2,7,0.14
4,3,4.8,31.3,28.0,95.0,16.2,670.0,7,11,9.04
10,3,4.6,25.6,110.3,29.1,14.1,65.0,4,5,0.1
3,3,8.3,14.7,139.9,59.4,18.4,1159.0,1,6,0.13
5,1,4.6,39.0,128.7,32.1,14.2,511.0,7,1,0.25
6,0,4.6,29.0,119.4,63.5,4.6,407.0,9,3,0.1
9,2,8.3,18.5,80.3,64.0,5.5,976.0,1,6,0.95
7,0,4.8,35.6,12.1,63.8,8.7,339.0,4,4,0.55
1,0,7.0,15.5,44.4,71.6,15.6,132.0,4,6,0.61
8,2,4.9,25.5,195.5,34.8,3.2,26.0,9,10,1.45
10,3,8.2,34.8,101.1,44.3,5.5,162.0,5,8,0.1
1,0,7.4,40.9,19.5,85.9,8.6,1034.0,5,9,0.49
13,0,7.5,34.0,92.1,93.8,2.0,94.0,6,5,0.26
10,3,5.7,36.9,51.9,26.9,17.1,1374.0,8,8,0.1
4,3,6.0,35.0,199.4,32.9,5.2,253.0,7,7,6.92
1,1,6.3,34.6,76.1,36.0,7.2,968.0,4,9,0.36
7,0,5.7,28.7,194.8,25.9,10.5,1004.0,5,8,2.77
1,1,5.7,22.3,104.8,40.0,11.2,1435.0,1,6,0.37
5,2,7.6,31.3,130.9,39.2,7.8,1450.0,9,4,0.35
10,0,6.5,33.7,19.5,47.3,10.7,255.0,5,6,0.22
12,2,8.1,13.2,126.0,91.1,6.5,1383.0,0,10,2.85
9,0,6.3,20.8,139.3,20.7,14.6,1157.0,0,10,0.38
6,1,6.7,38.7,35.8,43.1,10.0,558.0,7,10,0.21
0,2,8.0,22.8,21.4,40.0,9.9,113.0,9,12,0.57
7,0,8.3,10.9,83.6,33.7,2.9,1109.0,7,12,1.36
4,2,8.4,14.7,119.4,82.2,11.8,1003.0,9,9,7.51
14,2,6.1,23.9,172.0,71.7,14.6,1467.0,9,4,0.42
2,3,6.7,20.4,108.0,83.4,6.5,1440.0,4,5,0.29
11,1,7.5,19.0,54.8,48.4,6.8,1355.0,6,7,0.14
0,3,5.7,10.0,114.0,69.6,12.1,853.0,1,9,0.29
2,0,6.7,20.6,103.4,38.0,1.1,1123.0,9,10,0.19
7,3,8.3,25.4,124.7,37.7,13.3,926.0,6,4,1.18
5,0,8.1,10.9,99.8,90.0,18.1,1330.0,4,12,0.3
12,1,5.6,33.2,13.6,39.6,11.1,1291.0,5,12,3.23
5,1,6.5,26.6,129.3,92.5,1.5,1157.0,7,8,0.84
14,1,8.2,37.2,136.2,81.7,5.7,1006.0,4,3,0.13
14,3,8.2,14.5,125.4,89.8,14.2,901.0,3,9,0.21
1,1,4.7,41.9,118.8,26.4,1.3,1470.0,1,10,0.25
11,3,7.4,10.6,22.3,60.1,18.6,635.0,4,12,0.5
8,0,7.0,29.2,160.4,37.6,11.4,597.0,9,10,3.76
10,2,4.8,25.7,66.4,64.6,6.3,68.0,1,2,0.1
6,2,7.1,22.4,6.7,55.7,4.8,1455.0,7,7,0.32
1,3,6.8,35.2,152.8,73.1,13.7,329.0,2,5,0.24
0,0,7.6,13.7,143.0,63.9,8.7,611.0,2,9,0.19
2,0,5.7,24.7,173.6,65.9,1.5,74.0,4,5,0.27
4,0,6.9,34.8,40.8,70.1,10.0,1401.0,7,3,13.21
9,3,6.0,33.8,33.9,54.5,13.9,589.0,6,5,1.42
13,1,6.1,39.2,79.4,66.3,17.5,1395.0,8,3,0.15
10,0,6.4,13.3,9.6,39.2,4.7,436.0,5,4,0.16
1,1,7.3,32.5,125.5,26.1,12.3,130.0,2,10,0.5
6,0,7.3,23.9,23.3,78.1,12.5,944.0,6,6,0.42
10,3,6.3,40.9,187.0,65.4,4.1,1140.0,5,9,0.11
10,1,6.9,38.4,65.3,89.8,8.7,370.0,3,4,0.1
14,2,5.4,12.6,25.6,46.4,15.3,1156.0,7,1,0.2
13,3,8.1,39.3,170.0,74.3,8.4,922.0,2,4,0.1
13,0,6.8,20.5,159.2,91.6,2.8,601.0,5,4,0.12
8,1,8.3,29.9,52.0,39.6,7.6,1181.0,4,4,1.42
12,3,8.2,33.7,140.3,62.4,16.4,537.0,1,1,6.68
4,1,7.9,12.9,185.6,54.7,9.6,1002.0,5,11,4.55
11,0,6.9,41.0,133.3,87.4,15.7,1249.0,9,5,0.1
11,3,6.0,27.7,0.4,89.2,3.2,780.0,1,10,0.25
1,3,4.9,11.8,27.6,40.0,3.2,548.0,6,11,0.87
1,3,7.3,21.8,56.3,38.4,19.7,1014.0,3,9,0.68
11,0,7.7,12.5,63.9,23.0,5.2,887.0,2,3,0.1
5,2,5.7,38.3,66.9,66.1,13.4,369.0,0,3,0.36
12,1,4.8,23.9,6.5,75.1,5.2,190.0,6,2,3.97
13,1,6.1,38.3,131.5,56.7,1.7,1357.0,2,11,0.14
14,0,5.7,16.2,98.9,22.8,19.3,1272.0,4,10,0.37
9,2,5.9,37.2,163.6,85.1,10.9,106.0,3,12,0.35
9,1,8.4,41.3,33.0,41.1,15.8,862.0,6,9,0.31
5,3,6.7,26.3,162.6,86.4,2.8,1399.0,7,9,0.76
14,2,8.1,29.0,45.9,25.8,2.9,830.0,3,1,0.24
12,2,7.5,22.8,5.8,36.5,19.5,590.0,1,4,6.05
1,1,7.3,32.4,128.9,41.3,7.2,593.0,5,11,0.43
13,0,6.8,24.7,182.1,60.3,9.5,465.0,7,3,0.14
14,0,8.1,35.5,94.8,35.4,9.8,619.0,5,3,0.11
1,3,6.6,20.2,65.1,36.6,3.4,867.0,6,2,0.43
4,1,7.5,41.4,187.6,85.3,15.4,387.0,6,1,11.21
4,0,5.8,26.3,58.0,39.5,3.1,610.0,2,10,16.88
5,2,8.1,27.6,19.3,57.1,12.2,330.0,1,3,0.55
14,3,4.7,21.1,41.3,37.5,3.7,934.0,0,1,0.26
7,2,7.0,41.6,183.9,94.8,12.9,835.0,1,11,1.46
13,3,5.8,36.9,55.4,64.6,9.6,656.0,9,7,0.28
2,2,5.8,32.8,53.8,30.8,2.6,667.0,4,9,0.24
8,3,7.9,39.8,77.2,62.1,19.0,1276.0,9,2,0.7
4,0,5.8,18.7,191.9,76.1,5.7,866.0,9,3,6.09
3,0,4.9,29.3,89.8,55.5,17.2,218.0,9,4,0.16
0,1,5.9,19.6,144.0,47.5,17.7,403.0,8,7,0.91
0,0,7.8,28.2,162.4,63.7,12.3,298.0,9,8,0.59
7,1,6.4,27.6,94.2,56.9,1.7,1356.0,3,10,5.34
1,0,7.6,23.8,1.5,83.1,13.1,503.0,8,7,0.33
11,2,6.2,38.8,16.1,36.8,5.3,179.0,5,7,0.12
6,1,5.2,15.5,73.9,88.3,17.0,1067.0,8,8,0.25
12,1,8.4,28.7,75.8,83.9,17.1,725.0,8,2,11.84
9,2,5.8,35.6,29.4,20.8,4.7,940.0,7,11,0.59
2,2,4.6,19.9,79.2,64.2,7.3,1018.0,1,4,0.1
2,3,8.4,13.6,19.5,74.8,19.0,613.0,2,1,0.18
10,3,5.0,30.0,119.3,35.9,15.3,276.0,4,11,0.15
5,2,6.2,13.8,132.3,80.9,2.0,964.0,1,5,0.63
9,0,5.1,29.6,192.1,65.9,14.4,93.0,9,8,0.35
10,1,7.1,33.2,114.7,67.5,15.1,110.0,9,1,0.1
9,0,5.5,11.2,168.7,71.9,14.6,747.0,6,8,0.19
9,0,5.7,33.8,33.5,72.0,13.3,361.0,5,2,0.62
1,1,5.6,10.5,189.8,78.0,13.0,1082.0,8,2,0.36
8,1,6.1,32.1,6.9,93.7,17.7,523.0,0,10,2.56
9,0,8.3,13.7,82.2,26.0,2.4,1093.0,9,1,0.22
12,2,6.8,24.3,120.4,94.8,4.4,1051.0,5,12,6.72
5,3,6.5,41.2,5.3,47.0,14.3,29.0,2,3,0.25
3,1,7.1,35.3,67.1,92.9,9.5,819.0,3,2,0.25
10,0,8.2,37.4,54.7,25.6,6.7,300.0,9,8,0.1
4,2,5.8,11.1,22.1,45.9,19.8,110.0,6,11,4.47
1,1,5.1,25.5,75.9,78.6,13.5,15.0,9,9,0.49
11,2,7.9,32.6,114.1,55.1,18.0,1260.0,5,1,0.1
8,1,6.0,15.2,189.6,65.0,9.6,670.0,4,2,1.81
12,1,4.5,38.2,104.7,65.3,10.1,1485.0,5,4,5.06
7,0,7.9,13.2,149.8,49.6,5.1,217.0,5,4,1.48
7,1,8.1,39.2,26.8,23.6,16.1,441.0,5,9,1.96
12,1,8.0,35.3,112.6,82.7,3.8,47.0,9,7,12.16
4,1,6.2,24.2,13.0,86.3,6.9,901.0,5,8,7.78
3,1,6.8,38.7,49.3,43.5,6.0,333.0,2,5,0.63
8,1,4.7,14.1,32.9,89.5,5.8,603.0,3,11,3.27
1,3,7.7,24.6,190.1,77.4,16.3,1327.0,9,12,0.53
11,1,6.9,31.8,188.4,91.7,16.3,806.0,3,5,0.1
5,0,5.4,24.4,136.8,91.9,4.8,398.0,6,9,0.6
1,0,5.8,21.6,145.3,57.1,15.4,580.0,6,12,0.47
12,3,6.9,35.2,9.4,89.9,9.8,926.0,0,8,6.23
14,3,4.7,28.0,60.6,83.1,13.6,1065.0,7,4,0.35
2,0,5.3,31.0,79.1,42.4,1.0,706.0,2,12,0.35
9,2,8.5,28.8,87.6,32.0,2.2,23.0,8,8,0.36
7,0,5.1,28.8,13.5,33.9,7.2,540.0,8,1,3.82
12,1,7.6,35.8,39.6,80.4,7.8,264.0,9,6,8.29
3,3,5.8,16.5,185.6,61.6,19.9,309.0,9,12,0.11
4,2,5.6,25.9,4.7,87.9,4.9,209.0,2,8,5.42
10,1,8.2,36.4,80.2,45.5,18.0,733.0,7,10,0.12
12,0,7.9,12.4,11.0,41.2,1.3,1293.0,9,12,1.27
2,0,7.0,32.6,110.4,77.6,13.4,796.0,1,8,0.46
5,3,7.8,16.9,77.7,86.8,18.7,261.0,9,6,0.71
0,3,5.3,28.5,185.3,38.7,12.6,1394.0,1,12,0.51
13,0,6.1,14.2,83.5,34.3,18.1,1332.0,6,2,0.1
6,2,5.2,10.6,142.7,29.8,3.1,1065.0,0,2,0.1
10,1,6.6,10.3,151.8,58.3,8.3,872.0,7,3,0.12
7,3,4.7,39.2,3.6,80.7,3.3,732.0,4,4,0.64
6,0,8.1,31.5,153.3,54.9,2.5,765.0,6,11,0.1
5,3,5.0,24.2,165.6,35.3,15.6,1128.0,4,7,0.92
6,2,7.3,12.4,41.3,71.5,8.0,339.0,2,8,0.27
0,2,4.6,25.8,150.8,29.3,4.9,1010.0,6,8,0.85
13,1,6.1,35.2,180.4,30.5,3.3,452.0,0,6,0.29
9,0,4.6,36.1,117.1,57.7,11.5,208.0,1,12,0.23
14,0,6.4,40.2,16.4,70.9,12.1,861.0,8,10,0.47
10,0,6.1,33.5,135.9,23.9,14.8,1312.0,1,11,0.22
12,0,4.5,17.0,160.2,62.1,6.8,1284.0,1,6,2.47
8,0,5.8,21.3,119.7,85.4,0.7,847.0,0,6,2.66
8,1,6.3,37.0,1.5,29.9,13.4,783.0,7,11,1.59
2,1,7.6,41.2,28.4,76.4,5.4,686.0,7,9,0.22
6,0,5.9,17.8,191.1,71.2,12.2,82.0,8,11,0.11
3,0,5.8,20.2,195.2,76.3,17.6,1065.0,5,8,0.1
1,3,5.2,27.3,110.4,58.3,18.1,1060.0,5,3,0.3
14,3,7.2,31.4,108.8,22.9,13.4,1434.0,8,8,0.4
10,1,5.9,38.9,100.9,60.2,17.3,1116.0,5,12,0.1
2,3,7.1,40.1,163.4,57.7,12.8,1085.0,2,2,0.16
3,0,7.1,21.9,77.3,75.4,19.8,1482.0,1,1,0.26
2,3,8.4,34.9,127.7,81.7,14.3,1433.0,2,12,0.18
6,1,6.4,27.1,54.6,48.2,2.9,1399.0,8,3,0.35
4,2,4.9,28.6,0.3,83.4,10.1,24.0,7,7,3.79
10,3,4.9,31.5,70.9,49.1,17.3,1412.0,3,11,0.11
8,1,5.4,14.1,53.6,82.5,18.1,343.0,3,5,3.32
11,1,6.9,24.1,17.6,85.8,3.6,88.0,8,12,0.48
4,2,7.0,10.7,96.2,26.0,8.1,63.0,4,11,11.93
1,0,6.1,20.1,116.1,38.9,5.5,1295.0,3,9,0.64
0,3,8.2,38.9,172.7,23.0,4.3,1416.0,4,5,0.68
10,1,8.4,24.1,179.4,49.2,18.1,1279.0,9,10,0.24
8,0,8.4,14.5,144.7,78.5,19.9,178.0,4,8,0.93
13,1,6.6,20.0,148.8,63.0,2.9,1323.0,9,1,0.1
10,2,8.4,16.5,143.2,29.3,16.4,549.0,2,7,0.11
10,1,4.5,13.1,156.8,79.1,4.1,1139.0,4,10,0.11
11,0,4.9,10.4,155.0,75.2,13.7,126.0,2,10,0.15
6,0,5.4,33.7,134.7,38.0,3.7,1125.0,2,1,0.13
11,1,5.4,37.5,174.9,89.7,14.6,492.0,9,8,0.1
14,1,7.0,22.7,116.6,66.4,18.7,1194.0,7,9,0.62
11,2,4.8,26.1,173.2,59.0,1.6,1146.0,8,12,0.1
3,0,5.7,31.5,118.4,46.0,16.9,1164.0,6,7,0.2
4,2,6.9,22.6,95.8,85.1,2.9,32.0,5,2,27.29
11,3,7.0,38.6,105.8,70.3,19.2,34.0,8,6,0.1
6,0,4.7,10.7,136.7,39.2,13.9,500.0,2,2,0.1
8,3,7.2,28.6,3.3,81.3,16.6,838.0,2,10,2.78
5,2,8.3,33.2,195.7,70.1,10.6,1057.0,4,9,0.46
7,2,6.3,13.7,150.2,37.4,13.2,77.0,4,1,3.36
3,3,8.4,14.7,83.8,27.9,4.8,1086.0,7,8,0.11
12,0,4.5,20.5,54.5,70.7,1.0,886.0,6,7,3.86
4,3,6.1,26.6,142.5,57.0,16.3,1450.0,3,3,11.79
8,2,8.2,29.9,43.6,21.5,14.9,103.0,5,7,1.71
10,2,5.9,18.4,146.7,81.1,7.2,561.0,0,8,0.1
0,3,5.1,17.8,65.7,69.6,11.3,1394.0,6,11,0.74
5,0,8.1,30.8,110.3,28.9,4.0,1337.0,9,10,0.89
2,3,5.2,12.2,8.1,28.1,2.3,1335.0,8,7,0.18
8,0,5.5,29.0,173.2,69.9,17.9,1121.0,7,5,2.13
0,3,5.4,15.3,76.4,31.6,7.7,632.0,3,6,1.6
0,3,6.2,35.7,177.2,75.0,17.6,867.0,8,8,0.92
0,2,4.7,10.8,181.9,79.0,12.0,625.0,2,4,0.26
9,1,5.7,40.0,45.7,86.6,3.1,453.0,7,3,0.52
7,3,7.2,29.7,117.2,48.5,16.4,468.0,6,9,3.57
7,0,8.5,15.6,101.5,52.6,18.1,46.0,1,3,0.95
14,0,8.3,30.5,168.0,52.3,19.1,331.0,3,3,0.15
6,2,8.1,14.2,16.4,25.3,12.0,62.0,3,2,0.1
1,2,6.4,28.7,144.4,91.4,13.2,874.0,5,10,0.69
12,2,4.9,24.7,8.1,44.9,5.8,680.0,7,11,1.65
2,3,7.4,24.6,174.7,70.7,11.7,785.0,5,7,0.28
8,3,5.9,34.0,83.7,23.6,12.8,417.0,8,7,1.79
8,0,5.0,19.8,40.2,66.7,17.8,1424.0,1,10,3.34
14,0,4.8,19.3,196.6,76.4,10.1,803.0,5,6,0.27
10,0,7.6,21.4,35.5,54.9,5.1,682.0,0,2,0.21
4,1,6.5,13.6,129.7,59.0,12.2,300.0,4,12,8.71
12,2,7.2,19.3,167.6,90.9,8.3,111.0,2,10,4.68
13,1,5.8,35.1,103.8,24.1,10.4,1403.0,8,3,0.14
13,3,7.0,20.2,139.1,74.2,1.9,496.0,6,1,0.11
10,2,5.2,10.3,141.1,34.4,11.6,113.0,3,8,0.1
1,2,7.1,13.6,55.6,90.0,14.4,401.0,4,6,0.58
3,2,6.3,35.5,56.6,86.1,4.4,4.0,0,12,0.29
7,3,4.5,13.4,57.4,29.0,5.5,1096.0,9,2,3.08
12,2,5.3,14.6,103.3,87.2,16.4,812.0,3,8,4.18
13,0,5.9,17.2,20.8,34.2,8.7,346.0,5,5,0.25
7,3,7.6,30.0,42.5,92.0,4.7,990.0,4,11,5.63
6,0,6.4,22.3,116.1,85.9,12.3,832.0,3,4,0.19
7,1,5.0,38.1,111.1,42.5,8.0,1229.0,2,1,1.41
12,1,6.2,15.8,124.0,65.0,9.4,1076.0,9,7,8.1
0,0,7.0,16.2,96.2,21.3,19.7,1450.0,1,12,0.51
1,1,4.9,32.4,105.9,33.6,6.6,975.0,1,1,0.13
14,1,6.7,23.0,167.3,35.0,13.6,640.0,9,8,0.48
9,3,5.5,27.2,168.6,78.9,2.7,578.0,9,11,0.52
7,1,7.4,18.2,132.1,35.5,0.6,1193.0,0,5,3.03
1,3,5.3,37.3,124.0,42.9,10.4,1411.0,3,6,0.2
11,3,7.7,10.3,88.2,90.3,10.6,230.0,0,9,0.19
1,1,7.2,38.5,44.3,27.0,8.1,931.0,2,1,0.38
14,1,6.2,23.0,88.2,48.8,10.2,392.0,4,9,0.64
3,0,6.0,18.5,157.1,40.2,19.6,69.0,5,2,0.14
0,1,5.8,15.2,70.4,52.7,2.6,1193.0,3,5,1.58
1,3,7.8,32.5,96.8,59.0,10.6,1030.0,8,2,0.2
7,1,7.1,20.2,183.8,23.4,9.1,564.0,2,12,3.61
13,1,5.0,36.8,186.2,44.2,15.2,530.0,1,3,0.12
7,1,5.7,12.5,29.7,32.4,14.6,997.0,0,10,4.35
1,2,5.7,29.9,145.3,72.8,11.8,893.0,6,10,0.55
7,0,7.0,36.2,84.8,71.8,11.3,1321.0,0,3,1.13
2,1,7.0,16.5,95.2,20.6,16.6,479.0,3,4,0.12
2,1,4.5,35.0,189.0,41.7,12.0,474.0,9,11,0.13
9,3,8.0,21.3,143.6,40.5,11.8,337.0,2,8,0.35
13,3,5.6,15.3,108.0,42.7,9.7,1101.0,2,3,0.1
12,3,8.1,32.4,88.0,29.5,13.4,1004.0,3,10,5.44
4,2,8.1,10.4,166.1,35.5,19.3,47.0,0,6,2.6
8,3,8.0,35.3,126.9,69.3,14.4,1063.0,9,4,0.4
13,3,5.4,21.6,132.1,73.2,1.9,815.0,6,12,0.1
9,2,5.6,21.1,53.3,72.0,8.7,1277.0,9,6,1.97
7,2,7.6,13.3,3.7,23.4,5.1,184.0,7,2,2.07
10,2,7.5,34.8,179.9,94.9,19.5,751.0,3,11,0.21
10,2,6.0,16.5,158.3,35.6,18.7,950.0,7,1,0.12
1,0,6.2,18.5,23.1,35.6,14.4,790.0,5,11,1.52
8,1,6.6,25.6,90.2,83.6,11.5,21.0,1,12,3.23
5,3,8.1,39.9,35.9,74.2,9.3,667.0,0,8,0.73
13,0,8.1,33.0,127.7,31.3,13.6,403.0,7,11,0.14
11,3,7.2,36.3,156.7,20.9,1.6,377.0,4,4,0.1
2,2,6.4,40.9,24.1,87.2,18.2,1131.0,1,3,0.22
9,1,4.5,10.5,34.4,71.3,16.8,928.0,0,9,0.24
7,1,7.3,11.2,40.6,78.1,4.7,193.0,8,5,3.46
5,2,5.4,21.1,50.1,30.9,7.9,382.0,1,9,1.22
3,2,6.5,23.1,6.7,58.5,18.3,378.0,7,5,0.38
10,0,8.1,36.5,37.6,31.0,17.6,1344.0,2,2,0.1
0,3,8.0,34.1,82.9,48.6,18.9,1121.0,6,7,1.92
14,0,7.8,13.9,197.0,94.0,9.2,158.0,8,8,0.27
3,0,4.7,13.2,58.1,21.1,7.1,768.0,0,9,0.1
4,2,6.8,31.5,148.4,54.2,13.3,354.0,0,11,11.79
12,1,8.3,14.8,101.0,35.6,19.3,1261.0,0,1,4.59
13,1,8.3,34.5,144.9,57.9,14.4,1255.0,9,2,0.11
5,1,7.5,26.2,195.5,83.7,10.9,23.0,2,11,1.18
9,2,6.4,28.1,99.9,72.2,11.5,344.0,9,11,0.47
14,2,4.6,18.9,146.4,36.8,3.8,465.0,5,2,0.13
2,1,4.7,28.3,185.4,47.2,13.3,1497.0,0,12,0.19
4,3,7.9,36.0,88.5,50.1,3.2,73.0,6,10,23.17
10,3,7.8,15.4,98.7,52.8,2.8,506.0,4,1,0.15
10,3,5.3,31.8,117.8,54.4,14.1,666.0,5,3,0.1
6,0,6.6,18.0,83.7,59.7,9.7,23.0,0,5,0.24
14,0,6.9,20.0,192.6,81.5,9.2,1343.0,6,10,0.56
13,1,5.3,34.6,112.6,72.6,15.9,215.0,7,2,0.11
0,3,5.0,41.9,49.5,94.6,7.6,202.0,7,10,0.82
11,2,7.6,33.3,131.8,50.0,19.4,791.0,7,6,0.1
8,0,6.5,23.7,0.7,25.9,9.5,1326.0,5,7,2.84
10,1,6.8,18.3,44.0,36.6,13.9,125.0,7,4,0.15
5,1,5.0,22.9,142.8,66.0,15.3,989.0,4,12,0.75
13,1,5.2,22.0,192.7,49.9,9.0,753.0,4,5,0.14
0,1,5.1,36.1,193.3,94.3,4.8,716.0,5,5,0.76
10,0,4.9,29.0,116.6,74.8,7.5,489.0,9,1,0.1
11,2,7.5,36.4,47.3,83.4,7.8,1164.0,1,9,0.11
11,0,5.4,34.9,63.4,59.0,14.4,203.0,5,3,0.1
2,2,5.9,14.1,133.3,93.6,15.7,724.0,8,2,0.15
4,3,6.0,29.8,147.0,57.5,5.3,791.0,0,8,6.66
10,3,5.6,20.4,132.4,67.3,10.7,530.0,6,9,0.16
4,0,6.5,16.8,85.7,94.4,2.9,1325.0,6,10,19.71
13,3,7.9,18.3,11.1,46.5,15.1,1183.0,6,8,0.12
4,2,5.1,13.8,152.4,61.1,1.6,1078.0,2,12,4.37
14,0,6.4,36.9,194.5,56.4,5.4,743.0,3,1,0.23
14,2,8.0,19.5,146.8,43.7,16.5,887.0,8,10,0.25
0,0,5.9,22.2,3.6,39.4,5.5,1402.0,0,2,0.52
11,2,5.5,24.5,30.8,90.7,16.2,470.0,4,12,0.35
9,1,6.8,10.1,3.8,22.8,17.9,318.0,4,11,0.23
8,2,6.8,29.1,161.2,35.2,18.2,1395.0,0,11,2.93
0,2,6.0,12.5,87.8,69.1,6.0,178.0,6,11,0.54
4,0,5.9,32.1,125.2,39.9,7.7,507.0,7,1,14.12
2,2,7.1,41.4,198.9,23.8,12.5,1282.0,2,6,0.15
1,0,6.2,29.7,50.5,51.1,10.0,1062.0,6,8,0.48
11,3,5.9,35.1,98.2,45.7,10.3,155.0,4,3,0.1
10,0,6.5,32.6,60.0,35.2,5.0,233.0,7,11,0.23
8,0,6.6,14.6,100.4,35.3,10.4,156.0,7,12,3.34
0,0,6.9,18.2,186.3,82.1,13.8,1270.0,1,5,0.63
2,1,8.0,37.7,185.0,94.4,8.7,96.0,1,5,0.17
11,3,5.2,22.6,165.2,64.5,16.8,1429.0,6,6,0.1
4,1,6.1,12.1,142.9,50.0,6.5,629.0,3,6,3.91
6,0,5.8,23.7,158.9,78.3,13.7,1262.0,2,12,0.15
4,2,6.7,22.5,117.9,93.5,9.6,1427.0,0,3,17.4
2,2,7.8,11.0,91.9,85.5,7.4,38.0,3,8,0.13
5,1,6.9,13.4,61.3,93.0,9.7,892.0,4,2,0.69
10,1,5.7,37.9,185.2,66.3,19.1,1179.0,3,8,0.1
0,2,8.5,31.1,87.4,82.2,5.2,21.0,5,9,0.46
12,0,6.5,28.0,6.5,73.3,18.3,822.0,2,7,5.51
6,1,7.1,27.4,35.8,82.8,14.3,1097.0,1,11,0.37
7,1,4.6,10.5,93.1,50.9,3.3,1435.0,4,1,1.25
12,2,4.7,28.4,176.8,51.5,13.0,222.0,8,9,1.91
0,0,5.2,12.2,126.6,70.0,15.7,1037.0,9,2,0.18
5,0,7.9,25.3,159.5,20.2,8.0,968.0,7,5,0.73
4,1,4.8,14.5,113.7,24.9,13.1,1494.0,7,2,5.99
14,3,8.1,39.5,83.2,48.4,17.2,1174.0,3,11,0.18
5,2,5.5,32.3,173.3,76.4,8.6,1300.0,0,9,0.64
8,3,8.3,29.6,74.8,80.1,12.2,478.0,7,1,1.25
10,1,8.4,32.5,12.1,44.8,13.8,395.0,7,9,0.23
10,0,8.4,29.9,19.6,79.5,3.7,792.0,2,8,0.24
12,3,5.2,18.4,31.9,48.5,14.3,360.0,0,7,4.43
4,2,6.0,19.9,109.0,66.3,5.1,1469.0,3,3,13.55
13,2,6.1,19.0,135.0,65.3,16.6,1317.0,7,9,0.1
8,3,7.6,21.7,128.1,89.5,2.5,325.0,0,11,2.69
7,0,8.0,37.1,81.1,60.5,1.5,420.0,3,7,1.87
12,3,6.9,10.8,62.8,22.3,11.9,324.0,4,2,6.78
11,3,7.9,36.7,25.2,22.7,15.8,36.0,4,1,0.11
9,3,5.0,30.0,36.4,20.1,12.5,1190.0,6,8,0.82
13,0,4.9,35.8,24.0,89.9,10.1,901.0,6,2,0.27
10,3,5.3,32.3,37.2,76.7,14.9,617.0,3,12,0.21
12,0,4.7,15.8,111.1,57.2,11.3,1444.0,8,3,3.04
7,0,6.3,20.5,57.0,72.9,5.0,517.0,9,11,8.25
2,1,5.4,29.3,17.1,39.4,8.2,409.0,4,12,0.5
0,0,5.9,18.3,100.1,71.3,3.2,1318.0,0,4,0.61
14,0,6.2,29.7,116.7,77.1,13.6,999.0,2,12,0.26
5,3,5.3,37.2,105.9,92.8,8.9,1421.0,5,7,0.38
14,0,5.2,31.5,117.2,56.7,10.8,1220.0,5,12,0.23
14,3,7.3,38.8,103.2,56.7,13.5,18.0,4,5,0.39
10,2,7.5,16.2,177.9,29.8,17.6,1346.0,4,12,0.22
2,1,7.2,15.4,143.9,73.9,15.2,303.0,1,8,0.17
7,3,8.0,34.9,30.0,58.9,13.3,440.0,9,6,4.08
13,2,7.6,12.3,100.9,94.8,5.2,1286.0,1,8,0.1
1,0,7.0,31.5,171.6,70.7,16.3,541.0,6,6,0.18
8,2,6.2,36.9,83.0,66.2,16.5,884.0,8,9,1.01
2,0,4.7,30.9,141.9,80.0,2.4,1263.0,4,2,0.24
11,3,5.1,13.0,45.7,56.6,8.0,40.0,9,8,0.12
2,0,7.9,35.6,199.5,31.4,15.0,393.0,8,8,0.26
5,0,8.3,36.7,183.7,87.4,17.7,881.0,7,9,0.53
13,3,7.2,38.0,26.3,91.8,14.2,1462.0,2,10,0.26
1,2,6.1,31.0,53.5,84.8,7.8,620.0,7,8,0.33
1,1,7.5,28.3,172.4,44.2,4.8,714.0,5,12,0.57
8,2,7.0,18.6,38.8,79.3,15.9,714.0,3,4,3.01
3,1,5.6,13.9,144.7,90.2,4.3,951.0,2,11,0.1
5,0,5.1,36.9,115.4,54.4,15.2,1453.0,0,4,0.34
9,3,8.0,25.3,14.3,36.8,5.1,1247.0,9,2,0.41
0,1,5.8,17.9,148.9,80.9,3.8,1347.0,0,5,0.83
12,3,4.9,41.2,144.3,71.1,15.4,1237.0,0,12,2.35
9,3,5.2,16.7,136.8,73.0,9.9,1064.0,3,8,0.3
10,3,5.1,31.7,53.2,69.5,1.4,844.0,5,11,0.19
1,0,8.4,37.6,82.2,57.2,6.7,968.0,2,2,0.14
9,0,5.7,12.5,64.8,67.0,11.4,876.0,0,11,0.42
1,3,4.7,16.2,186.8,25.5,9.5,584.0,5,7,0.22
4,3,6.1,40.8,174.7,93.2,12.3,1085.0,4,9,8.34
3,2,7.3,35.8,7.5,22.4,10.3,1284.0,8,1,0.17
11,3,6.7,32.4,119.3,77.6,9.0,141.0,8,3,0.1
7,3,5.1,28.7,88.9,48.0,3.6,141.0,1,6,3.7
1,3,5.6,26.8,25.8,66.0,10.0,1427.0,8,11,1.19
11,1,7.9,22.7,185.8,84.5,15.8,272.0,9,8,0.11
2,0,8.5,39.9,77.5,82.7,6.2,230.0,4,8,0.17
0,2,8.3,36.9,30.9,85.2,3.7,602.0,5,1,0.82
0,1,4.8,29.0,135.6,48.5,14.0,121.0,2,3,0.49
0,1,8.2,21.1,69.2,81.6,18.7,746.0,1,6,2.07
1,0,5.6,18.0,158.1,50.0,7.6,355.0,0,4,0.31
7,3,6.0,11.5,87.1,24.9,16.4,1099.0,5,11,2.02
2,1,7.6,34.9,12.9,50.1,9.4,749.0,1,12,0.34
1,0,4.6,30.4,78.5,35.0,7.5,809.0,8,9,0.14
0,2,4.6,23.7,63.4,86.3,14.7,1112.0,7,8,1.81
4,3,5.6,36.8,70.6,64.4,3.0,1095.0,1,7,12.35
5,1,5.4,23.6,174.4,34.1,1.2,994.0,3,4,0.45
9,0,5.7,27.2,37.1,83.3,14.3,73.0,1,12,0.76
9,0,7.2,34.4,192.1,38.3,1.8,1065.0,5,11,0.41
6,1,8.3,20.3,33.1,36.7,12.1,617.0,0,6,0.49
6,1,5.3,18.2,156.6,68.8,13.6,679.0,9,1,0.15
1,0,6.3,28.2,51.9,20.1,4.7,941.0,2,3,0.46
6,0,4.6,15.0,173.1,23.4,4.9,410.0,7,3,0.1
13,3,4.6,15.2,189.8,44.7,11.8,773.0,7,3,0.1
0,0,5.3,17.7,37.1,39.6,1.4,1173.0,3,1,0.45
12,3,5.6,39.0,157.3,30.4,16.3,1448.0,4,12,3.08
9,1,7.8,12.5,177.9,75.6,16.4,579.0,9,8,0.18
10,2,4.9,16.1,123.3,60.8,10.2,376.0,9,4,0.1
12,3,5.6,34.4,152.4,90.4,1.0,885.0,1,10,4.21
4,3,6.3,34.1,118.6,78.7,14.3,595.0,0,4,11.53
4,1,6.4,42.0,32.3,73.5,13.3,260.0,3,1,17.17
7,2,7.2,22.9,50.1,25.2,13.5,1294.0,2,5,5.04
14,0,5.5,15.4,3.3,26.8,6.5,927.0,1,6,0.35
9,2,6.6,19.9,69.1,35.3,2.8,191.0,5,11,0.74
7,0,5.5,38.1,118.3,74.7,12.7,1358.0,8,6,2.06
13,1,5.1,20.9,2.6,52.9,18.8,412.0,0,2,0.1
14,2,7.4,11.3,175.5,28.5,1.9,276.0,6,9,0.2
7,1,6.5,12.9,153.4,70.0,15.6,214.0,7,1,2.65
6,2,8.3,22.4,191.8,29.0,12.8,1187.0,9,12,0.11
6,1,7.5,23.4,73.1,37.2,6.7,432.0,2,2,0.16
2,0,5.2,39.9,172.7,41.8,8.3,127.0,7,11,0.15
11,2,6.1,22.6,179.4,29.0,10.7,786.0,4,4,0.13
11,0,8.4,11.3,108.9,53.8,8.3,267.0,9,9,0.19
12,3,6.4,11.7,84.4,60.3,14.6,465.0,3,4,5.47
11,3,5.6,10.0,104.6,46.2,15.9,210.0,8,10,0.21
9,2,6.7,11.4,82.6,93.8,17.7,80.0,5,8,0.38
4,0,8.3,30.7,99.4,50.8,11.4,1412.0,7,7,9.76
6,0,5.1,20.6,77.5,84.8,18.3,128.0,4,5,0.26
6,1,7.0,28.9,95.8,62.2,17.2,1072.0,1,9,0.23
6,1,5.6,33.5,52.6,37.3,9.2,602.0,2,11,0.22
8,2,7.0,30.7,46.2,48.0,4.8,325.0,7,10,3.43
9,0,4.9,36.6,35.3,54.3,6.1,926.0,0,9,0.47
5,0,5.6,17.9,41.1,88.4,8.0,39.0,6,11,1.59
2,3,4.9,17.5,176.6,38.0,18.8,925.0,5,12,0.1
9,0,8.3,14.9,41.9,87.4,2.4,1388.0,2,7,0.51
2,3,7.3,26.7,51.9,75.6,12.6,1498.0,9,9,0.38
7,0,6.4,30.3,79.4,82.0,11.6,1388.0,2,11,4.36
5,1,8.3,35.0,191.9,53.5,0.7,515.0,6,5,0.54
4,1,5.5,27.8,156.1,84.5,18.1,817.0,7,8,6.15
6,1,7.1,10.1,141.0,46.1,3.5,684.0,3,7,0.19
3,3,7.8,17.6,22.1,43.6,3.4,1151.0,0,7,0.33
1,3,7.8,39.0,187.2,21.3,13.3,327.0,2,3,0.17
8,1,6.4,13.2,193.0,57.8,17.0,1107.0,4,2,1.63
3,2,7.7,38.4,5.6,39.9,11.5,107.0,4,4,0.35
1,2,4.8,36.6,93.8,82.2,6.8,324.0,9,9,0.16
11,3,4.9,21.5,171.0,52.0,3.6,1472.0,1,9,0.11
13,2,5.4,20.2,64.9,75.2,5.8,250.0,2,2,0.1
0,2,6.7,23.9,150.9,60.6,14.5,529.0,6,4,0.61
9,0,4.6,32.4,60.5,29.4,4.8,1143.0,2,2,0.58
0,3,6.2,40.9,140.3,63.6,8.9,1354.0,8,12,0.53
5,3,6.5,36.3,180.1,76.3,7.8,698.0,3,5,0.72
7,0,6.9,24.1,197.5,68.0,12.5,1108.0,5,11,3.84
3,3,8.0,18.0,149.2,64.2,6.8,1094.0,1,4,0.31
3,0,7.7,14.3,55.9,38.3,7.4,680.0,4,10,0.16
7,0,7.0,23.1,166.3,38.4,9.5,659.0,4,7,5.18
9,3,4.7,25.8,55.5,45.6,11.8,235.0,9,4,1.12
13,2,4.8,37.0,74.4,58.8,14.4,837.0,6,6,0.17
2,3,5.3,30.1,98.1,64.0,2.7,926.0,5,10,0.17
8,2,5.0,33.6,18.1,54.9,7.8,1306.0,0,4,0.77
12,2,6.7,31.5,78.2,40.3,4.9,9.0,2,1,11.44
4,3,7.7,34.2,127.7,87.9,2.2,172.0,7,6,8.22
1,0,8.1,31.1,146.8,78.4,9.2,518.0,9,7,0.15
11,2,6.4,13.3,118.7,46.9,6.3,1019.0,3,5,0.14
12,2,7.6,15.6,6.8,59.7,12.8,207.0,0,3,2.8
7,0,7.5,35.9,142.2,43.9,8.6,841.0,7,9,1.83
7,2,6.1,34.6,108.2,24.8,12.7,894.0,2,12,2.41
7,2,5.6,38.6,97.1,80.1,11.9,802.0,2,5,1.28
5,1,5.7,36.6,63.7,70.1,1.0,253.0,2,2,0.66
7,1,5.8,27.2,136.1,85.5,15.8,750.0,7,9,4.15
6,1,7.3,32.2,0.8,48.6,17.5,875.0,1,5,0.22
13,3,7.6,25.1,43.1,58.0,11.0,297.0,1,2,0.11
2,1,7.3,29.7,114.6,29.0,16.0,1442.0,4,6,0.36
2,3,8.0,27.3,195.3,61.2,14.3,1454.0,8,12,0.17
4,2,7.5,17.7,130.3,54.3,0.8,1465.0,9,3,12.39
4,3,6.5,29.2,92.1,89.1,11.3,11.0,2,10,26.38
12,2,6.3,29.2,107.6,94.6,11.3,264.0,9,7,14.81
6,0,6.1,12.1,104.4,86.2,18.2,403.0,0,1,0.1
4,3,5.0,16.9,144.8,26.9,12.8,547.0,0,3,4.69
6,2,8.1,39.6,196.8,20.7,14.9,439.0,7,6,0.11
13,1,8.1,11.5,123.1,56.8,18.7,1135.0,2,6,0.12
14,2,4.5,35.9,77.4,53.3,6.1,1243.0,6,3,0.11
14,2,7.7,39.2,73.2,51.7,6.1,376.0,5,9,0.32
14,2,5.4,19.4,104.1,30.6,16.7,983.0,3,7,0.32
8,0,7.8,20.7,89.7,90.0,2.9,759.0,6,12,2.76
6,3,5.1,37.2,57.9,73.3,1.6,610.0,8,7,0.26
5,3,5.0,23.1,164.2,65.4,5.4,439.0,2,12,0.64
8,0,6.0,26.2,0.6,87.8,15.2,657.0,1,10,3.84
8,2,8.1,39.4,46.1,94.4,10.3,1323.0,2,3,0.48
7,2,7.4,26.2,132.5,68.1,2.7,1395.0,7,8,2.76
9,3,7.6,26.8,141.1,35.1,14.8,1008.0,3,8,0.37
13,2,6.2,25.6,154.1,80.2,2.2,668.0,9,6,0.22
3,0,6.3,12.3,186.7,94.3,3.8,91.0,0,10,0.1
13,3,5.9,38.7,164.4,46.8,12.6,1053.0,1,6,0.24
2,2,6.7,37.2,33.5,34.6,16.4,28.0,2,6,0.54
1,3,4.8,41.1,80.5,47.1,12.9,739.0,6,1,0.12
0,2,5.8,38.5,77.7,30.2,5.7,1172.0,6,1,1.06
5,0,5.5,36.8,172.3,84.2,10.5,1477.0,2,11,0.89
10,0,5.3,10.7,119.3,30.5,2.0,453.0,8,2,0.1
1,2,7.8,10.9,169.3,43.6,1.5,806.0,2,10,0.75
14,0,5.1,10.5,86.6,86.1,5.4,1074.0,3,11,0.19
1,0,4.8,40.3,124.9,87.4,13.9,1130.0,4,4,0.1
14,0,8.3,24.4,148.2,27.3,8.2,1206.0,9,9,0.28
4,2,7.7,32.3,67.3,67.0,18.9,296.0,3,9,18.28
9,3,5.0,21.8,14.0,77.7,6.8,562.0,6,6,0.75
8,0,8.1,13.9,76.2,64.9,15.9,1135.0,4,7,1.32
12,0,6.1,10.4,130.6,74.3,8.3,207.0,6,3,4.18
14,2,6.9,33.6,161.2,56.3,3.6,796.0,7,7,0.39
6,1,6.1,15.3,69.0,86.5,13.4,364.0,1,9,0.26
14,0,6.8,24.7,143.6,81.8,2.6,913.0,1,4,0.46
1,0,8.2,38.4,184.5,58.0,14.4,978.0,6,12,0.26
14,0,7.8,25.8,37.4,80.3,12.8,34.0,9,3,0.5
4,0,4.7,19.7,89.5,30.0,15.3,607.0,6,2,8.35
2,1,4.7,18.9,12.9,36.1,6.2,263.0,4,6,0.12
10,3,5.8,17.8,146.6,57.1,18.9,860.0,8,7,0.11
13,1,8.3,12.9,8.3,94.1,2.3,188.0,1,11,0.1
10,3,8.2,30.7,60.5,23.7,17.3,774.0,7,7,0.1
10,2,6.7,21.6,129.3,59.3,16.9,1222.0,5,1,0.12
9,1,4.8,31.1,16.5,42.2,5.2,289.0,5,9,0.42
14,1,8.4,13.8,149.4,20.7,4.3,1401.0,8,6,0.24
0,2,8.4,11.2,199.6,55.8,11.4,829.0,0,5,0.44
8,3,6.0,26.1,79.5,44.0,17.0,1180.0,2,10,3.5
0,3,5.9,15.1,145.9,80.6,2.9,819.0,7,9,0.5
10,2,4.7,17.4,119.0,72.5,13.5,73.0,3,8,0.1
7,2,8.3,29.8,109.6,93.5,11.0,476.0,7,11,1.73
11,3,5.7,32.9,118.9,64.8,5.8,734.0,6,6,0.1
0,2,6.9,27.2,69.6,40.6,3.3,1162.0,9,4,1.38
14,2,8.3,12.4,89.4,62.1,16.9,699.0,4,3,0.1
8,2,7.6,20.2,11.3,34.9,18.7,1210.0,0,8,1.64
5,0,6.9,38.5,138.5,69.1,18.9,679.0,7,2,0.27
11,3,7.7,14.5,4.0,41.5,1.2,591.0,7,7,0.12
11,2,8.3,16.1,66.0,53.5,3.9,589.0,4,3,0.1
1,3,6.8,36.6,107.8,47.5,18.2,751.0,9,1,0.24
5,1,5.9,17.1,90.2,78.4,8.2,1353.0,5,5,0.72
9,2,7.9,20.6,50.2,71.7,15.6,1161.0,1,9,0.76
8,3,5.4,40.6,83.6,75.9,14.5,140.0,2,1,1.16
4,0,4.9,14.8,94.6,31.7,9.1,1345.0,9,8,2.99
6,2,5.2,37.8,25.5,58.4,6.6,126.0,3,10,0.18
3,3,5.1,22.3,89.3,71.4,7.5,1175.0,0,9,0.15
12,2,7.3,16.3,29.1,43.0,1.2,828.0,6,2,3.53
0,1,5.6,19.6,103.5,73.8,18.7,39.0,0,4,0.7
4,1,6.4,26.1,115.7,87.0,18.0,1114.0,6,6,11.24
9,0,7.8,26.3,84.7,89.6,2.3,1456.0,5,10,0.45
12,2,7.3,18.2,102.8,78.1,8.8,613.0,3,7,11.55
3,1,5.4,32.9,67.3,72.4,9.6,187.0,9,8,0.26
3,1,4.7,25.5,94.6,89.1,16.0,1284.0,9,8,0.1
9,1,7.4,17.0,108.6,40.7,18.8,1462.0,9,12,0.38
11,1,6.4,26.1,14.0,30.2,2.5,498.0,2,9,0.27
9,3,7.7,14.7,9.1,41.9,15.9,618.0,5,9,0.18
1,2,6.2,34.5,180.3,51.8,9.8,1066.0,8,9,0.32
7,2,5.7,39.3,130.7,77.6,12.4,1104.0,6,10,1.7
7,3,7.4,39.9,86.8,79.0,10.0,943.0,4,1,2.02
0,0,7.7,26.8,182.1,52.1,1.5,388.0,6,11,0.41
2,3,5.1,17.7,7.2,34.7,16.8,732.0,4,2,0.18
3,1,7.4,36.4,60.5,28.6,5.4,857.0,7,3,0.5
0,1,4.6,27.3,106.7,58.9,9.3,155.0,4,5,1.15
2,1,6.8,40.9,146.0,83.6,5.8,1183.0,2,3,0.19
9,1,7.0,40.8,79.6,63.9,18.0,144.0,5,9,0.37
9,0,5.2,12.5,45.5,69.0,14.1,882.0,1,7,0.46
4,1,6.4,17.5,60.1,38.9,2.0,205.0,5,11,20.29
7,1,8.2,41.4,58.9,77.3,11.7,665.0,4,8,1.97
12,3,5.4,39.3,37.4,34.5,2.7,342.0,6,11,3.65
11,0,5.9,40.9,18.3,32.9,14.7,957.0,4,4,0.11
12,1,7.7,20.7,26.9,47.1,16.5,1409.0,9,2,5.04
9,3,4.9,38.9,92.5,52.3,8.2,1400.0,2,2,0.46
2,3,5.0,16.2,98.9,21.9,1.0,917.0,8,3,0.1
2,0,7.3,40.8,153.8,21.4,8.9,120.0,8,1,0.22
8,2,7.8,23.3,83.6,90.5,13.9,1073.0,4,12,2.18
8,1,4.7,19.5,162.3,66.3,8.4,732.0,8,8,0.96
14,0,8.4,18.4,38.9,81.5,10.8,476.0,8,9,0.54
2,1,5.6,18.5,100.2,31.0,20.0,57.0,0,5,0.17
7,1,5.1,17.3,70.9,32.7,2.9,1363.0,1,4,2.48
9,2,6.3,19.4,172.9,83.7,6.9,1159.0,4,2,0.37
1,3,5.5,41.0,136.7,69.4,18.5,3.0,1,9,0.31
13,2,5.6,23.9,137.7,58.7,10.9,512.0,8,4,0.1
3,2,5.1,10.8,81.1,33.4,3.4,442.0,4,11,0.11
14,2,7.3,28.9,124.0,80.3,8.1,373.0,3,1,0.22
7,2,7.2,18.4,148.8,86.1,17.4,1297.0,1,6,3.24
5,1,8.2,32.4,113.0,51.8,15.3,1212.0,9,6,0.7
7,3,8.0,16.6,120.9,75.5,5.0,197.0,6,1,2.04
9,1,7.3,30.9,33.3,90.4,4.7,62.0,6,1,0.82
12,2,6.4,19.1,109.1,30.6,9.9,202.0,3,8,9.73
6,3,5.6,26.2,121.0,68.7,5.1,62.0,8,11,0.19
0,1,7.9,21.8,81.6,42.2,5.7,433.0,2,11,0.95
1,3,6.8,17.9,171.6,53.1,10.2,760.0,4,1,0.43
10,1,5.4,10.6,61.8,92.1,16.0,537.0,4,12,0.13
3,1,5.3,24.3,189.5,77.8,19.1,1112.0,6,2,0.16
4,0,6.9,14.2,147.4,46.2,18.1,1014.0,4,8,2.58
7,2,6.5,23.7,89.6,61.6,18.1,88.0,3,4,1.82
5,0,6.0,20.0,25.3,54.8,3.4,1113.0,0,12,1.67
13,1,5.2,38.4,46.2,85.1,19.8,1054.0,3,2,0.11
3,0,5.9,33.4,178.5,69.3,13.7,716.0,7,11,0.13
4,0,7.4,23.4,192.7,21.3,9.5,925.0,3,11,8.95
3,3,5.0,40.4,49.0,83.2,19.4,1211.0,2,9,0.1
14,2,7.1,18.3,64.0,77.6,1.0,1495.0,8,7,0.49
2,3,4.8,33.7,65.4,84.2,11.2,1473.0,1,10,0.18
8,2,5.2,11.5,130.0,39.8,1.6,108.0,0,6,1.84
13,0,7.7,10.8,31.5,24.1,10.2,1195.0,2,1,0.12
3,1,8.0,15.5,117.3,76.8,4.3,775.0,7,1,0.1
13,0,8.0,34.5,12.1,79.8,3.8,902.0,8,9,0.17
7,3,5.0,39.8,94.4,68.8,17.3,73.0,4,6,1.18
11,2,8.3,34.1,126.2,44.2,13.0,755.0,0,8,0.1
13,0,6.9,33.7,31.8,44.6,18.7,971.0,9,6,0.51
3,0,6.8,29.8,13.6,78.0,15.1,656.0,6,8,0.14
14,2,5.5,33.2,145.8,56.2,18.2,827.0,2,6,0.37
11,3,5.2,18.3,123.8,77.8,1.3,430.0,3,8,0.11
7,1,8.5,35.9,142.7,73.8,18.7,1027.0,4,7,1.18
14,2,5.9,39.6,131.6,78.0,7.6,511.0,9,6,0.31
12,1,8.0,26.7,73.4,63.1,3.7,1056.0,4,7,11.77
14,2,6.9,20.7,23.1,63.1,10.3,1323.0,4,2,0.41
11,1,5.4,35.1,58.8,79.9,16.5,33.0,9,1,0.1
5,1,5.3,27.4,2.9,68.2,18.8,534.0,3,11,0.89
0,0,4.6,26.6,72.4,94.7,9.2,131.0,9,10,0.69
6,3,7.7,20.5,137.2,81.6,8.2,953.0,0,1,0.18
2,0,6.5,14.7,158.5,67.9,11.1,1126.0,4,7,0.26
11,2,4.9,22.7,109.2,41.0,9.6,997.0,4,7,0.1
3,0,5.1,30.8,93.9,80.9,3.5,819.0,2,7,0.21
14,1,7.3,37.2,67.9,48.3,5.1,250.0,3,7,0.49
6,3,6.9,28.9,0.8,54.3,13.3,204.0,3,5,0.34
11,0,6.2,32.8,158.0,78.5,19.9,13.0,3,7,0.1
7,2,4.9,22.0,143.8,87.3,18.9,30.0,1,2,1.55
2,1,5.0,22.8,9.0,93.9,14.3,1201.0,5,3,0.16
11,1,6.9,41.2,54.6,21.1,11.5,707.0,2,1,0.1
10,0,7.4,20.5,181.5,73.6,7.1,1269.0,1,9,0.25
6,2,5.9,40.5,45.8,62.9,2.2,867.0,2,2,0.17
12,0,6.0,10.6,189.6,61.3,5.7,202.0,6,7,2.86
9,3,6.5,27.9,164.9,34.2,2.1,809.0,8,2,0.43
6,0,6.5,41.9,22.8,94.0,10.8,1264.0,1,12,0.15
2,3,7.7,29.0,154.5,39.3,15.9,1324.0,8,10,0.17
1,3,5.1,39.5,136.6,43.6,16.0,306.0,9,7,0.19
5,3,8.1,29.9,16.7,34.9,6.4,728.0,0,6,1.27
4,1,5.0,14.8,187.2,72.1,10.7,761.0,9,8,1.7
4,2,7.3,41.6,66.9,84.6,14.0,405.0,7,5,11.02
1,0,5.0,12.0,100.5,75.5,11.8,1146.0,4,2,0.2
8,0,7.2,30.1,176.3,36.7,9.1,367.0,9,4,1.15
6,1,7.0,41.1,155.5,39.5,11.1,981.0,1,9,0.12
10,1,5.9,37.6,139.5,21.4,6.0,167.0,9,12,0.1
13,1,5.0,36.4,29.3,45.3,11.4,34.0,2,2,0.21
4,2,5.2,17.9,149.6,55.2,5.6,105.0,7,2,9.08
3,3,8.2,21.1,92.5,52.2,6.5,498.0,5,7,0.25
8,2,8.1,32.6,188.2,47.0,9.2,751.0,4,5,0.92
8,3,8.1,25.3,72.3,42.9,14.7,1414.0,4,9,1.24
12,0,6.1,29.8,47.4,36.1,19.1,289.0,2,7,8.78
10,0,5.6,20.8,175.0,73.4,0.7,140.0,7,2,0.12
5,0,7.0,21.1,20.7,63.3,16.6,1296.0,4,11,1.47
12,2,7.6,27.9,135.8,22.3,14.7,1458.0,4,10,3.96
9,0,5.1,38.2,67.7,89.1,16.8,505.0,8,7,0.85
8,0,7.4,28.4,37.1,59.8,14.9,668.0,2,6,5.69
11,0,7.8,32.0,82.5,52.0,9.0,957.0,0,11,0.1
1,2,6.2,11.9,150.0,49.2,12.4,469.0,1,4,0.41
10,3,5.8,38.9,168.4,81.6,12.7,1301.0,9,3,0.1
14,3,4.8,34.3,36.5,59.7,1.5,569.0,7,4,0.5
9,0,8.4,15.1,103.7,21.8,14.1,957.0,0,8,0.24
14,3,8.3,23.2,69.7,43.0,5.3,1033.0,7,9,0.41
12,1,6.9,36.9,140.9,47.6,11.1,79.0,1,10,5.14
5,0,7.7,18.4,174.0,23.1,5.6,292.0,9,9,0.62
10,2,4.5,23.1,179.4,94.8,2.6,198.0,3,5,0.1
12,0,7.9,13.4,186.4,40.8,19.6,784.0,0,10,1.22
11,3,6.3,39.1,130.0,35.9,4.9,519.0,0,11,0.14
11,3,6.6,15.0,168.8,35.5,10.5,426.0,3,10,0.31
1,1,6.5,35.0,40.3,21.5,12.3,273.0,4,7,0.5
2,1,5.7,39.4,80.7,88.5,18.1,1020.0,3,4,0.15
12,1,7.9,12.3,88.0,81.0,5.7,1280.0,6,10,3.18
1,2,6.4,13.5,86.4,29.2,1.8,917.0,9,6,0.39
3,1,6.1,35.6,176.0,34.8,16.8,361.0,8,12,0.16
6,3,8.3,27.5,147.7,53.5,1.0,240.0,3,6,0.2
1,0,7.3,34.3,127.8,86.0,15.0,1162.0,0,9,0.3
0,1,5.6,33.0,148.1,20.1,2.0,943.0,7,9,0.56
6,1,7.7,10.2,145.9,54.1,15.3,1401.0,6,10,0.1
6,1,7.5,11.5,176.9,54.1,18.4,1472.0,8,5,0.16
1,3,7.4,38.7,69.6,91.4,8.1,272.0,8,1,0.25
14,0,5.5,19.6,33.8,81.8,17.2,1171.0,8,9,0.91
11,0,5.1,27.8,26.9,45.3,9.5,859.0,5,7,0.19
8,2,5.2,29.5,90.9,82.9,4.1,950.0,5,3,1.06
7,3,7.4,22.1,140.8,66.3,4.2,49.0,7,2,2.87
7,2,8.1,31.4,137.2,60.0,16.3,202.0,5,9,1.46
4,2,5.8,30.4,24.4,42.7,15.2,1208.0,4,4,5.78
11,2,7.7,33.5,42.3,47.4,12.4,571.0,9,11,0.11
5,3,5.1,41.2,171.7,87.6,0.8,677.0,1,2,0.19
11,2,7.1,19.6,114.4,58.1,10.5,145.0,8,2,0.13
5,2,7.4,16.3,117.6,51.4,7.0,1413.0,9,7,0.8
5,1,6.4,35.9,189.9,87.7,13.9,758.0,4,8,0.81
11,1,5.1,33.6,115.2,57.2,19.0,80.0,0,9,0.1
12,0,7.4,35.8,70.5,76.9,10.2,1278.0,1,3,11.19
10,1,7.1,14.3,18.9,58.1,11.1,44.0,0,9,0.37
1,0,6.3,21.2,71.4,90.4,3.1,634.0,1,11,0.77
5,0,6.7,32.3,163.6,93.9,12.4,453.0,5,5,0.67
1,2,8.3,13.5,23.7,94.5,3.6,814.0,6,9,1.15
6,0,6.5,12.3,130.2,27.1,12.7,1178.0,9,9,0.1
12,3,6.3,15.1,188.2,50.3,12.8,1002.0,3,10,1.93
0,2,6.9,14.7,58.9,58.1,12.6,1098.0,8,8,1.03
1,0,8.1,23.4,198.1,40.4,10.2,1481.0,3,11,0.62
6,3,6.9,36.7,182.2,37.7,10.7,200.0,5,10,0.18
5,2,4.6,16.8,11.9,89.0,16.0,196.0,8,1,0.31
12,2,6.5,26.4,9.0,34.0,10.1,276.0,7,3,6.9
6,1,4.9,13.0,37.3,39.6,13.9,303.0,6,2,0.1
3,1,6.4,29.4,141.4,73.0,12.3,1104.0,3,3,0.34
4,2,4.5,29.7,51.8,62.8,9.0,715.0,5,10,13.03
5,3,6.2,16.9,54.7,37.3,19.1,1151.0,2,6,1.32
0,2,7.5,35.9,185.8,45.5,12.3,745.0,1,10,0.7
14,2,7.8,25.3,192.7,50.1,10.0,776.0,5,9,0.42
9,1,5.1,33.6,105.3,59.5,16.1,1169.0,3,4,0.6
11,2,7.2,27.9,170.2,87.7,14.0,389.0,1,10,0.2
13,0,8.0,34.6,3.0,61.5,2.0,121.0,6,2,0.12
1,1,4.7,36.7,148.4,54.0,13.1,104.0,0,5,0.11
12,0,8.4,28.4,58.8,54.8,19.7,1190.0,0,11,4.56
12,1,7.4,31.4,48.1,69.0,5.7,3.0,3,5,8.39
9,2,8.4,41.0,5.5,33.5,3.7,879.0,5,5,0.36
3,0,7.0,22.7,84.3,67.1,7.4,480.0,2,8,0.16
6,0,6.1,13.7,143.0,84.9,10.3,1109.0,0,12,0.1
10,2,8.0,38.2,148.1,94.0,10.3,383.0,8,6,0.1
3,1,6.7,18.7,140.6,36.2,16.2,1296.0,0,5,0.33
4,2,7.7,27.2,155.0,46.3,7.4,1359.0,5,7,5.13
2,2,6.1,30.4,81.8,74.8,11.3,280.0,2,3,0.29
11,0,4.6,34.8,28.3,83.1,2.0,974.0,4,4,0.1
13,3,8.5,24.6,27.9,80.4,18.6,906.0,0,7,0.2
2,3,8.1,28.7,69.3,55.5,7.3,574.0,7,5,0.25
9,2,7.1,12.9,62.5,38.0,3.0,119.0,0,2,0.44
11,2,7.0,16.0,133.9,66.8,16.1,52.0,4,3,0.13
14,3,6.6,10.7,42.5,76.8,0.6,311.0,3,11,0.46
13,1,4.9,21.5,51.0,54.0,5.1,1275.0,7,10,0.1
12,3,5.6,26.2,122.9,49.5,7.6,412.0,5,1,9.75
4,3,6.9,11.7,97.5,20.1,14.9,980.0,7,7,6.88
9,3,5.5,36.8,30.0,65.1,6.4,1018.0,2,9,0.54
12,2,7.1,16.4,165.3,24.5,12.8,1228.0,8,3,4.92
14,2,5.4,40.1,26.1,72.1,17.6,1115.0,3,5,0.41
8,2,7.1,34.0,82.4,94.8,11.7,1250.0,4,5,1.43
2,0,6.9,19.8,105.2,24.4,1.4,538.0,6,9,0.14
8,3,5.7,30.4,40.0,81.7,17.2,87.0,3,3,2.07
10,3,7.1,17.0,101.3,59.3,13.2,1006.0,9,2,0.12
2,3,7.1,28.0,80.8,40.0,15.0,120.0,4,10,0.17
8,3,6.4,35.3,120.0,49.5,9.2,1406.0,1,4,0.85
2,2,4.5,24.7,69.9,24.3,18.0,160.0,4,1,0.21
2,2,8.0,40.2,78.5,85.1,8.8,1211.0,2,1,0.1
3,2,6.2,39.1,109.6,72.4,7.9,96.0,5,5,0.32
10,2,7.4,21.7,49.9,50.9,3.0,826.0,3,10,0.24
7,0,5.7,29.9,101.0,61.8,5.4,1153.0,7,4,1.91
3,0,7.5,38.7,41.9,39.9,15.8,780.0,5,3,0.42
13,2,5.0,11.1,178.4,46.5,14.8,1168.0,3,2,0.1
2,1,6.7,32.2,128.5,44.2,8.1,967.0,8,3,0.41
7,2,7.8,16.8,38.2,59.5,17.1,571.0,3,1,5.5
1,2,5.9,22.4,78.7,52.3,15.9,1461.0,4,12,0.6
11,0,6.3,34.5,5.8,20.9,17.8,1323.0,9,5,0.1
6,3,6.5,17.0,67.4,73.7,0.7,1265.0,9,7,0.47
7,3,5.0,17.0,66.9,40.3,14.5,944.0,9,4,1.38
3,0,6.1,11.1,113.3,43.0,2.0,1295.0,1,9,0.1
8,2,7.2,10.8,41.8,80.2,7.7,908.0,8,4,1.73
5,2,6.1,35.8,66.5,74.7,1.6,912.0,5,1,0.51
9,3,7.2,26.6,52.8,43.3,14.0,1064.0,2,7,1.65
6,3,7.0,17.9,152.7,78.4,16.0,597.0,7,4,0.16
6,0,5.7,38.6,193.2,72.4,5.1,1395.0,3,1,0.1
1,3,4.7,25.1,57.3,73.3,10.3,88.0,5,10,0.35
8,3,8.4,11.0,83.0,31.0,18.5,42.0,6,8,0.64
10,2,7.6,38.1,16.1,35.4,7.9,1438.0,8,10,0.28
6,0,7.2,23.8,117.2,48.1,11.3,1361.0,2,11,0.14
5,2,8.0,33.2,28.3,46.6,15.0,661.0,1,5,0.97
12,1,5.9,32.8,88.1,84.1,0.5,1172.0,6,1,9.03
13,1,4.6,22.0,92.8,51.5,18.7,650.0,8,4,0.1
3,0,6.0,27.7,103.9,61.6,5.7,1189.0,5,12,0.15
4,2,4.9,14.7,181.0,57.6,2.1,939.0,1,3,2.63
11,2,6.1,30.2,101.1,52.8,5.1,602.0,2,5,0.1
12,0,7.7,35.9,21.8,54.8,7.2,1166.0,2,6,5.01
9,1,5.4,26.6,30.0,73.6,6.8,194.0,5,11,0.58
3,0,6.7,25.9,58.3,78.3,11.4,1482.0,9,7,0.49
4,2,7.8,13.1,89.5,93.6,15.6,898.0,7,3,8.28
4,1,5.3,30.7,111.2,47.2,15.9,393.0,6,6,8.58
12,3,6.3,22.3,163.3,25.0,13.8,745.0,8,7,9.64
10,1,5.1,26.4,62.7,21.2,9.9,1168.0,8,7,0.12
8,3,7.9,28.1,110.7,86.3,4.7,85.0,9,2,1.34
4,3,6.5,21.2,183.0,38.0,3.2,635.0,0,2,13.1
9,1,6.1,15.3,147.7,88.1,9.3,1010.0,6,7,0.62
13,0,5.1,34.7,44.1,42.5,7.2,1044.0,3,8,0.21
6,1,7.1,33.7,50.9,38.8,17.7,247.0,5,9,0.26
6,2,5.7,15.7,10.2,42.1,14.9,1367.0,4,2,0.13
0,3,6.4,30.5,175.2,88.5,12.3,761.0,6,7,1.13
1,2,6.7,11.4,86.9,68.8,8.8,305.0,3,5,0.42
12,2,5.6,30.2,53.7,92.7,15.1,1050.0,0,12,4.43
3,1,4.8,18.5,46.4,72.8,18.0,697.0,1,5,0.3
4,1,8.0,26.7,107.1,79.2,16.9,174.0,5,12,13.05
6,2,8.1,32.1,71.4,51.9,14.2,1079.0,4,8,0.13
11,3,5.0,33.7,47.7,82.1,14.7,41.0,1,1,0.1
11,0,4.8,35.7,103.4,43.6,14.1,1324.0,3,1,0.1
3,2,5.1,40.7,100.5,65.7,16.3,44.0,2,9,0.1
5,2,4.9,39.1,72.3,78.0,3.6,274.0,1,3,0.18
10,2,5.6,26.9,17.2,30.6,2.7,1042.0,3,7,0.2
2,1,4.9,32.6,45.0,86.5,13.5,1375.0,1,11,0.27
1,0,8.1,33.2,120.7,52.2,11.1,198.0,4,5,0.15
13,2,5.5,41.9,90.3,49.2,10.6,1338.0,5,8,0.15
9,2,5.4,27.5,52.5,86.4,10.6,1460.0,8,1,0.72
12,2,8.5,25.7,62.8,90.8,14.1,623.0,7,4,5.83
8,0,8.4,34.9,65.7,25.3,18.3,892.0,7,10,1.5
3,1,7.3,16.8,135.2,67.9,14.2,1004.0,3,4,0.33
9,3,7.1,11.9,92.2,93.2,16.8,185.0,8,1,0.39
5,2,5.4,27.1,70.0,80.9,7.7,1367.0,6,7,1.09
4,2,6.3,32.2,189.3,81.0,8.8,1058.0,7,8,7.72
9,2,8.1,25.7,34.9,92.4,12.8,1078.0,6,11,0.82
1,3,7.3,22.4,165.1,29.9,16.2,413.0,3,4,0.43
3,3,6.4,10.8,86.7,62.0,7.8,274.0,9,12,0.1
4,0,5.0,40.8,149.8,89.3,2.8,923.0,9,6,2.43
12,3,8.1,15.8,49.9,48.7,11.3,96.0,9,2,4.01
4,2,4.6,14.5,174.3,64.8,17.8,1217.0,2,12,3.13
0,2,4.5,30.2,0.4,60.9,9.1,687.0,1,3,0.3
7,3,5.1,20.1,146.2,80.6,13.4,258.0,7,3,2.01
11,1,5.1,33.5,113.4,21.7,4.0,1192.0,7,5,0.1
4,1,5.8,36.7,139.0,43.7,8.6,758.0,7,2,18.33
3,0,6.1,37.1,44.2,72.5,1.9,845.0,4,10,0.28
8,0,6.5,13.0,174.3,78.5,7.4,280.0,7,9,2.78
7,3,7.1,39.9,170.3,31.6,16.5,84.0,8,2,1.37
10,2,5.9,24.9,12.6,76.4,6.6,374.0,6,1,0.14
7,2,7.9,11.4,187.7,21.7,1.4,624.0,6,12,1.39
7,1,4.9,12.9,167.7,50.1,16.1,771.0,9,6,1.36
5,1,7.7,10.3,74.4,23.8,16.0,726.0,4,3,0.22
10,0,4.9,28.0,39.2,28.0,3.7,861.0,5,5,0.11
3,0,6.2,25.0,136.2,57.8,10.0,1252.0,4,8,0.16
5,0,7.7,16.2,159.9,33.8,4.6,729.0,9,9,0.57
12,3,6.4,23.6,142.0,32.3,1.0,968.0,8,8,8.96
11,0,8.4,40.8,197.2,39.9,12.8,281.0,1,12,0.1
12,0,5.0,35.7,44.3,63.9,3.5,1095.0,1,11,2.26
4,3,5.5,15.4,140.1,42.0,7.7,723.0,7,11,6.95
5,0,8.4,28.3,38.8,60.5,19.7,954.0,5,4,0.86
10,1,7.6,24.1,72.8,25.5,18.9,463.0,5,7,0.15
8,2,5.5,29.7,114.4,83.0,2.5,1152.0,8,7,1.71
6,1,6.8,27.6,105.1,51.1,10.2,11.0,8,10,0.22
4,1,7.5,25.8,90.4,26.3,11.4,637.0,4,11,24.61
10,3,5.8,10.3,48.8,26.7,5.1,606.0,5,6,0.1
3,0,7.2,13.4,88.9,90.8,17.2,135.0,9,5,0.15
1,3,7.2,22.7,160.5,29.5,9.6,1067.0,4,12,0.7
0,2,7.2,14.0,75.6,43.5,15.5,867.0,0,8,1.03
13,3,6.0,29.5,25.2,81.5,4.8,1041.0,4,2,0.26
4,0,7.1,16.0,187.7,56.0,15.9,1356.0,1,4,4.37
0,0,6.8,15.6,35.0,85.6,10.9,367.0,2,2,0.52
4,1,6.8,30.9,34.9,62.9,2.0,325.0,3,7,11.99
8,3,6.0,31.2,138.4,43.4,6.4,398.0,7,3,1.26
6,3,4.7,10.9,39.5,90.0,18.0,1443.0,7,7,0.2
10,0,5.8,28.4,72.7,34.2,9.2,561.0,4,11,0.23
1,2,8.0,40.1,20.0,39.4,5.2,704.0,6,4,0.35
7,2,5.9,35.5,175.3,56.9,13.4,1260.0,0,11,1.16
6,3,6.5,16.9,157.0,56.9,3.8,272.0,3,12,0.15
14,3,8.2,18.3,149.4,28.6,8.2,358.0,8,2,0.14
8,0,5.5,15.9,75.4,56.3,7.1,679.0,2,7,2.23
6,0,4.7,12.6,123.2,46.4,7.9,751.0,2,2,0.1
8,2,7.4,11.9,46.8,60.6,3.5,1100.0,9,4,1.26
11,3,6.2,12.9,175.8,57.4,15.0,97.0,4,12,0.21
9,2,5.7,19.8,2.0,94.0,9.5,889.0,5,7,0.63
0,3,6.5,29.3,52.6,80.2,14.2,321.0,9,10,1.26
3,3,7.1,22.6,50.3,47.3,5.7,1106.0,7,10,0.35
4,0,7.3,29.1,13.3,67.0,1.5,1440.0,6,3,8.41
13,0,8.2,14.4,95.8,64.3,6.3,394.0,7,7,0.14
8,0,6.7,11.3,86.2,30.0,8.2,857.0,4,8,1.51
12,2,7.4,23.1,146.1,37.4,16.5,301.0,0,4,7.96
11,0,8.5,27.5,135.4,42.1,14.4,672.0,5,11,0.12
3,3,7.3,26.3,135.3,91.9,0.9,425.0,0,6,0.4
9,1,7.4,40.6,128.9,72.9,7.9,580.0,2,7,0.41
12,1,6.9,33.0,36.2,45.9,13.2,1026.0,2,9,6.14
1,3,8.1,33.0,127.1,21.3,6.9,1000.0,4,3,0.2
2,1,5.8,27.6,189.0,41.7,11.0,836.0,3,11,0.2
13,2,6.5,18.9,34.5,44.0,16.6,1291.0,8,5,0.15
7,0,4.9,11.0,105.0,24.1,12.4,1491.0,8,4,0.56
5,1,8.1,26.1,40.1,40.8,6.2,1302.0,6,2,0.93
1,3,5.7,20.3,156.1,77.1,14.4,1213.0,2,7,0.33
13,1,6.6,26.9,39.2,92.2,6.1,453.0,1,10,0.23
0,0,7.6,18.4,98.2,28.6,11.7,64.0,0,11,0.44
12,1,5.4,29.1,82.7,93.8,9.3,514.0,2,3,12.59
5,1,4.9,29.7,58.0,32.6,17.8,351.0,4,5,1.03
13,2,4.7,15.9,23.4,91.6,18.6,413.0,0,6,0.17
4,0,4.6,23.7,105.6,64.6,4.3,272.0,3,12,6.85
1,0,7.1,25.5,18.0,48.9,19.9,39.0,5,9,0.74
11,3,8.4,37.6,95.0,65.7,6.0,495.0,1,11,0.11
2,2,7.0,14.7,129.5,39.0,7.8,977.0,9,7,0.2
14,3,5.1,26.6,88.9,33.6,4.5,425.0,8,8,0.34
11,0,8.3,28.1,137.6,37.2,12.8,876.0,0,8,0.1
4,1,5.5,27.4,199.1,23.3,14.6,1125.0,8,10,11.26
6,3,5.4,35.7,171.1,68.3,15.3,415.0,0,4,0.14
3,3,7.7,26.1,102.8,48.1,7.8,957.0,6,7,0.3
14,2,5.3,27.6,171.9,26.6,11.5,1176.0,6,6,0.43
0,3,5.1,37.0,95.7,77.5,15.5,1116.0,8,2,0.82
12,1,6.2,28.6,30.7,26.8,15.7,987.0,4,6,7.98
3,1,7.9,17.5,153.5,80.6,8.1,1175.0,7,7,0.24
8,2,6.3,33.2,10.7,31.2,16.6,432.0,3,2,1.15
4,3,7.2,16.1,164.1,21.7,18.5,1302.0,8,8,5.95
0,1,8.1,28.4,173.8,23.6,1.8,222.0,4,9,0.5
3,1,4.6,23.2,161.2,27.2,14.1,465.0,0,12,0.1
5,3,6.5,30.4,80.8,47.2,10.4,839.0,1,5,0.85
7,0,8.3,31.1,169.3,71.7,6.1,1292.0,7,10,2.02
4,0,7.1,29.9,8.8,31.7,8.4,987.0,6,6,5.75
13,2,5.3,31.9,104.4,22.0,8.7,1449.0,4,3,0.11
12,3,8.5,24.7,10.8,71.7,1.9,434.0,7,8,2.59
5,2,6.0,30.4,190.2,88.9,11.1,1444.0,4,2,0.5
0,0,6.1,25.2,39.1,92.7,6.6,300.0,5,3,0.68
11,0,7.2,19.4,175.6,55.1,17.1,289.0,6,12,0.23
10,0,6.5,13.8,177.0,52.2,13.9,1209.0,8,10,0.23
14,1,7.7,19.2,152.8,55.7,5.0,133.0,0,2,0.23
9,2,4.6,12.9,50.2,75.3,7.2,1400.0,8,8,0.37
0,3,5.0,28.1,23.7,63.7,11.7,1161.0,1,9,0.7
10,0,4.8,27.0,44.1,89.0,11.3,1371.0,1,10,0.14
1,1,4.5,38.7,26.1,42.8,11.9,179.0,1,4,0.25
10,3,7.0,24.0,63.1,70.4,10.6,761.0,9,10,0.28
11,2,7.8,37.0,59.3,23.7,9.3,1259.0,4,9,0.1
11,0,5.1,11.4,71.9,26.8,3.7,622.0,8,2,0.12
4,0,4.6,23.3,9.4,64.7,14.8,1081.0,5,1,5.52
13,2,6.4,11.7,174.9,92.9,0.7,1091.0,4,6,0.11
3,1,6.2,16.8,152.8,80.6,10.7,826.0,8,6,0.33
13,2,5.0,24.5,16.7,54.2,14.7,566.0,4,11,0.16
13,3,8.3,29.5,106.7,81.9,10.4,902.0,6,2,0.1
8,1,6.8,24.6,53.9,57.7,14.8,899.0,6,8,2.58
1,1,6.1,31.9,18.7,21.0,7.2,371.0,4,7,0.34
5,2,7.4,39.0,102.2,83.0,11.7,342.0,3,4,0.22
6,0,5.9,27.1,38.3,77.7,8.4,1353.0,0,12,0.29
1,2,8.3,27.3,90.7,21.5,0.8,227.0,5,4,0.25
10,0,4.6,14.3,170.8,79.0,16.0,460.0,0,12,0.1
12,1,5.6,39.0,16.5,52.7,5.8,1485.0,2,12,2.42
7,0,7.7,23.1,133.3,78.2,9.0,294.0,1,5,2.86
5,3,6.4,23.2,89.6,27.5,14.9,1051.0,0,3,0.54
12,1,7.3,13.4,29.5,69.3,14.3,862.0,6,8,2.78
1,3,5.9,33.9,102.6,25.1,2.3,809.0,4,2,0.18
5,2,4.7,21.5,89.1,85.7,0.9,754.0,7,12,0.6
2,0,6.4,23.8,4.0,59.9,11.7,938.0,8,12,0.33
9,0,7.9,15.4,113.2,88.5,5.4,664.0,7,9,0.26
0,2,6.6,27.4,1.6,68.0,7.9,1412.0,3,5,0.99
1,2,5.9,15.1,75.6,54.6,0.5,136.0,1,11,0.67
11,1,5.5,28.4,176.6,72.3,10.4,597.0,1,2,0.1
4,2,5.2,26.9,24.5,35.9,12.7,966.0,6,5,5.24
8,2,5.7,21.4,32.2,64.5,6.4,398.0,5,4,2.32
8,1,7.1,37.0,151.7,73.0,15.0,563.0,3,9,1.03
1,0,8.0,20.5,113.4,80.5,14.1,494.0,8,2,0.31
2,2,6.2,11.1,46.5,28.7,19.8,1491.0,8,9,0.18
14,3,6.8,36.2,33.0,25.9,6.8,792.0,6,7,0.71
2,2,6.1,13.7,190.7,33.7,1.2,1382.0,6,8,0.14
13,0,7.4,22.7,94.2,63.0,13.7,1066.0,8,7,0.27
4,3,8.4,35.6,12.5,88.1,11.6,893.0,3,10,11.89
4,2,6.3,31.1,172.6,30.1,7.5,563.0,7,9,11.91
12,0,6.8,32.2,89.2,47.1,10.1,581.0,0,5,8.75
4,1,7.6,23.9,51.4,94.4,4.7,1495.0,0,12,18.87
12,2,5.4,22.1,102.2,27.9,8.0,1125.0,9,10,6.02
11,1,8.1,41.0,84.4,66.3,19.2,1417.0,6,7,0.1
9,0,5.3,30.4,70.8,60.7,16.7,1171.0,6,5,1.19
2,3,6.8,25.6,107.5,31.2,3.0,338.0,9,4,0.2
8,0,7.0,28.2,116.5,71.0,16.6,914.0,4,5,2.78
0,3,8.2,33.9,52.2,31.0,8.7,1295.0,6,9,1.01
3,0,5.4,29.9,102.0,53.4,0.8,1159.0,7,7,0.2
6,3,7.6,39.1,188.6,27.0,17.2,1081.0,8,4,0.1
11,2,5.2,25.7,172.8,64.4,17.7,683.0,0,12,0.12
3,0,7.6,35.3,164.1,39.5,6.9,709.0,6,12,0.13
9,2,6.4,31.6,9.3,62.7,7.8,83.0,0,2,0.43
5,2,8.4,21.3,58.8,79.9,18.7,1274.0,1,2,0.61
14,1,4.6,10.5,146.1,88.2,17.9,425.0,2,11,0.12
11,3,4.9,36.9,123.7,73.9,3.2,1350.0,4,10,0.1
4,3,7.3,15.6,172.9,21.7,6.9,1089.0,3,2,12.14
4,3,6.4,11.7,54.2,74.1,13.2,484.0,6,4,7.73
11,3,6.7,25.6,30.6,26.0,1.4,1460.0,4,6,0.23
2,1,8.2,27.6,86.8,75.4,1.6,1274.0,8,8,0.21
9,2,4.7,40.3,91.6,24.8,17.3,143.0,6,5,0.53
4,1,5.5,15.3,126.6,44.8,5.2,218.0,4,10,14.52
6,3,8.4,12.5,131.3,81.9,7.0,956.0,0,2,0.1
7,0,7.1,19.2,70.9,59.7,16.7,589.0,7,3,2.72
3,1,6.6,25.7,183.5,61.0,19.9,193.0,6,4,0.38
13,1,8.4,19.5,56.8,65.5,1.6,535.0,3,11,0.1
9,1,5.0,25.5,178.5,40.8,19.7,1426.0,8,3,0.38
2,0,7.7,40.5,131.8,33.3,14.6,1281.0,9,11,0.11
11,0,7.7,41.6,36.3,20.2,3.3,889.0,1,6,0.1
8,1,6.0,16.1,187.3,59.5,13.5,1123.0,3,2,1.58
5,3,5.3,12.8,72.1,54.5,14.1,570.0,9,2,0.2
0,3,5.1,26.2,80.8,46.1,12.2,969.0,1,8,1.7
1,2,5.7,11.1,40.6,41.8,18.1,950.0,2,1,0.62
6,3,5.3,24.4,187.2,67.6,11.8,260.0,1,9,0.17
14,1,7.7,25.4,123.8,94.3,16.3,1276.0,1,4,0.36
0,3,4.8,20.2,24.6,82.0,8.9,714.0,8,6,1.57
11,3,6.6,20.3,169.4,66.5,1.0,69.0,5,2,0.14
3,3,5.6,40.9,10.2,29.7,18.3,209.0,3,1,0.1
13,1,6.8,39.6,151.2,72.9,13.5,538.0,7,4,0.13
13,0,6.0,14.0,48.4,44.9,6.2,113.0,7,8,0.14
8,1,8.1,18.9,90.6,79.5,14.5,105.0,5,12,1.58
1,3,7.5,33.4,157.4,85.0,16.0,61.0,0,3,0.22
10,3,8.4,20.6,63.5,24.1,5.8,747.0,8,12,0.16
9,2,6.8,20.3,32.5,60.4,4.2,487.0,5,9,0.68
2,0,5.5,26.1,191.3,56.2,20.0,1217.0,2,10,0.23
9,1,8.1,13.2,156.0,51.6,9.2,973.0,7,7,0.34
12,1,7.0,28.5,33.4,71.3,11.5,1498.0,9,9,4.03
0,2,5.4,31.4,118.2,64.8,3.5,665.0,4,8,0.9
12,1,7.4,41.2,127.2,45.7,7.3,441.0,6,8,6.49
9,2,8.2,30.1,64.1,94.0,0.7,560.0,1,1,0.76
12,0,8.0,32.2,99.7,87.1,10.9,735.0,9,12,4.35
10,2,5.5,29.7,142.2,64.8,4.9,242.0,3,11,0.19
12,1,5.8,27.0,149.3,46.4,7.1,348.0,1,4,7.52
4,1,4.8,40.6,129.2,94.5,5.5,206.0,6,7,4.57
14,3,8.2,41.4,45.8,26.8,16.1,858.0,5,3,0.14
2,0,6.3,13.5,172.1,24.4,15.5,993.0,4,10,0.12
8,1,7.3,34.8,181.1,45.0,14.2,189.0,0,2,1.05
0,0,7.4,30.4,129.2,49.3,19.8,894.0,9,5,0.69
13,3,6.6,33.3,8.0,20.7,19.2,127.0,7,12,0.13
5,0,6.1,31.6,199.5,46.6,14.4,1331.0,6,12,0.77
10,3,5.8,16.8,25.6,22.5,8.4,1068.0,1,12,0.34
5,0,7.4,27.6,144.3,44.7,8.3,743.0,9,6,0.97
8,0,7.3,40.4,34.9,23.9,18.2,219.0,2,7,2.29
13,0,7.9,31.0,130.0,57.5,18.0,1344.0,3,10,0.13
6,0,7.5,22.9,187.5,76.1,18.4,91.0,7,5,0.23
4,2,4.5,34.6,188.0,80.2,10.0,1088.0,8,6,3.76
11,0,6.1,30.6,6.0,81.9,1.2,918.0,0,12,0.11
12,0,5.5,20.8,142.8,48.7,8.5,1273.0,9,11,2.85
8,1,6.5,35.9,44.9,39.6,16.0,1201.0,2,11,2.76
7,0,5.2,27.7,65.0,69.1,18.0,1157.0,5,6,5.51
6,2,5.2,19.4,45.4,63.3,14.0,887.0,3,4,0.28
12,3,4.8,33.0,174.6,89.5,3.6,521.0,0,9,1.82
4,1,4.9,27.7,153.9,58.8,1.3,592.0,9,8,3.38
7,1,7.8,27.5,186.6,76.3,9.9,1496.0,7,10,4.08
7,2,8.2,33.3,92.4,37.8,10.7,519.0,9,5,1.23
14,0,7.3,21.3,1.3,59.3,1.2,252.0,2,6,0.46
11,2,8.1,38.8,58.3,29.2,14.7,401.0,1,8,0.1
12,1,4.5,24.7,80.7,23.1,17.1,564.0,2,10,3.75
1,2,8.4,26.1,65.5,52.7,14.9,522.0,0,9,0.46
4,0,4.7,23.3,143.9,53.1,16.4,1489.0,5,4,3.0
2,0,5.4,36.4,17.0,71.2,3.0,130.0,0,12,0.37
4,1,6.1,14.0,2.8,51.4,6.0,642.0,4,11,6.02
11,3,8.2,36.1,164.8,21.6,6.0,766.0,4,4,0.1
1,3,7.3,13.4,108.7,66.6,12.7,1294.0,7,1,0.48
2,2,4.6,41.0,38.9,55.7,12.8,366.0,6,8,0.15
1,3,8.4,23.7,146.6,48.2,13.0,895.0,5,8,0.35
6,1,7.6,27.9,130.9,35.6,10.4,1188.0,7,2,0.17
12,0,5.1,31.7,75.8,30.7,10.6,461.0,4,5,7.91
6,0,8.4,37.7,62.8,91.2,9.2,756.0,9,12,0.1
2,2,5.5,20.7,156.7,46.4,17.7,322.0,6,11,0.13
7,0,8.2,31.9,129.7,86.8,15.3,1316.0,3,10,2.07
2,2,5.1,37.0,46.7,39.4,11.6,915.0,4,8,0.39
11,2,7.7,27.3,57.6,50.4,4.6,1357.0,3,1,0.1
14,2,5.6,35.3,63.6,63.5,18.7,878.0,8,1,0.22
11,0,8.5,21.3,157.0,33.4,18.4,1412.0,1,4,0.1
1,1,6.9,30.1,128.8,34.2,17.2,564.0,9,1,0.22
8,2,4.7,17.8,150.6,31.5,10.0,1273.0,9,12,1.34
8,3,5.5,13.0,41.6,79.5,17.0,1274.0,3,8,2.6
9,3,7.8,33.5,9.1,32.2,15.7,894.0,0,11,0.4
7,2,7.3,14.2,15.4,85.0,14.9,497.0,8,4,1.21
14,0,8.3,41.6,123.3,38.4,4.9,123.0,7,11,0.11
10,2,7.1,37.5,96.1,35.5,14.5,642.0,0,11,0.12
0,2,4.8,15.9,99.8,61.4,11.6,248.0,3,6,1.25
4,0,7.4,14.1,53.0,61.3,0.8,213.0,3,11,9.36
5,3,6.1,24.4,90.2,54.6,4.4,1010.0,8,7,1.05
8,2,6.8,26.3,29.0,46.8,17.7,276.0,6,7,4.69
14,1,7.6,25.4,199.1,60.7,7.2,346.0,8,2,0.23
0,3,8.2,40.2,146.1,24.6,16.6,510.0,7,2,0.42
7,1,5.4,22.0,45.9,91.7,7.0,31.0,9,5,7.04
14,0,5.3,12.3,99.9,32.4,16.7,1369.0,6,7,0.18
4,2,7.4,33.6,101.6,45.0,16.7,199.0,3,12,23.8
3,0,4.8,18.1,67.4,20.7,11.0,1022.0,0,7,0.14
2,3,6.7,11.4,28.6,26.6,12.5,1143.0,4,11,0.23
5,3,7.7,22.8,185.9,49.0,13.5,1466.0,7,7,0.82
6,2,6.6,27.4,141.5,41.6,4.8,1091.0,3,9,0.2
1,3,7.2,15.5,97.5,44.3,5.5,956.0,3,10,0.94
9,2,5.0,13.0,143.0,58.7,1.9,1473.0,5,10,0.19
4,3,8.3,35.7,131.9,46.9,5.6,136.0,4,2,18.1
12,2,7.3,38.3,22.8,79.7,1.8,959.0,1,8,4.16
9,0,4.5,33.5,32.1,29.5,17.9,137.0,7,7,0.44
9,2,7.5,13.2,87.7,75.0,18.9,1440.0,0,6,0.69
12,2,7.3,15.8,112.8,32.6,6.5,522.0,2,9,3.36
1,1,5.6,34.3,144.0,81.4,4.8,3.0,8,5,0.17
8,1,6.9,10.5,83.0,87.1,1.2,1038.0,7,7,2.13
11,2,6.8,36.7,32.7,81.6,11.4,989.0,9,2,0.1
5,1,4.6,40.8,53.7,83.9,17.1,242.0,2,9,0.51
5,1,5.0,34.8,81.5,24.7,1.2,796.0,6,12,0.55
0,0,7.2,19.5,42.0,46.2,4.0,261.0,5,9,0.74
13,3,7.1,26.7,134.0,74.9,1.2,873.0,9,4,0.13
9,0,6.0,14.5,141.9,41.7,3.4,32.0,6,1,0.22
13,1,6.9,23.9,19.1,41.8,10.3,548.0,0,12,0.22
13,3,7.2,26.7,90.8,51.1,6.9,334.0,1,8,0.19
5,1,7.7,14.7,83.6,41.3,10.6,1449.0,7,11,0.67
3,0,6.6,26.0,137.9,59.4,18.0,638.0,0,3,0.23
14,0,5.0,30.9,89.4,30.6,5.0,214.0,6,5,0.27
10,1,6.5,35.8,191.6,21.4,17.2,979.0,5,11,0.14
5,1,6.4,21.5,128.5,61.7,11.6,1203.0,4,1,0.58
14,0,6.0,13.4,7.4,89.5,10.2,1274.0,6,4,0.38
14,3,7.7,14.4,159.0,86.8,1.9,960.0,5,1,0.19
8,1,6.0,32.4,90.2,28.3,18.2,1189.0,7,10,2.56
6,2,5.5,11.9,20.7,48.7,19.7,1153.0,0,9,0.13
1,1,5.6,14.0,5.5,76.0,16.4,944.0,1,7,0.34
2,2,6.3,41.3,107.1,45.3,1.6,417.0,8,8,0.14
7,1,7.3,32.5,152.0,49.9,12.6,1019.0,4,8,2.68
2,1,8.4,26.1,117.1,50.7,16.5,1280.0,1,1,0.25
7,2,5.4,23.5,104.8,83.2,11.0,2.0,2,2,2.38
3,3,5.5,29.1,29.4,68.3,10.4,1160.0,1,4,0.6
9,2,8.4,36.7,13.1,74.7,11.8,762.0,2,11,0.33
12,0,8.3,29.3,72.3,86.0,10.0,1280.0,7,4,7.46
0,1,6.3,35.9,27.7,59.9,1.7,70.0,5,7,1.82
1,1,8.1,10.8,140.1,87.3,13.2,1072.0,6,10,0.78
2,0,6.2,21.3,174.6,48.0,9.0,809.0,8,10,0.19
13,3,4.6,32.7,57.3,58.5,8.3,595.0,1,9,0.11
4,1,6.9,12.8,59.1,89.4,8.8,1467.0,2,1,15.8
12,0,7.9,35.7,83.6,67.7,13.3,181.0,8,6,9.76
4,1,4.9,20.9,68.7,73.5,18.9,356.0,9,10,15.78
5,3,5.6,24.9,140.0,40.3,6.7,1050.0,8,9,0.9
3,2,7.9,36.0,69.7,33.3,10.7,1174.0,0,9,0.26
0,3,7.0,21.0,15.1,82.7,9.4,41.0,2,10,0.61
4,1,8.3,36.9,179.8,35.2,15.3,662.0,3,4,5.54
8,2,5.6,12.5,68.7,64.1,1.9,1400.0,0,1,1.44
12,2,6.1,23.1,160.9,39.5,2.1,94.0,3,3,11.45
9,3,4.8,19.6,63.1,25.1,12.6,1366.0,3,4,0.96
3,0,6.9,24.5,120.9,84.3,17.5,310.0,5,8,0.15
7,1,6.1,15.5,198.4,27.0,15.1,631.0,0,9,4.3
1,0,5.7,38.8,195.7,82.3,7.6,187.0,6,7,0.15
3,2,5.0,31.7,74.4,37.8,9.5,1499.0,9,4,0.29
0,1,6.0,31.7,65.6,51.0,5.5,885.0,8,3,1.25
14,2,8.2,23.8,187.3,75.8,3.0,1428.0,3,2,0.13
13,3,7.7,11.5,52.6,28.0,10.0,934.0,3,2,0.1
11,2,7.0,40.5,141.0,94.8,17.4,1245.0,5,3,0.1
10,2,4.7,29.4,117.6,43.7,13.1,445.0,2,6,0.1
6,3,8.4,30.2,129.1,79.8,14.5,979.0,4,4,0.1
13,3,4.7,31.2,59.5,64.0,10.8,692.0,7,9,0.11
12,3,6.8,28.6,140.9,41.9,19.3,667.0,0,7,10.19
2,3,7.9,17.1,104.8,86.0,3.2,1236.0,1,6,0.18
12,3,7.1,33.3,151.4,54.5,17.7,1082.0,5,1,8.83
2,0,6.5,37.9,31.1,94.8,14.8,975.0,6,11,0.43
2,3,7.8,27.6,8.7,49.1,9.6,1242.0,7,11,0.16
13,1,8.1,17.7,143.9,87.0,2.8,120.0,7,4,0.1
0,0,6.3,28.8,69.9,22.1,3.1,657.0,7,6,1.95
11,1,5.7,26.6,69.8,91.9,7.2,150.0,8,7,0.1
14,2,6.4,30.6,32.7,83.0,3.6,810.0,6,3,0.49
6,0,6.2,31.2,186.8,27.6,10.2,78.0,8,12,0.21
3,1,4.6,10.7,122.8,46.7,6.6,375.0,7,7,0.1
9,2,7.3,22.5,158.1,76.9,1.0,1456.0,9,5,0.95
11,1,8.3,28.7,100.7,83.8,2.7,1235.0,6,7,0.1
8,0,5.9,12.1,24.7,55.8,17.0,490.0,2,9,3.44
1,1,4.7,31.7,5.8,56.5,16.4,1160.0,9,12,0.18
6,3,6.0,13.5,25.4,68.0,11.0,1318.0,7,1,0.23
12,3,6.9,10.7,173.6,39.7,3.1,330.0,3,7,3.86
7,3,6.7,20.1,29.5,93.9,2.4,1146.0,3,9,9.53
1,2,6.4,37.4,10.1,56.4,13.0,975.0,8,1,0.23
12,2,5.6,29.8,1.9,24.0,7.7,1404.0,6,2,5.64
9,2,5.5,37.7,65.1,90.3,2.9,352.0,2,4,1.2
9,0,7.7,19.9,197.9,65.9,4.0,851.0,6,8,0.28
5,1,5.2,26.1,140.0,43.5,19.2,737.0,0,4,0.43
12,2,4.6,23.1,101.4,89.5,7.0,1069.0,3,2,6.66
13,0,6.0,23.2,107.5,82.4,7.6,987.0,5,6,0.24
11,1,6.2,39.2,77.6,69.1,2.1,14.0,4,1,0.1
7,0,4.7,12.9,19.0,93.4,3.8,1156.0,8,12,1.4
4,3,8.3,27.0,168.0,50.0,7.2,969.0,6,2,12.54
5,2,5.4,27.9,86.7,65.2,4.7,600.0,1,2,0.36
1,1,8.3,11.3,52.3,64.4,12.7,1303.0,4,8,0.51
12,0,6.9,37.1,144.6,59.6,1.8,1121.0,8,1,7.8
1,3,4.8,13.0,102.6,40.9,0.7,1113.0,8,5,0.21
9,0,7.4,23.8,164.1,28.3,3.0,637.0,4,12,0.41
6,1,6.4,16.8,57.7,47.4,18.1,981.0,0,1,0.27
11,3,8.1,24.5,165.5,66.2,18.1,653.0,7,3,0.12
12,3,8.5,40.3,116.4,72.5,6.7,794.0,4,3,5.17
4,0,5.8,25.3,88.1,42.7,10.3,58.0,4,3,14.96
10,0,4.6,23.2,59.0,40.0,10.2,1040.0,8,1,0.1
11,3,6.4,16.6,194.8,71.7,16.8,912.0,8,5,0.14
13,1,7.9,32.9,34.3,42.0,16.2,1217.0,2,5,0.3
8,0,6.3,32.5,12.5,56.3,8.4,1395.0,8,11,4.28
4,2,6.3,28.7,182.6,73.0,18.2,1130.0,2,11,11.16
12,2,5.6,26.9,166.1,44.6,3.2,1122.0,7,6,8.84
7,3,6.6,29.3,131.1,38.7,13.0,105.0,0,12,3.54
8,3,6.4,30.0,177.8,57.6,6.8,1000.0,9,5,2.7
12,1,6.8,27.5,150.7,28.7,3.3,213.0,4,2,11.63
11,0,6.2,37.2,7.7,55.7,1.0,1007.0,4,11,0.14
1,2,7.8,35.6,97.1,35.6,7.7,80.0,5,1,0.17
3,1,5.9,13.9,62.7,59.1,10.1,331.0,4,8,0.16
2,2,4.9,16.6,139.0,37.3,16.5,1239.0,6,12,0.1
3,2,4.7,40.2,26.6,21.1,3.0,246.0,3,7,0.13
11,0,5.9,16.1,48.9,87.5,8.0,1026.0,9,8,0.11
14,1,4.8,31.7,169.3,49.5,17.4,332.0,6,6,0.28
11,1,6.7,37.3,154.1,59.7,4.0,1440.0,2,2,0.1
5,1,5.3,35.5,15.0,83.8,16.7,1393.0,3,7,1.06
1,1,5.1,29.8,28.1,32.2,1.6,780.0,1,8,0.62
0,2,7.7,17.5,171.5,33.7,18.9,180.0,8,1,0.39
7,2,5.5,10.3,155.5,39.6,18.7,1180.0,5,7,1.53
12,2,7.6,29.1,11.4,44.8,3.2,1490.0,9,5,4.57
4,0,7.2,36.1,173.3,35.0,16.4,1028.0,2,4,5.08
12,3,6.5,39.9,117.2,79.9,0.9,710.0,1,1,9.47
9,0,4.9,32.6,140.1,44.2,3.2,433.0,7,1,0.3
12,3,7.5,22.9,15.1,45.3,1.8,724.0,3,2,6.65
1,2,5.0,28.3,189.2,39.2,19.8,163.0,3,9,0.3
2,3,6.3,14.4,94.3,72.0,1.4,201.0,3,11,0.11
10,2,7.4,37.6,76.3,29.2,18.5,1226.0,2,3,0.1
14,1,5.7,19.8,30.2,84.2,17.9,385.0,2,6,0.9
9,2,5.8,16.1,23.1,44.8,10.9,1081.0,3,3,0.58
0,0,8.3,11.0,160.3,90.3,17.4,349.0,9,2,0.2
12,0,7.9,21.5,15.8,40.1,8.9,329.0,9,10,2.07
14,1,5.8,35.4,163.3,52.2,14.5,99.0,6,7,0.29
13,0,6.2,25.6,188.0,80.2,15.2,1230.0,8,7,0.31
8,1,7.7,37.5,44.3,71.4,15.7,860.0,4,10,2.29
13,0,5.4,22.3,107.7,59.8,9.6,695.0,9,9,0.11
5,3,5.3,37.6,150.1,71.6,2.5,950.0,3,9,0.33
8,1,7.0,15.6,74.8,26.5,8.8,597.0,9,1,2.91
2,1,5.0,24.6,149.8,40.4,2.2,786.0,8,1,0.2
1,3,5.1,37.0,15.9,31.9,15.0,1379.0,5,7,0.25
12,1,5.5,26.2,171.3,69.3,8.9,361.0,5,9,2.82
3,1,7.9,24.3,53.6,39.7,6.9,907.0,3,11,0.42
1,0,4.9,38.4,146.9,61.0,17.5,970.0,5,1,0.1
8,0,6.2,18.8,177.0,72.6,2.0,1384.0,5,5,2.94
0,3,6.1,33.3,32.5,47.6,17.7,208.0,5,6,2.01
6,3,5.5,15.8,151.1,79.8,10.1,566.0,3,10,0.14
13,2,8.3,22.2,81.8,20.6,10.5,672.0,6,5,0.11
14,2,7.3,12.5,3.2,60.7,4.8,770.0,4,5,0.2
6,1,5.0,37.3,33.2,58.9,2.7,1293.0,3,10,0.11
13,2,7.7,39.1,29.4,44.4,14.1,332.0,1,5,0.33
7,1,7.3,23.6,92.1,76.0,13.5,752.0,2,5,3.24
11,0,5.9,40.3,30.8,72.3,5.5,30.0,3,3,0.11
13,1,7.0,36.7,30.7,80.2,6.6,825.0,0,7,0.61
6,2,5.2,25.7,31.2,21.2,16.3,574.0,1,6,0.66
8,1,4.8,23.2,132.6,25.3,5.2,1195.0,9,3,0.82
5,2,6.3,40.7,112.5,69.2,13.0,301.0,7,5,0.39
5,3,7.1,16.8,117.7,34.2,7.5,341.0,1,10,0.79
2,2,6.7,17.0,42.8,44.6,19.6,1140.0,4,10,0.2
3,2,8.3,40.7,190.6,94.6,12.9,1259.0,6,8,0.1
14,3,8.4,20.8,53.9,94.5,4.9,75.0,3,10,0.45
4,1,5.5,22.6,175.2,42.9,18.4,607.0,0,10,12.56
6,0,6.9,35.5,187.2,32.1,18.5,536.0,3,11,0.15
7,3,6.5,19.3,160.9,38.7,2.0,903.0,9,7,5.0
14,0,6.0,37.6,147.0,31.0,11.1,854.0,6,3,0.24
5,3,6.6,18.9,191.9,87.1,10.2,212.0,9,4,0.56
12,1,7.5,37.3,183.1,71.4,6.2,906.0,3,11,3.75
1,2,5.7,24.5,194.7,69.3,8.1,866.0,0,4,0.33
10,2,7.1,39.7,72.8,33.1,13.4,1399.0,3,7,0.1
7,2,6.6,39.9,12.4,27.2,5.4,541.0,8,5,1.65
12,1,5.5,15.2,104.7,41.8,12.2,1341.0,3,5,5.21
14,1,6.0,18.4,185.6,72.8,19.8,1022.0,4,7,0.47
11,2,5.1,37.8,120.4,65.8,8.3,507.0,2,4,0.1
10,3,4.6,31.0,178.1,47.1,9.1,20.0,0,4,0.1
14,3,5.3,20.9,68.1,56.1,12.2,792.0,2,5,0.63
5,2,5.5,27.4,32.9,54.4,14.1,394.0,1,1,0.94
